[{"plaintext":"chinajoy\u4e0a\u8fd9\u9ed1\u4e1d\u6709\u70b9\u5996\u5b7d","href":"http:\/\/www.meizitu.com\/a\/5458.html","pic_list":["http:\/\/mm.howkuai.com\/wp-content\/uploads\/2016a\/08\/13\/01.jpg","http:\/\/mm.howkuai.com\/wp-content\/uploads\/2016a\/08\/13\/02.jpg","http:\/\/mm.howkuai.com\/wp-content\/uploads\/2016a\/08\/13\/03.jpg","http:\/\/mm.howkuai.com\/wp-content\/uploads\/2016a\/08\/13\/04.jpg","http:\/\/mm.howkuai.com\/wp-content\/uploads\/2016a\/08\/13\/05.jpg","http:\/\/mm.howkuai.com\/wp-content\/uploads\/2016a\/08\/13\/06.jpg","http:\/\/mm.howkuai.com\/wp-content\/uploads\/2016a\/08\/13\/07.jpg"]},{"plaintext":"\u52a8\u6f2b\u5c55\u4e0a\u7684\u840c\u840c\u5154\u5973\u90ce\uff0c\u8868\u60c5\u53ef\u7231","href":"http:\/\/www.meizitu.com\/a\/5448.html","pic_list":["http:\/\/mm.howkuai.com\/wp-content\/uploads\/2016a\/08\/03\/01.jpg","http:\/\/mm.howkuai.com\/wp-content\/uploads\/2016a\/08\/03\/02.jpg","http:\/\/mm.howkuai.com\/wp-content\/uploads\/2016a\/08\/03\/03.jpg","http:\/\/mm.howkuai.com\/wp-content\/uploads\/2016a\/08\/03\/04.jpg","http:\/\/mm.howkuai.com\/wp-content\/uploads\/2016a\/08\/03\/05.jpg","http:\/\/mm.howkuai.com\/wp-content\/uploads\/2016a\/08\/03\/06.jpg","http:\/\/mm.howkuai.com\/wp-content\/uploads\/2016a\/08\/03\/07.jpg","http:\/\/mm.howkuai.com\/wp-content\/uploads\/2016a\/08\/03\/08.jpg","http:\/\/mm.howkuai.com\/wp-content\/uploads\/2016a\/08\/03\/09.jpg","http:\/\/mm.howkuai.com\/wp-content\/uploads\/2016a\/08\/03\/10.jpg"]},{"plaintext":"\u7403\u573a\u4e0a\u7387\u771f\u53ef\u7231\u59b9\u5b50\uff0c\u88ab\u5979\u7684\u5feb\u4e50\u611f\u67d3","href":"http:\/\/www.meizitu.com\/a\/5444.html","pic_list":["http:\/\/mm.howkuai.com\/wp-content\/uploads\/2016a\/07\/41\/01.jpg","http:\/\/mm.howkuai.com\/wp-content\/uploads\/2016a\/07\/41\/02.jpg","http:\/\/mm.howkuai.com\/wp-content\/uploads\/2016a\/07\/41\/03.jpg","http:\/\/mm.howkuai.com\/wp-content\/uploads\/2016a\/07\/41\/04.jpg","http:\/\/mm.howkuai.com\/wp-content\/uploads\/2016a\/07\/41\/05.jpg","http:\/\/mm.howkuai.com\/wp-content\/uploads\/2016a\/07\/41\/06.jpg","http:\/\/mm.howkuai.com\/wp-content\/uploads\/2016a\/07\/41\/07.jpg"]},{"plaintext":"\u9ea6\u8fea\u5973\u7403\u8ff7\u7b11\u5bb9\u751c\u7f8e\uff0c\u7f9e\u6da9\u53ef\u4eba","href":"http:\/\/www.meizitu.com\/a\/5412.html","pic_list":["http:\/\/mm.howkuai.com\/wp-content\/uploads\/2016a\/07\/09\/01.jpg","http:\/\/mm.howkuai.com\/wp-content\/uploads\/2016a\/07\/09\/02.jpg","http:\/\/mm.howkuai.com\/wp-content\/uploads\/2016a\/07\/09\/03.jpg","http:\/\/mm.howkuai.com\/wp-content\/uploads\/2016a\/07\/09\/04.jpg","http:\/\/mm.howkuai.com\/wp-content\/uploads\/2016a\/07\/09\/05.jpg","http:\/\/mm.howkuai.com\/wp-content\/uploads\/2016a\/07\/09\/06.jpg"]},{"plaintext":"\u7c89\u8272\u7cfb\u7684\u5154\u5973\u90ce\uff0c\u522b\u81f4\u7684\u7f8e\u4e3d","href":"http:\/\/www.meizitu.com\/a\/5333.html","pic_list":["http:\/\/mm.howkuai.com\/wp-content\/uploads\/2016a\/03\/13\/01.jpg","http:\/\/mm.howkuai.com\/wp-content\/uploads\/2016a\/03\/13\/02.jpg","http:\/\/mm.howkuai.com\/wp-content\/uploads\/2016a\/03\/13\/03.jpg","http:\/\/mm.howkuai.com\/wp-content\/uploads\/2016a\/03\/13\/04.jpg","http:\/\/mm.howkuai.com\/wp-content\/uploads\/2016a\/03\/13\/05.jpg","http:\/\/mm.howkuai.com\/wp-content\/uploads\/2016a\/03\/13\/06.jpg","http:\/\/mm.howkuai.com\/wp-content\/uploads\/2016a\/03\/13\/07.jpg","http:\/\/mm.howkuai.com\/wp-content\/uploads\/2016a\/03\/13\/08.jpg","http:\/\/mm.howkuai.com\/wp-content\/uploads\/2016a\/03\/13\/09.jpg"]},{"plaintext":"\u8bdd\u9898\u4e4b\u2015\u2015\u5bfb\u627eNBA\u6700\u7f8e\u62c9\u62c9\u961f\u5458","href":"http:\/\/www.meizitu.com\/a\/5327.html","pic_list":["http:\/\/mm.howkuai.com\/wp-content\/uploads\/2016a\/03\/07\/01.jpg","http:\/\/mm.howkuai.com\/wp-content\/uploads\/2016a\/03\/07\/02.jpg","http:\/\/mm.howkuai.com\/wp-content\/uploads\/2016a\/03\/07\/03.jpg","http:\/\/mm.howkuai.com\/wp-content\/uploads\/2016a\/03\/07\/04.jpg","http:\/\/mm.howkuai.com\/wp-content\/uploads\/2016a\/03\/07\/05.jpg","http:\/\/mm.howkuai.com\/wp-content\/uploads\/2016a\/03\/07\/06.jpg","http:\/\/mm.howkuai.com\/wp-content\/uploads\/2016a\/03\/07\/07.jpg","http:\/\/mm.howkuai.com\/wp-content\/uploads\/2016a\/03\/07\/08.jpg","http:\/\/mm.howkuai.com\/wp-content\/uploads\/2016a\/03\/07\/09.jpg","http:\/\/mm.howkuai.com\/wp-content\/uploads\/2016a\/03\/07\/10.jpg","http:\/\/mm.howkuai.com\/wp-content\/uploads\/2016a\/03\/07\/11.jpg","http:\/\/mm.howkuai.com\/wp-content\/uploads\/2016a\/03\/07\/12.jpg"]},{"plaintext":"\u8fd8\u8bb0\u5f97\u7bee\u7403\u573a\u4e0a\u4f60\u9047\u5230\u8fc7\u7684\u6f02\u4eae\u59b9\u5b50\u5417","href":"http:\/\/www.meizitu.com\/a\/5304.html","pic_list":["http:\/\/mm.howkuai.com\/wp-content\/uploads\/2016a\/02\/13\/01.jpg","http:\/\/mm.howkuai.com\/wp-content\/uploads\/2016a\/02\/13\/02.jpg","http:\/\/mm.howkuai.com\/wp-content\/uploads\/2016a\/02\/13\/03.jpg","http:\/\/mm.howkuai.com\/wp-content\/uploads\/2016a\/02\/13\/04.jpg","http:\/\/mm.howkuai.com\/wp-content\/uploads\/2016a\/02\/13\/05.jpg","http:\/\/mm.howkuai.com\/wp-content\/uploads\/2016a\/02\/13\/06.jpg","http:\/\/mm.howkuai.com\/wp-content\/uploads\/2016a\/02\/13\/07.jpg","http:\/\/mm.howkuai.com\/wp-content\/uploads\/2016a\/02\/13\/08.jpg","http:\/\/mm.howkuai.com\/wp-content\/uploads\/2016a\/02\/13\/09.jpg"]},{"plaintext":"\u81f4\u656c\u9ea6\u8fea\uff0c\u7bee\u7403\u5c11\u5973\u5c0f\u9896","href":"http:\/\/www.meizitu.com\/a\/5177.html","pic_list":["http:\/\/mm.howkuai.com\/wp-content\/uploads\/2015a\/10\/08\/01.jpg","http:\/\/mm.howkuai.com\/wp-content\/uploads\/2015a\/10\/08\/02.jpg","http:\/\/mm.howkuai.com\/wp-content\/uploads\/2015a\/10\/08\/03.jpg","http:\/\/mm.howkuai.com\/wp-content\/uploads\/2015a\/10\/08\/04.jpg","http:\/\/mm.howkuai.com\/wp-content\/uploads\/2015a\/10\/08\/05.jpg","http:\/\/mm.howkuai.com\/wp-content\/uploads\/2015a\/10\/08\/06.jpg","http:\/\/mm.howkuai.com\/wp-content\/uploads\/2015a\/10\/08\/07.jpg","http:\/\/mm.howkuai.com\/wp-content\/uploads\/2015a\/10\/08\/08.jpg","http:\/\/mm.howkuai.com\/wp-content\/uploads\/2015a\/10\/08\/09.jpg"]},{"plaintext":"\u6a21\u7279\u513f\u738b\u6893\u7ae5\u5316\u8eab\u8db3\u7403\u5b9d\u8d1d","href":"http:\/\/www.meizitu.com\/a\/5174.html","pic_list":["http:\/\/mm.howkuai.com\/wp-content\/uploads\/2015a\/10\/05\/01.jpg","http:\/\/mm.howkuai.com\/wp-content\/uploads\/2015a\/10\/05\/02.jpg","http:\/\/mm.howkuai.com\/wp-content\/uploads\/2015a\/10\/05\/03.jpg","http:\/\/mm.howkuai.com\/wp-content\/uploads\/2015a\/10\/05\/04.jpg","http:\/\/mm.howkuai.com\/wp-content\/uploads\/2015a\/10\/05\/05.jpg","http:\/\/mm.howkuai.com\/wp-content\/uploads\/2015a\/10\/05\/06.jpg"]},{"plaintext":"\u6027\u611f\u4e0e\u9752\u6625\u505a\u4e2a\u4f34\uff0c\u7eff\u8335\u573a\u4e0a\u7684\u8db3\u7403\u5b9d\u8d1d","href":"http:\/\/www.meizitu.com\/a\/5163.html","pic_list":["http:\/\/mm.howkuai.com\/wp-content\/uploads\/2015a\/09\/30\/01.jpg","http:\/\/mm.howkuai.com\/wp-content\/uploads\/2015a\/09\/30\/02.jpg","http:\/\/mm.howkuai.com\/wp-content\/uploads\/2015a\/09\/30\/03.jpg","http:\/\/mm.howkuai.com\/wp-content\/uploads\/2015a\/09\/30\/04.jpg","http:\/\/mm.howkuai.com\/wp-content\/uploads\/2015a\/09\/30\/05.jpg","http:\/\/mm.howkuai.com\/wp-content\/uploads\/2015a\/09\/30\/06.jpg","http:\/\/mm.howkuai.com\/wp-content\/uploads\/2015a\/09\/30\/07.jpg","http:\/\/mm.howkuai.com\/wp-content\/uploads\/2015a\/09\/30\/08.jpg"]},{"plaintext":"\u4e3a\u6052\u5927\u52a0\u6cb9\uff0c\u677e\u679c\u513f\u4e0a\u6f14\u8db3\u7403\u5b9d\u8d1d\u8bf1\u60d1","href":"http:\/\/www.meizitu.com\/a\/5128.html","pic_list":["http:\/\/mm.howkuai.com\/wp-content\/uploads\/2015a\/08\/33\/01.jpg","http:\/\/mm.howkuai.com\/wp-content\/uploads\/2015a\/08\/33\/02.jpg","http:\/\/mm.howkuai.com\/wp-content\/uploads\/2015a\/08\/33\/03.jpg","http:\/\/mm.howkuai.com\/wp-content\/uploads\/2015a\/08\/33\/04.jpg","http:\/\/mm.howkuai.com\/wp-content\/uploads\/2015a\/08\/33\/05.jpg"]},{"plaintext":"\u8fd0\u52a8\u5c11\u5973\u30fb\u7bee\u7403\u5b9d\u8d1d","href":"http:\/\/www.meizitu.com\/a\/5122.html","pic_list":["http:\/\/mm.howkuai.com\/wp-content\/uploads\/2015a\/08\/27\/01.jpg","http:\/\/mm.howkuai.com\/wp-content\/uploads\/2015a\/08\/27\/02.jpg","http:\/\/mm.howkuai.com\/wp-content\/uploads\/2015a\/08\/27\/03.jpg","http:\/\/mm.howkuai.com\/wp-content\/uploads\/2015a\/08\/27\/04.jpg","http:\/\/mm.howkuai.com\/wp-content\/uploads\/2015a\/08\/27\/05.jpg"]},{"plaintext":"\u706b\u8fa3\u8fa3\u7684\u7bee\u7403\u5b9d\u8d1d\u6653\u9759\u5199\u771f","href":"http:\/\/www.meizitu.com\/a\/5011.html","pic_list":["http:\/\/mm.howkuai.com\/wp-content\/uploads\/2015a\/06\/04\/01.jpg","http:\/\/mm.howkuai.com\/wp-content\/uploads\/2015a\/06\/04\/02.jpg","http:\/\/mm.howkuai.com\/wp-content\/uploads\/2015a\/06\/04\/03.jpg","http:\/\/mm.howkuai.com\/wp-content\/uploads\/2015a\/06\/04\/04.jpg","http:\/\/mm.howkuai.com\/wp-content\/uploads\/2015a\/06\/04\/05.jpg","http:\/\/mm.howkuai.com\/wp-content\/uploads\/2015a\/06\/04\/06.jpg","http:\/\/mm.howkuai.com\/wp-content\/uploads\/2015a\/06\/04\/07.jpg"]},{"plaintext":"\u4e30\u6ee1\u767d\u5ae9\u7684\u6027\u611f\u7f8e\u7709","href":"http:\/\/www.meizitu.com\/a\/4967.html","pic_list":["http:\/\/mm.howkuai.com\/wp-content\/uploads\/2015a\/05\/16\/01.jpg","http:\/\/mm.howkuai.com\/wp-content\/uploads\/2015a\/05\/16\/02.jpg","http:\/\/mm.howkuai.com\/wp-content\/uploads\/2015a\/05\/16\/03.jpg","http:\/\/mm.howkuai.com\/wp-content\/uploads\/2015a\/05\/16\/04.jpg","http:\/\/mm.howkuai.com\/wp-content\/uploads\/2015a\/05\/16\/05.jpg","http:\/\/mm.howkuai.com\/wp-content\/uploads\/2015a\/05\/16\/06.jpg","http:\/\/mm.howkuai.com\/wp-content\/uploads\/2015a\/05\/16\/07.jpg","http:\/\/mm.howkuai.com\/wp-content\/uploads\/2015a\/05\/16\/08.jpg"]},{"plaintext":"\u9ad8\u6311\u5927\u65b9\u7684\u7bee\u7403\u5b9d\u8d1d","href":"http:\/\/www.meizitu.com\/a\/4933.html","pic_list":["http:\/\/mm.howkuai.com\/wp-content\/uploads\/2015a\/04\/37\/01.jpg","http:\/\/mm.howkuai.com\/wp-content\/uploads\/2015a\/04\/37\/02.jpg","http:\/\/mm.howkuai.com\/wp-content\/uploads\/2015a\/04\/37\/03.jpg","http:\/\/mm.howkuai.com\/wp-content\/uploads\/2015a\/04\/37\/04.jpg","http:\/\/mm.howkuai.com\/wp-content\/uploads\/2015a\/04\/37\/05.jpg","http:\/\/mm.howkuai.com\/wp-content\/uploads\/2015a\/04\/37\/06.jpg"]},{"plaintext":"\u7bee\u7403\u7f8e\u5973\uff0c\u53c8\u5230\u4e86\u8fd0\u52a8\u7684\u5b63\u8282","href":"http:\/\/www.meizitu.com\/a\/4883.html","pic_list":["http:\/\/mm.howkuai.com\/wp-content\/uploads\/2015a\/03\/41\/01.jpg","http:\/\/mm.howkuai.com\/wp-content\/uploads\/2015a\/03\/41\/02.jpg","http:\/\/mm.howkuai.com\/wp-content\/uploads\/2015a\/03\/41\/03.jpg","http:\/\/mm.howkuai.com\/wp-content\/uploads\/2015a\/03\/41\/04.jpg","http:\/\/mm.howkuai.com\/wp-content\/uploads\/2015a\/03\/41\/05.jpg","http:\/\/mm.howkuai.com\/wp-content\/uploads\/2015a\/03\/41\/06.jpg","http:\/\/mm.howkuai.com\/wp-content\/uploads\/2015a\/03\/41\/07.jpg"]},{"plaintext":"\u7eaf\u60c5\u5b9d\u8d1d\u4f60\u5c31\u5982\u5723\u5973\u679c\u822c","href":"http:\/\/www.meizitu.com\/a\/4858.html","pic_list":["http:\/\/mm.howkuai.com\/wp-content\/uploads\/2015a\/03\/16\/01.jpg","http:\/\/mm.howkuai.com\/wp-content\/uploads\/2015a\/03\/16\/02.jpg","http:\/\/mm.howkuai.com\/wp-content\/uploads\/2015a\/03\/16\/03.jpg","http:\/\/mm.howkuai.com\/wp-content\/uploads\/2015a\/03\/16\/04.jpg","http:\/\/mm.howkuai.com\/wp-content\/uploads\/2015a\/03\/16\/05.jpg"]},{"plaintext":"\u7f8e\u8273\u7684\u610f\u5927\u5229\u8db3\u7403\u5b9d\u8d1d","href":"http:\/\/www.meizitu.com\/a\/4847.html","pic_list":["http:\/\/mm.howkuai.com\/wp-content\/uploads\/2015a\/03\/05\/01.jpg","http:\/\/mm.howkuai.com\/wp-content\/uploads\/2015a\/03\/05\/02.jpg","http:\/\/mm.howkuai.com\/wp-content\/uploads\/2015a\/03\/05\/03.jpg","http:\/\/mm.howkuai.com\/wp-content\/uploads\/2015a\/03\/05\/04.jpg","http:\/\/mm.howkuai.com\/wp-content\/uploads\/2015a\/03\/05\/05.jpg","http:\/\/mm.howkuai.com\/wp-content\/uploads\/2015a\/03\/05\/06.jpg","http:\/\/mm.howkuai.com\/wp-content\/uploads\/2015a\/03\/05\/07.jpg"]},{"plaintext":"\u4f53\u64cd\u670d\uff0c\u51ac\u65e5\u7f51\u7403\u5c11\u5973","href":"http:\/\/www.meizitu.com\/a\/4790.html","pic_list":["http:\/\/mm.howkuai.com\/wp-content\/uploads\/2015a\/01\/47\/01.jpg","http:\/\/mm.howkuai.com\/wp-content\/uploads\/2015a\/01\/47\/02.jpg","http:\/\/mm.howkuai.com\/wp-content\/uploads\/2015a\/01\/47\/03.jpg","http:\/\/mm.howkuai.com\/wp-content\/uploads\/2015a\/01\/47\/04.jpg","http:\/\/mm.howkuai.com\/wp-content\/uploads\/2015a\/01\/47\/05.jpg"]},{"plaintext":"\u4eba\u4f53\u5f69\u7ed8\uff0c\u4e3a\u4e2d\u56fd\u8db3\u7403\u80dc\u5229\u591c\u559d\u5f69","href":"http:\/\/www.meizitu.com\/a\/4772.html","pic_list":["http:\/\/mm.howkuai.com\/wp-content\/uploads\/2015a\/01\/29\/01.jpg","http:\/\/mm.howkuai.com\/wp-content\/uploads\/2015a\/01\/29\/02.jpg","http:\/\/mm.howkuai.com\/wp-content\/uploads\/2015a\/01\/29\/03.jpg","http:\/\/mm.howkuai.com\/wp-content\/uploads\/2015a\/01\/29\/04.jpg","http:\/\/mm.howkuai.com\/wp-content\/uploads\/2015a\/01\/29\/05.jpg"]},{"plaintext":"Christmas Candy\uff0c\u5723\u8bde\u793c\u7269\u2015\u957f\u817f\u59b9\u5b50","href":"http:\/\/www.meizitu.com\/a\/4724.html","pic_list":["http:\/\/mm.howkuai.com\/wp-content\/uploads\/2014a\/12\/59\/01.jpg","http:\/\/mm.howkuai.com\/wp-content\/uploads\/2014a\/12\/59\/02.jpg","http:\/\/mm.howkuai.com\/wp-content\/uploads\/2014a\/12\/59\/03.jpg","http:\/\/mm.howkuai.com\/wp-content\/uploads\/2014a\/12\/59\/04.jpg","http:\/\/mm.howkuai.com\/wp-content\/uploads\/2014a\/12\/59\/05.jpg","http:\/\/mm.howkuai.com\/wp-content\/uploads\/2014a\/12\/59\/06.jpg","http:\/\/mm.howkuai.com\/wp-content\/uploads\/2014a\/12\/59\/07.jpg","http:\/\/mm.howkuai.com\/wp-content\/uploads\/2014a\/12\/59\/08.jpg"]},{"plaintext":"\u5065\u5eb7\u7f8e\uff0c\u9633\u5149\u4e0b\u9762\u7684\u4f53\u64cd\u670d\u5c11\u5973","href":"http:\/\/www.meizitu.com\/a\/4722.html","pic_list":["http:\/\/mm.howkuai.com\/wp-content\/uploads\/2014a\/12\/57\/01.jpg","http:\/\/mm.howkuai.com\/wp-content\/uploads\/2014a\/12\/57\/02.jpg","http:\/\/mm.howkuai.com\/wp-content\/uploads\/2014a\/12\/57\/03.jpg","http:\/\/mm.howkuai.com\/wp-content\/uploads\/2014a\/12\/57\/04.jpg","http:\/\/mm.howkuai.com\/wp-content\/uploads\/2014a\/12\/57\/05.jpg","http:\/\/mm.howkuai.com\/wp-content\/uploads\/2014a\/12\/57\/06.jpg","http:\/\/mm.howkuai.com\/wp-content\/uploads\/2014a\/12\/57\/07.jpg"]},{"plaintext":"\u5fb7\u56fd\u961f\u7f8e\u5973\u5b9d\u8d1d\u6380\u8863\u670d\u9732\u7f8e\u80f8","href":"http:\/\/www.meizitu.com\/a\/4698.html","pic_list":["http:\/\/mm.howkuai.com\/wp-content\/uploads\/2014a\/12\/33\/01.jpg","http:\/\/mm.howkuai.com\/wp-content\/uploads\/2014a\/12\/33\/02.jpg","http:\/\/mm.howkuai.com\/wp-content\/uploads\/2014a\/12\/33\/03.jpg","http:\/\/mm.howkuai.com\/wp-content\/uploads\/2014a\/12\/33\/04.jpg","http:\/\/mm.howkuai.com\/wp-content\/uploads\/2014a\/12\/33\/05.jpg","http:\/\/mm.howkuai.com\/wp-content\/uploads\/2014a\/12\/33\/06.jpg"]},{"plaintext":"\u7f8e\u5973\u7684\u773c\u795e\u59a9\u5a9a\u52fe\u4eba\uff0c\u6d51\u5706\u7f8e\u81c0\u5438\u5f15\u773c\u7403","href":"http:\/\/www.meizitu.com\/a\/4674.html","pic_list":["http:\/\/mm.howkuai.com\/wp-content\/uploads\/2014a\/12\/09\/01.jpg","http:\/\/mm.howkuai.com\/wp-content\/uploads\/2014a\/12\/09\/02.jpg","http:\/\/mm.howkuai.com\/wp-content\/uploads\/2014a\/12\/09\/03.jpg","http:\/\/mm.howkuai.com\/wp-content\/uploads\/2014a\/12\/09\/04.jpg","http:\/\/mm.howkuai.com\/wp-content\/uploads\/2014a\/12\/09\/05.jpg","http:\/\/mm.howkuai.com\/wp-content\/uploads\/2014a\/12\/09\/06.jpg"]},{"plaintext":"\u50b2\u4eba\u633a\u62d4\u8eab\u6750\u4f55\u50b2\u73ca\u53d8\u8eab\u82f1\u683c\u5170\u8db3\u7403\u5b9d\u8d1d","href":"http:\/\/www.meizitu.com\/a\/4551.html","pic_list":["http:\/\/mm.howkuai.com\/wp-content\/uploads\/2014a\/10\/37\/01.jpg","http:\/\/mm.howkuai.com\/wp-content\/uploads\/2014a\/10\/37\/02.jpg","http:\/\/mm.howkuai.com\/wp-content\/uploads\/2014a\/10\/37\/03.jpg","http:\/\/mm.howkuai.com\/wp-content\/uploads\/2014a\/10\/37\/04.jpg","http:\/\/mm.howkuai.com\/wp-content\/uploads\/2014a\/10\/37\/05.jpg"]},{"plaintext":"\u6e05\u65b0\u53ef\u4eba\u7684\u7bee\u7403\u5c11\u5973\uff0c\u6bcf\u5929\u90fd\u8981\u5143\u6c14\u6ee1\u6ee1\u7684\u54e6","href":"http:\/\/www.meizitu.com\/a\/4499.html","pic_list":["http:\/\/mm.howkuai.com\/wp-content\/uploads\/2014a\/09\/44\/01.jpg","http:\/\/mm.howkuai.com\/wp-content\/uploads\/2014a\/09\/44\/02.jpg","http:\/\/mm.howkuai.com\/wp-content\/uploads\/2014a\/09\/44\/03.jpg","http:\/\/mm.howkuai.com\/wp-content\/uploads\/2014a\/09\/44\/04.jpg","http:\/\/mm.howkuai.com\/wp-content\/uploads\/2014a\/09\/44\/05.jpg","http:\/\/mm.howkuai.com\/wp-content\/uploads\/2014a\/09\/44\/06.jpg","http:\/\/mm.howkuai.com\/wp-content\/uploads\/2014a\/09\/44\/07.jpg","http:\/\/mm.howkuai.com\/wp-content\/uploads\/2014a\/09\/44\/08.jpg"]},{"plaintext":"2014 Chinajoy \u9ad8\u6e05\u7f8e\u5973 \u5927\u5408\u96c6","href":"http:\/\/www.meizitu.com\/a\/4490.html","pic_list":["http:\/\/mm.howkuai.com\/wp-content\/uploads\/2014a\/09\/35\/01.jpg","http:\/\/mm.howkuai.com\/wp-content\/uploads\/2014a\/09\/35\/02.jpg","http:\/\/mm.howkuai.com\/wp-content\/uploads\/2014a\/09\/35\/03.jpg","http:\/\/mm.howkuai.com\/wp-content\/uploads\/2014a\/09\/35\/04.jpg","http:\/\/mm.howkuai.com\/wp-content\/uploads\/2014a\/09\/35\/05.jpg","http:\/\/mm.howkuai.com\/wp-content\/uploads\/2014a\/09\/35\/06.jpg","http:\/\/mm.howkuai.com\/wp-content\/uploads\/2014a\/09\/35\/07.jpg","http:\/\/mm.howkuai.com\/wp-content\/uploads\/2014a\/09\/35\/08.jpg","http:\/\/mm.howkuai.com\/wp-content\/uploads\/2014a\/09\/35\/09.jpg","http:\/\/mm.howkuai.com\/wp-content\/uploads\/2014a\/09\/35\/10.jpg"]},{"plaintext":"\u7f8e\u51cc\u683c\u4e4b\u604b\uff0c\u59b9\u5b50\u8eab\u7740\u7687\u9a6c\u7403\u8863\u51fa\u5883","href":"http:\/\/www.meizitu.com\/a\/4479.html","pic_list":["http:\/\/mm.howkuai.com\/wp-content\/uploads\/2014a\/09\/24\/01.jpg","http:\/\/mm.howkuai.com\/wp-content\/uploads\/2014a\/09\/24\/02.jpg","http:\/\/mm.howkuai.com\/wp-content\/uploads\/2014a\/09\/24\/03.jpg","http:\/\/mm.howkuai.com\/wp-content\/uploads\/2014a\/09\/24\/04.jpg","http:\/\/mm.howkuai.com\/wp-content\/uploads\/2014a\/09\/24\/05.jpg","http:\/\/mm.howkuai.com\/wp-content\/uploads\/2014a\/09\/24\/06.jpg"]}]