[{"plaintext":"\u6765\u81ea\u9a6c\u6765\u897f\u4e9a\u7684\u7f8e\u5c11\u5973\u4f5c\u5bb6\u6768\u5b9d\u8d1d","href":"http:\/\/www.meizitu.com\/a\/4116.html","pic_list":["http:\/\/mm.howkuai.com\/wp-content\/uploads\/2014a\/03\/45\/01.jpg","http:\/\/mm.howkuai.com\/wp-content\/uploads\/2014a\/03\/45\/02.jpg","http:\/\/mm.howkuai.com\/wp-content\/uploads\/2014a\/03\/45\/03.jpg","http:\/\/mm.howkuai.com\/wp-content\/uploads\/2014a\/03\/45\/04.jpg","http:\/\/mm.howkuai.com\/wp-content\/uploads\/2014a\/03\/45\/05.jpg","http:\/\/mm.howkuai.com\/wp-content\/uploads\/2014a\/03\/45\/06.jpg","http:\/\/mm.howkuai.com\/wp-content\/uploads\/2014a\/03\/45\/07.jpg","http:\/\/mm.howkuai.com\/wp-content\/uploads\/2014a\/03\/45\/08.jpg","http:\/\/mm.howkuai.com\/wp-content\/uploads\/2014a\/03\/45\/09.jpg"]},{"plaintext":"\u5927\u7f8e\u5973\u4e8e\u82b7\u6674\u795d\u5927\u5bb6\u9a6c\u4e0a\u6709mm","href":"http:\/\/www.meizitu.com\/a\/4068.html","pic_list":["http:\/\/mm.howkuai.com\/wp-content\/uploads\/2014a\/02\/60\/01.jpg","http:\/\/mm.howkuai.com\/wp-content\/uploads\/2014a\/02\/60\/02.jpg","http:\/\/mm.howkuai.com\/wp-content\/uploads\/2014a\/02\/60\/03.jpg","http:\/\/mm.howkuai.com\/wp-content\/uploads\/2014a\/02\/60\/04.jpg","http:\/\/mm.howkuai.com\/wp-content\/uploads\/2014a\/02\/60\/05.jpg","http:\/\/mm.howkuai.com\/wp-content\/uploads\/2014a\/02\/60\/06.jpg","http:\/\/mm.howkuai.com\/wp-content\/uploads\/2014a\/02\/60\/07.jpg","http:\/\/mm.howkuai.com\/wp-content\/uploads\/2014a\/02\/60\/08.jpg"]},{"plaintext":"\u8fd0\u52a8\u53ef\u4eba\uff0c\u59a9\u5a9a\u52a8\u4eba\u7684\u53f0\u7403\u5b9d\u8d1d\u827e\u5e0c","href":"http:\/\/www.meizitu.com\/a\/4035.html","pic_list":["http:\/\/mm.howkuai.com\/wp-content\/uploads\/2014a\/02\/27\/01.jpg","http:\/\/mm.howkuai.com\/wp-content\/uploads\/2014a\/02\/27\/02.jpg","http:\/\/mm.howkuai.com\/wp-content\/uploads\/2014a\/02\/27\/03.jpg","http:\/\/mm.howkuai.com\/wp-content\/uploads\/2014a\/02\/27\/04.jpg","http:\/\/mm.howkuai.com\/wp-content\/uploads\/2014a\/02\/27\/05.jpg","http:\/\/mm.howkuai.com\/wp-content\/uploads\/2014a\/02\/27\/06.jpg","http:\/\/mm.howkuai.com\/wp-content\/uploads\/2014a\/02\/27\/07.jpg","http:\/\/mm.howkuai.com\/wp-content\/uploads\/2014a\/02\/27\/08.jpg","http:\/\/mm.howkuai.com\/wp-content\/uploads\/2014a\/02\/27\/09.jpg"]},{"plaintext":"\u8fd0\u52a8\u7684\u5973\u5b69\u6700\u6027\u611f\uff0c\u9752\u6625\u59b9\u5b50\u8eab\u7a7f\u6e56\u4eba\u961f24\u53f7\u5199\u771f","href":"http:\/\/www.meizitu.com\/a\/4021.html","pic_list":["http:\/\/mm.howkuai.com\/wp-content\/uploads\/2014a\/02\/12\/01.jpg","http:\/\/mm.howkuai.com\/wp-content\/uploads\/2014a\/02\/12\/02.jpg","http:\/\/mm.howkuai.com\/wp-content\/uploads\/2014a\/02\/12\/03.jpg","http:\/\/mm.howkuai.com\/wp-content\/uploads\/2014a\/02\/12\/04.jpg","http:\/\/mm.howkuai.com\/wp-content\/uploads\/2014a\/02\/12\/05.jpg","http:\/\/mm.howkuai.com\/wp-content\/uploads\/2014a\/02\/12\/06.jpg","http:\/\/mm.howkuai.com\/wp-content\/uploads\/2014a\/02\/12\/07.jpg","http:\/\/mm.howkuai.com\/wp-content\/uploads\/2014a\/02\/12\/08.jpg","http:\/\/mm.howkuai.com\/wp-content\/uploads\/2014a\/02\/12\/09.jpg","http:\/\/mm.howkuai.com\/wp-content\/uploads\/2014a\/02\/12\/10.jpg","http:\/\/mm.howkuai.com\/wp-content\/uploads\/2014a\/02\/12\/11.jpg","http:\/\/mm.howkuai.com\/wp-content\/uploads\/2014a\/02\/12\/12.jpg"]},{"plaintext":"CBA\u5b9d\u8d1d\u8d3a\u65b0\u5e74 \u7a7f\u6027\u611f\u5e03\u515c\u6446\u59a9\u5a9a\u9020\u578b","href":"http:\/\/www.meizitu.com\/a\/4007.html","pic_list":["http:\/\/mm.howkuai.com\/wp-content\/uploads\/2014a\/01\/69\/01.jpg","http:\/\/mm.howkuai.com\/wp-content\/uploads\/2014a\/01\/69\/02.jpg","http:\/\/mm.howkuai.com\/wp-content\/uploads\/2014a\/01\/69\/03.jpg","http:\/\/mm.howkuai.com\/wp-content\/uploads\/2014a\/01\/69\/04.jpg","http:\/\/mm.howkuai.com\/wp-content\/uploads\/2014a\/01\/69\/05.jpg","http:\/\/mm.howkuai.com\/wp-content\/uploads\/2014a\/01\/69\/06.jpg"]},{"plaintext":"\u5468\u672b\u798f\u5229\u56fe,\u90a3\u4e9b\u60f9\u4eba\u9f3b\u8840\u7684\u7206\u4e73mm","href":"http:\/\/www.meizitu.com\/a\/3961.html","pic_list":["http:\/\/mm.howkuai.com\/wp-content\/uploads\/2014a\/01\/28\/01.jpg","http:\/\/mm.howkuai.com\/wp-content\/uploads\/2014a\/01\/28\/02.jpg","http:\/\/mm.howkuai.com\/wp-content\/uploads\/2014a\/01\/28\/03.jpg","http:\/\/mm.howkuai.com\/wp-content\/uploads\/2014a\/01\/28\/04.jpg","http:\/\/mm.howkuai.com\/wp-content\/uploads\/2014a\/01\/28\/05.jpg","http:\/\/mm.howkuai.com\/wp-content\/uploads\/2014a\/01\/28\/06.jpg","http:\/\/mm.howkuai.com\/wp-content\/uploads\/2014a\/01\/28\/07.jpg","http:\/\/mm.howkuai.com\/wp-content\/uploads\/2014a\/01\/28\/08.jpg","http:\/\/mm.howkuai.com\/wp-content\/uploads\/2014a\/01\/28\/09.jpg","http:\/\/mm.howkuai.com\/wp-content\/uploads\/2014a\/01\/28\/10.jpg","http:\/\/mm.howkuai.com\/wp-content\/uploads\/2014a\/01\/28\/11.jpg","http:\/\/mm.howkuai.com\/wp-content\/uploads\/2014a\/01\/28\/12.jpg"]},{"plaintext":"[\u79c1\u623f\u7cfb\u5217]\u7f8e\u80f8\u5b9d\u8d1d\u9648\u6021\u66fc\u79c0\u6027\u611f\u8ff7\u4eba\u66f2\u7ebf","href":"http:\/\/www.meizitu.com\/a\/3938.html","pic_list":["http:\/\/mm.howkuai.com\/wp-content\/uploads\/2014a\/01\/05\/01.jpg","http:\/\/mm.howkuai.com\/wp-content\/uploads\/2014a\/01\/05\/02.jpg","http:\/\/mm.howkuai.com\/wp-content\/uploads\/2014a\/01\/05\/03.jpg","http:\/\/mm.howkuai.com\/wp-content\/uploads\/2014a\/01\/05\/04.jpg","http:\/\/mm.howkuai.com\/wp-content\/uploads\/2014a\/01\/05\/05.jpg","http:\/\/mm.howkuai.com\/wp-content\/uploads\/2014a\/01\/05\/06.jpg","http:\/\/mm.howkuai.com\/wp-content\/uploads\/2014a\/01\/05\/07.jpg","http:\/\/mm.howkuai.com\/wp-content\/uploads\/2014a\/01\/05\/08.jpg","http:\/\/mm.howkuai.com\/wp-content\/uploads\/2014a\/01\/05\/09.jpg"]},{"plaintext":"\u6027\u611f\u8db3\u7403\u5b9d\u8d1dmm","href":"http:\/\/www.meizitu.com\/a\/3799.html","pic_list":["http:\/\/mm.howkuai.com\/wp-content\/uploads\/2013a\/11\/14\/01.jpg","http:\/\/mm.howkuai.com\/wp-content\/uploads\/2013a\/11\/14\/02.jpg","http:\/\/mm.howkuai.com\/wp-content\/uploads\/2013a\/11\/14\/03.jpg","http:\/\/mm.howkuai.com\/wp-content\/uploads\/2013a\/11\/14\/04.jpg","http:\/\/mm.howkuai.com\/wp-content\/uploads\/2013a\/11\/14\/05.jpg","http:\/\/mm.howkuai.com\/wp-content\/uploads\/2013a\/11\/14\/06.jpg"]},{"plaintext":"\u7c89\u8272\u88d9mm\u7684\u5904\u5973\u4f5c","href":"http:\/\/www.meizitu.com\/a\/3766.html","pic_list":["http:\/\/mm.howkuai.com\/wp-content\/uploads\/2013a\/10\/46\/01.jpg","http:\/\/mm.howkuai.com\/wp-content\/uploads\/2013a\/10\/46\/02.jpg","http:\/\/mm.howkuai.com\/wp-content\/uploads\/2013a\/10\/46\/03.jpg"]},{"plaintext":"\u4e0d\u4e00\u6837\u7684\u59b9\u5b50\uff0c\u4ee5\u5047\u4e71\u771f\u7684mm","href":"http:\/\/www.meizitu.com\/a\/3761.html","pic_list":["http:\/\/mm.howkuai.com\/wp-content\/uploads\/2013a\/10\/42\/01.jpg","http:\/\/mm.howkuai.com\/wp-content\/uploads\/2013a\/10\/42\/02.jpg","http:\/\/mm.howkuai.com\/wp-content\/uploads\/2013a\/10\/42\/03.jpg","http:\/\/mm.howkuai.com\/wp-content\/uploads\/2013a\/10\/42\/04.jpg"]}]