[{"plaintext":"\u8f7b\u8f7b\u8499\u4e0a\u4f60\u7684\u8138\uff0c\u7bee\u7403\u5b9d\u8d1d\u8d75\u5df2\u6668","href":"http:\/\/www.meizitu.com\/a\/4456.html","pic_list":["http:\/\/mm.howkuai.com\/wp-content\/uploads\/2014a\/09\/02\/01.jpg","http:\/\/mm.howkuai.com\/wp-content\/uploads\/2014a\/09\/02\/02.jpg","http:\/\/mm.howkuai.com\/wp-content\/uploads\/2014a\/09\/02\/03.jpg","http:\/\/mm.howkuai.com\/wp-content\/uploads\/2014a\/09\/02\/04.jpg","http:\/\/mm.howkuai.com\/wp-content\/uploads\/2014a\/09\/02\/05.jpg","http:\/\/mm.howkuai.com\/wp-content\/uploads\/2014a\/09\/02\/06.jpg"]},{"plaintext":"\u7bee\u7403\u5b9d\u8d1d\u590f\u5c0f\u8587\uff0c\u6a31\u6728fans\uff0cSHOHOKU#10","href":"http:\/\/www.meizitu.com\/a\/4415.html","pic_list":["http:\/\/mm.howkuai.com\/wp-content\/uploads\/2014a\/08\/28\/01.jpg","http:\/\/mm.howkuai.com\/wp-content\/uploads\/2014a\/08\/28\/02.jpg","http:\/\/mm.howkuai.com\/wp-content\/uploads\/2014a\/08\/28\/03.jpg","http:\/\/mm.howkuai.com\/wp-content\/uploads\/2014a\/08\/28\/04.jpg"]},{"plaintext":"\u6027\u611f\u6a21\u7279\u8eab\u7740\u6d74\u888d\uff0c\u300a\u7537\u4eba\u88c5\u300b\u62cd\u6444\u5730\u968f\u624b\u62cd","href":"http:\/\/www.meizitu.com\/a\/4385.html","pic_list":["http:\/\/mm.howkuai.com\/wp-content\/uploads\/2014a\/07\/70\/01.jpg","http:\/\/mm.howkuai.com\/wp-content\/uploads\/2014a\/07\/70\/02.jpg","http:\/\/mm.howkuai.com\/wp-content\/uploads\/2014a\/07\/70\/03.jpg","http:\/\/mm.howkuai.com\/wp-content\/uploads\/2014a\/07\/70\/04.jpg","http:\/\/mm.howkuai.com\/wp-content\/uploads\/2014a\/07\/70\/05.jpg"]},{"plaintext":"2014 chinajoy \u91cc\u7684\u6f02\u4eae\u59b9\u5b50\uff08\u7b2c\u4e00\u6ce2\uff09","href":"http:\/\/www.meizitu.com\/a\/4384.html","pic_list":["http:\/\/mm.howkuai.com\/wp-content\/uploads\/2014a\/07\/69\/01.jpg","http:\/\/mm.howkuai.com\/wp-content\/uploads\/2014a\/07\/69\/02.jpg","http:\/\/mm.howkuai.com\/wp-content\/uploads\/2014a\/07\/69\/03.jpg","http:\/\/mm.howkuai.com\/wp-content\/uploads\/2014a\/07\/69\/04.jpg","http:\/\/mm.howkuai.com\/wp-content\/uploads\/2014a\/07\/69\/05.jpg","http:\/\/mm.howkuai.com\/wp-content\/uploads\/2014a\/07\/69\/06.jpg","http:\/\/mm.howkuai.com\/wp-content\/uploads\/2014a\/07\/69\/07.jpg"]},{"plaintext":"NBA\u68a6\u4e4b\u961f\u6e38\u620f\u4ee3\u8a00\uff0a\u4e8e\u82b7\u6674mini","href":"http:\/\/www.meizitu.com\/a\/4367.html","pic_list":["http:\/\/mm.howkuai.com\/wp-content\/uploads\/2014a\/07\/52\/01.jpg","http:\/\/mm.howkuai.com\/wp-content\/uploads\/2014a\/07\/52\/02.jpg","http:\/\/mm.howkuai.com\/wp-content\/uploads\/2014a\/07\/52\/03.jpg","http:\/\/mm.howkuai.com\/wp-content\/uploads\/2014a\/07\/52\/04.jpg","http:\/\/mm.howkuai.com\/wp-content\/uploads\/2014a\/07\/52\/05.jpg","http:\/\/mm.howkuai.com\/wp-content\/uploads\/2014a\/07\/52\/06.jpg"]},{"plaintext":"[\u6d3b\u52a8]\u7ed9\u8db3\u7403\u5b9d\u8d1d\u6295\u7968\uff0c\u8d62\u5b9d\u8d1d\u7b7e\u540d\u5199\u771f\u96c6","href":"http:\/\/www.meizitu.com\/a\/4353.html","pic_list":["http:\/\/mm.howkuai.com\/wp-content\/uploads\/2014a\/07\/38\/01.jpg","http:\/\/mm.howkuai.com\/wp-content\/uploads\/2014a\/07\/38\/02.jpg","http:\/\/mm.howkuai.com\/wp-content\/uploads\/2014a\/07\/38\/03.jpg","http:\/\/mm.howkuai.com\/wp-content\/uploads\/2014a\/07\/38\/04.jpg","http:\/\/mm.howkuai.com\/wp-content\/uploads\/2014a\/07\/38\/05.jpg","http:\/\/mm.howkuai.com\/wp-content\/uploads\/2014a\/07\/38\/06.jpg","http:\/\/mm.howkuai.com\/wp-content\/uploads\/2014a\/07\/38\/07.jpg","http:\/\/mm.howkuai.com\/wp-content\/uploads\/2014a\/07\/38\/08.jpg"]},{"plaintext":"\u6293\u4f4f\u76db\u5bb4\u7684\u5c3e\u5df4\uff0c\u6e05\u7eaf\u4e16\u754c\u676f\u7f8e\u5973\u6b23\u8d4f","href":"http:\/\/www.meizitu.com\/a\/4346.html","pic_list":["http:\/\/mm.howkuai.com\/wp-content\/uploads\/2014a\/07\/31\/01.jpg","http:\/\/mm.howkuai.com\/wp-content\/uploads\/2014a\/07\/31\/02.jpg","http:\/\/mm.howkuai.com\/wp-content\/uploads\/2014a\/07\/31\/03.jpg","http:\/\/mm.howkuai.com\/wp-content\/uploads\/2014a\/07\/31\/04.jpg","http:\/\/mm.howkuai.com\/wp-content\/uploads\/2014a\/07\/31\/05.jpg","http:\/\/mm.howkuai.com\/wp-content\/uploads\/2014a\/07\/31\/06.jpg","http:\/\/mm.howkuai.com\/wp-content\/uploads\/2014a\/07\/31\/07.jpg","http:\/\/mm.howkuai.com\/wp-content\/uploads\/2014a\/07\/31\/08.jpg","http:\/\/mm.howkuai.com\/wp-content\/uploads\/2014a\/07\/31\/09.jpg","http:\/\/mm.howkuai.com\/wp-content\/uploads\/2014a\/07\/31\/10.jpg"]},{"plaintext":"\u4e16\u754c\u676f\u843d\u4e0b\u5e37\u5e55\uff0c\u6027\u611f\u8db3\u7403\u5b9d\u8d1d\u9f50\u4e0a\u9635show","href":"http:\/\/www.meizitu.com\/a\/4345.html","pic_list":["http:\/\/mm.howkuai.com\/wp-content\/uploads\/2014a\/07\/30\/01.jpg","http:\/\/mm.howkuai.com\/wp-content\/uploads\/2014a\/07\/30\/02.jpg","http:\/\/mm.howkuai.com\/wp-content\/uploads\/2014a\/07\/30\/03.jpg","http:\/\/mm.howkuai.com\/wp-content\/uploads\/2014a\/07\/30\/04.jpg","http:\/\/mm.howkuai.com\/wp-content\/uploads\/2014a\/07\/30\/05.jpg","http:\/\/mm.howkuai.com\/wp-content\/uploads\/2014a\/07\/30\/06.jpg","http:\/\/mm.howkuai.com\/wp-content\/uploads\/2014a\/07\/30\/07.jpg","http:\/\/mm.howkuai.com\/wp-content\/uploads\/2014a\/07\/30\/08.jpg","http:\/\/mm.howkuai.com\/wp-content\/uploads\/2014a\/07\/30\/09.jpg","http:\/\/mm.howkuai.com\/wp-content\/uploads\/2014a\/07\/30\/10.jpg"]},{"plaintext":"\u51b3\u8d5b\u4e4b\u591c\uff0c\u79c0\u7f8e\u9753\u4e3d\u7684\u8db3\u7403\u5b9d\u8d1d\u4e3a\u5fb7\u56fd\u52a0\u6cb9","href":"http:\/\/www.meizitu.com\/a\/4343.html","pic_list":["http:\/\/mm.howkuai.com\/wp-content\/uploads\/2014a\/07\/28\/01.jpg","http:\/\/mm.howkuai.com\/wp-content\/uploads\/2014a\/07\/28\/02.jpg","http:\/\/mm.howkuai.com\/wp-content\/uploads\/2014a\/07\/28\/03.jpg","http:\/\/mm.howkuai.com\/wp-content\/uploads\/2014a\/07\/28\/04.jpg","http:\/\/mm.howkuai.com\/wp-content\/uploads\/2014a\/07\/28\/05.jpg","http:\/\/mm.howkuai.com\/wp-content\/uploads\/2014a\/07\/28\/06.jpg","http:\/\/mm.howkuai.com\/wp-content\/uploads\/2014a\/07\/28\/07.jpg","http:\/\/mm.howkuai.com\/wp-content\/uploads\/2014a\/07\/28\/08.jpg","http:\/\/mm.howkuai.com\/wp-content\/uploads\/2014a\/07\/28\/09.jpg","http:\/\/mm.howkuai.com\/wp-content\/uploads\/2014a\/07\/28\/10.jpg"]},{"plaintext":"\u89c6\u89c9\u76db\u5bb4\uff0c\u6f02\u4eae\u8db3\u7403\u5b9d\u8d1d\u4e0a\u6f14\u68a6\u5e7b\u8db3\u7403","href":"http:\/\/www.meizitu.com\/a\/4337.html","pic_list":["http:\/\/mm.howkuai.com\/wp-content\/uploads\/2014a\/07\/22\/01.jpg","http:\/\/mm.howkuai.com\/wp-content\/uploads\/2014a\/07\/22\/02.jpg","http:\/\/mm.howkuai.com\/wp-content\/uploads\/2014a\/07\/22\/03.jpg","http:\/\/mm.howkuai.com\/wp-content\/uploads\/2014a\/07\/22\/04.jpg","http:\/\/mm.howkuai.com\/wp-content\/uploads\/2014a\/07\/22\/05.jpg","http:\/\/mm.howkuai.com\/wp-content\/uploads\/2014a\/07\/22\/06.jpg","http:\/\/mm.howkuai.com\/wp-content\/uploads\/2014a\/07\/22\/07.jpg","http:\/\/mm.howkuai.com\/wp-content\/uploads\/2014a\/07\/22\/08.jpg"]},{"plaintext":"2014\u4e16\u754c\u676f\u7f8e\u5973\uff0c\u963f\u6839\u5ef7\u8db3\u7403\u5b9d\u8d1d\u62cd\u5199\u771f\u529b\u633a\u6885\u897f","href":"http:\/\/www.meizitu.com\/a\/4334.html","pic_list":["http:\/\/mm.howkuai.com\/wp-content\/uploads\/2014a\/07\/19\/01.jpg","http:\/\/mm.howkuai.com\/wp-content\/uploads\/2014a\/07\/19\/02.jpg","http:\/\/mm.howkuai.com\/wp-content\/uploads\/2014a\/07\/19\/03.jpg","http:\/\/mm.howkuai.com\/wp-content\/uploads\/2014a\/07\/19\/04.jpg","http:\/\/mm.howkuai.com\/wp-content\/uploads\/2014a\/07\/19\/05.jpg","http:\/\/mm.howkuai.com\/wp-content\/uploads\/2014a\/07\/19\/06.jpg","http:\/\/mm.howkuai.com\/wp-content\/uploads\/2014a\/07\/19\/07.jpg"]},{"plaintext":"\u4e16\u754c\u676f\u534a\u51b3\u8d5b\u5728\u5373\uff0c\u8db3\u7403\u5b9d\u8d1d\u624b\u6367\u2018\u91d1\u676f\u2019\u6027\u611f\u4ee5\u5f85","href":"http:\/\/www.meizitu.com\/a\/4330.html","pic_list":["http:\/\/mm.howkuai.com\/wp-content\/uploads\/2014a\/07\/15\/01.jpg","http:\/\/mm.howkuai.com\/wp-content\/uploads\/2014a\/07\/15\/02.jpg","http:\/\/mm.howkuai.com\/wp-content\/uploads\/2014a\/07\/15\/03.jpg","http:\/\/mm.howkuai.com\/wp-content\/uploads\/2014a\/07\/15\/04.jpg","http:\/\/mm.howkuai.com\/wp-content\/uploads\/2014a\/07\/15\/05.jpg","http:\/\/mm.howkuai.com\/wp-content\/uploads\/2014a\/07\/15\/06.jpg","http:\/\/mm.howkuai.com\/wp-content\/uploads\/2014a\/07\/15\/07.jpg","http:\/\/mm.howkuai.com\/wp-content\/uploads\/2014a\/07\/15\/08.jpg","http:\/\/mm.howkuai.com\/wp-content\/uploads\/2014a\/07\/15\/09.jpg","http:\/\/mm.howkuai.com\/wp-content\/uploads\/2014a\/07\/15\/10.jpg"]},{"plaintext":"\u4e30\u6ee1\u6f02\u4eae\u7684\u5df4\u897f\u4e16\u754c\u676f\u8db3\u7403\u5b9d\u8d1d","href":"http:\/\/www.meizitu.com\/a\/4319.html","pic_list":["http:\/\/mm.howkuai.com\/wp-content\/uploads\/2014a\/07\/04\/01.jpg","http:\/\/mm.howkuai.com\/wp-content\/uploads\/2014a\/07\/04\/02.jpg","http:\/\/mm.howkuai.com\/wp-content\/uploads\/2014a\/07\/04\/03.jpg","http:\/\/mm.howkuai.com\/wp-content\/uploads\/2014a\/07\/04\/04.jpg","http:\/\/mm.howkuai.com\/wp-content\/uploads\/2014a\/07\/04\/05.jpg"]},{"plaintext":"\u7f8e\u5446\u4e86\u7684Slam Dunk\uff0c\u9633\u5149\u7f8e\u5c11\u5973\u7684\u7bee\u7403\u60c5\u8282","href":"http:\/\/www.meizitu.com\/a\/4318.html","pic_list":["http:\/\/mm.howkuai.com\/wp-content\/uploads\/2014a\/07\/03\/01.jpg","http:\/\/mm.howkuai.com\/wp-content\/uploads\/2014a\/07\/03\/02.jpg","http:\/\/mm.howkuai.com\/wp-content\/uploads\/2014a\/07\/03\/03.jpg","http:\/\/mm.howkuai.com\/wp-content\/uploads\/2014a\/07\/03\/04.jpg","http:\/\/mm.howkuai.com\/wp-content\/uploads\/2014a\/07\/03\/05.jpg","http:\/\/mm.howkuai.com\/wp-content\/uploads\/2014a\/07\/03\/06.jpg","http:\/\/mm.howkuai.com\/wp-content\/uploads\/2014a\/07\/03\/07.jpg","http:\/\/mm.howkuai.com\/wp-content\/uploads\/2014a\/07\/03\/08.jpg"]},{"plaintext":"\u6210\u719f\u8ff7\u4eba\u6a21\u7279\u97e9\u6615\u6021\u7684\u6027\u611f\u8db3\u7403\u68a6","href":"http:\/\/www.meizitu.com\/a\/4299.html","pic_list":["http:\/\/mm.howkuai.com\/wp-content\/uploads\/2014a\/06\/51\/01.jpg","http:\/\/mm.howkuai.com\/wp-content\/uploads\/2014a\/06\/51\/02.jpg","http:\/\/mm.howkuai.com\/wp-content\/uploads\/2014a\/06\/51\/03.jpg","http:\/\/mm.howkuai.com\/wp-content\/uploads\/2014a\/06\/51\/04.jpg","http:\/\/mm.howkuai.com\/wp-content\/uploads\/2014a\/06\/51\/05.jpg","http:\/\/mm.howkuai.com\/wp-content\/uploads\/2014a\/06\/51\/06.jpg"]},{"plaintext":"\u6027\u611f\u5c0f\u86ee\u8170\u8db3\u7403\u5b9d\u8d1d\u4e3a\u4e16\u754c\u676f\u52a0\u6cb9","href":"http:\/\/www.meizitu.com\/a\/4297.html","pic_list":["http:\/\/mm.howkuai.com\/wp-content\/uploads\/2014a\/06\/49\/01.jpg","http:\/\/mm.howkuai.com\/wp-content\/uploads\/2014a\/06\/49\/02.jpg","http:\/\/mm.howkuai.com\/wp-content\/uploads\/2014a\/06\/49\/03.jpg","http:\/\/mm.howkuai.com\/wp-content\/uploads\/2014a\/06\/49\/04.jpg","http:\/\/mm.howkuai.com\/wp-content\/uploads\/2014a\/06\/49\/05.jpg","http:\/\/mm.howkuai.com\/wp-content\/uploads\/2014a\/06\/49\/06.jpg","http:\/\/mm.howkuai.com\/wp-content\/uploads\/2014a\/06\/49\/07.jpg","http:\/\/mm.howkuai.com\/wp-content\/uploads\/2014a\/06\/49\/08.jpg"]},{"plaintext":"\u8db3\u7403\u5b9d\u8d1d\uff0c\u6a21\u7279\u677e\u679c\u513f\u7684\u4e16\u754c\u676f","href":"http:\/\/www.meizitu.com\/a\/4294.html","pic_list":["http:\/\/mm.howkuai.com\/wp-content\/uploads\/2014a\/06\/46\/01.jpg","http:\/\/mm.howkuai.com\/wp-content\/uploads\/2014a\/06\/46\/02.jpg","http:\/\/mm.howkuai.com\/wp-content\/uploads\/2014a\/06\/46\/03.jpg","http:\/\/mm.howkuai.com\/wp-content\/uploads\/2014a\/06\/46\/04.jpg","http:\/\/mm.howkuai.com\/wp-content\/uploads\/2014a\/06\/46\/05.jpg","http:\/\/mm.howkuai.com\/wp-content\/uploads\/2014a\/06\/46\/06.jpg"]},{"plaintext":"\u9752\u6625\u6709\u6d3b\u529b\u7684\u5c11\u5973\uff0c\u70ed\u7231\u7bee\u7403\u7684\u79d1\u5bc6","href":"http:\/\/www.meizitu.com\/a\/4293.html","pic_list":["http:\/\/mm.howkuai.com\/wp-content\/uploads\/2014a\/06\/45\/01.jpg","http:\/\/mm.howkuai.com\/wp-content\/uploads\/2014a\/06\/45\/02.jpg","http:\/\/mm.howkuai.com\/wp-content\/uploads\/2014a\/06\/45\/03.jpg","http:\/\/mm.howkuai.com\/wp-content\/uploads\/2014a\/06\/45\/04.jpg","http:\/\/mm.howkuai.com\/wp-content\/uploads\/2014a\/06\/45\/05.jpg","http:\/\/mm.howkuai.com\/wp-content\/uploads\/2014a\/06\/45\/06.jpg","http:\/\/mm.howkuai.com\/wp-content\/uploads\/2014a\/06\/45\/07.jpg","http:\/\/mm.howkuai.com\/wp-content\/uploads\/2014a\/06\/45\/08.jpg"]},{"plaintext":"\u6e05\u51c9\u590f\u5929\uff0c\u6765\u770b\u9752\u6625\u5145\u6ee1\u6d3b\u529b\u7684\u6027\u611f\u59b9\u5b50","href":"http:\/\/www.meizitu.com\/a\/4287.html","pic_list":["http:\/\/mm.howkuai.com\/wp-content\/uploads\/2014a\/06\/39\/01.jpg","http:\/\/mm.howkuai.com\/wp-content\/uploads\/2014a\/06\/39\/02.jpg","http:\/\/mm.howkuai.com\/wp-content\/uploads\/2014a\/06\/39\/03.jpg","http:\/\/mm.howkuai.com\/wp-content\/uploads\/2014a\/06\/39\/04.jpg","http:\/\/mm.howkuai.com\/wp-content\/uploads\/2014a\/06\/39\/05.jpg","http:\/\/mm.howkuai.com\/wp-content\/uploads\/2014a\/06\/39\/06.jpg","http:\/\/mm.howkuai.com\/wp-content\/uploads\/2014a\/06\/39\/07.jpg","http:\/\/mm.howkuai.com\/wp-content\/uploads\/2014a\/06\/39\/08.jpg","http:\/\/mm.howkuai.com\/wp-content\/uploads\/2014a\/06\/39\/09.jpg","http:\/\/mm.howkuai.com\/wp-content\/uploads\/2014a\/06\/39\/10.jpg"]},{"plaintext":"\u5bcc\u6709\u6fc0\u60c5\u76842014\u4e16\u754c\u676f\u8db3\u7403\u5b9d\u8d1d\u6b23\u8d4f","href":"http:\/\/www.meizitu.com\/a\/4283.html","pic_list":["http:\/\/mm.howkuai.com\/wp-content\/uploads\/2014a\/06\/35\/01.jpg","http:\/\/mm.howkuai.com\/wp-content\/uploads\/2014a\/06\/35\/02.jpg","http:\/\/mm.howkuai.com\/wp-content\/uploads\/2014a\/06\/35\/03.jpg","http:\/\/mm.howkuai.com\/wp-content\/uploads\/2014a\/06\/35\/04.jpg","http:\/\/mm.howkuai.com\/wp-content\/uploads\/2014a\/06\/35\/05.jpg","http:\/\/mm.howkuai.com\/wp-content\/uploads\/2014a\/06\/35\/06.jpg","http:\/\/mm.howkuai.com\/wp-content\/uploads\/2014a\/06\/35\/07.jpg","http:\/\/mm.howkuai.com\/wp-content\/uploads\/2014a\/06\/35\/08.jpg","http:\/\/mm.howkuai.com\/wp-content\/uploads\/2014a\/06\/35\/09.jpg","http:\/\/mm.howkuai.com\/wp-content\/uploads\/2014a\/06\/35\/10.jpg"]},{"plaintext":"2014\u4e16\u754c\u676f\u8db3\u7403\u5b9d\u8d1d\u590f\u5c0f\u8587","href":"http:\/\/www.meizitu.com\/a\/4275.html","pic_list":["http:\/\/mm.howkuai.com\/wp-content\/uploads\/2014a\/06\/27\/01.jpg","http:\/\/mm.howkuai.com\/wp-content\/uploads\/2014a\/06\/27\/02.jpg","http:\/\/mm.howkuai.com\/wp-content\/uploads\/2014a\/06\/27\/03.jpg","http:\/\/mm.howkuai.com\/wp-content\/uploads\/2014a\/06\/27\/04.jpg","http:\/\/mm.howkuai.com\/wp-content\/uploads\/2014a\/06\/27\/05.jpg","http:\/\/mm.howkuai.com\/wp-content\/uploads\/2014a\/06\/27\/06.jpg"]},{"plaintext":"\u8db3\u7403\u5b9d\u8d1d\u4eec\uff0c\u4f60\u4eec\u529b\u633a\u54ea\u652f\u961f\u4f0d","href":"http:\/\/www.meizitu.com\/a\/4266.html","pic_list":["http:\/\/mm.howkuai.com\/wp-content\/uploads\/2014a\/06\/18\/01.jpg","http:\/\/mm.howkuai.com\/wp-content\/uploads\/2014a\/06\/18\/02.jpg","http:\/\/mm.howkuai.com\/wp-content\/uploads\/2014a\/06\/18\/03.jpg","http:\/\/mm.howkuai.com\/wp-content\/uploads\/2014a\/06\/18\/04.jpg","http:\/\/mm.howkuai.com\/wp-content\/uploads\/2014a\/06\/18\/05.jpg","http:\/\/mm.howkuai.com\/wp-content\/uploads\/2014a\/06\/18\/06.jpg"]},{"plaintext":"\u957f\u817f\u6821\u82b1\u4f53\u80b2\u5b9d\u8d1d\u674e\u9896\u829d","href":"http:\/\/www.meizitu.com\/a\/4241.html","pic_list":["http:\/\/mm.howkuai.com\/wp-content\/uploads\/2014a\/05\/42\/01.jpg","http:\/\/mm.howkuai.com\/wp-content\/uploads\/2014a\/05\/42\/02.jpg","http:\/\/mm.howkuai.com\/wp-content\/uploads\/2014a\/05\/42\/03.jpg","http:\/\/mm.howkuai.com\/wp-content\/uploads\/2014a\/05\/42\/04.jpg","http:\/\/mm.howkuai.com\/wp-content\/uploads\/2014a\/05\/42\/05.jpg","http:\/\/mm.howkuai.com\/wp-content\/uploads\/2014a\/05\/42\/06.jpg"]},{"plaintext":"\u679c\u5b50MM\u516c\u56ed\u6e05\u65b0\u5199\u771f","href":"http:\/\/www.meizitu.com\/a\/4222.html","pic_list":["http:\/\/mm.howkuai.com\/wp-content\/uploads\/2014a\/05\/23\/01.jpg","http:\/\/mm.howkuai.com\/wp-content\/uploads\/2014a\/05\/23\/02.jpg","http:\/\/mm.howkuai.com\/wp-content\/uploads\/2014a\/05\/23\/03.jpg","http:\/\/mm.howkuai.com\/wp-content\/uploads\/2014a\/05\/23\/04.jpg","http:\/\/mm.howkuai.com\/wp-content\/uploads\/2014a\/05\/23\/05.jpg","http:\/\/mm.howkuai.com\/wp-content\/uploads\/2014a\/05\/23\/06.jpg","http:\/\/mm.howkuai.com\/wp-content\/uploads\/2014a\/05\/23\/07.jpg","http:\/\/mm.howkuai.com\/wp-content\/uploads\/2014a\/05\/23\/08.jpg"]},{"plaintext":"\u64a9\u62e8\u4f60\u5fc3\u795e\uff0c\u6f02\u4eae\u53c8\u6027\u611f\u7684MM\u96c6\u5408","href":"http:\/\/www.meizitu.com\/a\/4217.html","pic_list":["http:\/\/mm.howkuai.com\/wp-content\/uploads\/2014a\/05\/18\/01.jpg","http:\/\/mm.howkuai.com\/wp-content\/uploads\/2014a\/05\/18\/02.jpg","http:\/\/mm.howkuai.com\/wp-content\/uploads\/2014a\/05\/18\/03.jpg","http:\/\/mm.howkuai.com\/wp-content\/uploads\/2014a\/05\/18\/04.jpg","http:\/\/mm.howkuai.com\/wp-content\/uploads\/2014a\/05\/18\/05.jpg","http:\/\/mm.howkuai.com\/wp-content\/uploads\/2014a\/05\/18\/06.jpg","http:\/\/mm.howkuai.com\/wp-content\/uploads\/2014a\/05\/18\/07.jpg","http:\/\/mm.howkuai.com\/wp-content\/uploads\/2014a\/05\/18\/08.jpg","http:\/\/mm.howkuai.com\/wp-content\/uploads\/2014a\/05\/18\/09.jpg"]},{"plaintext":"\u6e05\u7eaf\u7f8e\u5973\u5411\u6b23\u8587\u62cd\u6444\u8db3\u7403\u5b9d\u8d1d\u5199\u771f","href":"http:\/\/www.meizitu.com\/a\/4195.html","pic_list":["http:\/\/mm.howkuai.com\/wp-content\/uploads\/2014a\/04\/57\/01.jpg","http:\/\/mm.howkuai.com\/wp-content\/uploads\/2014a\/04\/57\/02.jpg","http:\/\/mm.howkuai.com\/wp-content\/uploads\/2014a\/04\/57\/03.jpg","http:\/\/mm.howkuai.com\/wp-content\/uploads\/2014a\/04\/57\/04.jpg","http:\/\/mm.howkuai.com\/wp-content\/uploads\/2014a\/04\/57\/05.jpg","http:\/\/mm.howkuai.com\/wp-content\/uploads\/2014a\/04\/57\/06.jpg","http:\/\/mm.howkuai.com\/wp-content\/uploads\/2014a\/04\/57\/07.jpg","http:\/\/mm.howkuai.com\/wp-content\/uploads\/2014a\/04\/57\/08.jpg"]},{"plaintext":"\u559c\u6b22\u7bee\u7403\u7684\u6e05\u7eaf\u5c11\u5973\uff0c\u98de\u7fd4\u5427\u6674\u5b50","href":"http:\/\/www.meizitu.com\/a\/4171.html","pic_list":["http:\/\/mm.howkuai.com\/wp-content\/uploads\/2014a\/04\/33\/01.jpg","http:\/\/mm.howkuai.com\/wp-content\/uploads\/2014a\/04\/33\/02.jpg","http:\/\/mm.howkuai.com\/wp-content\/uploads\/2014a\/04\/33\/03.jpg","http:\/\/mm.howkuai.com\/wp-content\/uploads\/2014a\/04\/33\/04.jpg","http:\/\/mm.howkuai.com\/wp-content\/uploads\/2014a\/04\/33\/05.jpg","http:\/\/mm.howkuai.com\/wp-content\/uploads\/2014a\/04\/33\/06.jpg","http:\/\/mm.howkuai.com\/wp-content\/uploads\/2014a\/04\/33\/07.jpg","http:\/\/mm.howkuai.com\/wp-content\/uploads\/2014a\/04\/33\/08.jpg"]},{"plaintext":"\u4eab\u53d7\u725b\u5976\u7684\u5473\u9053\uff0c\u6027\u611f\u5b9d\u8d1d\u8425\u9020\u9999\u8273\u753b\u9762","href":"http:\/\/www.meizitu.com\/a\/4143.html","pic_list":["http:\/\/mm.howkuai.com\/wp-content\/uploads\/2014a\/04\/05\/01.jpg","http:\/\/mm.howkuai.com\/wp-content\/uploads\/2014a\/04\/05\/02.jpg","http:\/\/mm.howkuai.com\/wp-content\/uploads\/2014a\/04\/05\/03.jpg","http:\/\/mm.howkuai.com\/wp-content\/uploads\/2014a\/04\/05\/04.jpg","http:\/\/mm.howkuai.com\/wp-content\/uploads\/2014a\/04\/05\/05.jpg","http:\/\/mm.howkuai.com\/wp-content\/uploads\/2014a\/04\/05\/06.jpg","http:\/\/mm.howkuai.com\/wp-content\/uploads\/2014a\/04\/05\/07.jpg","http:\/\/mm.howkuai.com\/wp-content\/uploads\/2014a\/04\/05\/08.jpg"]},{"plaintext":"\u6027\u611f\u5df4\u897f\u961f\u7f8e\u5973\u7403\u8ff7\u4e3a2014\u4e16\u754c\u676f\u52a0\u6cb9","href":"http:\/\/www.meizitu.com\/a\/4142.html","pic_list":["http:\/\/mm.howkuai.com\/wp-content\/uploads\/2014a\/04\/04\/01.jpg","http:\/\/mm.howkuai.com\/wp-content\/uploads\/2014a\/04\/04\/02.jpg","http:\/\/mm.howkuai.com\/wp-content\/uploads\/2014a\/04\/04\/03.jpg","http:\/\/mm.howkuai.com\/wp-content\/uploads\/2014a\/04\/04\/04.jpg","http:\/\/mm.howkuai.com\/wp-content\/uploads\/2014a\/04\/04\/05.jpg","http:\/\/mm.howkuai.com\/wp-content\/uploads\/2014a\/04\/04\/06.jpg","http:\/\/mm.howkuai.com\/wp-content\/uploads\/2014a\/04\/04\/07.jpg","http:\/\/mm.howkuai.com\/wp-content\/uploads\/2014a\/04\/04\/08.jpg"]}]