[{"plaintext":"\u7b80\u76f4\u840c\u7ffb\u4e86\uff0c\u6cf3\u6c60\u4e2d\u7684\u53ef\u7231\u5c11\u5973","href":"http:\/\/www.meizitu.com\/a\/5478.html","pic_list":["http:\/\/mm.howkuai.com\/wp-content\/uploads\/2016a\/09\/02\/01.jpg","http:\/\/mm.howkuai.com\/wp-content\/uploads\/2016a\/09\/02\/02.jpg","http:\/\/mm.howkuai.com\/wp-content\/uploads\/2016a\/09\/02\/03.jpg","http:\/\/mm.howkuai.com\/wp-content\/uploads\/2016a\/09\/02\/04.jpg","http:\/\/mm.howkuai.com\/wp-content\/uploads\/2016a\/09\/02\/05.jpg","http:\/\/mm.howkuai.com\/wp-content\/uploads\/2016a\/09\/02\/06.jpg","http:\/\/mm.howkuai.com\/wp-content\/uploads\/2016a\/09\/02\/07.jpg","http:\/\/mm.howkuai.com\/wp-content\/uploads\/2016a\/09\/02\/08.jpg"]},{"plaintext":"\u6cf3\u6c60\u5185\u7684\u82b1\u5b63\u5c11\u5973\u6765\u4e00\u6ce2\u6e05\u51c9\u8865","href":"http:\/\/www.meizitu.com\/a\/5475.html","pic_list":["http:\/\/mm.howkuai.com\/wp-content\/uploads\/2016a\/08\/30\/01.jpg","http:\/\/mm.howkuai.com\/wp-content\/uploads\/2016a\/08\/30\/02.jpg","http:\/\/mm.howkuai.com\/wp-content\/uploads\/2016a\/08\/30\/03.jpg","http:\/\/mm.howkuai.com\/wp-content\/uploads\/2016a\/08\/30\/04.jpg","http:\/\/mm.howkuai.com\/wp-content\/uploads\/2016a\/08\/30\/05.jpg","http:\/\/mm.howkuai.com\/wp-content\/uploads\/2016a\/08\/30\/06.jpg","http:\/\/mm.howkuai.com\/wp-content\/uploads\/2016a\/08\/30\/07.jpg","http:\/\/mm.howkuai.com\/wp-content\/uploads\/2016a\/08\/30\/08.jpg","http:\/\/mm.howkuai.com\/wp-content\/uploads\/2016a\/08\/30\/09.jpg"]},{"plaintext":"\u6d74\u7f38\u91cc\u7684\u5b66\u751f\u59b9\uff0c\u77ed\u53d1\u695a\u695a\u52a8\u4eba","href":"http:\/\/www.meizitu.com\/a\/5462.html","pic_list":["http:\/\/mm.howkuai.com\/wp-content\/uploads\/2016a\/08\/17\/01.jpg","http:\/\/mm.howkuai.com\/wp-content\/uploads\/2016a\/08\/17\/02.jpg","http:\/\/mm.howkuai.com\/wp-content\/uploads\/2016a\/08\/17\/03.jpg","http:\/\/mm.howkuai.com\/wp-content\/uploads\/2016a\/08\/17\/04.jpg","http:\/\/mm.howkuai.com\/wp-content\/uploads\/2016a\/08\/17\/05.jpg","http:\/\/mm.howkuai.com\/wp-content\/uploads\/2016a\/08\/17\/06.jpg"]},{"plaintext":"\u6d74\u5ba4\u91cc\u7684\u7f8e\u5c11\u5973\uff0c\u4f1a\u8de8\u4e00\u5b57\u9a6c","href":"http:\/\/www.meizitu.com\/a\/5452.html","pic_list":["http:\/\/mm.howkuai.com\/wp-content\/uploads\/2016a\/08\/07\/01.jpg","http:\/\/mm.howkuai.com\/wp-content\/uploads\/2016a\/08\/07\/02.jpg","http:\/\/mm.howkuai.com\/wp-content\/uploads\/2016a\/08\/07\/03.jpg","http:\/\/mm.howkuai.com\/wp-content\/uploads\/2016a\/08\/07\/04.jpg","http:\/\/mm.howkuai.com\/wp-content\/uploads\/2016a\/08\/07\/05.jpg","http:\/\/mm.howkuai.com\/wp-content\/uploads\/2016a\/08\/07\/06.jpg","http:\/\/mm.howkuai.com\/wp-content\/uploads\/2016a\/08\/07\/07.jpg"]},{"plaintext":"\u5728\u6e38\u6cf3\u6c60\u6293\u5230\u4e00\u53ea\u840c\u59b9\u5b50","href":"http:\/\/www.meizitu.com\/a\/5445.html","pic_list":["http:\/\/mm.howkuai.com\/wp-content\/uploads\/2016a\/07\/42\/01.jpg","http:\/\/mm.howkuai.com\/wp-content\/uploads\/2016a\/07\/42\/02.jpg","http:\/\/mm.howkuai.com\/wp-content\/uploads\/2016a\/07\/42\/03.jpg","http:\/\/mm.howkuai.com\/wp-content\/uploads\/2016a\/07\/42\/04.jpg","http:\/\/mm.howkuai.com\/wp-content\/uploads\/2016a\/07\/42\/05.jpg","http:\/\/mm.howkuai.com\/wp-content\/uploads\/2016a\/07\/42\/06.jpg","http:\/\/mm.howkuai.com\/wp-content\/uploads\/2016a\/07\/42\/07.jpg","http:\/\/mm.howkuai.com\/wp-content\/uploads\/2016a\/07\/42\/08.jpg"]},{"plaintext":"\u9a91\u5728\u6930\u5b50\u6811\u4e0a\u7684\u6bd4\u57fa\u5c3c\u7f8e\u5973","href":"http:\/\/www.meizitu.com\/a\/5437.html","pic_list":["http:\/\/mm.howkuai.com\/wp-content\/uploads\/2016a\/07\/34\/01.jpg","http:\/\/mm.howkuai.com\/wp-content\/uploads\/2016a\/07\/34\/02.jpg","http:\/\/mm.howkuai.com\/wp-content\/uploads\/2016a\/07\/34\/03.jpg","http:\/\/mm.howkuai.com\/wp-content\/uploads\/2016a\/07\/34\/04.jpg","http:\/\/mm.howkuai.com\/wp-content\/uploads\/2016a\/07\/34\/05.jpg","http:\/\/mm.howkuai.com\/wp-content\/uploads\/2016a\/07\/34\/06.jpg","http:\/\/mm.howkuai.com\/wp-content\/uploads\/2016a\/07\/34\/07.jpg"]},{"plaintext":"YUMI\u5c24\u7f8e\u82cf\u6885\u5c9b\u5199\u771f","href":"http:\/\/www.meizitu.com\/a\/5436.html","pic_list":["http:\/\/mm.howkuai.com\/wp-content\/uploads\/2016a\/07\/33\/01.jpg","http:\/\/mm.howkuai.com\/wp-content\/uploads\/2016a\/07\/33\/02.jpg","http:\/\/mm.howkuai.com\/wp-content\/uploads\/2016a\/07\/33\/03.jpg","http:\/\/mm.howkuai.com\/wp-content\/uploads\/2016a\/07\/33\/04.jpg","http:\/\/mm.howkuai.com\/wp-content\/uploads\/2016a\/07\/33\/05.jpg"]},{"plaintext":"\u8fd9\u6b3e\u5185\u8863\u6700\u8fd1\u5728\u7f51\u4e0a\u5f88\u706b","href":"http:\/\/www.meizitu.com\/a\/5432.html","pic_list":["http:\/\/mm.howkuai.com\/wp-content\/uploads\/2016a\/07\/29\/01.jpg","http:\/\/mm.howkuai.com\/wp-content\/uploads\/2016a\/07\/29\/02.jpg","http:\/\/mm.howkuai.com\/wp-content\/uploads\/2016a\/07\/29\/03.jpg","http:\/\/mm.howkuai.com\/wp-content\/uploads\/2016a\/07\/29\/04.jpg","http:\/\/mm.howkuai.com\/wp-content\/uploads\/2016a\/07\/29\/05.jpg","http:\/\/mm.howkuai.com\/wp-content\/uploads\/2016a\/07\/29\/06.jpg","http:\/\/mm.howkuai.com\/wp-content\/uploads\/2016a\/07\/29\/07.jpg","http:\/\/mm.howkuai.com\/wp-content\/uploads\/2016a\/07\/29\/08.jpg"]},{"plaintext":"\u770b\u9189\u4e86\uff01\u540d\u6a21\u5434\u4e39\u6d77\u8fb9\u5c55\u793a\u52a8\u4eba\u8eab\u6750","href":"http:\/\/www.meizitu.com\/a\/5430.html","pic_list":["http:\/\/mm.howkuai.com\/wp-content\/uploads\/2016a\/07\/27\/01.jpg","http:\/\/mm.howkuai.com\/wp-content\/uploads\/2016a\/07\/27\/02.jpg","http:\/\/mm.howkuai.com\/wp-content\/uploads\/2016a\/07\/27\/03.jpg","http:\/\/mm.howkuai.com\/wp-content\/uploads\/2016a\/07\/27\/04.jpg","http:\/\/mm.howkuai.com\/wp-content\/uploads\/2016a\/07\/27\/05.jpg","http:\/\/mm.howkuai.com\/wp-content\/uploads\/2016a\/07\/27\/06.jpg"]},{"plaintext":"\u7f8e\u5973\u7684\u82b1\u74e3\u6d74\uff0c\u8fde\u2018\u8774\u8776\u2019\u90fd\u88ab\u5438\u5f15","href":"http:\/\/www.meizitu.com\/a\/5426.html","pic_list":["http:\/\/mm.howkuai.com\/wp-content\/uploads\/2016a\/07\/23\/01.jpg","http:\/\/mm.howkuai.com\/wp-content\/uploads\/2016a\/07\/23\/02.jpg","http:\/\/mm.howkuai.com\/wp-content\/uploads\/2016a\/07\/23\/03.jpg","http:\/\/mm.howkuai.com\/wp-content\/uploads\/2016a\/07\/23\/04.jpg","http:\/\/mm.howkuai.com\/wp-content\/uploads\/2016a\/07\/23\/05.jpg","http:\/\/mm.howkuai.com\/wp-content\/uploads\/2016a\/07\/23\/06.jpg"]},{"plaintext":"\u6c14\u8d28\u7f8e\u5973\u8ff7\u4eba\u7684\u5fae\u7b11\uff0c\u53ea\u56e0\u4eab\u53d7\u9633\u5149\u4e0e\u6d77","href":"http:\/\/www.meizitu.com\/a\/5421.html","pic_list":["http:\/\/mm.howkuai.com\/wp-content\/uploads\/2016a\/07\/18\/01.jpg","http:\/\/mm.howkuai.com\/wp-content\/uploads\/2016a\/07\/18\/02.jpg","http:\/\/mm.howkuai.com\/wp-content\/uploads\/2016a\/07\/18\/03.jpg","http:\/\/mm.howkuai.com\/wp-content\/uploads\/2016a\/07\/18\/04.jpg","http:\/\/mm.howkuai.com\/wp-content\/uploads\/2016a\/07\/18\/05.jpg","http:\/\/mm.howkuai.com\/wp-content\/uploads\/2016a\/07\/18\/06.jpg","http:\/\/mm.howkuai.com\/wp-content\/uploads\/2016a\/07\/18\/07.jpg","http:\/\/mm.howkuai.com\/wp-content\/uploads\/2016a\/07\/18\/08.jpg","http:\/\/mm.howkuai.com\/wp-content\/uploads\/2016a\/07\/18\/09.jpg"]},{"plaintext":"\u9ad8\u6e29\u6a21\u5f0f\u6765\u88ad\uff0c\u4f17\u7f8e\u5973\u5f00\u542f\u6e05\u51c9\u6a21\u5f0f","href":"http:\/\/www.meizitu.com\/a\/5394.html","pic_list":["http:\/\/mm.howkuai.com\/wp-content\/uploads\/2016a\/06\/09\/01.jpg","http:\/\/mm.howkuai.com\/wp-content\/uploads\/2016a\/06\/09\/02.jpg","http:\/\/mm.howkuai.com\/wp-content\/uploads\/2016a\/06\/09\/03.jpg","http:\/\/mm.howkuai.com\/wp-content\/uploads\/2016a\/06\/09\/04.jpg","http:\/\/mm.howkuai.com\/wp-content\/uploads\/2016a\/06\/09\/05.jpg","http:\/\/mm.howkuai.com\/wp-content\/uploads\/2016a\/06\/09\/06.jpg","http:\/\/mm.howkuai.com\/wp-content\/uploads\/2016a\/06\/09\/07.jpg","http:\/\/mm.howkuai.com\/wp-content\/uploads\/2016a\/06\/09\/08.jpg","http:\/\/mm.howkuai.com\/wp-content\/uploads\/2016a\/06\/09\/09.jpg","http:\/\/mm.howkuai.com\/wp-content\/uploads\/2016a\/06\/09\/10.jpg"]},{"plaintext":"\u6bd4\u57fa\u5c3c\u5973\u795e\u6e38\u8247\uff0c\u7537\u4eba\u5fc3\u4e2d\u7684\u4e00\u4e2a\u68a6","href":"http:\/\/www.meizitu.com\/a\/5377.html","pic_list":["http:\/\/mm.howkuai.com\/wp-content\/uploads\/2016a\/05\/15\/01.jpg","http:\/\/mm.howkuai.com\/wp-content\/uploads\/2016a\/05\/15\/02.jpg","http:\/\/mm.howkuai.com\/wp-content\/uploads\/2016a\/05\/15\/03.jpg","http:\/\/mm.howkuai.com\/wp-content\/uploads\/2016a\/05\/15\/04.jpg","http:\/\/mm.howkuai.com\/wp-content\/uploads\/2016a\/05\/15\/05.jpg","http:\/\/mm.howkuai.com\/wp-content\/uploads\/2016a\/05\/15\/06.jpg","http:\/\/mm.howkuai.com\/wp-content\/uploads\/2016a\/05\/15\/07.jpg"]},{"plaintext":"\u6e05\u7eaf\u7f8e\u5973\u4e0d\u60e7\u5bd2\u51b7\u6ed1\u96ea\u573a\u5185\u6bd4\u57fa\u5c3c\u5199\u771f","href":"http:\/\/www.meizitu.com\/a\/5352.html","pic_list":["http:\/\/mm.howkuai.com\/wp-content\/uploads\/2016a\/04\/12\/01.jpg","http:\/\/mm.howkuai.com\/wp-content\/uploads\/2016a\/04\/12\/02.jpg","http:\/\/mm.howkuai.com\/wp-content\/uploads\/2016a\/04\/12\/03.jpg","http:\/\/mm.howkuai.com\/wp-content\/uploads\/2016a\/04\/12\/04.jpg","http:\/\/mm.howkuai.com\/wp-content\/uploads\/2016a\/04\/12\/05.jpg","http:\/\/mm.howkuai.com\/wp-content\/uploads\/2016a\/04\/12\/06.jpg","http:\/\/mm.howkuai.com\/wp-content\/uploads\/2016a\/04\/12\/07.jpg","http:\/\/mm.howkuai.com\/wp-content\/uploads\/2016a\/04\/12\/08.jpg","http:\/\/mm.howkuai.com\/wp-content\/uploads\/2016a\/04\/12\/09.jpg"]},{"plaintext":"\u6e05\u51c9\u4e00\u590f\u7684\u7edd\u7f8e\u59b9\u5b50\u4e3a\u4f60\u732e\u4e0a\u98de\u543b","href":"http:\/\/www.meizitu.com\/a\/5340.html","pic_list":["http:\/\/mm.howkuai.com\/wp-content\/uploads\/2016a\/03\/20\/01.jpg","http:\/\/mm.howkuai.com\/wp-content\/uploads\/2016a\/03\/20\/02.jpg","http:\/\/mm.howkuai.com\/wp-content\/uploads\/2016a\/03\/20\/03.jpg","http:\/\/mm.howkuai.com\/wp-content\/uploads\/2016a\/03\/20\/04.jpg","http:\/\/mm.howkuai.com\/wp-content\/uploads\/2016a\/03\/20\/05.jpg","http:\/\/mm.howkuai.com\/wp-content\/uploads\/2016a\/03\/20\/06.jpg","http:\/\/mm.howkuai.com\/wp-content\/uploads\/2016a\/03\/20\/07.jpg","http:\/\/mm.howkuai.com\/wp-content\/uploads\/2016a\/03\/20\/08.jpg","http:\/\/mm.howkuai.com\/wp-content\/uploads\/2016a\/03\/20\/09.jpg","http:\/\/mm.howkuai.com\/wp-content\/uploads\/2016a\/03\/20\/10.jpg"]},{"plaintext":"\u9633\u5149\uff0c\u6c99\u6ee9\uff0c\u6d77\uff0c\u6bd4\u57fa\u5c3c\u7f8e\u5973","href":"http:\/\/www.meizitu.com\/a\/5302.html","pic_list":["http:\/\/mm.howkuai.com\/wp-content\/uploads\/2016a\/02\/11\/01.jpg","http:\/\/mm.howkuai.com\/wp-content\/uploads\/2016a\/02\/11\/02.jpg","http:\/\/mm.howkuai.com\/wp-content\/uploads\/2016a\/02\/11\/03.jpg","http:\/\/mm.howkuai.com\/wp-content\/uploads\/2016a\/02\/11\/04.jpg","http:\/\/mm.howkuai.com\/wp-content\/uploads\/2016a\/02\/11\/05.jpg","http:\/\/mm.howkuai.com\/wp-content\/uploads\/2016a\/02\/11\/06.jpg","http:\/\/mm.howkuai.com\/wp-content\/uploads\/2016a\/02\/11\/07.jpg","http:\/\/mm.howkuai.com\/wp-content\/uploads\/2016a\/02\/11\/08.jpg"]},{"plaintext":"\u5b85\u7537\u60c5\u6000\u603b\u662f\u6e7f\uff0c\u65e0\u6cd5\u6297\u62d2\u7684\u6cf3\u8863\u5199\u771f","href":"http:\/\/www.meizitu.com\/a\/5293.html","pic_list":["http:\/\/mm.howkuai.com\/wp-content\/uploads\/2016a\/02\/02\/01.jpg","http:\/\/mm.howkuai.com\/wp-content\/uploads\/2016a\/02\/02\/02.jpg","http:\/\/mm.howkuai.com\/wp-content\/uploads\/2016a\/02\/02\/03.jpg","http:\/\/mm.howkuai.com\/wp-content\/uploads\/2016a\/02\/02\/04.jpg","http:\/\/mm.howkuai.com\/wp-content\/uploads\/2016a\/02\/02\/05.jpg","http:\/\/mm.howkuai.com\/wp-content\/uploads\/2016a\/02\/02\/06.jpg"]},{"plaintext":"\u53ef\u7231\u7684\u9a6c\u5c3e\u59d1\u5a18\u6cf3\u6c60\u8fb9\u9732\u7fd8\u81c0","href":"http:\/\/www.meizitu.com\/a\/5281.html","pic_list":["http:\/\/mm.howkuai.com\/wp-content\/uploads\/2016a\/01\/18\/01.jpg","http:\/\/mm.howkuai.com\/wp-content\/uploads\/2016a\/01\/18\/02.jpg","http:\/\/mm.howkuai.com\/wp-content\/uploads\/2016a\/01\/18\/03.jpg","http:\/\/mm.howkuai.com\/wp-content\/uploads\/2016a\/01\/18\/04.jpg","http:\/\/mm.howkuai.com\/wp-content\/uploads\/2016a\/01\/18\/05.jpg","http:\/\/mm.howkuai.com\/wp-content\/uploads\/2016a\/01\/18\/06.jpg","http:\/\/mm.howkuai.com\/wp-content\/uploads\/2016a\/01\/18\/07.jpg"]},{"plaintext":"\u84dd\u8272\u6bd4\u57fa\u5c3c\u4e0e\u6d77\u6d0b\u76f8\u5f97\u76ca\u5f70","href":"http:\/\/www.meizitu.com\/a\/5228.html","pic_list":["http:\/\/mm.howkuai.com\/wp-content\/uploads\/2015a\/11\/23\/01.jpg","http:\/\/mm.howkuai.com\/wp-content\/uploads\/2015a\/11\/23\/02.jpg","http:\/\/mm.howkuai.com\/wp-content\/uploads\/2015a\/11\/23\/03.jpg","http:\/\/mm.howkuai.com\/wp-content\/uploads\/2015a\/11\/23\/04.jpg","http:\/\/mm.howkuai.com\/wp-content\/uploads\/2015a\/11\/23\/05.jpg","http:\/\/mm.howkuai.com\/wp-content\/uploads\/2015a\/11\/23\/06.jpg","http:\/\/mm.howkuai.com\/wp-content\/uploads\/2015a\/11\/23\/07.jpg","http:\/\/mm.howkuai.com\/wp-content\/uploads\/2015a\/11\/23\/08.jpg","http:\/\/mm.howkuai.com\/wp-content\/uploads\/2015a\/11\/23\/09.jpg"]},{"plaintext":"\u65e5\u7cfb\u5199\u771f\u9986\uff0c\u9a6c\u5c3e\u5973\u5b69\u6c34\u4e0a\u4e50\u56ed\u6e38\u8bb0","href":"http:\/\/www.meizitu.com\/a\/5226.html","pic_list":["http:\/\/mm.howkuai.com\/wp-content\/uploads\/2015a\/11\/21\/01.jpg","http:\/\/mm.howkuai.com\/wp-content\/uploads\/2015a\/11\/21\/02.jpg","http:\/\/mm.howkuai.com\/wp-content\/uploads\/2015a\/11\/21\/03.jpg","http:\/\/mm.howkuai.com\/wp-content\/uploads\/2015a\/11\/21\/04.jpg","http:\/\/mm.howkuai.com\/wp-content\/uploads\/2015a\/11\/21\/05.jpg","http:\/\/mm.howkuai.com\/wp-content\/uploads\/2015a\/11\/21\/06.jpg","http:\/\/mm.howkuai.com\/wp-content\/uploads\/2015a\/11\/21\/07.jpg","http:\/\/mm.howkuai.com\/wp-content\/uploads\/2015a\/11\/21\/08.jpg","http:\/\/mm.howkuai.com\/wp-content\/uploads\/2015a\/11\/21\/09.jpg"]},{"plaintext":"\u6d6a\u82b1\u51dd\u56fa\u7684\u77ac\u95f4\uff0c\u4e1d\u6beb\u4e0d\u80fd\u963b\u6321\u4f60\u7684\u7f8e","href":"http:\/\/www.meizitu.com\/a\/5188.html","pic_list":["http:\/\/mm.howkuai.com\/wp-content\/uploads\/2015a\/10\/19\/01.jpg","http:\/\/mm.howkuai.com\/wp-content\/uploads\/2015a\/10\/19\/02.jpg","http:\/\/mm.howkuai.com\/wp-content\/uploads\/2015a\/10\/19\/03.jpg","http:\/\/mm.howkuai.com\/wp-content\/uploads\/2015a\/10\/19\/04.jpg","http:\/\/mm.howkuai.com\/wp-content\/uploads\/2015a\/10\/19\/05.jpg","http:\/\/mm.howkuai.com\/wp-content\/uploads\/2015a\/10\/19\/06.jpg"]},{"plaintext":"\u6b7b\u5e93\u6c34\uff0c\u6cf3\u6c60\u4e0a\u7684\u7eaf\u771f\u957f\u817f\u5973\u795e","href":"http:\/\/www.meizitu.com\/a\/5176.html","pic_list":["http:\/\/mm.howkuai.com\/wp-content\/uploads\/2015a\/10\/07\/01.jpg","http:\/\/mm.howkuai.com\/wp-content\/uploads\/2015a\/10\/07\/02.jpg","http:\/\/mm.howkuai.com\/wp-content\/uploads\/2015a\/10\/07\/03.jpg","http:\/\/mm.howkuai.com\/wp-content\/uploads\/2015a\/10\/07\/04.jpg","http:\/\/mm.howkuai.com\/wp-content\/uploads\/2015a\/10\/07\/05.jpg","http:\/\/mm.howkuai.com\/wp-content\/uploads\/2015a\/10\/07\/06.jpg","http:\/\/mm.howkuai.com\/wp-content\/uploads\/2015a\/10\/07\/07.jpg","http:\/\/mm.howkuai.com\/wp-content\/uploads\/2015a\/10\/07\/08.jpg","http:\/\/mm.howkuai.com\/wp-content\/uploads\/2015a\/10\/07\/09.jpg","http:\/\/mm.howkuai.com\/wp-content\/uploads\/2015a\/10\/07\/10.jpg"]},{"plaintext":"\u6ca1\u6709\u6d77\uff0c\u4e5f\u80fd\u6bd4\u57fa\u5c3c","href":"http:\/\/www.meizitu.com\/a\/5153.html","pic_list":["http:\/\/mm.howkuai.com\/wp-content\/uploads\/2015a\/09\/20\/01.jpg","http:\/\/mm.howkuai.com\/wp-content\/uploads\/2015a\/09\/20\/02.jpg","http:\/\/mm.howkuai.com\/wp-content\/uploads\/2015a\/09\/20\/03.jpg","http:\/\/mm.howkuai.com\/wp-content\/uploads\/2015a\/09\/20\/04.jpg","http:\/\/mm.howkuai.com\/wp-content\/uploads\/2015a\/09\/20\/05.jpg","http:\/\/mm.howkuai.com\/wp-content\/uploads\/2015a\/09\/20\/06.jpg","http:\/\/mm.howkuai.com\/wp-content\/uploads\/2015a\/09\/20\/07.jpg","http:\/\/mm.howkuai.com\/wp-content\/uploads\/2015a\/09\/20\/08.jpg","http:\/\/mm.howkuai.com\/wp-content\/uploads\/2015a\/09\/20\/09.jpg"]},{"plaintext":"\u6e05\u65b0\u5927\u81ea\u7136\u7684\u6cf3\u88c5\u7f8e\u7709","href":"http:\/\/www.meizitu.com\/a\/5146.html","pic_list":["http:\/\/mm.howkuai.com\/wp-content\/uploads\/2015a\/09\/13\/01.jpg","http:\/\/mm.howkuai.com\/wp-content\/uploads\/2015a\/09\/13\/02.jpg","http:\/\/mm.howkuai.com\/wp-content\/uploads\/2015a\/09\/13\/03.jpg","http:\/\/mm.howkuai.com\/wp-content\/uploads\/2015a\/09\/13\/04.jpg","http:\/\/mm.howkuai.com\/wp-content\/uploads\/2015a\/09\/13\/05.jpg","http:\/\/mm.howkuai.com\/wp-content\/uploads\/2015a\/09\/13\/06.jpg","http:\/\/mm.howkuai.com\/wp-content\/uploads\/2015a\/09\/13\/07.jpg","http:\/\/mm.howkuai.com\/wp-content\/uploads\/2015a\/09\/13\/08.jpg","http:\/\/mm.howkuai.com\/wp-content\/uploads\/2015a\/09\/13\/09.jpg"]},{"plaintext":"\u6cf3\u6c60\u8fb9\u7684\u6027\u611f\u7cbe\u7075\u5f20\u66e6\u82e5\u56fe\u7247","href":"http:\/\/www.meizitu.com\/a\/5132.html","pic_list":["http:\/\/mm.howkuai.com\/wp-content\/uploads\/2015a\/08\/37\/01.jpg","http:\/\/mm.howkuai.com\/wp-content\/uploads\/2015a\/08\/37\/02.jpg","http:\/\/mm.howkuai.com\/wp-content\/uploads\/2015a\/08\/37\/03.jpg","http:\/\/mm.howkuai.com\/wp-content\/uploads\/2015a\/08\/37\/04.jpg","http:\/\/mm.howkuai.com\/wp-content\/uploads\/2015a\/08\/37\/05.jpg","http:\/\/mm.howkuai.com\/wp-content\/uploads\/2015a\/08\/37\/06.jpg","http:\/\/mm.howkuai.com\/wp-content\/uploads\/2015a\/08\/37\/07.jpg"]},{"plaintext":"\u5439\u6765\u6027\u611f\u7684\u6c14\u606f\uff0c\u6d77\u8fb9\u7684\u72c2\u91ce\u7f8e\u6a21","href":"http:\/\/www.meizitu.com\/a\/5125.html","pic_list":["http:\/\/mm.howkuai.com\/wp-content\/uploads\/2015a\/08\/30\/01.jpg","http:\/\/mm.howkuai.com\/wp-content\/uploads\/2015a\/08\/30\/02.jpg","http:\/\/mm.howkuai.com\/wp-content\/uploads\/2015a\/08\/30\/03.jpg","http:\/\/mm.howkuai.com\/wp-content\/uploads\/2015a\/08\/30\/04.jpg","http:\/\/mm.howkuai.com\/wp-content\/uploads\/2015a\/08\/30\/05.jpg","http:\/\/mm.howkuai.com\/wp-content\/uploads\/2015a\/08\/30\/06.jpg","http:\/\/mm.howkuai.com\/wp-content\/uploads\/2015a\/08\/30\/07.jpg"]},{"plaintext":"\u65f6\u5c1a\u4eba\u50cf\u6444\u5f71\uff0c\u591a\u59ff\u591a\u5f69\u6cf3\u88c5\u79c0","href":"http:\/\/www.meizitu.com\/a\/5105.html","pic_list":["http:\/\/mm.howkuai.com\/wp-content\/uploads\/2015a\/08\/10\/01.jpg","http:\/\/mm.howkuai.com\/wp-content\/uploads\/2015a\/08\/10\/02.jpg","http:\/\/mm.howkuai.com\/wp-content\/uploads\/2015a\/08\/10\/03.jpg","http:\/\/mm.howkuai.com\/wp-content\/uploads\/2015a\/08\/10\/04.jpg","http:\/\/mm.howkuai.com\/wp-content\/uploads\/2015a\/08\/10\/05.jpg","http:\/\/mm.howkuai.com\/wp-content\/uploads\/2015a\/08\/10\/06.jpg"]},{"plaintext":"\u7fd8\u81c0\u59b9\u5b50\u7684\u6bd4\u57fa\u5c3c\u5199\u771f","href":"http:\/\/www.meizitu.com\/a\/5081.html","pic_list":["http:\/\/mm.howkuai.com\/wp-content\/uploads\/2015a\/07\/32\/01.jpg","http:\/\/mm.howkuai.com\/wp-content\/uploads\/2015a\/07\/32\/02.jpg","http:\/\/mm.howkuai.com\/wp-content\/uploads\/2015a\/07\/32\/03.jpg","http:\/\/mm.howkuai.com\/wp-content\/uploads\/2015a\/07\/32\/04.jpg","http:\/\/mm.howkuai.com\/wp-content\/uploads\/2015a\/07\/32\/05.jpg","http:\/\/mm.howkuai.com\/wp-content\/uploads\/2015a\/07\/32\/06.jpg"]}]