[{"plaintext":"\u5a07\u5c0f\u53ef\u7231\u7f8e\u5973\u8bd5\u7a7f\u6027\u611f\u5185\u8863","href":"http:\/\/www.meizitu.com\/a\/5075.html","pic_list":["http:\/\/mm.howkuai.com\/wp-content\/uploads\/2015a\/07\/26\/01.jpg","http:\/\/mm.howkuai.com\/wp-content\/uploads\/2015a\/07\/26\/02.jpg","http:\/\/mm.howkuai.com\/wp-content\/uploads\/2015a\/07\/26\/03.jpg","http:\/\/mm.howkuai.com\/wp-content\/uploads\/2015a\/07\/26\/04.jpg","http:\/\/mm.howkuai.com\/wp-content\/uploads\/2015a\/07\/26\/05.jpg","http:\/\/mm.howkuai.com\/wp-content\/uploads\/2015a\/07\/26\/06.jpg","http:\/\/mm.howkuai.com\/wp-content\/uploads\/2015a\/07\/26\/07.jpg","http:\/\/mm.howkuai.com\/wp-content\/uploads\/2015a\/07\/26\/08.jpg","http:\/\/mm.howkuai.com\/wp-content\/uploads\/2015a\/07\/26\/09.jpg"]},{"plaintext":"\u6708\u5149\u4e0b\u8361\u6f3e\u7684\u6e56\u9762\uff0c\u6bd4\u57fa\u5c3c\u59d1\u5a18\u5982\u51fa\u6c34\u4eba\u9c7c","href":"http:\/\/www.meizitu.com\/a\/5062.html","pic_list":["http:\/\/mm.howkuai.com\/wp-content\/uploads\/2015a\/07\/13\/01.jpg","http:\/\/mm.howkuai.com\/wp-content\/uploads\/2015a\/07\/13\/02.jpg","http:\/\/mm.howkuai.com\/wp-content\/uploads\/2015a\/07\/13\/03.jpg","http:\/\/mm.howkuai.com\/wp-content\/uploads\/2015a\/07\/13\/04.jpg","http:\/\/mm.howkuai.com\/wp-content\/uploads\/2015a\/07\/13\/05.jpg","http:\/\/mm.howkuai.com\/wp-content\/uploads\/2015a\/07\/13\/06.jpg","http:\/\/mm.howkuai.com\/wp-content\/uploads\/2015a\/07\/13\/07.jpg","http:\/\/mm.howkuai.com\/wp-content\/uploads\/2015a\/07\/13\/08.jpg"]},{"plaintext":"\u6eaa\u6c34\u8fb9\u7684\u9ed1\u8272\u6bd4\u57fa\u5c3c\u8bf1\u60d1","href":"http:\/\/www.meizitu.com\/a\/5060.html","pic_list":["http:\/\/mm.howkuai.com\/wp-content\/uploads\/2015a\/07\/11\/01.jpg","http:\/\/mm.howkuai.com\/wp-content\/uploads\/2015a\/07\/11\/02.jpg","http:\/\/mm.howkuai.com\/wp-content\/uploads\/2015a\/07\/11\/03.jpg","http:\/\/mm.howkuai.com\/wp-content\/uploads\/2015a\/07\/11\/04.jpg","http:\/\/mm.howkuai.com\/wp-content\/uploads\/2015a\/07\/11\/05.jpg","http:\/\/mm.howkuai.com\/wp-content\/uploads\/2015a\/07\/11\/06.jpg"]},{"plaintext":"\u81ea\u4fe1\u7684\u6bd4\u57fa\u5c3c\u7f8e\u5973\u4eab\u53d7\u7740\u6e05\u51c9\u7684\u6d77\u98ce","href":"http:\/\/www.meizitu.com\/a\/5054.html","pic_list":["http:\/\/mm.howkuai.com\/wp-content\/uploads\/2015a\/07\/05\/01.jpg","http:\/\/mm.howkuai.com\/wp-content\/uploads\/2015a\/07\/05\/02.jpg","http:\/\/mm.howkuai.com\/wp-content\/uploads\/2015a\/07\/05\/03.jpg","http:\/\/mm.howkuai.com\/wp-content\/uploads\/2015a\/07\/05\/04.jpg","http:\/\/mm.howkuai.com\/wp-content\/uploads\/2015a\/07\/05\/05.jpg","http:\/\/mm.howkuai.com\/wp-content\/uploads\/2015a\/07\/05\/06.jpg","http:\/\/mm.howkuai.com\/wp-content\/uploads\/2015a\/07\/05\/07.jpg"]},{"plaintext":"\u5438\u6c34\u6bd4\u57fa\u5c3c\uff0c\u559c\u6b22\u6e05\u7eaf\u5982\u6c34\u7684\u59d1\u5a18","href":"http:\/\/www.meizitu.com\/a\/5039.html","pic_list":["http:\/\/mm.howkuai.com\/wp-content\/uploads\/2015a\/06\/32\/01.jpg","http:\/\/mm.howkuai.com\/wp-content\/uploads\/2015a\/06\/32\/02.jpg","http:\/\/mm.howkuai.com\/wp-content\/uploads\/2015a\/06\/32\/03.jpg","http:\/\/mm.howkuai.com\/wp-content\/uploads\/2015a\/06\/32\/04.jpg","http:\/\/mm.howkuai.com\/wp-content\/uploads\/2015a\/06\/32\/05.jpg","http:\/\/mm.howkuai.com\/wp-content\/uploads\/2015a\/06\/32\/06.jpg","http:\/\/mm.howkuai.com\/wp-content\/uploads\/2015a\/06\/32\/07.jpg"]},{"plaintext":"F\u7f69\u676f\u6bd4\u57fa\u5c3c\u6b63\u59b9\u4eab\u53d7\u6e29\u6cc9\u4e4b\u884c","href":"http:\/\/www.meizitu.com\/a\/5008.html","pic_list":["http:\/\/mm.howkuai.com\/wp-content\/uploads\/2015a\/06\/01\/01.jpg","http:\/\/mm.howkuai.com\/wp-content\/uploads\/2015a\/06\/01\/02.jpg","http:\/\/mm.howkuai.com\/wp-content\/uploads\/2015a\/06\/01\/03.jpg","http:\/\/mm.howkuai.com\/wp-content\/uploads\/2015a\/06\/01\/04.jpg","http:\/\/mm.howkuai.com\/wp-content\/uploads\/2015a\/06\/01\/05.jpg"]},{"plaintext":"\u6027\u611f\u6a21\u7279\u5434\u4e39\u4e0a\u6f14\u6bd4\u57fa\u5c3c\u6c99\u6ee9\u8db3\u7403","href":"http:\/\/www.meizitu.com\/a\/4950.html","pic_list":["http:\/\/mm.howkuai.com\/wp-content\/uploads\/2015a\/04\/54\/01.jpg","http:\/\/mm.howkuai.com\/wp-content\/uploads\/2015a\/04\/54\/02.jpg","http:\/\/mm.howkuai.com\/wp-content\/uploads\/2015a\/04\/54\/03.jpg","http:\/\/mm.howkuai.com\/wp-content\/uploads\/2015a\/04\/54\/04.jpg","http:\/\/mm.howkuai.com\/wp-content\/uploads\/2015a\/04\/54\/05.jpg"]},{"plaintext":"\u6d77\u8fb9\u7684\u6bd4\u57fa\u5c3c\u6a21\u7279\u513f\u5434\u4e39\u5199\u771f","href":"http:\/\/www.meizitu.com\/a\/4944.html","pic_list":["http:\/\/mm.howkuai.com\/wp-content\/uploads\/2015a\/04\/48\/01.jpg","http:\/\/mm.howkuai.com\/wp-content\/uploads\/2015a\/04\/48\/02.jpg","http:\/\/mm.howkuai.com\/wp-content\/uploads\/2015a\/04\/48\/03.jpg","http:\/\/mm.howkuai.com\/wp-content\/uploads\/2015a\/04\/48\/04.jpg","http:\/\/mm.howkuai.com\/wp-content\/uploads\/2015a\/04\/48\/05.jpg","http:\/\/mm.howkuai.com\/wp-content\/uploads\/2015a\/04\/48\/06.jpg"]},{"plaintext":"\u3010\u6cf3\u6c60\u8fb9\u7684\u590f\u5be5\u5be5\u3011\u521d\u89c1\u4f60\u7684\u6a21\u6837","href":"http:\/\/www.meizitu.com\/a\/4938.html","pic_list":["http:\/\/mm.howkuai.com\/wp-content\/uploads\/2015a\/04\/42\/01.jpg","http:\/\/mm.howkuai.com\/wp-content\/uploads\/2015a\/04\/42\/02.jpg","http:\/\/mm.howkuai.com\/wp-content\/uploads\/2015a\/04\/42\/03.jpg","http:\/\/mm.howkuai.com\/wp-content\/uploads\/2015a\/04\/42\/04.jpg","http:\/\/mm.howkuai.com\/wp-content\/uploads\/2015a\/04\/42\/05.jpg","http:\/\/mm.howkuai.com\/wp-content\/uploads\/2015a\/04\/42\/06.jpg","http:\/\/mm.howkuai.com\/wp-content\/uploads\/2015a\/04\/42\/07.jpg","http:\/\/mm.howkuai.com\/wp-content\/uploads\/2015a\/04\/42\/08.jpg"]},{"plaintext":"\u5065\u5eb7\u80a4\u8272\u6a21\u7279\u7684\u52b2\u7206\u6cf3\u6c60\u5927\u7247","href":"http:\/\/www.meizitu.com\/a\/4913.html","pic_list":["http:\/\/mm.howkuai.com\/wp-content\/uploads\/2015a\/04\/17\/01.jpg","http:\/\/mm.howkuai.com\/wp-content\/uploads\/2015a\/04\/17\/02.jpg","http:\/\/mm.howkuai.com\/wp-content\/uploads\/2015a\/04\/17\/03.jpg","http:\/\/mm.howkuai.com\/wp-content\/uploads\/2015a\/04\/17\/04.jpg","http:\/\/mm.howkuai.com\/wp-content\/uploads\/2015a\/04\/17\/05.jpg","http:\/\/mm.howkuai.com\/wp-content\/uploads\/2015a\/04\/17\/06.jpg"]},{"plaintext":"\u6bd4\u57fa\u5c3c\u7f8e\u5973\u56fe\u7247\uff0c\u5b89\u9759\u7684\u6f2b\u6b65\u5728\u6c99\u6ee9","href":"http:\/\/www.meizitu.com\/a\/4871.html","pic_list":["http:\/\/mm.howkuai.com\/wp-content\/uploads\/2015a\/03\/29\/01.jpg","http:\/\/mm.howkuai.com\/wp-content\/uploads\/2015a\/03\/29\/02.jpg","http:\/\/mm.howkuai.com\/wp-content\/uploads\/2015a\/03\/29\/03.jpg","http:\/\/mm.howkuai.com\/wp-content\/uploads\/2015a\/03\/29\/04.jpg","http:\/\/mm.howkuai.com\/wp-content\/uploads\/2015a\/03\/29\/05.jpg","http:\/\/mm.howkuai.com\/wp-content\/uploads\/2015a\/03\/29\/06.jpg","http:\/\/mm.howkuai.com\/wp-content\/uploads\/2015a\/03\/29\/07.jpg","http:\/\/mm.howkuai.com\/wp-content\/uploads\/2015a\/03\/29\/08.jpg"]},{"plaintext":"\u4e0e\u6d77\u7684\u65e5\u5b50\uff0c\u6c38\u8fdc\u5feb\u4e50","href":"http:\/\/www.meizitu.com\/a\/4830.html","pic_list":["http:\/\/mm.howkuai.com\/wp-content\/uploads\/2015a\/02\/25\/01.jpg","http:\/\/mm.howkuai.com\/wp-content\/uploads\/2015a\/02\/25\/02.jpg","http:\/\/mm.howkuai.com\/wp-content\/uploads\/2015a\/02\/25\/03.jpg","http:\/\/mm.howkuai.com\/wp-content\/uploads\/2015a\/02\/25\/04.jpg","http:\/\/mm.howkuai.com\/wp-content\/uploads\/2015a\/02\/25\/05.jpg","http:\/\/mm.howkuai.com\/wp-content\/uploads\/2015a\/02\/25\/06.jpg"]},{"plaintext":"\u6d77\u8fb9\u6bd4\u57fa\u5c3c\u6027\u611f\u65f6\u5c1a\u5927\u7247","href":"http:\/\/www.meizitu.com\/a\/4827.html","pic_list":["http:\/\/mm.howkuai.com\/wp-content\/uploads\/2015a\/02\/22\/01.jpg","http:\/\/mm.howkuai.com\/wp-content\/uploads\/2015a\/02\/22\/02.jpg","http:\/\/mm.howkuai.com\/wp-content\/uploads\/2015a\/02\/22\/03.jpg","http:\/\/mm.howkuai.com\/wp-content\/uploads\/2015a\/02\/22\/04.jpg","http:\/\/mm.howkuai.com\/wp-content\/uploads\/2015a\/02\/22\/05.jpg","http:\/\/mm.howkuai.com\/wp-content\/uploads\/2015a\/02\/22\/06.jpg","http:\/\/mm.howkuai.com\/wp-content\/uploads\/2015a\/02\/22\/07.jpg"]},{"plaintext":"\u6027\u611f\u7f8e\u5973\u5728\u6c99\u6ee9\u4e0a\u98de\u626c","href":"http:\/\/www.meizitu.com\/a\/4816.html","pic_list":["http:\/\/mm.howkuai.com\/wp-content\/uploads\/2015a\/02\/11\/01.jpg","http:\/\/mm.howkuai.com\/wp-content\/uploads\/2015a\/02\/11\/02.jpg","http:\/\/mm.howkuai.com\/wp-content\/uploads\/2015a\/02\/11\/03.jpg","http:\/\/mm.howkuai.com\/wp-content\/uploads\/2015a\/02\/11\/04.jpg","http:\/\/mm.howkuai.com\/wp-content\/uploads\/2015a\/02\/11\/05.jpg","http:\/\/mm.howkuai.com\/wp-content\/uploads\/2015a\/02\/11\/06.jpg"]},{"plaintext":"\u5ae9\u6a21\u8d85\u8d5e\u7684\u8eab\u6750\uff0c\u9633\u5149\u6bd4\u57fa\u5c3c\u7cfb\u5217","href":"http:\/\/www.meizitu.com\/a\/4811.html","pic_list":["http:\/\/mm.howkuai.com\/wp-content\/uploads\/2015a\/02\/06\/01.jpg","http:\/\/mm.howkuai.com\/wp-content\/uploads\/2015a\/02\/06\/02.jpg","http:\/\/mm.howkuai.com\/wp-content\/uploads\/2015a\/02\/06\/03.jpg","http:\/\/mm.howkuai.com\/wp-content\/uploads\/2015a\/02\/06\/04.jpg","http:\/\/mm.howkuai.com\/wp-content\/uploads\/2015a\/02\/06\/05.jpg","http:\/\/mm.howkuai.com\/wp-content\/uploads\/2015a\/02\/06\/06.jpg","http:\/\/mm.howkuai.com\/wp-content\/uploads\/2015a\/02\/06\/07.jpg"]},{"plaintext":"\u8d75\u96e8\u83f2\u6027\u611f\u6bd4\u57fa\u5c3c\u4eab\u53d7\u6c99\u6ee9\u8db3\u7403","href":"http:\/\/www.meizitu.com\/a\/4800.html","pic_list":["http:\/\/mm.howkuai.com\/wp-content\/uploads\/2015a\/01\/59\/01.jpg","http:\/\/mm.howkuai.com\/wp-content\/uploads\/2015a\/01\/59\/02.jpg","http:\/\/mm.howkuai.com\/wp-content\/uploads\/2015a\/01\/59\/03.jpg","http:\/\/mm.howkuai.com\/wp-content\/uploads\/2015a\/01\/59\/04.jpg","http:\/\/mm.howkuai.com\/wp-content\/uploads\/2015a\/01\/59\/05.jpg","http:\/\/mm.howkuai.com\/wp-content\/uploads\/2015a\/01\/59\/06.jpg","http:\/\/mm.howkuai.com\/wp-content\/uploads\/2015a\/01\/59\/07.jpg"]},{"plaintext":"\u7f8e\u4e73\u6bd4\u57fa\u5c3c\u5ae9\u6a21\uff0c\u9762\u671d\u5927\u6d77\uff0c\u6625\u6696\u82b1\u5f00","href":"http:\/\/www.meizitu.com\/a\/4789.html","pic_list":["http:\/\/mm.howkuai.com\/wp-content\/uploads\/2015a\/01\/46\/01.jpg","http:\/\/mm.howkuai.com\/wp-content\/uploads\/2015a\/01\/46\/02.jpg","http:\/\/mm.howkuai.com\/wp-content\/uploads\/2015a\/01\/46\/03.jpg","http:\/\/mm.howkuai.com\/wp-content\/uploads\/2015a\/01\/46\/04.jpg","http:\/\/mm.howkuai.com\/wp-content\/uploads\/2015a\/01\/46\/05.jpg","http:\/\/mm.howkuai.com\/wp-content\/uploads\/2015a\/01\/46\/06.jpg","http:\/\/mm.howkuai.com\/wp-content\/uploads\/2015a\/01\/46\/07.jpg"]},{"plaintext":"\u5377\u53d1\u6b63\u59b9\u62e5\u6709\u6027\u611f\u597d\u8eab\u6750","href":"http:\/\/www.meizitu.com\/a\/4782.html","pic_list":["http:\/\/mm.howkuai.com\/wp-content\/uploads\/2015a\/01\/39\/01.jpg","http:\/\/mm.howkuai.com\/wp-content\/uploads\/2015a\/01\/39\/02.jpg","http:\/\/mm.howkuai.com\/wp-content\/uploads\/2015a\/01\/39\/03.jpg","http:\/\/mm.howkuai.com\/wp-content\/uploads\/2015a\/01\/39\/04.jpg","http:\/\/mm.howkuai.com\/wp-content\/uploads\/2015a\/01\/39\/05.jpg","http:\/\/mm.howkuai.com\/wp-content\/uploads\/2015a\/01\/39\/06.jpg","http:\/\/mm.howkuai.com\/wp-content\/uploads\/2015a\/01\/39\/07.jpg"]},{"plaintext":"\u4e30\u6ee1\u7f8e\u5973\u8fce\u7740\u6d77\u98ce\u8e29\u5728\u6c99\u6ee9\u4e0a","href":"http:\/\/www.meizitu.com\/a\/4777.html","pic_list":["http:\/\/mm.howkuai.com\/wp-content\/uploads\/2015a\/01\/34\/01.jpg","http:\/\/mm.howkuai.com\/wp-content\/uploads\/2015a\/01\/34\/02.jpg","http:\/\/mm.howkuai.com\/wp-content\/uploads\/2015a\/01\/34\/03.jpg","http:\/\/mm.howkuai.com\/wp-content\/uploads\/2015a\/01\/34\/04.jpg","http:\/\/mm.howkuai.com\/wp-content\/uploads\/2015a\/01\/34\/05.jpg","http:\/\/mm.howkuai.com\/wp-content\/uploads\/2015a\/01\/34\/06.jpg","http:\/\/mm.howkuai.com\/wp-content\/uploads\/2015a\/01\/34\/07.jpg","http:\/\/mm.howkuai.com\/wp-content\/uploads\/2015a\/01\/34\/08.jpg"]},{"plaintext":"\u77ed\u53d1\u7f8e\u5973\uff0c\u6e9c\u51b0\u978b\u4e0a\u7684\u7f8e\u4e3d\u821e\u8e48","href":"http:\/\/www.meizitu.com\/a\/4776.html","pic_list":["http:\/\/mm.howkuai.com\/wp-content\/uploads\/2015a\/01\/33\/01.jpg","http:\/\/mm.howkuai.com\/wp-content\/uploads\/2015a\/01\/33\/02.jpg","http:\/\/mm.howkuai.com\/wp-content\/uploads\/2015a\/01\/33\/03.jpg","http:\/\/mm.howkuai.com\/wp-content\/uploads\/2015a\/01\/33\/04.jpg","http:\/\/mm.howkuai.com\/wp-content\/uploads\/2015a\/01\/33\/05.jpg"]},{"plaintext":"\u96e8\u8587&amp;\u5b9d\u513f\uff0c\u8272\u5f69\u7f24\u7eb7\u7684\u6bd4\u57fa\u5c3c","href":"http:\/\/www.meizitu.com\/a\/4749.html","pic_list":["http:\/\/mm.howkuai.com\/wp-content\/uploads\/2015a\/01\/07\/01.jpg","http:\/\/mm.howkuai.com\/wp-content\/uploads\/2015a\/01\/07\/02.jpg","http:\/\/mm.howkuai.com\/wp-content\/uploads\/2015a\/01\/07\/03.jpg","http:\/\/mm.howkuai.com\/wp-content\/uploads\/2015a\/01\/07\/04.jpg","http:\/\/mm.howkuai.com\/wp-content\/uploads\/2015a\/01\/07\/05.jpg","http:\/\/mm.howkuai.com\/wp-content\/uploads\/2015a\/01\/07\/06.jpg","http:\/\/mm.howkuai.com\/wp-content\/uploads\/2015a\/01\/07\/07.jpg","http:\/\/mm.howkuai.com\/wp-content\/uploads\/2015a\/01\/07\/08.jpg"]},{"plaintext":"\u90a3\u7247\u6d77\uff0c\u90a3\u4e2a\u5973\u4eba\uff0c\u6df1\u6df1\u7684\u7559\u5728\u6211\u7684\u8111\u6d77","href":"http:\/\/www.meizitu.com\/a\/4736.html","pic_list":["http:\/\/mm.howkuai.com\/wp-content\/uploads\/2014a\/12\/71\/01.jpg","http:\/\/mm.howkuai.com\/wp-content\/uploads\/2014a\/12\/71\/02.jpg","http:\/\/mm.howkuai.com\/wp-content\/uploads\/2014a\/12\/71\/03.jpg","http:\/\/mm.howkuai.com\/wp-content\/uploads\/2014a\/12\/71\/04.jpg","http:\/\/mm.howkuai.com\/wp-content\/uploads\/2014a\/12\/71\/05.jpg","http:\/\/mm.howkuai.com\/wp-content\/uploads\/2014a\/12\/71\/06.jpg","http:\/\/mm.howkuai.com\/wp-content\/uploads\/2014a\/12\/71\/07.jpg"]},{"plaintext":"\u738b\u59ca\u59ca\u7740\u6bd4\u57fa\u5c3c\u201c\u75af\u766b\u201d\u5ea6\u5047","href":"http:\/\/www.meizitu.com\/a\/4697.html","pic_list":["http:\/\/mm.howkuai.com\/wp-content\/uploads\/2014a\/12\/32\/01.jpg","http:\/\/mm.howkuai.com\/wp-content\/uploads\/2014a\/12\/32\/02.jpg","http:\/\/mm.howkuai.com\/wp-content\/uploads\/2014a\/12\/32\/03.jpg","http:\/\/mm.howkuai.com\/wp-content\/uploads\/2014a\/12\/32\/04.jpg","http:\/\/mm.howkuai.com\/wp-content\/uploads\/2014a\/12\/32\/05.jpg","http:\/\/mm.howkuai.com\/wp-content\/uploads\/2014a\/12\/32\/06.jpg","http:\/\/mm.howkuai.com\/wp-content\/uploads\/2014a\/12\/32\/07.jpg"]},{"plaintext":"\u7f8e\u5973\u6a21\u7279\u5b5f\u6653\u827a\u5185\u8863\u5199\u771f","href":"http:\/\/www.meizitu.com\/a\/4680.html","pic_list":["http:\/\/mm.howkuai.com\/wp-content\/uploads\/2014a\/12\/15\/01.jpg","http:\/\/mm.howkuai.com\/wp-content\/uploads\/2014a\/12\/15\/02.jpg","http:\/\/mm.howkuai.com\/wp-content\/uploads\/2014a\/12\/15\/03.jpg","http:\/\/mm.howkuai.com\/wp-content\/uploads\/2014a\/12\/15\/04.jpg","http:\/\/mm.howkuai.com\/wp-content\/uploads\/2014a\/12\/15\/05.jpg","http:\/\/mm.howkuai.com\/wp-content\/uploads\/2014a\/12\/15\/06.jpg"]},{"plaintext":"\u4e16\u754c\u65c5\u6e38\u5c0f\u59d0\u4e2d\u56fd\u8d5b\u533a\u51a0\u519b\u9ec4\u8fea\u5199\u771f","href":"http:\/\/www.meizitu.com\/a\/4645.html","pic_list":["http:\/\/mm.howkuai.com\/wp-content\/uploads\/2014a\/11\/52\/01.jpg","http:\/\/mm.howkuai.com\/wp-content\/uploads\/2014a\/11\/52\/02.jpg","http:\/\/mm.howkuai.com\/wp-content\/uploads\/2014a\/11\/52\/03.jpg","http:\/\/mm.howkuai.com\/wp-content\/uploads\/2014a\/11\/52\/04.jpg","http:\/\/mm.howkuai.com\/wp-content\/uploads\/2014a\/11\/52\/05.jpg","http:\/\/mm.howkuai.com\/wp-content\/uploads\/2014a\/11\/52\/06.jpg"]},{"plaintext":"\u5f20\u4f18Ayoyo\u7684\u6cd5\u56fd\u9762\u819c\u5e73\u9762\u5e7f\u544a\u62cd\u6444","href":"http:\/\/www.meizitu.com\/a\/4640.html","pic_list":["http:\/\/mm.howkuai.com\/wp-content\/uploads\/2014a\/11\/47\/01.jpg","http:\/\/mm.howkuai.com\/wp-content\/uploads\/2014a\/11\/47\/02.jpg","http:\/\/mm.howkuai.com\/wp-content\/uploads\/2014a\/11\/47\/03.jpg","http:\/\/mm.howkuai.com\/wp-content\/uploads\/2014a\/11\/47\/04.jpg","http:\/\/mm.howkuai.com\/wp-content\/uploads\/2014a\/11\/47\/05.jpg","http:\/\/mm.howkuai.com\/wp-content\/uploads\/2014a\/11\/47\/06.jpg"]},{"plaintext":"\u4e30\u6ee1\u53cc\u73e0\u59d0\u59b9\u82b1\uff0c\u65e5\u7cfb\u5185\u8863\u79c0","href":"http:\/\/www.meizitu.com\/a\/4613.html","pic_list":["http:\/\/mm.howkuai.com\/wp-content\/uploads\/2014a\/11\/21\/01.jpg","http:\/\/mm.howkuai.com\/wp-content\/uploads\/2014a\/11\/21\/02.jpg","http:\/\/mm.howkuai.com\/wp-content\/uploads\/2014a\/11\/21\/03.jpg","http:\/\/mm.howkuai.com\/wp-content\/uploads\/2014a\/11\/21\/04.jpg","http:\/\/mm.howkuai.com\/wp-content\/uploads\/2014a\/11\/21\/05.jpg","http:\/\/mm.howkuai.com\/wp-content\/uploads\/2014a\/11\/21\/06.jpg","http:\/\/mm.howkuai.com\/wp-content\/uploads\/2014a\/11\/21\/07.jpg","http:\/\/mm.howkuai.com\/wp-content\/uploads\/2014a\/11\/21\/08.jpg"]},{"plaintext":"\u78a7\u6d77\u84dd\u5929\u8fb9\u7684\u91d1\u8272\u7f8e\u4eba\u9c7c","href":"http:\/\/www.meizitu.com\/a\/4603.html","pic_list":["http:\/\/mm.howkuai.com\/wp-content\/uploads\/2014a\/11\/11\/01.jpg","http:\/\/mm.howkuai.com\/wp-content\/uploads\/2014a\/11\/11\/02.jpg","http:\/\/mm.howkuai.com\/wp-content\/uploads\/2014a\/11\/11\/03.jpg","http:\/\/mm.howkuai.com\/wp-content\/uploads\/2014a\/11\/11\/04.jpg","http:\/\/mm.howkuai.com\/wp-content\/uploads\/2014a\/11\/11\/05.jpg","http:\/\/mm.howkuai.com\/wp-content\/uploads\/2014a\/11\/11\/06.jpg"]},{"plaintext":"\u6c99\u6ee9\u4e0a\u98ce\u666f\u7ebf\uff0c\u6027\u611f\u6cf3\u8863\u4e0e\u6346\u7ed1\u827a\u672f","href":"http:\/\/www.meizitu.com\/a\/4600.html","pic_list":["http:\/\/mm.howkuai.com\/wp-content\/uploads\/2014a\/11\/08\/01.jpg","http:\/\/mm.howkuai.com\/wp-content\/uploads\/2014a\/11\/08\/02.jpg","http:\/\/mm.howkuai.com\/wp-content\/uploads\/2014a\/11\/08\/03.jpg","http:\/\/mm.howkuai.com\/wp-content\/uploads\/2014a\/11\/08\/04.jpg","http:\/\/mm.howkuai.com\/wp-content\/uploads\/2014a\/11\/08\/05.jpg"]},{"plaintext":"\u59b9\u5b50\u7684\u7761\u8863\u4e16\u754c\u6ee1\u662f\u7c89\u7ea2\u8272\u7684\u56de\u5fc6","href":"http:\/\/www.meizitu.com\/a\/4577.html","pic_list":["http:\/\/mm.howkuai.com\/wp-content\/uploads\/2014a\/10\/63\/01.jpg","http:\/\/mm.howkuai.com\/wp-content\/uploads\/2014a\/10\/63\/02.jpg","http:\/\/mm.howkuai.com\/wp-content\/uploads\/2014a\/10\/63\/03.jpg","http:\/\/mm.howkuai.com\/wp-content\/uploads\/2014a\/10\/63\/04.jpg","http:\/\/mm.howkuai.com\/wp-content\/uploads\/2014a\/10\/63\/05.jpg","http:\/\/mm.howkuai.com\/wp-content\/uploads\/2014a\/10\/63\/06.jpg","http:\/\/mm.howkuai.com\/wp-content\/uploads\/2014a\/10\/63\/07.jpg","http:\/\/mm.howkuai.com\/wp-content\/uploads\/2014a\/10\/63\/08.jpg","http:\/\/mm.howkuai.com\/wp-content\/uploads\/2014a\/10\/63\/09.jpg"]}]