[{"plaintext":"\u5fa1\u5973\u90ce\u30fbKay\u30fb\u7eff\u6c34\u7f8e\u4eba","href":"http:\/\/www.meizitu.com\/a\/4547.html","pic_list":["http:\/\/mm.howkuai.com\/wp-content\/uploads\/2014a\/10\/33\/01.jpg","http:\/\/mm.howkuai.com\/wp-content\/uploads\/2014a\/10\/33\/02.jpg","http:\/\/mm.howkuai.com\/wp-content\/uploads\/2014a\/10\/33\/03.jpg","http:\/\/mm.howkuai.com\/wp-content\/uploads\/2014a\/10\/33\/04.jpg","http:\/\/mm.howkuai.com\/wp-content\/uploads\/2014a\/10\/33\/05.jpg","http:\/\/mm.howkuai.com\/wp-content\/uploads\/2014a\/10\/33\/06.jpg","http:\/\/mm.howkuai.com\/wp-content\/uploads\/2014a\/10\/33\/07.jpg"]},{"plaintext":"\u78a7\u6d77\u84dd\u5929\u6ce2\u6d9b\u6c79\u6d8c\uff0c\u6e38\u8247\u4e0a\u7684\u60ec\u610f","href":"http:\/\/www.meizitu.com\/a\/4541.html","pic_list":["http:\/\/mm.howkuai.com\/wp-content\/uploads\/2014a\/10\/27\/01.jpg","http:\/\/mm.howkuai.com\/wp-content\/uploads\/2014a\/10\/27\/02.jpg","http:\/\/mm.howkuai.com\/wp-content\/uploads\/2014a\/10\/27\/03.jpg","http:\/\/mm.howkuai.com\/wp-content\/uploads\/2014a\/10\/27\/04.jpg","http:\/\/mm.howkuai.com\/wp-content\/uploads\/2014a\/10\/27\/05.jpg","http:\/\/mm.howkuai.com\/wp-content\/uploads\/2014a\/10\/27\/06.jpg","http:\/\/mm.howkuai.com\/wp-content\/uploads\/2014a\/10\/27\/07.jpg","http:\/\/mm.howkuai.com\/wp-content\/uploads\/2014a\/10\/27\/08.jpg","http:\/\/mm.howkuai.com\/wp-content\/uploads\/2014a\/10\/27\/09.jpg"]},{"plaintext":"\u7ec6\u817b\u808c\u80a4\u7ec6\u7ec6\u7684\u6c99\uff0c\u53f6\u6893\u8431\u6700\u65b0\u6d77\u6ee9\u5199\u771f","href":"http:\/\/www.meizitu.com\/a\/4532.html","pic_list":["http:\/\/mm.howkuai.com\/wp-content\/uploads\/2014a\/10\/19\/01.jpg","http:\/\/mm.howkuai.com\/wp-content\/uploads\/2014a\/10\/19\/02.jpg","http:\/\/mm.howkuai.com\/wp-content\/uploads\/2014a\/10\/19\/03.jpg","http:\/\/mm.howkuai.com\/wp-content\/uploads\/2014a\/10\/19\/04.jpg","http:\/\/mm.howkuai.com\/wp-content\/uploads\/2014a\/10\/19\/05.jpg"]},{"plaintext":"\u7f8e\u80f8MM\u6027\u611f\u5185\u8863","href":"http:\/\/www.meizitu.com\/a\/4519.html","pic_list":["http:\/\/mm.howkuai.com\/wp-content\/uploads\/2014a\/10\/06\/01.jpg","http:\/\/mm.howkuai.com\/wp-content\/uploads\/2014a\/10\/06\/02.jpg","http:\/\/mm.howkuai.com\/wp-content\/uploads\/2014a\/10\/06\/03.jpg","http:\/\/mm.howkuai.com\/wp-content\/uploads\/2014a\/10\/06\/04.jpg","http:\/\/mm.howkuai.com\/wp-content\/uploads\/2014a\/10\/06\/05.jpg"]},{"plaintext":"\u6c99\u6ee9\u8fb9\u7684\u590f\u5be5\u5be5\uff0c\u7f9e\u6da9\u7b11\u5bb9\u540e\u7ea2\u6655\u722c\u4e0a\u82b3\u5bb9","href":"http:\/\/www.meizitu.com\/a\/4504.html","pic_list":["http:\/\/mm.howkuai.com\/wp-content\/uploads\/2014a\/09\/49\/01.jpg","http:\/\/mm.howkuai.com\/wp-content\/uploads\/2014a\/09\/49\/02.jpg","http:\/\/mm.howkuai.com\/wp-content\/uploads\/2014a\/09\/49\/03.jpg","http:\/\/mm.howkuai.com\/wp-content\/uploads\/2014a\/09\/49\/04.jpg","http:\/\/mm.howkuai.com\/wp-content\/uploads\/2014a\/09\/49\/05.jpg","http:\/\/mm.howkuai.com\/wp-content\/uploads\/2014a\/09\/49\/06.jpg"]},{"plaintext":"\u5341\u4e03\u5c81\u5ae9\u6a21\u5f20\u5c0f\u654f\uff0c\u6bd4\u57fa\u5c3c\u6d17\u8f66\u620f\u6c34\u770b\u5446\u4e86","href":"http:\/\/www.meizitu.com\/a\/4452.html","pic_list":["http:\/\/mm.howkuai.com\/wp-content\/uploads\/2014a\/08\/66\/01.jpg","http:\/\/mm.howkuai.com\/wp-content\/uploads\/2014a\/08\/66\/02.jpg","http:\/\/mm.howkuai.com\/wp-content\/uploads\/2014a\/08\/66\/03.jpg","http:\/\/mm.howkuai.com\/wp-content\/uploads\/2014a\/08\/66\/04.jpg","http:\/\/mm.howkuai.com\/wp-content\/uploads\/2014a\/08\/66\/05.jpg","http:\/\/mm.howkuai.com\/wp-content\/uploads\/2014a\/08\/66\/06.jpg","http:\/\/mm.howkuai.com\/wp-content\/uploads\/2014a\/08\/66\/07.jpg","http:\/\/mm.howkuai.com\/wp-content\/uploads\/2014a\/08\/66\/08.jpg"]},{"plaintext":"\u7f8e\u7709\u6bd4\u57fa\u5c3c\u7f8e\u8272\u52bf\u4e0d\u53ef\u6321","href":"http:\/\/www.meizitu.com\/a\/4449.html","pic_list":["http:\/\/mm.howkuai.com\/wp-content\/uploads\/2014a\/08\/63\/01.jpg","http:\/\/mm.howkuai.com\/wp-content\/uploads\/2014a\/08\/63\/02.jpg","http:\/\/mm.howkuai.com\/wp-content\/uploads\/2014a\/08\/63\/03.jpg","http:\/\/mm.howkuai.com\/wp-content\/uploads\/2014a\/08\/63\/04.jpg","http:\/\/mm.howkuai.com\/wp-content\/uploads\/2014a\/08\/63\/05.jpg","http:\/\/mm.howkuai.com\/wp-content\/uploads\/2014a\/08\/63\/06.jpg","http:\/\/mm.howkuai.com\/wp-content\/uploads\/2014a\/08\/63\/07.jpg"]},{"plaintext":"\u5b9b\u5982\u6f2b\u753b\u91cc\u7684\u5c11\u5973\uff0c\u7279\u522b\u7684\u6cf3\u8863\u7279\u522b\u7684\u989c\u8272","href":"http:\/\/www.meizitu.com\/a\/4443.html","pic_list":["http:\/\/mm.howkuai.com\/wp-content\/uploads\/2014a\/08\/57\/01.jpg","http:\/\/mm.howkuai.com\/wp-content\/uploads\/2014a\/08\/57\/02.jpg","http:\/\/mm.howkuai.com\/wp-content\/uploads\/2014a\/08\/57\/03.jpg","http:\/\/mm.howkuai.com\/wp-content\/uploads\/2014a\/08\/57\/04.jpg","http:\/\/mm.howkuai.com\/wp-content\/uploads\/2014a\/08\/57\/05.jpg","http:\/\/mm.howkuai.com\/wp-content\/uploads\/2014a\/08\/57\/06.jpg"]},{"plaintext":"\u590f\u65e5\u6e05\u51c9\u897f\u74dc\u6bd4\u57fa\u5c3c\uff0c\u7eee\u91cc\u5609\u6027\u611f\u79c1\u623f\u7167","href":"http:\/\/www.meizitu.com\/a\/4433.html","pic_list":["http:\/\/mm.howkuai.com\/wp-content\/uploads\/2014a\/08\/47\/01.jpg","http:\/\/mm.howkuai.com\/wp-content\/uploads\/2014a\/08\/47\/02.jpg","http:\/\/mm.howkuai.com\/wp-content\/uploads\/2014a\/08\/47\/03.jpg","http:\/\/mm.howkuai.com\/wp-content\/uploads\/2014a\/08\/47\/04.jpg","http:\/\/mm.howkuai.com\/wp-content\/uploads\/2014a\/08\/47\/05.jpg","http:\/\/mm.howkuai.com\/wp-content\/uploads\/2014a\/08\/47\/06.jpg"]},{"plaintext":"\u5c0f\u68e0\u7684\u6bd4\u57fa\u5c3c\u4e4b\u65c5\uff0c\u6709\u90a3\u8ff7\u4eba\u7684\u65e5\u51fa\u548c\u5947\u77f3","href":"http:\/\/www.meizitu.com\/a\/4426.html","pic_list":["http:\/\/mm.howkuai.com\/wp-content\/uploads\/2014a\/08\/40\/01.jpg","http:\/\/mm.howkuai.com\/wp-content\/uploads\/2014a\/08\/40\/02.jpg","http:\/\/mm.howkuai.com\/wp-content\/uploads\/2014a\/08\/40\/03.jpg","http:\/\/mm.howkuai.com\/wp-content\/uploads\/2014a\/08\/40\/04.jpg","http:\/\/mm.howkuai.com\/wp-content\/uploads\/2014a\/08\/40\/05.jpg","http:\/\/mm.howkuai.com\/wp-content\/uploads\/2014a\/08\/40\/06.jpg","http:\/\/mm.howkuai.com\/wp-content\/uploads\/2014a\/08\/40\/07.jpg"]},{"plaintext":"\u5e73\u9762\u6a21\u7279\u513fAnata\u7684lamiu\u65f6\u5c1a\u5185\u8863\u5199\u771f","href":"http:\/\/www.meizitu.com\/a\/4380.html","pic_list":["http:\/\/mm.howkuai.com\/wp-content\/uploads\/2014a\/07\/65\/01.jpg","http:\/\/mm.howkuai.com\/wp-content\/uploads\/2014a\/07\/65\/02.jpg","http:\/\/mm.howkuai.com\/wp-content\/uploads\/2014a\/07\/65\/03.jpg","http:\/\/mm.howkuai.com\/wp-content\/uploads\/2014a\/07\/65\/04.jpg"]},{"plaintext":"\u6c99\u6ee9\u4e0a\u7684\u9633\u5149\u6b63\u59b9\uff0c\u65f6\u5c1a\u6cf3\u88c5\u6b23\u8d4f","href":"http:\/\/www.meizitu.com\/a\/4375.html","pic_list":["http:\/\/mm.howkuai.com\/wp-content\/uploads\/2014a\/07\/60\/01.jpg","http:\/\/mm.howkuai.com\/wp-content\/uploads\/2014a\/07\/60\/02.jpg","http:\/\/mm.howkuai.com\/wp-content\/uploads\/2014a\/07\/60\/03.jpg","http:\/\/mm.howkuai.com\/wp-content\/uploads\/2014a\/07\/60\/04.jpg","http:\/\/mm.howkuai.com\/wp-content\/uploads\/2014a\/07\/60\/05.jpg","http:\/\/mm.howkuai.com\/wp-content\/uploads\/2014a\/07\/60\/06.jpg","http:\/\/mm.howkuai.com\/wp-content\/uploads\/2014a\/07\/60\/07.jpg"]},{"plaintext":"\u7eaf\u771f\u7684\u8138\u86cb\u3001\u84dd\u8272\u6bd4\u57fa\u5c3c\u7f8e\u5c11\u5973\u5199\u771f","href":"http:\/\/www.meizitu.com\/a\/4352.html","pic_list":["http:\/\/mm.howkuai.com\/wp-content\/uploads\/2014a\/07\/37\/01.jpg","http:\/\/mm.howkuai.com\/wp-content\/uploads\/2014a\/07\/37\/02.jpg","http:\/\/mm.howkuai.com\/wp-content\/uploads\/2014a\/07\/37\/03.jpg","http:\/\/mm.howkuai.com\/wp-content\/uploads\/2014a\/07\/37\/04.jpg","http:\/\/mm.howkuai.com\/wp-content\/uploads\/2014a\/07\/37\/05.jpg","http:\/\/mm.howkuai.com\/wp-content\/uploads\/2014a\/07\/37\/06.jpg","http:\/\/mm.howkuai.com\/wp-content\/uploads\/2014a\/07\/37\/07.jpg"]},{"plaintext":"\u773c\u82b1\u7f2d\u4e71\uff0c\u5404\u82b1\u5165\u5404\u773c\uff0c\u6f02\u4eae\u7684\u6cf3\u88c5&amp;\u5185\u8863\u5199\u771f\u7167","href":"http:\/\/www.meizitu.com\/a\/4335.html","pic_list":["http:\/\/mm.howkuai.com\/wp-content\/uploads\/2014a\/07\/20\/01.jpg","http:\/\/mm.howkuai.com\/wp-content\/uploads\/2014a\/07\/20\/02.jpg","http:\/\/mm.howkuai.com\/wp-content\/uploads\/2014a\/07\/20\/03.jpg","http:\/\/mm.howkuai.com\/wp-content\/uploads\/2014a\/07\/20\/04.jpg","http:\/\/mm.howkuai.com\/wp-content\/uploads\/2014a\/07\/20\/05.jpg","http:\/\/mm.howkuai.com\/wp-content\/uploads\/2014a\/07\/20\/06.jpg","http:\/\/mm.howkuai.com\/wp-content\/uploads\/2014a\/07\/20\/07.jpg","http:\/\/mm.howkuai.com\/wp-content\/uploads\/2014a\/07\/20\/08.jpg"]},{"plaintext":"\u9752\u6625\u6cf3\u88c5\u6b63\u59b9\uff0c\u5e26\u4f60\u4eab\u53d7\u6e05\u51c9\u4e00\u590f","href":"http:\/\/www.meizitu.com\/a\/4309.html","pic_list":["http:\/\/mm.howkuai.com\/wp-content\/uploads\/2014a\/06\/61\/01.jpg","http:\/\/mm.howkuai.com\/wp-content\/uploads\/2014a\/06\/61\/02.jpg","http:\/\/mm.howkuai.com\/wp-content\/uploads\/2014a\/06\/61\/03.jpg","http:\/\/mm.howkuai.com\/wp-content\/uploads\/2014a\/06\/61\/04.jpg","http:\/\/mm.howkuai.com\/wp-content\/uploads\/2014a\/06\/61\/05.jpg","http:\/\/mm.howkuai.com\/wp-content\/uploads\/2014a\/06\/61\/06.jpg","http:\/\/mm.howkuai.com\/wp-content\/uploads\/2014a\/06\/61\/07.jpg","http:\/\/mm.howkuai.com\/wp-content\/uploads\/2014a\/06\/61\/08.jpg"]},{"plaintext":"\u6027\u611f\u6a21\u7279\u5c0f\u68e0\u6700\u65b0\u7f8e\u7247\uff0c\u78a7\u6c60\u5a07\u5a03","href":"http:\/\/www.meizitu.com\/a\/4240.html","pic_list":["http:\/\/mm.howkuai.com\/wp-content\/uploads\/2014a\/05\/41\/01.jpg","http:\/\/mm.howkuai.com\/wp-content\/uploads\/2014a\/05\/41\/02.jpg","http:\/\/mm.howkuai.com\/wp-content\/uploads\/2014a\/05\/41\/03.jpg","http:\/\/mm.howkuai.com\/wp-content\/uploads\/2014a\/05\/41\/04.jpg","http:\/\/mm.howkuai.com\/wp-content\/uploads\/2014a\/05\/41\/05.jpg","http:\/\/mm.howkuai.com\/wp-content\/uploads\/2014a\/05\/41\/06.jpg"]},{"plaintext":"\u541b\u6f9c\u30fb \u6c27\u516c\u4e3b\uff0c\u6cf3\u88c5\u7f8e\u5973\u4e3a\u697c\u76d8\u4ee3\u8a00","href":"http:\/\/www.meizitu.com\/a\/4233.html","pic_list":["http:\/\/mm.howkuai.com\/wp-content\/uploads\/2014a\/05\/34\/01.jpg","http:\/\/mm.howkuai.com\/wp-content\/uploads\/2014a\/05\/34\/02.jpg","http:\/\/mm.howkuai.com\/wp-content\/uploads\/2014a\/05\/34\/03.jpg","http:\/\/mm.howkuai.com\/wp-content\/uploads\/2014a\/05\/34\/04.jpg","http:\/\/mm.howkuai.com\/wp-content\/uploads\/2014a\/05\/34\/05.jpg","http:\/\/mm.howkuai.com\/wp-content\/uploads\/2014a\/05\/34\/06.jpg","http:\/\/mm.howkuai.com\/wp-content\/uploads\/2014a\/05\/34\/07.jpg"]},{"plaintext":"\u4e30\u795e\u51b6\u4e3d\uff0c\u9a6c\u5c14\u4ee3\u592b\u7f8e\u4e3d\u6d77\u6ee9\u6cf3\u88c5\u79c0","href":"http:\/\/www.meizitu.com\/a\/4215.html","pic_list":["http:\/\/mm.howkuai.com\/wp-content\/uploads\/2014a\/05\/16\/01.jpg","http:\/\/mm.howkuai.com\/wp-content\/uploads\/2014a\/05\/16\/02.jpg","http:\/\/mm.howkuai.com\/wp-content\/uploads\/2014a\/05\/16\/03.jpg","http:\/\/mm.howkuai.com\/wp-content\/uploads\/2014a\/05\/16\/04.jpg","http:\/\/mm.howkuai.com\/wp-content\/uploads\/2014a\/05\/16\/05.jpg","http:\/\/mm.howkuai.com\/wp-content\/uploads\/2014a\/05\/16\/06.jpg"]},{"plaintext":"\u5927\u6ce2\u7f8e\u5973\u9ed1\u8fb9\u5185\u8863\u773c\u955c\u79c0\u98ce\u9a9a","href":"http:\/\/www.meizitu.com\/a\/4197.html","pic_list":["http:\/\/mm.howkuai.com\/wp-content\/uploads\/2014a\/04\/59\/01.jpg","http:\/\/mm.howkuai.com\/wp-content\/uploads\/2014a\/04\/59\/02.jpg","http:\/\/mm.howkuai.com\/wp-content\/uploads\/2014a\/04\/59\/03.jpg","http:\/\/mm.howkuai.com\/wp-content\/uploads\/2014a\/04\/59\/04.jpg","http:\/\/mm.howkuai.com\/wp-content\/uploads\/2014a\/04\/59\/05.jpg","http:\/\/mm.howkuai.com\/wp-content\/uploads\/2014a\/04\/59\/06.jpg"]},{"plaintext":"\u8eab\u6750\u5f88\u597d\u7684\u6a21\u7279\u7a7f\u767d\u8272\u8fde\u4f53\u5185\u8863","href":"http:\/\/www.meizitu.com\/a\/4158.html","pic_list":["http:\/\/mm.howkuai.com\/wp-content\/uploads\/2014a\/04\/20\/01.jpg","http:\/\/mm.howkuai.com\/wp-content\/uploads\/2014a\/04\/20\/02.jpg","http:\/\/mm.howkuai.com\/wp-content\/uploads\/2014a\/04\/20\/03.jpg","http:\/\/mm.howkuai.com\/wp-content\/uploads\/2014a\/04\/20\/04.jpg","http:\/\/mm.howkuai.com\/wp-content\/uploads\/2014a\/04\/20\/05.jpg"]},{"plaintext":"\u6c99\u6ee9\u8fb9\u7684\u6cf3\u88c5\u5199\u771f\uff0c\u5b8c\u7f8e\u8eab\u6750\u4e00\u89c8\u65e0\u4f59","href":"http:\/\/www.meizitu.com\/a\/4120.html","pic_list":["http:\/\/mm.howkuai.com\/wp-content\/uploads\/2014a\/03\/49\/01.jpg","http:\/\/mm.howkuai.com\/wp-content\/uploads\/2014a\/03\/49\/02.jpg","http:\/\/mm.howkuai.com\/wp-content\/uploads\/2014a\/03\/49\/03.jpg","http:\/\/mm.howkuai.com\/wp-content\/uploads\/2014a\/03\/49\/04.jpg","http:\/\/mm.howkuai.com\/wp-content\/uploads\/2014a\/03\/49\/05.jpg","http:\/\/mm.howkuai.com\/wp-content\/uploads\/2014a\/03\/49\/06.jpg","http:\/\/mm.howkuai.com\/wp-content\/uploads\/2014a\/03\/49\/07.jpg"]},{"plaintext":"\u56db\u5ddd\u97f3\u4e50\u5b66\u9662\u6821\u82b1\u80e1\u6069\u7eee\u6cf3\u88c5\u7167\u7206\u7ea2\u7f51\u7edc","href":"http:\/\/www.meizitu.com\/a\/4118.html","pic_list":["http:\/\/mm.howkuai.com\/wp-content\/uploads\/2014a\/03\/47\/01.jpg","http:\/\/mm.howkuai.com\/wp-content\/uploads\/2014a\/03\/47\/02.jpg","http:\/\/mm.howkuai.com\/wp-content\/uploads\/2014a\/03\/47\/03.jpg","http:\/\/mm.howkuai.com\/wp-content\/uploads\/2014a\/03\/47\/04.jpg","http:\/\/mm.howkuai.com\/wp-content\/uploads\/2014a\/03\/47\/05.jpg","http:\/\/mm.howkuai.com\/wp-content\/uploads\/2014a\/03\/47\/06.jpg","http:\/\/mm.howkuai.com\/wp-content\/uploads\/2014a\/03\/47\/07.jpg"]},{"plaintext":"\u706b\u8fa3\u59b9\u5b50\u674e\u4e03\u559c\u7cfb\u5217\uff0c\u5348\u540e\u7a97\u8fb9\u5185\u8863\u79c0","href":"http:\/\/www.meizitu.com\/a\/4094.html","pic_list":["http:\/\/mm.howkuai.com\/wp-content\/uploads\/2014a\/03\/23\/01.jpg","http:\/\/mm.howkuai.com\/wp-content\/uploads\/2014a\/03\/23\/02.jpg","http:\/\/mm.howkuai.com\/wp-content\/uploads\/2014a\/03\/23\/03.jpg","http:\/\/mm.howkuai.com\/wp-content\/uploads\/2014a\/03\/23\/04.jpg","http:\/\/mm.howkuai.com\/wp-content\/uploads\/2014a\/03\/23\/05.jpg","http:\/\/mm.howkuai.com\/wp-content\/uploads\/2014a\/03\/23\/06.jpg","http:\/\/mm.howkuai.com\/wp-content\/uploads\/2014a\/03\/23\/07.jpg","http:\/\/mm.howkuai.com\/wp-content\/uploads\/2014a\/03\/23\/08.jpg"]},{"plaintext":"\u4e8e\u5927\u5c0f\u59d0ayu\u8eab\u7a7f\u91d1\u8272\u5185\u8863\u4e3a\u6c7d\u8f66\u7f8e\u5de5\u574a\u505a\u5ba3\u4f20","href":"http:\/\/www.meizitu.com\/a\/4089.html","pic_list":["http:\/\/mm.howkuai.com\/wp-content\/uploads\/2014a\/03\/18\/01.jpg","http:\/\/mm.howkuai.com\/wp-content\/uploads\/2014a\/03\/18\/02.jpg","http:\/\/mm.howkuai.com\/wp-content\/uploads\/2014a\/03\/18\/03.jpg","http:\/\/mm.howkuai.com\/wp-content\/uploads\/2014a\/03\/18\/04.jpg","http:\/\/mm.howkuai.com\/wp-content\/uploads\/2014a\/03\/18\/05.jpg","http:\/\/mm.howkuai.com\/wp-content\/uploads\/2014a\/03\/18\/06.jpg","http:\/\/mm.howkuai.com\/wp-content\/uploads\/2014a\/03\/18\/07.jpg","http:\/\/mm.howkuai.com\/wp-content\/uploads\/2014a\/03\/18\/08.jpg","http:\/\/mm.howkuai.com\/wp-content\/uploads\/2014a\/03\/18\/09.jpg"]},{"plaintext":"\u6e29\u6696\u7684\u57ce\u5e02\uff0c\u53ef\u7231\u6a21\u7279\u80e1\u80e1\u7231\u4e0a\u6cf3\u8863","href":"http:\/\/www.meizitu.com\/a\/4038.html","pic_list":["http:\/\/mm.howkuai.com\/wp-content\/uploads\/2014a\/02\/30\/01.jpg","http:\/\/mm.howkuai.com\/wp-content\/uploads\/2014a\/02\/30\/02.jpg","http:\/\/mm.howkuai.com\/wp-content\/uploads\/2014a\/02\/30\/03.jpg","http:\/\/mm.howkuai.com\/wp-content\/uploads\/2014a\/02\/30\/04.jpg","http:\/\/mm.howkuai.com\/wp-content\/uploads\/2014a\/02\/30\/05.jpg","http:\/\/mm.howkuai.com\/wp-content\/uploads\/2014a\/02\/30\/06.jpg","http:\/\/mm.howkuai.com\/wp-content\/uploads\/2014a\/02\/30\/07.jpg","http:\/\/mm.howkuai.com\/wp-content\/uploads\/2014a\/02\/30\/08.jpg","http:\/\/mm.howkuai.com\/wp-content\/uploads\/2014a\/02\/30\/09.jpg"]},{"plaintext":"\u6cf3\u6c60\u8fb9\u7684\u8c6a\u653e\u6bd4\u57fa\u5c3c\u7f8e\u5973","href":"http:\/\/www.meizitu.com\/a\/3978.html","pic_list":["http:\/\/mm.howkuai.com\/wp-content\/uploads\/2014a\/01\/42\/01.jpg","http:\/\/mm.howkuai.com\/wp-content\/uploads\/2014a\/01\/42\/02.jpg","http:\/\/mm.howkuai.com\/wp-content\/uploads\/2014a\/01\/42\/03.jpg","http:\/\/mm.howkuai.com\/wp-content\/uploads\/2014a\/01\/42\/04.jpg","http:\/\/mm.howkuai.com\/wp-content\/uploads\/2014a\/01\/42\/05.jpg","http:\/\/mm.howkuai.com\/wp-content\/uploads\/2014a\/01\/42\/06.jpg","http:\/\/mm.howkuai.com\/wp-content\/uploads\/2014a\/01\/42\/07.jpg"]},{"plaintext":"\u6a21\u7279\u738b\u7476\u7684\u6cf0\u56fd\u6cf3\u88c5\u5927\u7247","href":"http:\/\/www.meizitu.com\/a\/3962.html","pic_list":["http:\/\/mm.howkuai.com\/wp-content\/uploads\/2014a\/01\/29\/01.jpg","http:\/\/mm.howkuai.com\/wp-content\/uploads\/2014a\/01\/29\/02.jpg","http:\/\/mm.howkuai.com\/wp-content\/uploads\/2014a\/01\/29\/03.jpg","http:\/\/mm.howkuai.com\/wp-content\/uploads\/2014a\/01\/29\/04.jpg","http:\/\/mm.howkuai.com\/wp-content\/uploads\/2014a\/01\/29\/05.jpg","http:\/\/mm.howkuai.com\/wp-content\/uploads\/2014a\/01\/29\/06.jpg","http:\/\/mm.howkuai.com\/wp-content\/uploads\/2014a\/01\/29\/07.jpg","http:\/\/mm.howkuai.com\/wp-content\/uploads\/2014a\/01\/29\/08.jpg","http:\/\/mm.howkuai.com\/wp-content\/uploads\/2014a\/01\/29\/09.jpg"]},{"plaintext":"\u6027\u611f\u5c24\u7269\u7949\u8431\u4ee3\u8a00\u6cf3\u8863\u5e7f\u544a\u5199\u771f","href":"http:\/\/www.meizitu.com\/a\/3914.html","pic_list":["http:\/\/mm.howkuai.com\/wp-content\/uploads\/2013a\/12\/50\/01.jpg","http:\/\/mm.howkuai.com\/wp-content\/uploads\/2013a\/12\/50\/02.jpg","http:\/\/mm.howkuai.com\/wp-content\/uploads\/2013a\/12\/50\/03.jpg","http:\/\/mm.howkuai.com\/wp-content\/uploads\/2013a\/12\/50\/04.jpg","http:\/\/mm.howkuai.com\/wp-content\/uploads\/2013a\/12\/50\/05.jpg"]},{"plaintext":"\u53f6\u6893\u8431\u5c81\u672b\u6cf3\u6c60\u6e05\u65b0\u6bd4\u57fa\u5c3c\u5199\u771f","href":"http:\/\/www.meizitu.com\/a\/3908.html","pic_list":["http:\/\/mm.howkuai.com\/wp-content\/uploads\/2013a\/12\/44\/01.jpg","http:\/\/mm.howkuai.com\/wp-content\/uploads\/2013a\/12\/44\/02.jpg","http:\/\/mm.howkuai.com\/wp-content\/uploads\/2013a\/12\/44\/03.jpg","http:\/\/mm.howkuai.com\/wp-content\/uploads\/2013a\/12\/44\/04.jpg","http:\/\/mm.howkuai.com\/wp-content\/uploads\/2013a\/12\/44\/05.jpg","http:\/\/mm.howkuai.com\/wp-content\/uploads\/2013a\/12\/44\/06.jpg","http:\/\/mm.howkuai.com\/wp-content\/uploads\/2013a\/12\/44\/07.jpg"]},{"plaintext":"\u5927\u80f8\u7f8e\u5973\u70ed\u8fa3\u5185\u8863\u5199\u771f","href":"http:\/\/www.meizitu.com\/a\/3906.html","pic_list":["http:\/\/mm.howkuai.com\/wp-content\/uploads\/2013a\/12\/42\/01.jpg","http:\/\/mm.howkuai.com\/wp-content\/uploads\/2013a\/12\/42\/02.jpg","http:\/\/mm.howkuai.com\/wp-content\/uploads\/2013a\/12\/42\/03.jpg","http:\/\/mm.howkuai.com\/wp-content\/uploads\/2013a\/12\/42\/04.jpg","http:\/\/mm.howkuai.com\/wp-content\/uploads\/2013a\/12\/42\/05.jpg","http:\/\/mm.howkuai.com\/wp-content\/uploads\/2013a\/12\/42\/06.jpg","http:\/\/mm.howkuai.com\/wp-content\/uploads\/2013a\/12\/42\/07.jpg","http:\/\/mm.howkuai.com\/wp-content\/uploads\/2013a\/12\/42\/08.jpg"]}]