[{"plaintext":"\u5c24\u7269\u738b\u99a8\u6f2a\u6bd4\u57fa\u5c3c\u6e7f\u8eab\u663e\u706b\u8fa3\u8eab\u6750","href":"http:\/\/www.meizitu.com\/a\/3566.html","pic_list":["http:\/\/mm.howkuai.com\/wp-content\/uploads\/2013a\/05\/11\/01.jpg","http:\/\/mm.howkuai.com\/wp-content\/uploads\/2013a\/05\/11\/02.jpg","http:\/\/mm.howkuai.com\/wp-content\/uploads\/2013a\/05\/11\/03.jpg","http:\/\/mm.howkuai.com\/wp-content\/uploads\/2013a\/05\/11\/04.jpg","http:\/\/mm.howkuai.com\/wp-content\/uploads\/2013a\/05\/11\/05.jpg","http:\/\/mm.howkuai.com\/wp-content\/uploads\/2013a\/05\/11\/06.jpg","http:\/\/mm.howkuai.com\/wp-content\/uploads\/2013a\/05\/11\/07.jpg","http:\/\/mm.howkuai.com\/wp-content\/uploads\/2013a\/05\/11\/08.jpg","http:\/\/mm.howkuai.com\/wp-content\/uploads\/2013a\/05\/11\/09.jpg","http:\/\/mm.howkuai.com\/wp-content\/uploads\/2013a\/05\/11\/10.jpg"]},{"plaintext":"\u6768\u96c5\u7199\u502a\u6155\u65af\u53ef\u7231\u6bd4\u57fa\u5c3c\u5916\u62cd\u8eab\u6750\u8bf1\u4eba","href":"http:\/\/www.meizitu.com\/a\/3565.html","pic_list":["http:\/\/mm.howkuai.com\/wp-content\/uploads\/2013a\/05\/10\/01.jpg","http:\/\/mm.howkuai.com\/wp-content\/uploads\/2013a\/05\/10\/02.jpg","http:\/\/mm.howkuai.com\/wp-content\/uploads\/2013a\/05\/10\/03.jpg","http:\/\/mm.howkuai.com\/wp-content\/uploads\/2013a\/05\/10\/04.jpg","http:\/\/mm.howkuai.com\/wp-content\/uploads\/2013a\/05\/10\/05.jpg","http:\/\/mm.howkuai.com\/wp-content\/uploads\/2013a\/05\/10\/06.jpg","http:\/\/mm.howkuai.com\/wp-content\/uploads\/2013a\/05\/10\/07.jpg","http:\/\/mm.howkuai.com\/wp-content\/uploads\/2013a\/05\/10\/08.jpg","http:\/\/mm.howkuai.com\/wp-content\/uploads\/2013a\/05\/10\/09.jpg","http:\/\/mm.howkuai.com\/wp-content\/uploads\/2013a\/05\/10\/10.jpg","http:\/\/mm.howkuai.com\/wp-content\/uploads\/2013a\/05\/10\/11.jpg","http:\/\/mm.howkuai.com\/wp-content\/uploads\/2013a\/05\/10\/12.jpg","http:\/\/mm.howkuai.com\/wp-content\/uploads\/2013a\/05\/10\/13.jpg","http:\/\/mm.howkuai.com\/wp-content\/uploads\/2013a\/05\/10\/14.jpg","http:\/\/mm.howkuai.com\/wp-content\/uploads\/2013a\/05\/10\/15.jpg"]},{"plaintext":"\u4faf\u8bd7\u6668\u9752\u79c0\u8ff7\u4eba\u5185\u8863\u6d74\u7f38\u5927\u9732\u9165\u80f8","href":"http:\/\/www.meizitu.com\/a\/3564.html","pic_list":["http:\/\/mm.howkuai.com\/wp-content\/uploads\/2013a\/05\/09\/01.jpg","http:\/\/mm.howkuai.com\/wp-content\/uploads\/2013a\/05\/09\/02.jpg","http:\/\/mm.howkuai.com\/wp-content\/uploads\/2013a\/05\/09\/03.jpg","http:\/\/mm.howkuai.com\/wp-content\/uploads\/2013a\/05\/09\/04.jpg","http:\/\/mm.howkuai.com\/wp-content\/uploads\/2013a\/05\/09\/05.jpg","http:\/\/mm.howkuai.com\/wp-content\/uploads\/2013a\/05\/09\/06.jpg"]},{"plaintext":"\u6731\u96ef\u6731\u9759\u59d0\u59b9\u6bd4\u57fa\u5c3c\u7f8e\u817f\u8dd1\u8f66\u6fc0\u60c5","href":"http:\/\/www.meizitu.com\/a\/3560.html","pic_list":["http:\/\/mm.howkuai.com\/wp-content\/uploads\/2013a\/05\/05\/01.jpg","http:\/\/mm.howkuai.com\/wp-content\/uploads\/2013a\/05\/05\/02.jpg","http:\/\/mm.howkuai.com\/wp-content\/uploads\/2013a\/05\/05\/03.jpg","http:\/\/mm.howkuai.com\/wp-content\/uploads\/2013a\/05\/05\/04.jpg","http:\/\/mm.howkuai.com\/wp-content\/uploads\/2013a\/05\/05\/05.jpg","http:\/\/mm.howkuai.com\/wp-content\/uploads\/2013a\/05\/05\/06.jpg","http:\/\/mm.howkuai.com\/wp-content\/uploads\/2013a\/05\/05\/07.jpg","http:\/\/mm.howkuai.com\/wp-content\/uploads\/2013a\/05\/05\/08.jpg"]},{"plaintext":"\u738b\u831c\u5185\u8863\u79c1\u623f\u7167","href":"http:\/\/www.meizitu.com\/a\/3558.html","pic_list":["http:\/\/mm.howkuai.com\/wp-content\/uploads\/2013a\/05\/03\/01.jpg","http:\/\/mm.howkuai.com\/wp-content\/uploads\/2013a\/05\/03\/02.jpg","http:\/\/mm.howkuai.com\/wp-content\/uploads\/2013a\/05\/03\/03.jpg","http:\/\/mm.howkuai.com\/wp-content\/uploads\/2013a\/05\/03\/04.jpg","http:\/\/mm.howkuai.com\/wp-content\/uploads\/2013a\/05\/03\/05.jpg"]},{"plaintext":"\u5f20\u6893\u7457elle\u60c5\u7aa6\u521d\u5f00\u53ef\u7231\u5c0f\u5185\u8863","href":"http:\/\/www.meizitu.com\/a\/3557.html","pic_list":["http:\/\/mm.howkuai.com\/wp-content\/uploads\/2013a\/05\/02\/01.jpg","http:\/\/mm.howkuai.com\/wp-content\/uploads\/2013a\/05\/02\/02.jpg","http:\/\/mm.howkuai.com\/wp-content\/uploads\/2013a\/05\/02\/03.jpg","http:\/\/mm.howkuai.com\/wp-content\/uploads\/2013a\/05\/02\/04.jpg","http:\/\/mm.howkuai.com\/wp-content\/uploads\/2013a\/05\/02\/05.jpg","http:\/\/mm.howkuai.com\/wp-content\/uploads\/2013a\/05\/02\/06.jpg","http:\/\/mm.howkuai.com\/wp-content\/uploads\/2013a\/05\/02\/07.jpg"]},{"plaintext":"\u5357\u5bab\u96ea\u742a\u84dd\u8272\u6bd4\u57fa\u5c3c\u79c0\u9165\u80f8\u7f8e\u817f","href":"http:\/\/www.meizitu.com\/a\/3548.html","pic_list":["http:\/\/mm.howkuai.com\/wp-content\/uploads\/2013a\/04\/30\/01.jpg","http:\/\/mm.howkuai.com\/wp-content\/uploads\/2013a\/04\/30\/02.jpg","http:\/\/mm.howkuai.com\/wp-content\/uploads\/2013a\/04\/30\/03.jpg","http:\/\/mm.howkuai.com\/wp-content\/uploads\/2013a\/04\/30\/04.jpg"]},{"plaintext":"\u6e05\u7eaf\u59b9\u5b50Vicky\u5185\u8863\u552f\u7f8e\u79c1\u623f","href":"http:\/\/www.meizitu.com\/a\/3545.html","pic_list":["http:\/\/mm.howkuai.com\/wp-content\/uploads\/2013a\/04\/27\/01.jpg","http:\/\/mm.howkuai.com\/wp-content\/uploads\/2013a\/04\/27\/02.jpg","http:\/\/mm.howkuai.com\/wp-content\/uploads\/2013a\/04\/27\/03.jpg","http:\/\/mm.howkuai.com\/wp-content\/uploads\/2013a\/04\/27\/04.jpg","http:\/\/mm.howkuai.com\/wp-content\/uploads\/2013a\/04\/27\/05.jpg","http:\/\/mm.howkuai.com\/wp-content\/uploads\/2013a\/04\/27\/06.jpg","http:\/\/mm.howkuai.com\/wp-content\/uploads\/2013a\/04\/27\/07.jpg","http:\/\/mm.howkuai.com\/wp-content\/uploads\/2013a\/04\/27\/08.jpg","http:\/\/mm.howkuai.com\/wp-content\/uploads\/2013a\/04\/27\/09.jpg","http:\/\/mm.howkuai.com\/wp-content\/uploads\/2013a\/04\/27\/10.jpg"]},{"plaintext":"\u6c34\u6676\u4e4b\u604b\u53f6\u6893\u8431\u5185\u8863\u79c0\u4e30\u6ee1\u53cc\u4e73","href":"http:\/\/www.meizitu.com\/a\/3543.html","pic_list":["http:\/\/mm.howkuai.com\/wp-content\/uploads\/2013a\/04\/25\/01.jpg","http:\/\/mm.howkuai.com\/wp-content\/uploads\/2013a\/04\/25\/02.jpg","http:\/\/mm.howkuai.com\/wp-content\/uploads\/2013a\/04\/25\/03.jpg","http:\/\/mm.howkuai.com\/wp-content\/uploads\/2013a\/04\/25\/04.jpg"]},{"plaintext":"\u7f8e\u5973\u8bc4\u6d4b\u8d34\u91d1\u7f8e\u8f9b\u6027\u611f\u5185\u8863\u4e3a\u70ed\u95e8\u624b\u673a\u6a2a\u6bd4","href":"http:\/\/www.meizitu.com\/a\/3531.html","pic_list":["http:\/\/mm.howkuai.com\/wp-content\/uploads\/2013a\/04\/13\/01.jpg","http:\/\/mm.howkuai.com\/wp-content\/uploads\/2013a\/04\/13\/02.jpg","http:\/\/mm.howkuai.com\/wp-content\/uploads\/2013a\/04\/13\/03.jpg","http:\/\/mm.howkuai.com\/wp-content\/uploads\/2013a\/04\/13\/04.jpg","http:\/\/mm.howkuai.com\/wp-content\/uploads\/2013a\/04\/13\/05.jpg","http:\/\/mm.howkuai.com\/wp-content\/uploads\/2013a\/04\/13\/06.jpg","http:\/\/mm.howkuai.com\/wp-content\/uploads\/2013a\/04\/13\/07.jpg","http:\/\/mm.howkuai.com\/wp-content\/uploads\/2013a\/04\/13\/08.jpg"]},{"plaintext":"\u9648\u5609\u6b46\u5185\u8863\u4e0d\u7f81\u5199\u771f\u6709\u8303\u513f","href":"http:\/\/www.meizitu.com\/a\/3528.html","pic_list":["http:\/\/mm.howkuai.com\/wp-content\/uploads\/2013a\/04\/10\/01.jpg","http:\/\/mm.howkuai.com\/wp-content\/uploads\/2013a\/04\/10\/02.jpg","http:\/\/mm.howkuai.com\/wp-content\/uploads\/2013a\/04\/10\/03.jpg","http:\/\/mm.howkuai.com\/wp-content\/uploads\/2013a\/04\/10\/04.jpg","http:\/\/mm.howkuai.com\/wp-content\/uploads\/2013a\/04\/10\/05.jpg","http:\/\/mm.howkuai.com\/wp-content\/uploads\/2013a\/04\/10\/06.jpg"]},{"plaintext":"\u9648\u6021\u66fc\u7c89\u7ea2\u6027\u611f\u5185\u8863\u5927\u73a9\u624b\u94d0\u8bf1\u60d1","href":"http:\/\/www.meizitu.com\/a\/3525.html","pic_list":["http:\/\/mm.howkuai.com\/wp-content\/uploads\/2013a\/04\/07\/01.jpg","http:\/\/mm.howkuai.com\/wp-content\/uploads\/2013a\/04\/07\/02.jpg","http:\/\/mm.howkuai.com\/wp-content\/uploads\/2013a\/04\/07\/03.jpg","http:\/\/mm.howkuai.com\/wp-content\/uploads\/2013a\/04\/07\/04.jpg","http:\/\/mm.howkuai.com\/wp-content\/uploads\/2013a\/04\/07\/05.jpg","http:\/\/mm.howkuai.com\/wp-content\/uploads\/2013a\/04\/07\/06.jpg"]}]