[{"plaintext":"\u8eab\u6750\u8d85\u597d\u7684\u7c89\u8272\u6cf3\u88c5\u7f8e\u5973\u5199\u771f","href":"http:\/\/www.meizitu.com\/a\/3893.html","pic_list":["http:\/\/mm.howkuai.com\/wp-content\/uploads\/2013a\/12\/29\/01.jpg","http:\/\/mm.howkuai.com\/wp-content\/uploads\/2013a\/12\/29\/02.jpg","http:\/\/mm.howkuai.com\/wp-content\/uploads\/2013a\/12\/29\/03.jpg","http:\/\/mm.howkuai.com\/wp-content\/uploads\/2013a\/12\/29\/04.jpg","http:\/\/mm.howkuai.com\/wp-content\/uploads\/2013a\/12\/29\/05.jpg","http:\/\/mm.howkuai.com\/wp-content\/uploads\/2013a\/12\/29\/06.jpg","http:\/\/mm.howkuai.com\/wp-content\/uploads\/2013a\/12\/29\/07.jpg","http:\/\/mm.howkuai.com\/wp-content\/uploads\/2013a\/12\/29\/08.jpg","http:\/\/mm.howkuai.com\/wp-content\/uploads\/2013a\/12\/29\/09.jpg","http:\/\/mm.howkuai.com\/wp-content\/uploads\/2013a\/12\/29\/10.jpg"]},{"plaintext":"\u84dd\u5929\u767d\u4e91\u7535\u9540\u5b9d\u9a6cZ4vs\u706b\u8fa3\u6bd4\u57fa\u5c3c\u8f66\u6a21","href":"http:\/\/www.meizitu.com\/a\/3891.html","pic_list":["http:\/\/mm.howkuai.com\/wp-content\/uploads\/2013a\/12\/27\/01.jpg","http:\/\/mm.howkuai.com\/wp-content\/uploads\/2013a\/12\/27\/02.jpg","http:\/\/mm.howkuai.com\/wp-content\/uploads\/2013a\/12\/27\/03.jpg","http:\/\/mm.howkuai.com\/wp-content\/uploads\/2013a\/12\/27\/04.jpg","http:\/\/mm.howkuai.com\/wp-content\/uploads\/2013a\/12\/27\/05.jpg","http:\/\/mm.howkuai.com\/wp-content\/uploads\/2013a\/12\/27\/06.jpg"]},{"plaintext":"\u6c99\u6ee9\u8bf1\u60d1\u53f6\u6893\u8431\u6027\u611f\u6bd4\u57fa\u5c3c","href":"http:\/\/www.meizitu.com\/a\/3889.html","pic_list":["http:\/\/mm.howkuai.com\/wp-content\/uploads\/2013a\/12\/25\/01.jpg","http:\/\/mm.howkuai.com\/wp-content\/uploads\/2013a\/12\/25\/02.jpg","http:\/\/mm.howkuai.com\/wp-content\/uploads\/2013a\/12\/25\/03.jpg","http:\/\/mm.howkuai.com\/wp-content\/uploads\/2013a\/12\/25\/04.jpg"]},{"plaintext":"\u6027\u611f\u5c24\u7269\u53f6\u6893\u8431\u6d77\u8fb9\u6cf3\u8863\u5199\u771f","href":"http:\/\/www.meizitu.com\/a\/3877.html","pic_list":["http:\/\/mm.howkuai.com\/wp-content\/uploads\/2013a\/12\/13\/01.jpg","http:\/\/mm.howkuai.com\/wp-content\/uploads\/2013a\/12\/13\/02.jpg","http:\/\/mm.howkuai.com\/wp-content\/uploads\/2013a\/12\/13\/03.jpg","http:\/\/mm.howkuai.com\/wp-content\/uploads\/2013a\/12\/13\/04.jpg","http:\/\/mm.howkuai.com\/wp-content\/uploads\/2013a\/12\/13\/05.jpg","http:\/\/mm.howkuai.com\/wp-content\/uploads\/2013a\/12\/13\/06.jpg"]},{"plaintext":"\u7f8e\u4eba\u51fa\u6d74\uff0c\u6d74\u5ba4\u6cf3\u8863\u56fe","href":"http:\/\/www.meizitu.com\/a\/3825.html","pic_list":["http:\/\/mm.howkuai.com\/wp-content\/uploads\/2013a\/11\/40\/01.jpg","http:\/\/mm.howkuai.com\/wp-content\/uploads\/2013a\/11\/40\/02.jpg","http:\/\/mm.howkuai.com\/wp-content\/uploads\/2013a\/11\/40\/03.jpg","http:\/\/mm.howkuai.com\/wp-content\/uploads\/2013a\/11\/40\/04.jpg","http:\/\/mm.howkuai.com\/wp-content\/uploads\/2013a\/11\/40\/05.jpg"]},{"plaintext":"\u67f3\u5ca9\u552f\u7f8e\u6bd4\u57fa\u5c3c\u5199\u771f\u6f14\u7ece\u6d77\u6ee9\u98ce\u60c5","href":"http:\/\/www.meizitu.com\/a\/3786.html","pic_list":["http:\/\/mm.howkuai.com\/wp-content\/uploads\/2013a\/11\/01\/01.jpg","http:\/\/mm.howkuai.com\/wp-content\/uploads\/2013a\/11\/01\/02.jpg","http:\/\/mm.howkuai.com\/wp-content\/uploads\/2013a\/11\/01\/03.jpg","http:\/\/mm.howkuai.com\/wp-content\/uploads\/2013a\/11\/01\/04.jpg","http:\/\/mm.howkuai.com\/wp-content\/uploads\/2013a\/11\/01\/05.jpg","http:\/\/mm.howkuai.com\/wp-content\/uploads\/2013a\/11\/01\/06.jpg"]},{"plaintext":"\u7b2c36\u5c4a\u56fd\u9645\u6bd4\u57fa\u5c3c\u5c0f\u59d0\u5927\u8d5b\u90b9\u5a67\u96ef","href":"http:\/\/www.meizitu.com\/a\/3767.html","pic_list":["http:\/\/mm.howkuai.com\/wp-content\/uploads\/2013a\/10\/47\/01.jpg","http:\/\/mm.howkuai.com\/wp-content\/uploads\/2013a\/10\/47\/02.jpg","http:\/\/mm.howkuai.com\/wp-content\/uploads\/2013a\/10\/47\/03.jpg","http:\/\/mm.howkuai.com\/wp-content\/uploads\/2013a\/10\/47\/04.jpg","http:\/\/mm.howkuai.com\/wp-content\/uploads\/2013a\/10\/47\/05.jpg","http:\/\/mm.howkuai.com\/wp-content\/uploads\/2013a\/10\/47\/06.jpg"]},{"plaintext":"\u6cf3\u88c5\u5b8c\u7f8e\u8eab\u6750\uff0c\u53f6\u6893\u8431\u7c89\u8272\u6c99\u6ee9","href":"http:\/\/www.meizitu.com\/a\/3742.html","pic_list":["http:\/\/mm.howkuai.com\/wp-content\/uploads\/2013a\/10\/24\/01.jpg","http:\/\/mm.howkuai.com\/wp-content\/uploads\/2013a\/10\/24\/02.jpg","http:\/\/mm.howkuai.com\/wp-content\/uploads\/2013a\/10\/24\/03.jpg","http:\/\/mm.howkuai.com\/wp-content\/uploads\/2013a\/10\/24\/04.jpg","http:\/\/mm.howkuai.com\/wp-content\/uploads\/2013a\/10\/24\/05.jpg","http:\/\/mm.howkuai.com\/wp-content\/uploads\/2013a\/10\/24\/06.jpg"]},{"plaintext":"\u9648\u6021\u66fc\u4ee3\u8a00\u8482\u66fc\u59ae\u55b7\u8840\u5185\u8863\u5e7f\u544a","href":"http:\/\/www.meizitu.com\/a\/3701.html","pic_list":["http:\/\/mm.howkuai.com\/wp-content\/uploads\/2013a\/09\/14\/01.jpg","http:\/\/mm.howkuai.com\/wp-content\/uploads\/2013a\/09\/14\/02.jpg","http:\/\/mm.howkuai.com\/wp-content\/uploads\/2013a\/09\/14\/03.jpg","http:\/\/mm.howkuai.com\/wp-content\/uploads\/2013a\/09\/14\/04.jpg","http:\/\/mm.howkuai.com\/wp-content\/uploads\/2013a\/09\/14\/05.jpg","http:\/\/mm.howkuai.com\/wp-content\/uploads\/2013a\/09\/14\/06.jpg","http:\/\/mm.howkuai.com\/wp-content\/uploads\/2013a\/09\/14\/07.jpg"]},{"plaintext":"\u6842\u6676\u6676\u6027\u611f\u4f18\u96c5\u5185\u8863\u80f8\u812f\u5706\u6da6","href":"http:\/\/www.meizitu.com\/a\/3669.html","pic_list":["http:\/\/mm.howkuai.com\/wp-content\/uploads\/2013a\/08\/05\/01.jpg","http:\/\/mm.howkuai.com\/wp-content\/uploads\/2013a\/08\/05\/02.jpg","http:\/\/mm.howkuai.com\/wp-content\/uploads\/2013a\/08\/05\/03.jpg","http:\/\/mm.howkuai.com\/wp-content\/uploads\/2013a\/08\/05\/04.jpg","http:\/\/mm.howkuai.com\/wp-content\/uploads\/2013a\/08\/05\/05.jpg","http:\/\/mm.howkuai.com\/wp-content\/uploads\/2013a\/08\/05\/06.jpg"]},{"plaintext":"\u5973\u795e\u674e\u96ef\u590f\u65e5\u6bd4\u57fa\u5c3c\u79c0\u5de8\u4e73","href":"http:\/\/www.meizitu.com\/a\/3666.html","pic_list":["http:\/\/mm.howkuai.com\/wp-content\/uploads\/2013a\/08\/02\/01.jpg","http:\/\/mm.howkuai.com\/wp-content\/uploads\/2013a\/08\/02\/02.jpg","http:\/\/mm.howkuai.com\/wp-content\/uploads\/2013a\/08\/02\/03.jpg","http:\/\/mm.howkuai.com\/wp-content\/uploads\/2013a\/08\/02\/04.jpg","http:\/\/mm.howkuai.com\/wp-content\/uploads\/2013a\/08\/02\/05.jpg","http:\/\/mm.howkuai.com\/wp-content\/uploads\/2013a\/08\/02\/06.jpg","http:\/\/mm.howkuai.com\/wp-content\/uploads\/2013a\/08\/02\/07.jpg","http:\/\/mm.howkuai.com\/wp-content\/uploads\/2013a\/08\/02\/08.jpg"]},{"plaintext":"\u5c0f\u8ff7\u4eba\u5609\u4f9d\u6027\u611f\u8bf1\u60d1\u5185\u8863\u6df1\u6c9f\u96be\u586b","href":"http:\/\/www.meizitu.com\/a\/3652.html","pic_list":["http:\/\/mm.howkuai.com\/wp-content\/uploads\/2013a\/07\/10\/01.jpg","http:\/\/mm.howkuai.com\/wp-content\/uploads\/2013a\/07\/10\/02.jpg","http:\/\/mm.howkuai.com\/wp-content\/uploads\/2013a\/07\/10\/03.jpg","http:\/\/mm.howkuai.com\/wp-content\/uploads\/2013a\/07\/10\/05.jpg","http:\/\/mm.howkuai.com\/wp-content\/uploads\/2013a\/07\/10\/06.jpg","http:\/\/mm.howkuai.com\/wp-content\/uploads\/2013a\/07\/10\/07.jpg","http:\/\/mm.howkuai.com\/wp-content\/uploads\/2013a\/07\/10\/08.jpg","http:\/\/mm.howkuai.com\/wp-content\/uploads\/2013a\/07\/10\/09.jpg","http:\/\/mm.howkuai.com\/wp-content\/uploads\/2013a\/07\/10\/10.jpg","http:\/\/mm.howkuai.com\/wp-content\/uploads\/2013a\/07\/10\/11.jpg","http:\/\/mm.howkuai.com\/wp-content\/uploads\/2013a\/07\/10\/12.jpg"]},{"plaintext":"\u5f90\u5f2f\u5f2f\u8d64\u88f8\u7206\u4e73\u6bd4\u57fa\u5c3c\u6613\u88c5\u5404\u79cd\u6781\u81f4\u6311\u9017","href":"http:\/\/www.meizitu.com\/a\/3648.html","pic_list":["http:\/\/mm.howkuai.com\/wp-content\/uploads\/2013a\/07\/07\/01.jpg","http:\/\/mm.howkuai.com\/wp-content\/uploads\/2013a\/07\/07\/02.jpg","http:\/\/mm.howkuai.com\/wp-content\/uploads\/2013a\/07\/07\/03.jpg","http:\/\/mm.howkuai.com\/wp-content\/uploads\/2013a\/07\/07\/04.jpg","http:\/\/mm.howkuai.com\/wp-content\/uploads\/2013a\/07\/07\/05.jpg","http:\/\/mm.howkuai.com\/wp-content\/uploads\/2013a\/07\/07\/06.jpg","http:\/\/mm.howkuai.com\/wp-content\/uploads\/2013a\/07\/07\/07.jpg","http:\/\/mm.howkuai.com\/wp-content\/uploads\/2013a\/07\/07\/08.jpg","http:\/\/mm.howkuai.com\/wp-content\/uploads\/2013a\/07\/07\/09.jpg"]},{"plaintext":"\u6c64\u5929\u9896\u6df1\u7ea2\u6027\u611f\u6fc0\u60c5\u8dd1\u8f66\u5185\u8863\u79c0","href":"http:\/\/www.meizitu.com\/a\/3644.html","pic_list":["http:\/\/mm.howkuai.com\/wp-content\/uploads\/2013a\/07\/03\/01.jpg","http:\/\/mm.howkuai.com\/wp-content\/uploads\/2013a\/07\/03\/02.jpg","http:\/\/mm.howkuai.com\/wp-content\/uploads\/2013a\/07\/03\/03.jpg","http:\/\/mm.howkuai.com\/wp-content\/uploads\/2013a\/07\/03\/04.jpg","http:\/\/mm.howkuai.com\/wp-content\/uploads\/2013a\/07\/03\/05.jpg"]},{"plaintext":"\u767d\u601d\u5b9c\u5de8\u4e73\u6bd4\u57fa\u5c3c\u5582\u817e\u8baf\u888b\u76d0","href":"http:\/\/www.meizitu.com\/a\/3641.html","pic_list":["http:\/\/mm.howkuai.com\/wp-content\/uploads\/2013a\/06\/41\/01.jpg","http:\/\/mm.howkuai.com\/wp-content\/uploads\/2013a\/06\/41\/02.jpg","http:\/\/mm.howkuai.com\/wp-content\/uploads\/2013a\/06\/41\/03.jpg","http:\/\/mm.howkuai.com\/wp-content\/uploads\/2013a\/06\/41\/04.jpg","http:\/\/mm.howkuai.com\/wp-content\/uploads\/2013a\/06\/41\/05.jpg","http:\/\/mm.howkuai.com\/wp-content\/uploads\/2013a\/06\/41\/06.jpg","http:\/\/mm.howkuai.com\/wp-content\/uploads\/2013a\/06\/41\/08.jpg"]},{"plaintext":"\u6027\u611f\u6781\u54c1\u5c24\u7269\u5f20\u5df2\u6842\u5185\u8863\u5bbe\u5229\u8dd1\u8f66\u5199\u771f","href":"http:\/\/www.meizitu.com\/a\/3640.html","pic_list":["http:\/\/mm.howkuai.com\/wp-content\/uploads\/2013a\/06\/40\/01.jpg","http:\/\/mm.howkuai.com\/wp-content\/uploads\/2013a\/06\/40\/02.jpg","http:\/\/mm.howkuai.com\/wp-content\/uploads\/2013a\/06\/40\/03.jpg","http:\/\/mm.howkuai.com\/wp-content\/uploads\/2013a\/06\/40\/04.jpg","http:\/\/mm.howkuai.com\/wp-content\/uploads\/2013a\/06\/40\/05.jpg","http:\/\/mm.howkuai.com\/wp-content\/uploads\/2013a\/06\/40\/06.jpg","http:\/\/mm.howkuai.com\/wp-content\/uploads\/2013a\/06\/40\/07.jpg"]},{"plaintext":"\u4f55\u50b2\u73ca\u6bd4\u57fa\u5c3c\u79c1\u623f\u5a07\u5a9a\u8ff7\u4eba","href":"http:\/\/www.meizitu.com\/a\/3629.html","pic_list":["http:\/\/mm.howkuai.com\/wp-content\/uploads\/2013a\/06\/30\/01.jpg","http:\/\/mm.howkuai.com\/wp-content\/uploads\/2013a\/06\/30\/02.jpg","http:\/\/mm.howkuai.com\/wp-content\/uploads\/2013a\/06\/30\/03.jpg","http:\/\/mm.howkuai.com\/wp-content\/uploads\/2013a\/06\/30\/04.jpg","http:\/\/mm.howkuai.com\/wp-content\/uploads\/2013a\/06\/30\/05.jpg","http:\/\/mm.howkuai.com\/wp-content\/uploads\/2013a\/06\/30\/06.jpg"]},{"plaintext":"Christal\u53ef\u7231\u5c0f\u5185\u8863\u79c1\u623f\u534a\u906e\u9165\u80f8","href":"http:\/\/www.meizitu.com\/a\/3628.html","pic_list":["http:\/\/mm.howkuai.com\/wp-content\/uploads\/2013a\/06\/29\/01.jpg","http:\/\/mm.howkuai.com\/wp-content\/uploads\/2013a\/06\/29\/02.jpg","http:\/\/mm.howkuai.com\/wp-content\/uploads\/2013a\/06\/29\/03.jpg","http:\/\/mm.howkuai.com\/wp-content\/uploads\/2013a\/06\/29\/04.jpg","http:\/\/mm.howkuai.com\/wp-content\/uploads\/2013a\/06\/29\/05.jpg","http:\/\/mm.howkuai.com\/wp-content\/uploads\/2013a\/06\/29\/06.jpg","http:\/\/mm.howkuai.com\/wp-content\/uploads\/2013a\/06\/29\/07.jpg","http:\/\/mm.howkuai.com\/wp-content\/uploads\/2013a\/06\/29\/08.jpg","http:\/\/mm.howkuai.com\/wp-content\/uploads\/2013a\/06\/29\/09.jpg","http:\/\/mm.howkuai.com\/wp-content\/uploads\/2013a\/06\/29\/10.jpg","http:\/\/mm.howkuai.com\/wp-content\/uploads\/2013a\/06\/29\/11.jpg","http:\/\/mm.howkuai.com\/wp-content\/uploads\/2013a\/06\/29\/12.jpg"]},{"plaintext":"\u6781\u54c1\u5973\u795e\u9b4f\u5a1c\u6d77\u8fb9\u6bd4\u57fa\u5c3c\u79c0\u5b8c\u7f8e\u8eab\u6750","href":"http:\/\/www.meizitu.com\/a\/3624.html","pic_list":["http:\/\/mm.howkuai.com\/wp-content\/uploads\/2013a\/06\/25\/01.jpg","http:\/\/mm.howkuai.com\/wp-content\/uploads\/2013a\/06\/25\/02.jpg","http:\/\/mm.howkuai.com\/wp-content\/uploads\/2013a\/06\/25\/03.jpg","http:\/\/mm.howkuai.com\/wp-content\/uploads\/2013a\/06\/25\/04.jpg"]},{"plaintext":"\u5218\u96ef\u96ef\u84dd\u8272\u5185\u8863\u5c55\u9732\u7fd8\u81c0\u5367\u5e8a\u6311\u9017","href":"http:\/\/www.meizitu.com\/a\/3621.html","pic_list":["http:\/\/mm.howkuai.com\/wp-content\/uploads\/2013a\/06\/22\/01.jpg","http:\/\/mm.howkuai.com\/wp-content\/uploads\/2013a\/06\/22\/02.jpg","http:\/\/mm.howkuai.com\/wp-content\/uploads\/2013a\/06\/22\/03.jpg","http:\/\/mm.howkuai.com\/wp-content\/uploads\/2013a\/06\/22\/04.jpg","http:\/\/mm.howkuai.com\/wp-content\/uploads\/2013a\/06\/22\/05.jpg","http:\/\/mm.howkuai.com\/wp-content\/uploads\/2013a\/06\/22\/06.jpg"]},{"plaintext":"\u8881\u5a77\u5a77\u6027\u611f\u5185\u8863\u65f6\u5c1a\u6742\u5fd7\u5199\u771f","href":"http:\/\/www.meizitu.com\/a\/3620.html","pic_list":["http:\/\/mm.howkuai.com\/wp-content\/uploads\/2013a\/06\/21\/01.jpg","http:\/\/mm.howkuai.com\/wp-content\/uploads\/2013a\/06\/21\/02.jpg","http:\/\/mm.howkuai.com\/wp-content\/uploads\/2013a\/06\/21\/03.jpg","http:\/\/mm.howkuai.com\/wp-content\/uploads\/2013a\/06\/21\/04.jpg","http:\/\/mm.howkuai.com\/wp-content\/uploads\/2013a\/06\/21\/05.jpg","http:\/\/mm.howkuai.com\/wp-content\/uploads\/2013a\/06\/21\/06.jpg","http:\/\/mm.howkuai.com\/wp-content\/uploads\/2013a\/06\/21\/07.jpg","http:\/\/mm.howkuai.com\/wp-content\/uploads\/2013a\/06\/21\/08.jpg","http:\/\/mm.howkuai.com\/wp-content\/uploads\/2013a\/06\/21\/09.jpg"]},{"plaintext":"\u4f55\u9759momo\u6bd4\u57fa\u5c3c\u51c0\u767d\u808c\u80a4\u7f8e\u817f\u8bf1\u4eba","href":"http:\/\/www.meizitu.com\/a\/3619.html","pic_list":["http:\/\/mm.howkuai.com\/wp-content\/uploads\/2013a\/06\/20\/01.jpg","http:\/\/mm.howkuai.com\/wp-content\/uploads\/2013a\/06\/20\/02.jpg","http:\/\/mm.howkuai.com\/wp-content\/uploads\/2013a\/06\/20\/03.jpg","http:\/\/mm.howkuai.com\/wp-content\/uploads\/2013a\/06\/20\/04.jpg","http:\/\/mm.howkuai.com\/wp-content\/uploads\/2013a\/06\/20\/05.jpg","http:\/\/mm.howkuai.com\/wp-content\/uploads\/2013a\/06\/20\/06.jpg"]},{"plaintext":"\u5929\u4ed9\u822c\u7f8e\u5973\u6027\u611f\u5185\u8863\u5c3d\u663e\u8089\u4f53\u5438\u5f15","href":"http:\/\/www.meizitu.com\/a\/3603.html","pic_list":["http:\/\/mm.howkuai.com\/wp-content\/uploads\/2013a\/06\/04\/01.jpg","http:\/\/mm.howkuai.com\/wp-content\/uploads\/2013a\/06\/04\/02.jpg","http:\/\/mm.howkuai.com\/wp-content\/uploads\/2013a\/06\/04\/03.jpg","http:\/\/mm.howkuai.com\/wp-content\/uploads\/2013a\/06\/04\/04.jpg","http:\/\/mm.howkuai.com\/wp-content\/uploads\/2013a\/06\/04\/05.jpg","http:\/\/mm.howkuai.com\/wp-content\/uploads\/2013a\/06\/04\/06.jpg","http:\/\/mm.howkuai.com\/wp-content\/uploads\/2013a\/06\/04\/07.jpg","http:\/\/mm.howkuai.com\/wp-content\/uploads\/2013a\/06\/04\/08.jpg"]},{"plaintext":"\u5b97\u5f0b\u8386\u6027\u611f\u5185\u8863\u8bf1\u4eba\u80f4\u4f53","href":"http:\/\/www.meizitu.com\/a\/3600.html","pic_list":["http:\/\/mm.howkuai.com\/wp-content\/uploads\/2013a\/06\/01\/01.jpg","http:\/\/mm.howkuai.com\/wp-content\/uploads\/2013a\/06\/01\/02.jpg","http:\/\/mm.howkuai.com\/wp-content\/uploads\/2013a\/06\/01\/03.jpg","http:\/\/mm.howkuai.com\/wp-content\/uploads\/2013a\/06\/01\/04.jpg","http:\/\/mm.howkuai.com\/wp-content\/uploads\/2013a\/06\/01\/05.jpg","http:\/\/mm.howkuai.com\/wp-content\/uploads\/2013a\/06\/01\/06.jpg"]},{"plaintext":"\u6027\u611f\u5c24\u7269\u91d1\u7f8e\u8f9b\u79c1\u623f\u6bd4\u57fa\u5c3c\u79c0\u5b8c\u7f8e\u8eab\u6750","href":"http:\/\/www.meizitu.com\/a\/3596.html","pic_list":["http:\/\/mm.howkuai.com\/wp-content\/uploads\/2013a\/05\/41\/01.jpg","http:\/\/mm.howkuai.com\/wp-content\/uploads\/2013a\/05\/41\/02.jpg","http:\/\/mm.howkuai.com\/wp-content\/uploads\/2013a\/05\/41\/03.jpg","http:\/\/mm.howkuai.com\/wp-content\/uploads\/2013a\/05\/41\/04.jpg","http:\/\/mm.howkuai.com\/wp-content\/uploads\/2013a\/05\/41\/05.jpg"]},{"plaintext":"\u96f7\u53ef\u502a\u9ed1\u8272\u857e\u4e1d\u5185\u8863\u6027\u611f\u5996\u5a06","href":"http:\/\/www.meizitu.com\/a\/3591.html","pic_list":["http:\/\/mm.howkuai.com\/wp-content\/uploads\/2013a\/05\/36\/01.jpg","http:\/\/mm.howkuai.com\/wp-content\/uploads\/2013a\/05\/36\/02.jpg","http:\/\/mm.howkuai.com\/wp-content\/uploads\/2013a\/05\/36\/03.jpg","http:\/\/mm.howkuai.com\/wp-content\/uploads\/2013a\/05\/36\/04.jpg","http:\/\/mm.howkuai.com\/wp-content\/uploads\/2013a\/05\/36\/05.jpg","http:\/\/mm.howkuai.com\/wp-content\/uploads\/2013a\/05\/36\/06.jpg","http:\/\/mm.howkuai.com\/wp-content\/uploads\/2013a\/05\/36\/07.jpg","http:\/\/mm.howkuai.com\/wp-content\/uploads\/2013a\/05\/36\/08.jpg","http:\/\/mm.howkuai.com\/wp-content\/uploads\/2013a\/05\/36\/09.jpg","http:\/\/mm.howkuai.com\/wp-content\/uploads\/2013a\/05\/36\/10.jpg"]},{"plaintext":"\u5de8\u4e73\u5c24\u7269\u5c0f\u5c0f\u767d\u601d\u5b9c\u5185\u8863\u6df1\u6c9f\u79c1\u623f","href":"http:\/\/www.meizitu.com\/a\/3588.html","pic_list":["http:\/\/mm.howkuai.com\/wp-content\/uploads\/2013a\/05\/33\/01.jpg","http:\/\/mm.howkuai.com\/wp-content\/uploads\/2013a\/05\/33\/02.jpg","http:\/\/mm.howkuai.com\/wp-content\/uploads\/2013a\/05\/33\/03.jpg","http:\/\/mm.howkuai.com\/wp-content\/uploads\/2013a\/05\/33\/04.jpg","http:\/\/mm.howkuai.com\/wp-content\/uploads\/2013a\/05\/33\/05.jpg"]},{"plaintext":"\u5a07\u5ae9\u59b9\u5b50\u6bd4\u57fa\u5c3c\u8352\u5c9b\u5199\u771f","href":"http:\/\/www.meizitu.com\/a\/3579.html","pic_list":["http:\/\/mm.howkuai.com\/wp-content\/uploads\/2013a\/05\/24\/01.jpg","http:\/\/mm.howkuai.com\/wp-content\/uploads\/2013a\/05\/24\/02.jpg","http:\/\/mm.howkuai.com\/wp-content\/uploads\/2013a\/05\/24\/03.jpg","http:\/\/mm.howkuai.com\/wp-content\/uploads\/2013a\/05\/24\/04.jpg","http:\/\/mm.howkuai.com\/wp-content\/uploads\/2013a\/05\/24\/05.jpg","http:\/\/mm.howkuai.com\/wp-content\/uploads\/2013a\/05\/24\/06.jpg","http:\/\/mm.howkuai.com\/wp-content\/uploads\/2013a\/05\/24\/07.jpg","http:\/\/mm.howkuai.com\/wp-content\/uploads\/2013a\/05\/24\/08.jpg"]},{"plaintext":"winnie\u767d\u8272\u5185\u8863\u8bf1\u60d1\u98ce\u97f5\u5341\u8db3","href":"http:\/\/www.meizitu.com\/a\/3576.html","pic_list":["http:\/\/mm.howkuai.com\/wp-content\/uploads\/2013a\/05\/21\/01.jpg","http:\/\/mm.howkuai.com\/wp-content\/uploads\/2013a\/05\/21\/02.jpg","http:\/\/mm.howkuai.com\/wp-content\/uploads\/2013a\/05\/21\/03.jpg","http:\/\/mm.howkuai.com\/wp-content\/uploads\/2013a\/05\/21\/04.jpg"]},{"plaintext":"\u677e\u679c\u513fcc\u5185\u8863\u79c1\u623f\u77e5\u6027\u629a\u5a9a","href":"http:\/\/www.meizitu.com\/a\/3570.html","pic_list":["http:\/\/mm.howkuai.com\/wp-content\/uploads\/2013a\/05\/15\/01.jpg","http:\/\/mm.howkuai.com\/wp-content\/uploads\/2013a\/05\/15\/02.jpg","http:\/\/mm.howkuai.com\/wp-content\/uploads\/2013a\/05\/15\/03.jpg","http:\/\/mm.howkuai.com\/wp-content\/uploads\/2013a\/05\/15\/04.jpg","http:\/\/mm.howkuai.com\/wp-content\/uploads\/2013a\/05\/15\/05.jpg","http:\/\/mm.howkuai.com\/wp-content\/uploads\/2013a\/05\/15\/06.jpg","http:\/\/mm.howkuai.com\/wp-content\/uploads\/2013a\/05\/15\/07.jpg"]}]