[{"plaintext":"\u6c14\u8d28\u59b9\u5b50\u5bd2\u98ce\u4e2d\u501a\u680f\u6c89\u601d","href":"http:\/\/www.meizitu.com\/a\/4692.html","pic_list":["http:\/\/mm.howkuai.com\/wp-content\/uploads\/2014a\/12\/27\/01.jpg","http:\/\/mm.howkuai.com\/wp-content\/uploads\/2014a\/12\/27\/02.jpg","http:\/\/mm.howkuai.com\/wp-content\/uploads\/2014a\/12\/27\/03.jpg","http:\/\/mm.howkuai.com\/wp-content\/uploads\/2014a\/12\/27\/04.jpg","http:\/\/mm.howkuai.com\/wp-content\/uploads\/2014a\/12\/27\/05.jpg","http:\/\/mm.howkuai.com\/wp-content\/uploads\/2014a\/12\/27\/06.jpg","http:\/\/mm.howkuai.com\/wp-content\/uploads\/2014a\/12\/27\/07.jpg"]},{"plaintext":"\u67d4\u5f31\u65e0\u9aa8\uff0c\u53ef\u7231\u5973\u795e\u7684\u51ac\u65e5\u79c1\u623f","href":"http:\/\/www.meizitu.com\/a\/4691.html","pic_list":["http:\/\/mm.howkuai.com\/wp-content\/uploads\/2014a\/12\/26\/01.jpg","http:\/\/mm.howkuai.com\/wp-content\/uploads\/2014a\/12\/26\/02.jpg","http:\/\/mm.howkuai.com\/wp-content\/uploads\/2014a\/12\/26\/03.jpg","http:\/\/mm.howkuai.com\/wp-content\/uploads\/2014a\/12\/26\/04.jpg","http:\/\/mm.howkuai.com\/wp-content\/uploads\/2014a\/12\/26\/05.jpg","http:\/\/mm.howkuai.com\/wp-content\/uploads\/2014a\/12\/26\/06.jpg","http:\/\/mm.howkuai.com\/wp-content\/uploads\/2014a\/12\/26\/07.jpg","http:\/\/mm.howkuai.com\/wp-content\/uploads\/2014a\/12\/26\/08.jpg"]},{"plaintext":"\u82f1\u59ff\u98d2\u723d\uff0c\u5973\u6c49\u5b50\u7684\u5c0f\u6e05\u65b0\u5916\u62cd","href":"http:\/\/www.meizitu.com\/a\/4690.html","pic_list":["http:\/\/mm.howkuai.com\/wp-content\/uploads\/2014a\/12\/25\/01.jpg","http:\/\/mm.howkuai.com\/wp-content\/uploads\/2014a\/12\/25\/02.jpg","http:\/\/mm.howkuai.com\/wp-content\/uploads\/2014a\/12\/25\/03.jpg","http:\/\/mm.howkuai.com\/wp-content\/uploads\/2014a\/12\/25\/04.jpg","http:\/\/mm.howkuai.com\/wp-content\/uploads\/2014a\/12\/25\/05.jpg","http:\/\/mm.howkuai.com\/wp-content\/uploads\/2014a\/12\/25\/06.jpg","http:\/\/mm.howkuai.com\/wp-content\/uploads\/2014a\/12\/25\/07.jpg","http:\/\/mm.howkuai.com\/wp-content\/uploads\/2014a\/12\/25\/08.jpg"]},{"plaintext":"\u9ed1\u6697\u4e2d\u7684\u8bf1\u4eba\u66f2\u7ebf\uff0c\u840c\u840c\u7684\u79c1\u623f","href":"http:\/\/www.meizitu.com\/a\/4689.html","pic_list":["http:\/\/mm.howkuai.com\/wp-content\/uploads\/2014a\/12\/24\/01.jpg","http:\/\/mm.howkuai.com\/wp-content\/uploads\/2014a\/12\/24\/02.jpg","http:\/\/mm.howkuai.com\/wp-content\/uploads\/2014a\/12\/24\/03.jpg","http:\/\/mm.howkuai.com\/wp-content\/uploads\/2014a\/12\/24\/04.jpg","http:\/\/mm.howkuai.com\/wp-content\/uploads\/2014a\/12\/24\/05.jpg","http:\/\/mm.howkuai.com\/wp-content\/uploads\/2014a\/12\/24\/06.jpg","http:\/\/mm.howkuai.com\/wp-content\/uploads\/2014a\/12\/24\/07.jpg"]},{"plaintext":"\u6211\u6709\u4e00\u53cc\u5e26\u5367\u8695\u7684\u7f8e\u4e3d\u773c\u775b","href":"http:\/\/www.meizitu.com\/a\/4688.html","pic_list":["http:\/\/mm.howkuai.com\/wp-content\/uploads\/2014a\/12\/23\/01.jpg","http:\/\/mm.howkuai.com\/wp-content\/uploads\/2014a\/12\/23\/02.jpg","http:\/\/mm.howkuai.com\/wp-content\/uploads\/2014a\/12\/23\/03.jpg","http:\/\/mm.howkuai.com\/wp-content\/uploads\/2014a\/12\/23\/04.jpg","http:\/\/mm.howkuai.com\/wp-content\/uploads\/2014a\/12\/23\/05.jpg","http:\/\/mm.howkuai.com\/wp-content\/uploads\/2014a\/12\/23\/06.jpg"]},{"plaintext":"\u4eea\u9759\u4f53\u95f2\u7684\u6e05\u7eaf\u59b9\u5b50\uff0c\u773c\u795e\u6e05\u6f88\u65e0\u90aa","href":"http:\/\/www.meizitu.com\/a\/4687.html","pic_list":["http:\/\/mm.howkuai.com\/wp-content\/uploads\/2014a\/12\/22\/01.jpg","http:\/\/mm.howkuai.com\/wp-content\/uploads\/2014a\/12\/22\/02.jpg","http:\/\/mm.howkuai.com\/wp-content\/uploads\/2014a\/12\/22\/03.jpg","http:\/\/mm.howkuai.com\/wp-content\/uploads\/2014a\/12\/22\/04.jpg","http:\/\/mm.howkuai.com\/wp-content\/uploads\/2014a\/12\/22\/05.jpg","http:\/\/mm.howkuai.com\/wp-content\/uploads\/2014a\/12\/22\/06.jpg","http:\/\/mm.howkuai.com\/wp-content\/uploads\/2014a\/12\/22\/07.jpg"]},{"plaintext":"\u89c6\u89c9\u76db\u5bb4\uff0c\u4e30\u81c0\u6027\u611f\u6a21\u7279\u6311\u6218\u5361\u6234\u73ca","href":"http:\/\/www.meizitu.com\/a\/4686.html","pic_list":["http:\/\/mm.howkuai.com\/wp-content\/uploads\/2014a\/12\/21\/01.jpg","http:\/\/mm.howkuai.com\/wp-content\/uploads\/2014a\/12\/21\/02.jpg","http:\/\/mm.howkuai.com\/wp-content\/uploads\/2014a\/12\/21\/03.jpg","http:\/\/mm.howkuai.com\/wp-content\/uploads\/2014a\/12\/21\/04.jpg","http:\/\/mm.howkuai.com\/wp-content\/uploads\/2014a\/12\/21\/05.jpg","http:\/\/mm.howkuai.com\/wp-content\/uploads\/2014a\/12\/21\/06.jpg"]},{"plaintext":"\u6027\u611f\u5973\u795e\u6c90\u6d74\u65f6\u7684\u795e\u60c5\uff0c\u8ba9\u4eba\u6d6e\u60f3\u8054\u7fe9","href":"http:\/\/www.meizitu.com\/a\/4685.html","pic_list":["http:\/\/mm.howkuai.com\/wp-content\/uploads\/2014a\/12\/20\/01.jpg","http:\/\/mm.howkuai.com\/wp-content\/uploads\/2014a\/12\/20\/02.jpg","http:\/\/mm.howkuai.com\/wp-content\/uploads\/2014a\/12\/20\/03.jpg","http:\/\/mm.howkuai.com\/wp-content\/uploads\/2014a\/12\/20\/04.jpg","http:\/\/mm.howkuai.com\/wp-content\/uploads\/2014a\/12\/20\/05.jpg","http:\/\/mm.howkuai.com\/wp-content\/uploads\/2014a\/12\/20\/06.jpg","http:\/\/mm.howkuai.com\/wp-content\/uploads\/2014a\/12\/20\/07.jpg","http:\/\/mm.howkuai.com\/wp-content\/uploads\/2014a\/12\/20\/08.jpg","http:\/\/mm.howkuai.com\/wp-content\/uploads\/2014a\/12\/20\/09.jpg","http:\/\/mm.howkuai.com\/wp-content\/uploads\/2014a\/12\/20\/10.jpg"]},{"plaintext":"\u6027\u611f\u6b27\u7f8e\u5973\u90ce\uff0c\u91d1\u8272\u957f\u53d1\u64a9\u52a8\u4f60\u7684\u60c5\u6000","href":"http:\/\/www.meizitu.com\/a\/4684.html","pic_list":["http:\/\/mm.howkuai.com\/wp-content\/uploads\/2014a\/12\/19\/01.jpg","http:\/\/mm.howkuai.com\/wp-content\/uploads\/2014a\/12\/19\/02.jpg","http:\/\/mm.howkuai.com\/wp-content\/uploads\/2014a\/12\/19\/03.jpg","http:\/\/mm.howkuai.com\/wp-content\/uploads\/2014a\/12\/19\/04.jpg","http:\/\/mm.howkuai.com\/wp-content\/uploads\/2014a\/12\/19\/05.jpg","http:\/\/mm.howkuai.com\/wp-content\/uploads\/2014a\/12\/19\/06.jpg","http:\/\/mm.howkuai.com\/wp-content\/uploads\/2014a\/12\/19\/07.jpg","http:\/\/mm.howkuai.com\/wp-content\/uploads\/2014a\/12\/19\/08.jpg","http:\/\/mm.howkuai.com\/wp-content\/uploads\/2014a\/12\/19\/09.jpg","http:\/\/mm.howkuai.com\/wp-content\/uploads\/2014a\/12\/19\/10.jpg"]},{"plaintext":"\u5154\u5973\u90ce\u4e0e\u732b\u54aa\u5171\u540c\u6f14\u7ece\u5e8a\u4e0a\u6027\u611f\u7167","href":"http:\/\/www.meizitu.com\/a\/4683.html","pic_list":["http:\/\/mm.howkuai.com\/wp-content\/uploads\/2014a\/12\/18\/01.jpg","http:\/\/mm.howkuai.com\/wp-content\/uploads\/2014a\/12\/18\/02.jpg","http:\/\/mm.howkuai.com\/wp-content\/uploads\/2014a\/12\/18\/03.jpg","http:\/\/mm.howkuai.com\/wp-content\/uploads\/2014a\/12\/18\/04.jpg","http:\/\/mm.howkuai.com\/wp-content\/uploads\/2014a\/12\/18\/05.jpg","http:\/\/mm.howkuai.com\/wp-content\/uploads\/2014a\/12\/18\/06.jpg","http:\/\/mm.howkuai.com\/wp-content\/uploads\/2014a\/12\/18\/07.jpg"]},{"plaintext":"\u6c34\u4e2d\u7684\u7f8e\u4eba\u9c7c\uff0c\u7edd\u7f8e\u8eab\u6750\u6f14\u7ece\u65e0\u9650\u9b45\u529b","href":"http:\/\/www.meizitu.com\/a\/4682.html","pic_list":["http:\/\/mm.howkuai.com\/wp-content\/uploads\/2014a\/12\/17\/01.jpg","http:\/\/mm.howkuai.com\/wp-content\/uploads\/2014a\/12\/17\/02.jpg","http:\/\/mm.howkuai.com\/wp-content\/uploads\/2014a\/12\/17\/03.jpg","http:\/\/mm.howkuai.com\/wp-content\/uploads\/2014a\/12\/17\/04.jpg","http:\/\/mm.howkuai.com\/wp-content\/uploads\/2014a\/12\/17\/05.jpg","http:\/\/mm.howkuai.com\/wp-content\/uploads\/2014a\/12\/17\/06.jpg","http:\/\/mm.howkuai.com\/wp-content\/uploads\/2014a\/12\/17\/07.jpg"]},{"plaintext":"\u8c6a\u8f66\u8c6a\u4e73\uff0c\u5ae9\u6a21\u738b\u7490\u828a\u60e0\u53d8\u8eab\u5b9d\u9a6c\u8f66\u6a21","href":"http:\/\/www.meizitu.com\/a\/4681.html","pic_list":["http:\/\/mm.howkuai.com\/wp-content\/uploads\/2014a\/12\/16\/01.jpg","http:\/\/mm.howkuai.com\/wp-content\/uploads\/2014a\/12\/16\/02.jpg","http:\/\/mm.howkuai.com\/wp-content\/uploads\/2014a\/12\/16\/03.jpg","http:\/\/mm.howkuai.com\/wp-content\/uploads\/2014a\/12\/16\/04.jpg","http:\/\/mm.howkuai.com\/wp-content\/uploads\/2014a\/12\/16\/05.jpg","http:\/\/mm.howkuai.com\/wp-content\/uploads\/2014a\/12\/16\/06.jpg"]},{"plaintext":"\u7f8e\u5973\u6a21\u7279\u5b5f\u6653\u827a\u5185\u8863\u5199\u771f","href":"http:\/\/www.meizitu.com\/a\/4680.html","pic_list":["http:\/\/mm.howkuai.com\/wp-content\/uploads\/2014a\/12\/15\/01.jpg","http:\/\/mm.howkuai.com\/wp-content\/uploads\/2014a\/12\/15\/02.jpg","http:\/\/mm.howkuai.com\/wp-content\/uploads\/2014a\/12\/15\/03.jpg","http:\/\/mm.howkuai.com\/wp-content\/uploads\/2014a\/12\/15\/04.jpg","http:\/\/mm.howkuai.com\/wp-content\/uploads\/2014a\/12\/15\/05.jpg","http:\/\/mm.howkuai.com\/wp-content\/uploads\/2014a\/12\/15\/06.jpg"]},{"plaintext":"\u5c0f\u5c0f\u5973\u4ec6\uff0c\u590f\u5c0f\u8587\u7684\u5236\u670d\u8bf1\u60d1","href":"http:\/\/www.meizitu.com\/a\/4679.html","pic_list":["http:\/\/mm.howkuai.com\/wp-content\/uploads\/2014a\/12\/14\/01.jpg","http:\/\/mm.howkuai.com\/wp-content\/uploads\/2014a\/12\/14\/02.jpg","http:\/\/mm.howkuai.com\/wp-content\/uploads\/2014a\/12\/14\/03.jpg","http:\/\/mm.howkuai.com\/wp-content\/uploads\/2014a\/12\/14\/04.jpg","http:\/\/mm.howkuai.com\/wp-content\/uploads\/2014a\/12\/14\/05.jpg","http:\/\/mm.howkuai.com\/wp-content\/uploads\/2014a\/12\/14\/06.jpg"]},{"plaintext":"\u65e0\u6687\u7684\u8138\u86cb\uff0c\u6211\u5728\u65f6\u5149\u7684\u68a6\u5883\u91cc\u7b49\u4f60","href":"http:\/\/www.meizitu.com\/a\/4678.html","pic_list":["http:\/\/mm.howkuai.com\/wp-content\/uploads\/2014a\/12\/13\/01.jpg","http:\/\/mm.howkuai.com\/wp-content\/uploads\/2014a\/12\/13\/02.jpg","http:\/\/mm.howkuai.com\/wp-content\/uploads\/2014a\/12\/13\/03.jpg","http:\/\/mm.howkuai.com\/wp-content\/uploads\/2014a\/12\/13\/04.jpg","http:\/\/mm.howkuai.com\/wp-content\/uploads\/2014a\/12\/13\/05.jpg","http:\/\/mm.howkuai.com\/wp-content\/uploads\/2014a\/12\/13\/06.jpg"]},{"plaintext":"\u6726\u80e7\u7684\u7f8e\uff0c\u82d7\u6761\u59b9\u5b50\u751c\u751c\u7684\u5348\u540e","href":"http:\/\/www.meizitu.com\/a\/4677.html","pic_list":["http:\/\/mm.howkuai.com\/wp-content\/uploads\/2014a\/12\/12\/01.jpg","http:\/\/mm.howkuai.com\/wp-content\/uploads\/2014a\/12\/12\/02.jpg","http:\/\/mm.howkuai.com\/wp-content\/uploads\/2014a\/12\/12\/03.jpg","http:\/\/mm.howkuai.com\/wp-content\/uploads\/2014a\/12\/12\/04.jpg","http:\/\/mm.howkuai.com\/wp-content\/uploads\/2014a\/12\/12\/05.jpg","http:\/\/mm.howkuai.com\/wp-content\/uploads\/2014a\/12\/12\/06.jpg","http:\/\/mm.howkuai.com\/wp-content\/uploads\/2014a\/12\/12\/07.jpg","http:\/\/mm.howkuai.com\/wp-content\/uploads\/2014a\/12\/12\/08.jpg"]},{"plaintext":"\u65e5\u672c\u6e05\u7eaf\u5c11\u5973\u5199\u771f\u6b23\u8d4f","href":"http:\/\/www.meizitu.com\/a\/4676.html","pic_list":["http:\/\/mm.howkuai.com\/wp-content\/uploads\/2014a\/12\/11\/01.jpg","http:\/\/mm.howkuai.com\/wp-content\/uploads\/2014a\/12\/11\/02.jpg","http:\/\/mm.howkuai.com\/wp-content\/uploads\/2014a\/12\/11\/03.jpg","http:\/\/mm.howkuai.com\/wp-content\/uploads\/2014a\/12\/11\/04.jpg","http:\/\/mm.howkuai.com\/wp-content\/uploads\/2014a\/12\/11\/05.jpg","http:\/\/mm.howkuai.com\/wp-content\/uploads\/2014a\/12\/11\/06.jpg","http:\/\/mm.howkuai.com\/wp-content\/uploads\/2014a\/12\/11\/07.jpg","http:\/\/mm.howkuai.com\/wp-content\/uploads\/2014a\/12\/11\/08.jpg","http:\/\/mm.howkuai.com\/wp-content\/uploads\/2014a\/12\/11\/09.jpg"]},{"plaintext":"\u82e5\u9690\u82e5\u73b0\uff0c\u4e09\u6b21\u5143\u59b9\u5b50\u7684\u5c0f\u6027\u611f","href":"http:\/\/www.meizitu.com\/a\/4675.html","pic_list":["http:\/\/mm.howkuai.com\/wp-content\/uploads\/2014a\/12\/10\/01.jpg","http:\/\/mm.howkuai.com\/wp-content\/uploads\/2014a\/12\/10\/02.jpg","http:\/\/mm.howkuai.com\/wp-content\/uploads\/2014a\/12\/10\/03.jpg","http:\/\/mm.howkuai.com\/wp-content\/uploads\/2014a\/12\/10\/04.jpg","http:\/\/mm.howkuai.com\/wp-content\/uploads\/2014a\/12\/10\/05.jpg","http:\/\/mm.howkuai.com\/wp-content\/uploads\/2014a\/12\/10\/06.jpg","http:\/\/mm.howkuai.com\/wp-content\/uploads\/2014a\/12\/10\/07.jpg","http:\/\/mm.howkuai.com\/wp-content\/uploads\/2014a\/12\/10\/08.jpg"]},{"plaintext":"\u7f8e\u5973\u7684\u773c\u795e\u59a9\u5a9a\u52fe\u4eba\uff0c\u6d51\u5706\u7f8e\u81c0\u5438\u5f15\u773c\u7403","href":"http:\/\/www.meizitu.com\/a\/4674.html","pic_list":["http:\/\/mm.howkuai.com\/wp-content\/uploads\/2014a\/12\/09\/01.jpg","http:\/\/mm.howkuai.com\/wp-content\/uploads\/2014a\/12\/09\/02.jpg","http:\/\/mm.howkuai.com\/wp-content\/uploads\/2014a\/12\/09\/03.jpg","http:\/\/mm.howkuai.com\/wp-content\/uploads\/2014a\/12\/09\/04.jpg","http:\/\/mm.howkuai.com\/wp-content\/uploads\/2014a\/12\/09\/05.jpg","http:\/\/mm.howkuai.com\/wp-content\/uploads\/2014a\/12\/09\/06.jpg"]},{"plaintext":"\u6027\u611f\u886c\u886b\u98ce\uff0c\u8bb8\u8bfaSabrina\u6700\u65b0\u5199\u771f","href":"http:\/\/www.meizitu.com\/a\/4673.html","pic_list":["http:\/\/mm.howkuai.com\/wp-content\/uploads\/2014a\/12\/08\/01.jpg","http:\/\/mm.howkuai.com\/wp-content\/uploads\/2014a\/12\/08\/02.jpg","http:\/\/mm.howkuai.com\/wp-content\/uploads\/2014a\/12\/08\/03.jpg","http:\/\/mm.howkuai.com\/wp-content\/uploads\/2014a\/12\/08\/04.jpg","http:\/\/mm.howkuai.com\/wp-content\/uploads\/2014a\/12\/08\/05.jpg","http:\/\/mm.howkuai.com\/wp-content\/uploads\/2014a\/12\/08\/06.jpg","http:\/\/mm.howkuai.com\/wp-content\/uploads\/2014a\/12\/08\/07.jpg"]},{"plaintext":"\u59b9\u5b50\u6e05\u65b0\u79c1\u623f\uff0c\u9189\u7ea2\u989c\uff0c\u6d53\u6de1\u9002\u4e2d\uff0c\u4fee\u77ed\u5408\u5ea6","href":"http:\/\/www.meizitu.com\/a\/4672.html","pic_list":["http:\/\/mm.howkuai.com\/wp-content\/uploads\/2014a\/12\/07\/01.jpg","http:\/\/mm.howkuai.com\/wp-content\/uploads\/2014a\/12\/07\/02.jpg","http:\/\/mm.howkuai.com\/wp-content\/uploads\/2014a\/12\/07\/03.jpg","http:\/\/mm.howkuai.com\/wp-content\/uploads\/2014a\/12\/07\/04.jpg","http:\/\/mm.howkuai.com\/wp-content\/uploads\/2014a\/12\/07\/05.jpg","http:\/\/mm.howkuai.com\/wp-content\/uploads\/2014a\/12\/07\/06.jpg","http:\/\/mm.howkuai.com\/wp-content\/uploads\/2014a\/12\/07\/07.jpg"]},{"plaintext":"\u62e5\u62b1\u6668\u5149\uff0c\u67d4\u60c5\u7684\u957f\u53d1\u59b9\u5b50","href":"http:\/\/www.meizitu.com\/a\/4671.html","pic_list":["http:\/\/mm.howkuai.com\/wp-content\/uploads\/2014a\/12\/06\/01.jpg","http:\/\/mm.howkuai.com\/wp-content\/uploads\/2014a\/12\/06\/02.jpg","http:\/\/mm.howkuai.com\/wp-content\/uploads\/2014a\/12\/06\/03.jpg","http:\/\/mm.howkuai.com\/wp-content\/uploads\/2014a\/12\/06\/04.jpg","http:\/\/mm.howkuai.com\/wp-content\/uploads\/2014a\/12\/06\/05.jpg"]},{"plaintext":"\u7f8e\u4e3d\u7684\u8272\u5f69\uff0c\u7f8e\u5973\u6f14\u7ece\u7684\u8ba9\u4eba\u5782\u6d8e\u6b32\u6ef4","href":"http:\/\/www.meizitu.com\/a\/4670.html","pic_list":["http:\/\/mm.howkuai.com\/wp-content\/uploads\/2014a\/12\/05\/01.jpg","http:\/\/mm.howkuai.com\/wp-content\/uploads\/2014a\/12\/05\/02.jpg","http:\/\/mm.howkuai.com\/wp-content\/uploads\/2014a\/12\/05\/03.jpg","http:\/\/mm.howkuai.com\/wp-content\/uploads\/2014a\/12\/05\/04.jpg","http:\/\/mm.howkuai.com\/wp-content\/uploads\/2014a\/12\/05\/05.jpg","http:\/\/mm.howkuai.com\/wp-content\/uploads\/2014a\/12\/05\/06.jpg","http:\/\/mm.howkuai.com\/wp-content\/uploads\/2014a\/12\/05\/07.jpg","http:\/\/mm.howkuai.com\/wp-content\/uploads\/2014a\/12\/05\/08.jpg"]},{"plaintext":"\u63a9\u6620\u751f\u59ff\uff0c\u6f02\u4eae\u7f8e\u5973\u5343\u5a07\u767e\u5a9a\u663e\u67d4\u60c5","href":"http:\/\/www.meizitu.com\/a\/4669.html","pic_list":["http:\/\/mm.howkuai.com\/wp-content\/uploads\/2014a\/12\/04\/01.jpg","http:\/\/mm.howkuai.com\/wp-content\/uploads\/2014a\/12\/04\/02.jpg","http:\/\/mm.howkuai.com\/wp-content\/uploads\/2014a\/12\/04\/03.jpg","http:\/\/mm.howkuai.com\/wp-content\/uploads\/2014a\/12\/04\/04.jpg","http:\/\/mm.howkuai.com\/wp-content\/uploads\/2014a\/12\/04\/05.jpg","http:\/\/mm.howkuai.com\/wp-content\/uploads\/2014a\/12\/04\/06.jpg","http:\/\/mm.howkuai.com\/wp-content\/uploads\/2014a\/12\/04\/07.jpg","http:\/\/mm.howkuai.com\/wp-content\/uploads\/2014a\/12\/04\/08.jpg","http:\/\/mm.howkuai.com\/wp-content\/uploads\/2014a\/12\/04\/09.jpg","http:\/\/mm.howkuai.com\/wp-content\/uploads\/2014a\/12\/04\/10.jpg"]},{"plaintext":"\u5929\u53f0\u4e0a\u7684\u767d\u5ae9\u59b9\u7eb8\uff0c\u5b81\u9759\u800c\u5b89\u9038","href":"http:\/\/www.meizitu.com\/a\/4668.html","pic_list":["http:\/\/mm.howkuai.com\/wp-content\/uploads\/2014a\/12\/03\/01.jpg","http:\/\/mm.howkuai.com\/wp-content\/uploads\/2014a\/12\/03\/02.jpg","http:\/\/mm.howkuai.com\/wp-content\/uploads\/2014a\/12\/03\/03.jpg","http:\/\/mm.howkuai.com\/wp-content\/uploads\/2014a\/12\/03\/04.jpg","http:\/\/mm.howkuai.com\/wp-content\/uploads\/2014a\/12\/03\/05.jpg","http:\/\/mm.howkuai.com\/wp-content\/uploads\/2014a\/12\/03\/06.jpg"]},{"plaintext":"\u4e0e\u6027\u611f\u5973\u751f\u7684\u76f8\u9047\uff0c\u8bb0\u5f55\u4e0b\u5979\u7684\u7f8e\u597d","href":"http:\/\/www.meizitu.com\/a\/4666.html","pic_list":["http:\/\/mm.howkuai.com\/wp-content\/uploads\/2014a\/12\/01\/01.jpg","http:\/\/mm.howkuai.com\/wp-content\/uploads\/2014a\/12\/01\/02.jpg","http:\/\/mm.howkuai.com\/wp-content\/uploads\/2014a\/12\/01\/03.jpg","http:\/\/mm.howkuai.com\/wp-content\/uploads\/2014a\/12\/01\/04.jpg","http:\/\/mm.howkuai.com\/wp-content\/uploads\/2014a\/12\/01\/05.jpg","http:\/\/mm.howkuai.com\/wp-content\/uploads\/2014a\/12\/01\/06.jpg","http:\/\/mm.howkuai.com\/wp-content\/uploads\/2014a\/12\/01\/07.jpg","http:\/\/mm.howkuai.com\/wp-content\/uploads\/2014a\/12\/01\/08.jpg"]},{"plaintext":"\u90a3\u4e9b\u767d\u7699\u7c89\u5ae9\u7684\u6027\u611f\u7f8e\u4eba\u513f\uff0810\uff09","href":"http:\/\/www.meizitu.com\/a\/4665.html","pic_list":["http:\/\/mm.howkuai.com\/wp-content\/uploads\/2014a\/11\/72\/01.jpg","http:\/\/mm.howkuai.com\/wp-content\/uploads\/2014a\/11\/72\/02.jpg","http:\/\/mm.howkuai.com\/wp-content\/uploads\/2014a\/11\/72\/03.jpg","http:\/\/mm.howkuai.com\/wp-content\/uploads\/2014a\/11\/72\/04.jpg","http:\/\/mm.howkuai.com\/wp-content\/uploads\/2014a\/11\/72\/05.jpg","http:\/\/mm.howkuai.com\/wp-content\/uploads\/2014a\/11\/72\/06.jpg","http:\/\/mm.howkuai.com\/wp-content\/uploads\/2014a\/11\/72\/07.jpg","http:\/\/mm.howkuai.com\/wp-content\/uploads\/2014a\/11\/72\/08.jpg","http:\/\/mm.howkuai.com\/wp-content\/uploads\/2014a\/11\/72\/09.jpg","http:\/\/mm.howkuai.com\/wp-content\/uploads\/2014a\/11\/72\/10.jpg"]},{"plaintext":"\u9189\u4e86\uff0c\u5973\u795e\u738b\u7199\u7136\u6700\u65b0\u5199\u771f\u4f5c\u54c1","href":"http:\/\/www.meizitu.com\/a\/4664.html","pic_list":["http:\/\/mm.howkuai.com\/wp-content\/uploads\/2014a\/11\/71\/01.jpg","http:\/\/mm.howkuai.com\/wp-content\/uploads\/2014a\/11\/71\/02.jpg","http:\/\/mm.howkuai.com\/wp-content\/uploads\/2014a\/11\/71\/03.jpg","http:\/\/mm.howkuai.com\/wp-content\/uploads\/2014a\/11\/71\/04.jpg","http:\/\/mm.howkuai.com\/wp-content\/uploads\/2014a\/11\/71\/05.jpg","http:\/\/mm.howkuai.com\/wp-content\/uploads\/2014a\/11\/71\/06.jpg","http:\/\/mm.howkuai.com\/wp-content\/uploads\/2014a\/11\/71\/07.jpg","http:\/\/mm.howkuai.com\/wp-content\/uploads\/2014a\/11\/71\/08.jpg"]}]