[{"plaintext":"\u65e5\u7cfb\u98ce\uff0c\u5947\u5947\u306e\u6cf3\u6c60\u5199\u771f\u96c6","href":"http:\/\/www.meizitu.com\/a\/5205.html","pic_list":["http:\/\/mm.howkuai.com\/wp-content\/uploads\/2015a\/10\/36\/01.jpg","http:\/\/mm.howkuai.com\/wp-content\/uploads\/2015a\/10\/36\/02.jpg","http:\/\/mm.howkuai.com\/wp-content\/uploads\/2015a\/10\/36\/03.jpg","http:\/\/mm.howkuai.com\/wp-content\/uploads\/2015a\/10\/36\/04.jpg","http:\/\/mm.howkuai.com\/wp-content\/uploads\/2015a\/10\/36\/05.jpg","http:\/\/mm.howkuai.com\/wp-content\/uploads\/2015a\/10\/36\/06.jpg","http:\/\/mm.howkuai.com\/wp-content\/uploads\/2015a\/10\/36\/07.jpg","http:\/\/mm.howkuai.com\/wp-content\/uploads\/2015a\/10\/36\/08.jpg","http:\/\/mm.howkuai.com\/wp-content\/uploads\/2015a\/10\/36\/09.jpg","http:\/\/mm.howkuai.com\/wp-content\/uploads\/2015a\/10\/36\/10.jpg"]},{"plaintext":"\u5ae9\u6a21Penny\u6e05\u65b0\u79c1\u623f\uff0c\u4e00\u5bf9\u767d\u5154\u547c\u4e4b\u6b32\u51fa","href":"http:\/\/www.meizitu.com\/a\/5204.html","pic_list":["http:\/\/mm.howkuai.com\/wp-content\/uploads\/2015a\/10\/35\/01.jpg","http:\/\/mm.howkuai.com\/wp-content\/uploads\/2015a\/10\/35\/02.jpg","http:\/\/mm.howkuai.com\/wp-content\/uploads\/2015a\/10\/35\/03.jpg","http:\/\/mm.howkuai.com\/wp-content\/uploads\/2015a\/10\/35\/04.jpg","http:\/\/mm.howkuai.com\/wp-content\/uploads\/2015a\/10\/35\/05.jpg","http:\/\/mm.howkuai.com\/wp-content\/uploads\/2015a\/10\/35\/06.jpg"]},{"plaintext":"\u7edd\u5bf9\u7684\u8bf1\u60d1\uff0c\u6027\u611f\u88f8\u6a21\u7530\u7d2b\u7d2b","href":"http:\/\/www.meizitu.com\/a\/5203.html","pic_list":["http:\/\/mm.howkuai.com\/wp-content\/uploads\/2015a\/10\/34\/01.jpg","http:\/\/mm.howkuai.com\/wp-content\/uploads\/2015a\/10\/34\/02.jpg","http:\/\/mm.howkuai.com\/wp-content\/uploads\/2015a\/10\/34\/03.jpg","http:\/\/mm.howkuai.com\/wp-content\/uploads\/2015a\/10\/34\/04.jpg","http:\/\/mm.howkuai.com\/wp-content\/uploads\/2015a\/10\/34\/05.jpg"]},{"plaintext":"\u552f\u7f8e\u53ef\u7231\u7684\u77ed\u53d1\u5973\u5b50\uff0c\u65f6\u5149\u4e0e\u5c18","href":"http:\/\/www.meizitu.com\/a\/5202.html","pic_list":["http:\/\/mm.howkuai.com\/wp-content\/uploads\/2015a\/10\/33\/01.jpg","http:\/\/mm.howkuai.com\/wp-content\/uploads\/2015a\/10\/33\/02.jpg","http:\/\/mm.howkuai.com\/wp-content\/uploads\/2015a\/10\/33\/03.jpg","http:\/\/mm.howkuai.com\/wp-content\/uploads\/2015a\/10\/33\/04.jpg","http:\/\/mm.howkuai.com\/wp-content\/uploads\/2015a\/10\/33\/05.jpg","http:\/\/mm.howkuai.com\/wp-content\/uploads\/2015a\/10\/33\/06.jpg","http:\/\/mm.howkuai.com\/wp-content\/uploads\/2015a\/10\/33\/07.jpg"]},{"plaintext":"\u6e05\u7eaf\u53ef\u7231\u7684\u65e5\u672c\u59b9\u5b50\u7c89\u8272\u7cfb\u7761\u8863\u63a7","href":"http:\/\/www.meizitu.com\/a\/5201.html","pic_list":["http:\/\/mm.howkuai.com\/wp-content\/uploads\/2015a\/10\/32\/01.jpg","http:\/\/mm.howkuai.com\/wp-content\/uploads\/2015a\/10\/32\/02.jpg","http:\/\/mm.howkuai.com\/wp-content\/uploads\/2015a\/10\/32\/03.jpg","http:\/\/mm.howkuai.com\/wp-content\/uploads\/2015a\/10\/32\/04.jpg","http:\/\/mm.howkuai.com\/wp-content\/uploads\/2015a\/10\/32\/05.jpg","http:\/\/mm.howkuai.com\/wp-content\/uploads\/2015a\/10\/32\/06.jpg","http:\/\/mm.howkuai.com\/wp-content\/uploads\/2015a\/10\/32\/07.jpg","http:\/\/mm.howkuai.com\/wp-content\/uploads\/2015a\/10\/32\/08.jpg","http:\/\/mm.howkuai.com\/wp-content\/uploads\/2015a\/10\/32\/09.jpg","http:\/\/mm.howkuai.com\/wp-content\/uploads\/2015a\/10\/32\/10.jpg"]},{"plaintext":"\u65e5\u672c\u65b0\u664b\u6df7\u8840\u5199\u771f\u5076\u50cf\u6bd4\u57fa\u5c3c\u5199\u771f","href":"http:\/\/www.meizitu.com\/a\/5200.html","pic_list":["http:\/\/mm.howkuai.com\/wp-content\/uploads\/2015a\/10\/31\/01.jpg","http:\/\/mm.howkuai.com\/wp-content\/uploads\/2015a\/10\/31\/02.jpg","http:\/\/mm.howkuai.com\/wp-content\/uploads\/2015a\/10\/31\/03.jpg","http:\/\/mm.howkuai.com\/wp-content\/uploads\/2015a\/10\/31\/04.jpg","http:\/\/mm.howkuai.com\/wp-content\/uploads\/2015a\/10\/31\/05.jpg","http:\/\/mm.howkuai.com\/wp-content\/uploads\/2015a\/10\/31\/06.jpg"]},{"plaintext":"\u6e05\u7eaf\u552f\u7f8e\u7f8e\u5973\u56fe\u5408\u96c6","href":"http:\/\/www.meizitu.com\/a\/5199.html","pic_list":["http:\/\/mm.howkuai.com\/wp-content\/uploads\/2015a\/10\/30\/01.jpg","http:\/\/mm.howkuai.com\/wp-content\/uploads\/2015a\/10\/30\/02.jpg","http:\/\/mm.howkuai.com\/wp-content\/uploads\/2015a\/10\/30\/03.jpg","http:\/\/mm.howkuai.com\/wp-content\/uploads\/2015a\/10\/30\/04.jpg","http:\/\/mm.howkuai.com\/wp-content\/uploads\/2015a\/10\/30\/05.jpg","http:\/\/mm.howkuai.com\/wp-content\/uploads\/2015a\/10\/30\/06.jpg","http:\/\/mm.howkuai.com\/wp-content\/uploads\/2015a\/10\/30\/07.jpg","http:\/\/mm.howkuai.com\/wp-content\/uploads\/2015a\/10\/30\/08.jpg","http:\/\/mm.howkuai.com\/wp-content\/uploads\/2015a\/10\/30\/09.jpg","http:\/\/mm.howkuai.com\/wp-content\/uploads\/2015a\/10\/30\/10.jpg"]},{"plaintext":"\u7389\u4f53\u8fce\u98ce\u7389\u9aa8\u51b0\u808c\uff0c\u90a3\u4e9b\u6027\u611f\u7684\u4eba\u513f","href":"http:\/\/www.meizitu.com\/a\/5198.html","pic_list":["http:\/\/mm.howkuai.com\/wp-content\/uploads\/2015a\/10\/29\/01.jpg","http:\/\/mm.howkuai.com\/wp-content\/uploads\/2015a\/10\/29\/02.jpg","http:\/\/mm.howkuai.com\/wp-content\/uploads\/2015a\/10\/29\/03.jpg","http:\/\/mm.howkuai.com\/wp-content\/uploads\/2015a\/10\/29\/04.jpg","http:\/\/mm.howkuai.com\/wp-content\/uploads\/2015a\/10\/29\/05.jpg","http:\/\/mm.howkuai.com\/wp-content\/uploads\/2015a\/10\/29\/06.jpg","http:\/\/mm.howkuai.com\/wp-content\/uploads\/2015a\/10\/29\/07.jpg","http:\/\/mm.howkuai.com\/wp-content\/uploads\/2015a\/10\/29\/08.jpg","http:\/\/mm.howkuai.com\/wp-content\/uploads\/2015a\/10\/29\/09.jpg","http:\/\/mm.howkuai.com\/wp-content\/uploads\/2015a\/10\/29\/10.jpg"]},{"plaintext":"\u6d77\u8fb9\u7684\u7f8e\u80f8\u59b9\u5b50\u64a9\u4eba\u5fc3\u6000","href":"http:\/\/www.meizitu.com\/a\/5197.html","pic_list":["http:\/\/mm.howkuai.com\/wp-content\/uploads\/2015a\/10\/28\/01.jpg","http:\/\/mm.howkuai.com\/wp-content\/uploads\/2015a\/10\/28\/02.jpg","http:\/\/mm.howkuai.com\/wp-content\/uploads\/2015a\/10\/28\/03.jpg","http:\/\/mm.howkuai.com\/wp-content\/uploads\/2015a\/10\/28\/04.jpg","http:\/\/mm.howkuai.com\/wp-content\/uploads\/2015a\/10\/28\/05.jpg","http:\/\/mm.howkuai.com\/wp-content\/uploads\/2015a\/10\/28\/06.jpg","http:\/\/mm.howkuai.com\/wp-content\/uploads\/2015a\/10\/28\/07.jpg","http:\/\/mm.howkuai.com\/wp-content\/uploads\/2015a\/10\/28\/08.jpg","http:\/\/mm.howkuai.com\/wp-content\/uploads\/2015a\/10\/28\/09.jpg"]},{"plaintext":"\u8eab\u6750\u67d4\u7f8e\u9ad8\u6311\u7684\u963f\u65af\u987f\u9a6c\u4e01\u6a21\u7279\u6f47\u6f47","href":"http:\/\/www.meizitu.com\/a\/5196.html","pic_list":["http:\/\/mm.howkuai.com\/wp-content\/uploads\/2015a\/10\/27\/01.jpg","http:\/\/mm.howkuai.com\/wp-content\/uploads\/2015a\/10\/27\/02.jpg","http:\/\/mm.howkuai.com\/wp-content\/uploads\/2015a\/10\/27\/03.jpg","http:\/\/mm.howkuai.com\/wp-content\/uploads\/2015a\/10\/27\/04.jpg","http:\/\/mm.howkuai.com\/wp-content\/uploads\/2015a\/10\/27\/05.jpg","http:\/\/mm.howkuai.com\/wp-content\/uploads\/2015a\/10\/27\/06.jpg","http:\/\/mm.howkuai.com\/wp-content\/uploads\/2015a\/10\/27\/07.jpg"]},{"plaintext":"\u6e05\u7eaf\u59b9\u5b50\u7738\u542b\u79cb\u6c34\u53cc\u76ee\u6f84\u6f88","href":"http:\/\/www.meizitu.com\/a\/5195.html","pic_list":["http:\/\/mm.howkuai.com\/wp-content\/uploads\/2015a\/10\/26\/01.jpg","http:\/\/mm.howkuai.com\/wp-content\/uploads\/2015a\/10\/26\/02.jpg","http:\/\/mm.howkuai.com\/wp-content\/uploads\/2015a\/10\/26\/03.jpg","http:\/\/mm.howkuai.com\/wp-content\/uploads\/2015a\/10\/26\/04.jpg","http:\/\/mm.howkuai.com\/wp-content\/uploads\/2015a\/10\/26\/05.jpg","http:\/\/mm.howkuai.com\/wp-content\/uploads\/2015a\/10\/26\/06.jpg","http:\/\/mm.howkuai.com\/wp-content\/uploads\/2015a\/10\/26\/07.jpg"]},{"plaintext":"\u51f8\u51f9\u8eab\u6750\u7684\u4f73\u4eba\u4fef\u8eab\u5f2f\u8170\u5c55\u73b0\u6027\u611f","href":"http:\/\/www.meizitu.com\/a\/5194.html","pic_list":["http:\/\/mm.howkuai.com\/wp-content\/uploads\/2015a\/10\/25\/01.jpg","http:\/\/mm.howkuai.com\/wp-content\/uploads\/2015a\/10\/25\/02.jpg","http:\/\/mm.howkuai.com\/wp-content\/uploads\/2015a\/10\/25\/03.jpg","http:\/\/mm.howkuai.com\/wp-content\/uploads\/2015a\/10\/25\/04.jpg","http:\/\/mm.howkuai.com\/wp-content\/uploads\/2015a\/10\/25\/05.jpg","http:\/\/mm.howkuai.com\/wp-content\/uploads\/2015a\/10\/25\/06.jpg"]},{"plaintext":"\u68b3\u7740\u9a6c\u5c3e\u8fab\u7684\u67d4\u5f31\u59b9\u7eb8","href":"http:\/\/www.meizitu.com\/a\/5193.html","pic_list":["http:\/\/mm.howkuai.com\/wp-content\/uploads\/2015a\/10\/24\/01.jpg","http:\/\/mm.howkuai.com\/wp-content\/uploads\/2015a\/10\/24\/02.jpg","http:\/\/mm.howkuai.com\/wp-content\/uploads\/2015a\/10\/24\/03.jpg","http:\/\/mm.howkuai.com\/wp-content\/uploads\/2015a\/10\/24\/04.jpg","http:\/\/mm.howkuai.com\/wp-content\/uploads\/2015a\/10\/24\/05.jpg","http:\/\/mm.howkuai.com\/wp-content\/uploads\/2015a\/10\/24\/06.jpg","http:\/\/mm.howkuai.com\/wp-content\/uploads\/2015a\/10\/24\/07.jpg","http:\/\/mm.howkuai.com\/wp-content\/uploads\/2015a\/10\/24\/08.jpg"]},{"plaintext":"\u6027\u611f\u5ae9\u6a21\u7530\u7d2b\u7d2b\u8eab\u7a7f\u8fd0\u52a8\u80cc\u5fc3\u5199\u771f","href":"http:\/\/www.meizitu.com\/a\/5192.html","pic_list":["http:\/\/mm.howkuai.com\/wp-content\/uploads\/2015a\/10\/23\/01.jpg","http:\/\/mm.howkuai.com\/wp-content\/uploads\/2015a\/10\/23\/02.jpg","http:\/\/mm.howkuai.com\/wp-content\/uploads\/2015a\/10\/23\/03.jpg","http:\/\/mm.howkuai.com\/wp-content\/uploads\/2015a\/10\/23\/04.jpg","http:\/\/mm.howkuai.com\/wp-content\/uploads\/2015a\/10\/23\/05.jpg","http:\/\/mm.howkuai.com\/wp-content\/uploads\/2015a\/10\/23\/06.jpg","http:\/\/mm.howkuai.com\/wp-content\/uploads\/2015a\/10\/23\/07.jpg","http:\/\/mm.howkuai.com\/wp-content\/uploads\/2015a\/10\/23\/08.jpg"]},{"plaintext":"\u65f6\u5c1a\u6469\u767b\u7f8e\u5973\u79c1\u623f\u5199\u771f","href":"http:\/\/www.meizitu.com\/a\/5191.html","pic_list":["http:\/\/mm.howkuai.com\/wp-content\/uploads\/2015a\/10\/22\/01.jpg","http:\/\/mm.howkuai.com\/wp-content\/uploads\/2015a\/10\/22\/02.jpg","http:\/\/mm.howkuai.com\/wp-content\/uploads\/2015a\/10\/22\/03.jpg","http:\/\/mm.howkuai.com\/wp-content\/uploads\/2015a\/10\/22\/04.jpg","http:\/\/mm.howkuai.com\/wp-content\/uploads\/2015a\/10\/22\/05.jpg","http:\/\/mm.howkuai.com\/wp-content\/uploads\/2015a\/10\/22\/06.jpg","http:\/\/mm.howkuai.com\/wp-content\/uploads\/2015a\/10\/22\/07.jpg"]},{"plaintext":"\u5377\u53d1\u4f73\u4eba\u8d64\u811a\u8df3\u8dc3\u5728\u67d4\u8f6f\u7684\u91d1\u8272\u5915\u9633\u91cc","href":"http:\/\/www.meizitu.com\/a\/5190.html","pic_list":["http:\/\/mm.howkuai.com\/wp-content\/uploads\/2015a\/10\/21\/01.jpg","http:\/\/mm.howkuai.com\/wp-content\/uploads\/2015a\/10\/21\/02.jpg","http:\/\/mm.howkuai.com\/wp-content\/uploads\/2015a\/10\/21\/03.jpg","http:\/\/mm.howkuai.com\/wp-content\/uploads\/2015a\/10\/21\/04.jpg","http:\/\/mm.howkuai.com\/wp-content\/uploads\/2015a\/10\/21\/05.jpg","http:\/\/mm.howkuai.com\/wp-content\/uploads\/2015a\/10\/21\/06.jpg","http:\/\/mm.howkuai.com\/wp-content\/uploads\/2015a\/10\/21\/07.jpg"]},{"plaintext":"\u770b\u5230\u4f60\u5c31\u9633\u5149\u707f\u70c2\uff0c\u840c\u59b9\u5b50\u5356\u840c\u8bb0","href":"http:\/\/www.meizitu.com\/a\/5189.html","pic_list":["http:\/\/mm.howkuai.com\/wp-content\/uploads\/2015a\/10\/20\/01.jpg","http:\/\/mm.howkuai.com\/wp-content\/uploads\/2015a\/10\/20\/02.jpg","http:\/\/mm.howkuai.com\/wp-content\/uploads\/2015a\/10\/20\/03.jpg","http:\/\/mm.howkuai.com\/wp-content\/uploads\/2015a\/10\/20\/04.jpg","http:\/\/mm.howkuai.com\/wp-content\/uploads\/2015a\/10\/20\/05.jpg","http:\/\/mm.howkuai.com\/wp-content\/uploads\/2015a\/10\/20\/06.jpg","http:\/\/mm.howkuai.com\/wp-content\/uploads\/2015a\/10\/20\/07.jpg","http:\/\/mm.howkuai.com\/wp-content\/uploads\/2015a\/10\/20\/08.jpg"]},{"plaintext":"\u6d6a\u82b1\u51dd\u56fa\u7684\u77ac\u95f4\uff0c\u4e1d\u6beb\u4e0d\u80fd\u963b\u6321\u4f60\u7684\u7f8e","href":"http:\/\/www.meizitu.com\/a\/5188.html","pic_list":["http:\/\/mm.howkuai.com\/wp-content\/uploads\/2015a\/10\/19\/01.jpg","http:\/\/mm.howkuai.com\/wp-content\/uploads\/2015a\/10\/19\/02.jpg","http:\/\/mm.howkuai.com\/wp-content\/uploads\/2015a\/10\/19\/03.jpg","http:\/\/mm.howkuai.com\/wp-content\/uploads\/2015a\/10\/19\/04.jpg","http:\/\/mm.howkuai.com\/wp-content\/uploads\/2015a\/10\/19\/05.jpg","http:\/\/mm.howkuai.com\/wp-content\/uploads\/2015a\/10\/19\/06.jpg"]},{"plaintext":"\u989c\u503c\u9ad8,\u8eab\u6750\u59e3\u597d\u7684\u59b9\u5b50\u8ff7\u4eba\u7684\u5fae\u7b11","href":"http:\/\/www.meizitu.com\/a\/5187.html","pic_list":["http:\/\/mm.howkuai.com\/wp-content\/uploads\/2015a\/10\/18\/01.jpg","http:\/\/mm.howkuai.com\/wp-content\/uploads\/2015a\/10\/18\/02.jpg","http:\/\/mm.howkuai.com\/wp-content\/uploads\/2015a\/10\/18\/03.jpg","http:\/\/mm.howkuai.com\/wp-content\/uploads\/2015a\/10\/18\/04.jpg","http:\/\/mm.howkuai.com\/wp-content\/uploads\/2015a\/10\/18\/05.jpg","http:\/\/mm.howkuai.com\/wp-content\/uploads\/2015a\/10\/18\/06.jpg","http:\/\/mm.howkuai.com\/wp-content\/uploads\/2015a\/10\/18\/07.jpg"]},{"plaintext":"\u7a7a\u8361\u623f\u95f4\u91cc\uff0c\u6570\u4e0d\u5c3d\u7684\u76f8\u601d","href":"http:\/\/www.meizitu.com\/a\/5186.html","pic_list":["http:\/\/mm.howkuai.com\/wp-content\/uploads\/2015a\/10\/17\/01.jpg","http:\/\/mm.howkuai.com\/wp-content\/uploads\/2015a\/10\/17\/02.jpg","http:\/\/mm.howkuai.com\/wp-content\/uploads\/2015a\/10\/17\/03.jpg","http:\/\/mm.howkuai.com\/wp-content\/uploads\/2015a\/10\/17\/04.jpg","http:\/\/mm.howkuai.com\/wp-content\/uploads\/2015a\/10\/17\/05.jpg","http:\/\/mm.howkuai.com\/wp-content\/uploads\/2015a\/10\/17\/06.jpg","http:\/\/mm.howkuai.com\/wp-content\/uploads\/2015a\/10\/17\/07.jpg","http:\/\/mm.howkuai.com\/wp-content\/uploads\/2015a\/10\/17\/08.jpg","http:\/\/mm.howkuai.com\/wp-content\/uploads\/2015a\/10\/17\/09.jpg"]},{"plaintext":"\u5728\u8def\u4e0a\uff0c\u9047\u89c1\u6696\u6696\u7684\u5915\u9633","href":"http:\/\/www.meizitu.com\/a\/5185.html","pic_list":["http:\/\/mm.howkuai.com\/wp-content\/uploads\/2015a\/10\/16\/01.jpg","http:\/\/mm.howkuai.com\/wp-content\/uploads\/2015a\/10\/16\/02.jpg","http:\/\/mm.howkuai.com\/wp-content\/uploads\/2015a\/10\/16\/03.jpg","http:\/\/mm.howkuai.com\/wp-content\/uploads\/2015a\/10\/16\/04.jpg","http:\/\/mm.howkuai.com\/wp-content\/uploads\/2015a\/10\/16\/05.jpg","http:\/\/mm.howkuai.com\/wp-content\/uploads\/2015a\/10\/16\/06.jpg","http:\/\/mm.howkuai.com\/wp-content\/uploads\/2015a\/10\/16\/07.jpg","http:\/\/mm.howkuai.com\/wp-content\/uploads\/2015a\/10\/16\/08.jpg","http:\/\/mm.howkuai.com\/wp-content\/uploads\/2015a\/10\/16\/09.jpg","http:\/\/mm.howkuai.com\/wp-content\/uploads\/2015a\/10\/16\/10.jpg"]},{"plaintext":"\u6821\u56ed\u91cc\u7684\u957f\u817f\u8f6f\u59b9\u5b50\u4e00\u679a","href":"http:\/\/www.meizitu.com\/a\/5184.html","pic_list":["http:\/\/mm.howkuai.com\/wp-content\/uploads\/2015a\/10\/15\/01.jpg","http:\/\/mm.howkuai.com\/wp-content\/uploads\/2015a\/10\/15\/02.jpg","http:\/\/mm.howkuai.com\/wp-content\/uploads\/2015a\/10\/15\/03.jpg","http:\/\/mm.howkuai.com\/wp-content\/uploads\/2015a\/10\/15\/04.jpg","http:\/\/mm.howkuai.com\/wp-content\/uploads\/2015a\/10\/15\/05.jpg","http:\/\/mm.howkuai.com\/wp-content\/uploads\/2015a\/10\/15\/06.jpg","http:\/\/mm.howkuai.com\/wp-content\/uploads\/2015a\/10\/15\/07.jpg","http:\/\/mm.howkuai.com\/wp-content\/uploads\/2015a\/10\/15\/08.jpg","http:\/\/mm.howkuai.com\/wp-content\/uploads\/2015a\/10\/15\/09.jpg"]},{"plaintext":"\u5c71\u91ce\u8338\u8338\u94fa\u539a\u88ab\uff0c\u6811\u51c7\u8109\u8109\u88f9\u8f7b\u7eb1","href":"http:\/\/www.meizitu.com\/a\/5183.html","pic_list":["http:\/\/mm.howkuai.com\/wp-content\/uploads\/2015a\/10\/14\/01.jpg","http:\/\/mm.howkuai.com\/wp-content\/uploads\/2015a\/10\/14\/02.jpg","http:\/\/mm.howkuai.com\/wp-content\/uploads\/2015a\/10\/14\/03.jpg","http:\/\/mm.howkuai.com\/wp-content\/uploads\/2015a\/10\/14\/04.jpg","http:\/\/mm.howkuai.com\/wp-content\/uploads\/2015a\/10\/14\/05.jpg","http:\/\/mm.howkuai.com\/wp-content\/uploads\/2015a\/10\/14\/06.jpg"]},{"plaintext":"\u7edd\u8272\u5a07\u5a03\u7c73\u59ae\u55b7\u8840\u5973\u4ec6\u88c5\u5199\u771f","href":"http:\/\/www.meizitu.com\/a\/5182.html","pic_list":["http:\/\/mm.howkuai.com\/wp-content\/uploads\/2015a\/10\/13\/01.jpg","http:\/\/mm.howkuai.com\/wp-content\/uploads\/2015a\/10\/13\/02.jpg","http:\/\/mm.howkuai.com\/wp-content\/uploads\/2015a\/10\/13\/03.jpg","http:\/\/mm.howkuai.com\/wp-content\/uploads\/2015a\/10\/13\/04.jpg","http:\/\/mm.howkuai.com\/wp-content\/uploads\/2015a\/10\/13\/05.jpg","http:\/\/mm.howkuai.com\/wp-content\/uploads\/2015a\/10\/13\/06.jpg","http:\/\/mm.howkuai.com\/wp-content\/uploads\/2015a\/10\/13\/07.jpg"]},{"plaintext":"\u7f8e\u597d\u7684\u4e1c\u897f\u603b\u662f\u4e00\u8a00\u96be\u5c3d","href":"http:\/\/www.meizitu.com\/a\/5181.html","pic_list":["http:\/\/mm.howkuai.com\/wp-content\/uploads\/2015a\/10\/12\/01.jpg","http:\/\/mm.howkuai.com\/wp-content\/uploads\/2015a\/10\/12\/02.jpg","http:\/\/mm.howkuai.com\/wp-content\/uploads\/2015a\/10\/12\/03.jpg","http:\/\/mm.howkuai.com\/wp-content\/uploads\/2015a\/10\/12\/04.jpg","http:\/\/mm.howkuai.com\/wp-content\/uploads\/2015a\/10\/12\/05.jpg","http:\/\/mm.howkuai.com\/wp-content\/uploads\/2015a\/10\/12\/06.jpg","http:\/\/mm.howkuai.com\/wp-content\/uploads\/2015a\/10\/12\/07.jpg","http:\/\/mm.howkuai.com\/wp-content\/uploads\/2015a\/10\/12\/08.jpg","http:\/\/mm.howkuai.com\/wp-content\/uploads\/2015a\/10\/12\/09.jpg","http:\/\/mm.howkuai.com\/wp-content\/uploads\/2015a\/10\/12\/10.jpg"]},{"plaintext":"\u65e5\u7cfb\u59b9\u5b50\u5728\u5496\u5561\u5e97\u7684\u7b80\u5355\u751f\u6d3b","href":"http:\/\/www.meizitu.com\/a\/5180.html","pic_list":["http:\/\/mm.howkuai.com\/wp-content\/uploads\/2015a\/10\/11\/01.jpg","http:\/\/mm.howkuai.com\/wp-content\/uploads\/2015a\/10\/11\/02.jpg","http:\/\/mm.howkuai.com\/wp-content\/uploads\/2015a\/10\/11\/03.jpg","http:\/\/mm.howkuai.com\/wp-content\/uploads\/2015a\/10\/11\/04.jpg","http:\/\/mm.howkuai.com\/wp-content\/uploads\/2015a\/10\/11\/05.jpg","http:\/\/mm.howkuai.com\/wp-content\/uploads\/2015a\/10\/11\/06.jpg","http:\/\/mm.howkuai.com\/wp-content\/uploads\/2015a\/10\/11\/07.jpg","http:\/\/mm.howkuai.com\/wp-content\/uploads\/2015a\/10\/11\/08.jpg"]},{"plaintext":"\u6d74\u5dfe\u88f9\u4f4f\u7684\u6a21\u7279\u5e26\u6765\u4e00\u526f\u8272\u5f69\u6591\u6593\u7684\u6cb9\u753b","href":"http:\/\/www.meizitu.com\/a\/5179.html","pic_list":["http:\/\/mm.howkuai.com\/wp-content\/uploads\/2015a\/10\/10\/01.jpg","http:\/\/mm.howkuai.com\/wp-content\/uploads\/2015a\/10\/10\/02.jpg","http:\/\/mm.howkuai.com\/wp-content\/uploads\/2015a\/10\/10\/03.jpg","http:\/\/mm.howkuai.com\/wp-content\/uploads\/2015a\/10\/10\/04.jpg","http:\/\/mm.howkuai.com\/wp-content\/uploads\/2015a\/10\/10\/05.jpg","http:\/\/mm.howkuai.com\/wp-content\/uploads\/2015a\/10\/10\/06.jpg","http:\/\/mm.howkuai.com\/wp-content\/uploads\/2015a\/10\/10\/07.jpg"]},{"plaintext":"\u65e9\u5b89\u5c11\u5973\uff0c\u8c01\u5bb6\u6709\u5973\u521d\u957f\u6210","href":"http:\/\/www.meizitu.com\/a\/5178.html","pic_list":["http:\/\/mm.howkuai.com\/wp-content\/uploads\/2015a\/10\/09\/01.jpg","http:\/\/mm.howkuai.com\/wp-content\/uploads\/2015a\/10\/09\/02.jpg","http:\/\/mm.howkuai.com\/wp-content\/uploads\/2015a\/10\/09\/03.jpg","http:\/\/mm.howkuai.com\/wp-content\/uploads\/2015a\/10\/09\/04.jpg","http:\/\/mm.howkuai.com\/wp-content\/uploads\/2015a\/10\/09\/05.jpg","http:\/\/mm.howkuai.com\/wp-content\/uploads\/2015a\/10\/09\/06.jpg","http:\/\/mm.howkuai.com\/wp-content\/uploads\/2015a\/10\/09\/07.jpg","http:\/\/mm.howkuai.com\/wp-content\/uploads\/2015a\/10\/09\/08.jpg"]},{"plaintext":"\u81f4\u656c\u9ea6\u8fea\uff0c\u7bee\u7403\u5c11\u5973\u5c0f\u9896","href":"http:\/\/www.meizitu.com\/a\/5177.html","pic_list":["http:\/\/mm.howkuai.com\/wp-content\/uploads\/2015a\/10\/08\/01.jpg","http:\/\/mm.howkuai.com\/wp-content\/uploads\/2015a\/10\/08\/02.jpg","http:\/\/mm.howkuai.com\/wp-content\/uploads\/2015a\/10\/08\/03.jpg","http:\/\/mm.howkuai.com\/wp-content\/uploads\/2015a\/10\/08\/04.jpg","http:\/\/mm.howkuai.com\/wp-content\/uploads\/2015a\/10\/08\/05.jpg","http:\/\/mm.howkuai.com\/wp-content\/uploads\/2015a\/10\/08\/06.jpg","http:\/\/mm.howkuai.com\/wp-content\/uploads\/2015a\/10\/08\/07.jpg","http:\/\/mm.howkuai.com\/wp-content\/uploads\/2015a\/10\/08\/08.jpg","http:\/\/mm.howkuai.com\/wp-content\/uploads\/2015a\/10\/08\/09.jpg"]},{"plaintext":"\u6b7b\u5e93\u6c34\uff0c\u6cf3\u6c60\u4e0a\u7684\u7eaf\u771f\u957f\u817f\u5973\u795e","href":"http:\/\/www.meizitu.com\/a\/5176.html","pic_list":["http:\/\/mm.howkuai.com\/wp-content\/uploads\/2015a\/10\/07\/01.jpg","http:\/\/mm.howkuai.com\/wp-content\/uploads\/2015a\/10\/07\/02.jpg","http:\/\/mm.howkuai.com\/wp-content\/uploads\/2015a\/10\/07\/03.jpg","http:\/\/mm.howkuai.com\/wp-content\/uploads\/2015a\/10\/07\/04.jpg","http:\/\/mm.howkuai.com\/wp-content\/uploads\/2015a\/10\/07\/05.jpg","http:\/\/mm.howkuai.com\/wp-content\/uploads\/2015a\/10\/07\/06.jpg","http:\/\/mm.howkuai.com\/wp-content\/uploads\/2015a\/10\/07\/07.jpg","http:\/\/mm.howkuai.com\/wp-content\/uploads\/2015a\/10\/07\/08.jpg","http:\/\/mm.howkuai.com\/wp-content\/uploads\/2015a\/10\/07\/09.jpg","http:\/\/mm.howkuai.com\/wp-content\/uploads\/2015a\/10\/07\/10.jpg"]}]