[{"plaintext":"\u6b27\u7f8e\u6027\u611f\u6a21\u7279\u6b23\u8d4f","href":"http:\/\/www.meizitu.com\/a\/4535.html","pic_list":["http:\/\/mm.howkuai.com\/wp-content\/uploads\/2014a\/10\/22\/01.jpg","http:\/\/mm.howkuai.com\/wp-content\/uploads\/2014a\/10\/22\/02.jpg","http:\/\/mm.howkuai.com\/wp-content\/uploads\/2014a\/10\/22\/03.jpg","http:\/\/mm.howkuai.com\/wp-content\/uploads\/2014a\/10\/22\/04.jpg","http:\/\/mm.howkuai.com\/wp-content\/uploads\/2014a\/10\/22\/05.jpg","http:\/\/mm.howkuai.com\/wp-content\/uploads\/2014a\/10\/22\/06.jpg","http:\/\/mm.howkuai.com\/wp-content\/uploads\/2014a\/10\/22\/07.jpg","http:\/\/mm.howkuai.com\/wp-content\/uploads\/2014a\/10\/22\/08.jpg","http:\/\/mm.howkuai.com\/wp-content\/uploads\/2014a\/10\/22\/09.jpg","http:\/\/mm.howkuai.com\/wp-content\/uploads\/2014a\/10\/22\/10.jpg"]},{"plaintext":"\u5c0f\u5ae9\u8089\u59d0\u59b9\u95fa\u871c\uff0c\u60f3\u5ff5\u4f60\u7684\u98de\u543b","href":"http:\/\/www.meizitu.com\/a\/4534.html","pic_list":["http:\/\/mm.howkuai.com\/wp-content\/uploads\/2014a\/10\/21\/01.jpg","http:\/\/mm.howkuai.com\/wp-content\/uploads\/2014a\/10\/21\/02.jpg","http:\/\/mm.howkuai.com\/wp-content\/uploads\/2014a\/10\/21\/03.jpg","http:\/\/mm.howkuai.com\/wp-content\/uploads\/2014a\/10\/21\/04.jpg","http:\/\/mm.howkuai.com\/wp-content\/uploads\/2014a\/10\/21\/05.jpg","http:\/\/mm.howkuai.com\/wp-content\/uploads\/2014a\/10\/21\/06.jpg","http:\/\/mm.howkuai.com\/wp-content\/uploads\/2014a\/10\/21\/07.jpg","http:\/\/mm.howkuai.com\/wp-content\/uploads\/2014a\/10\/21\/08.jpg"]},{"plaintext":"\u5927\u80c6\u51fa\u4f4d\uff0c\u6027\u611f\u7f8e\u5973\u4e00\u5468\u7cbe\u9009","href":"http:\/\/www.meizitu.com\/a\/4533.html","pic_list":["http:\/\/mm.howkuai.com\/wp-content\/uploads\/2014a\/10\/20\/01.jpg","http:\/\/mm.howkuai.com\/wp-content\/uploads\/2014a\/10\/20\/02.jpg","http:\/\/mm.howkuai.com\/wp-content\/uploads\/2014a\/10\/20\/03.jpg","http:\/\/mm.howkuai.com\/wp-content\/uploads\/2014a\/10\/20\/04.jpg","http:\/\/mm.howkuai.com\/wp-content\/uploads\/2014a\/10\/20\/05.jpg","http:\/\/mm.howkuai.com\/wp-content\/uploads\/2014a\/10\/20\/06.jpg"]},{"plaintext":"\u7ec6\u817b\u808c\u80a4\u7ec6\u7ec6\u7684\u6c99\uff0c\u53f6\u6893\u8431\u6700\u65b0\u6d77\u6ee9\u5199\u771f","href":"http:\/\/www.meizitu.com\/a\/4532.html","pic_list":["http:\/\/mm.howkuai.com\/wp-content\/uploads\/2014a\/10\/19\/01.jpg","http:\/\/mm.howkuai.com\/wp-content\/uploads\/2014a\/10\/19\/02.jpg","http:\/\/mm.howkuai.com\/wp-content\/uploads\/2014a\/10\/19\/03.jpg","http:\/\/mm.howkuai.com\/wp-content\/uploads\/2014a\/10\/19\/04.jpg","http:\/\/mm.howkuai.com\/wp-content\/uploads\/2014a\/10\/19\/05.jpg"]},{"plaintext":"\u957f\u53d1\u59b9\u5b50\u674e\u6db5\u7199\u7684\u95fa\u623f\u7d20\u989c\u56fe\u7247","href":"http:\/\/www.meizitu.com\/a\/4531.html","pic_list":["http:\/\/mm.howkuai.com\/wp-content\/uploads\/2014a\/10\/18\/01.jpg","http:\/\/mm.howkuai.com\/wp-content\/uploads\/2014a\/10\/18\/02.jpg","http:\/\/mm.howkuai.com\/wp-content\/uploads\/2014a\/10\/18\/03.jpg","http:\/\/mm.howkuai.com\/wp-content\/uploads\/2014a\/10\/18\/04.jpg","http:\/\/mm.howkuai.com\/wp-content\/uploads\/2014a\/10\/18\/05.jpg","http:\/\/mm.howkuai.com\/wp-content\/uploads\/2014a\/10\/18\/06.jpg"]},{"plaintext":"\u6027\u611f\u6a21\u7279\u677e\u679c\u513f\u4e0a\u6f14\u9738\u6c14\u5973\u738b\u7167","href":"http:\/\/www.meizitu.com\/a\/4530.html","pic_list":["http:\/\/mm.howkuai.com\/wp-content\/uploads\/2014a\/10\/17\/01.jpg","http:\/\/mm.howkuai.com\/wp-content\/uploads\/2014a\/10\/17\/02.jpg","http:\/\/mm.howkuai.com\/wp-content\/uploads\/2014a\/10\/17\/03.jpg","http:\/\/mm.howkuai.com\/wp-content\/uploads\/2014a\/10\/17\/04.jpg","http:\/\/mm.howkuai.com\/wp-content\/uploads\/2014a\/10\/17\/05.jpg","http:\/\/mm.howkuai.com\/wp-content\/uploads\/2014a\/10\/17\/06.jpg"]},{"plaintext":"\u4e30\u6ee1\u7f8e\u5973\u7684\u7f8e\uff0c\u90a3\u4e9b\u6027\u611f\u7684\u4eba\u513f\uff08\u516b\uff09","href":"http:\/\/www.meizitu.com\/a\/4529.html","pic_list":["http:\/\/mm.howkuai.com\/wp-content\/uploads\/2014a\/10\/16\/01.jpg","http:\/\/mm.howkuai.com\/wp-content\/uploads\/2014a\/10\/16\/02.jpg","http:\/\/mm.howkuai.com\/wp-content\/uploads\/2014a\/10\/16\/03.jpg","http:\/\/mm.howkuai.com\/wp-content\/uploads\/2014a\/10\/16\/04.jpg","http:\/\/mm.howkuai.com\/wp-content\/uploads\/2014a\/10\/16\/05.jpg","http:\/\/mm.howkuai.com\/wp-content\/uploads\/2014a\/10\/16\/06.jpg","http:\/\/mm.howkuai.com\/wp-content\/uploads\/2014a\/10\/16\/07.jpg","http:\/\/mm.howkuai.com\/wp-content\/uploads\/2014a\/10\/16\/08.jpg","http:\/\/mm.howkuai.com\/wp-content\/uploads\/2014a\/10\/16\/09.jpg","http:\/\/mm.howkuai.com\/wp-content\/uploads\/2014a\/10\/16\/10.jpg"]},{"plaintext":"\u6027\u611f\u6a21\u7279\u9648\u6021\u66fc\u7684\u8482\u66fc\u59ae\u5185\u8863\u5199\u771f","href":"http:\/\/www.meizitu.com\/a\/4528.html","pic_list":["http:\/\/mm.howkuai.com\/wp-content\/uploads\/2014a\/10\/15\/01.jpg","http:\/\/mm.howkuai.com\/wp-content\/uploads\/2014a\/10\/15\/02.jpg","http:\/\/mm.howkuai.com\/wp-content\/uploads\/2014a\/10\/15\/03.jpg","http:\/\/mm.howkuai.com\/wp-content\/uploads\/2014a\/10\/15\/04.jpg","http:\/\/mm.howkuai.com\/wp-content\/uploads\/2014a\/10\/15\/05.jpg","http:\/\/mm.howkuai.com\/wp-content\/uploads\/2014a\/10\/15\/06.jpg","http:\/\/mm.howkuai.com\/wp-content\/uploads\/2014a\/10\/15\/07.jpg","http:\/\/mm.howkuai.com\/wp-content\/uploads\/2014a\/10\/15\/08.jpg"]},{"plaintext":"\u957f\u817f\u6b63\u59b9\u8857\u8fb9\u968f\u62cd\uff0c\u50b2\u4eba\u8eab\u6750\u900f\u9732\u975e\u51e1\u81ea\u4fe1","href":"http:\/\/www.meizitu.com\/a\/4527.html","pic_list":["http:\/\/mm.howkuai.com\/wp-content\/uploads\/2014a\/10\/14\/01.jpg","http:\/\/mm.howkuai.com\/wp-content\/uploads\/2014a\/10\/14\/02.jpg","http:\/\/mm.howkuai.com\/wp-content\/uploads\/2014a\/10\/14\/03.jpg","http:\/\/mm.howkuai.com\/wp-content\/uploads\/2014a\/10\/14\/04.jpg","http:\/\/mm.howkuai.com\/wp-content\/uploads\/2014a\/10\/14\/05.jpg","http:\/\/mm.howkuai.com\/wp-content\/uploads\/2014a\/10\/14\/06.jpg"]},{"plaintext":"\u51cc\u4e71\u7684\u5e8a\u5355\uff0c\u65e0\u5c3d\u7684\u6b32\u671b","href":"http:\/\/www.meizitu.com\/a\/4526.html","pic_list":["http:\/\/mm.howkuai.com\/wp-content\/uploads\/2014a\/10\/13\/01.jpg","http:\/\/mm.howkuai.com\/wp-content\/uploads\/2014a\/10\/13\/02.jpg","http:\/\/mm.howkuai.com\/wp-content\/uploads\/2014a\/10\/13\/03.jpg","http:\/\/mm.howkuai.com\/wp-content\/uploads\/2014a\/10\/13\/04.jpg","http:\/\/mm.howkuai.com\/wp-content\/uploads\/2014a\/10\/13\/05.jpg"]},{"plaintext":"\u68ee\u7cfb\uff0c\u96ea\u767d\u857e\u4e1d\u59b9\u7eb8\u5728\u79cb\u5929","href":"http:\/\/www.meizitu.com\/a\/4525.html","pic_list":["http:\/\/mm.howkuai.com\/wp-content\/uploads\/2014a\/10\/12\/01.jpg","http:\/\/mm.howkuai.com\/wp-content\/uploads\/2014a\/10\/12\/02.jpg","http:\/\/mm.howkuai.com\/wp-content\/uploads\/2014a\/10\/12\/03.jpg","http:\/\/mm.howkuai.com\/wp-content\/uploads\/2014a\/10\/12\/04.jpg","http:\/\/mm.howkuai.com\/wp-content\/uploads\/2014a\/10\/12\/05.jpg","http:\/\/mm.howkuai.com\/wp-content\/uploads\/2014a\/10\/12\/06.jpg"]},{"plaintext":"\u5973\u795e\u8303\u5341\u8db3\uff0c\u697c\u9053\u91cc\u8ba9\u4eba\u55b7\u8840\u7684\u5b8c\u7f8e\u8eab\u6750","href":"http:\/\/www.meizitu.com\/a\/4524.html","pic_list":["http:\/\/mm.howkuai.com\/wp-content\/uploads\/2014a\/10\/11\/01.jpg","http:\/\/mm.howkuai.com\/wp-content\/uploads\/2014a\/10\/11\/02.jpg","http:\/\/mm.howkuai.com\/wp-content\/uploads\/2014a\/10\/11\/03.jpg","http:\/\/mm.howkuai.com\/wp-content\/uploads\/2014a\/10\/11\/04.jpg","http:\/\/mm.howkuai.com\/wp-content\/uploads\/2014a\/10\/11\/05.jpg","http:\/\/mm.howkuai.com\/wp-content\/uploads\/2014a\/10\/11\/06.jpg"]},{"plaintext":"\u5ae9\u6a21\u88f4\u5e0c\u897f\u7684\u6781\u54c1\u8eab\u6750","href":"http:\/\/www.meizitu.com\/a\/4523.html","pic_list":["http:\/\/mm.howkuai.com\/wp-content\/uploads\/2014a\/10\/10\/01.jpg","http:\/\/mm.howkuai.com\/wp-content\/uploads\/2014a\/10\/10\/02.jpg","http:\/\/mm.howkuai.com\/wp-content\/uploads\/2014a\/10\/10\/03.jpg","http:\/\/mm.howkuai.com\/wp-content\/uploads\/2014a\/10\/10\/04.jpg","http:\/\/mm.howkuai.com\/wp-content\/uploads\/2014a\/10\/10\/05.jpg","http:\/\/mm.howkuai.com\/wp-content\/uploads\/2014a\/10\/10\/06.jpg"]},{"plaintext":"\u62e5\u6709\u50b2\u4eba\u8eab\u6750\u7684\u6a21\u7279\u51af\u9756\u5a9b\u6c60\u8fb9\u5438\u6c34","href":"http:\/\/www.meizitu.com\/a\/4522.html","pic_list":["http:\/\/mm.howkuai.com\/wp-content\/uploads\/2014a\/10\/09\/01.jpg","http:\/\/mm.howkuai.com\/wp-content\/uploads\/2014a\/10\/09\/02.jpg","http:\/\/mm.howkuai.com\/wp-content\/uploads\/2014a\/10\/09\/03.jpg","http:\/\/mm.howkuai.com\/wp-content\/uploads\/2014a\/10\/09\/04.jpg","http:\/\/mm.howkuai.com\/wp-content\/uploads\/2014a\/10\/09\/05.jpg","http:\/\/mm.howkuai.com\/wp-content\/uploads\/2014a\/10\/09\/06.jpg"]},{"plaintext":"\u4e3d\u8d28\u5929\u6210\uff0c\u6c14\u8d28\u7f8e\u5973\u7684\u5496\u5561\u65f6\u5149","href":"http:\/\/www.meizitu.com\/a\/4521.html","pic_list":["http:\/\/mm.howkuai.com\/wp-content\/uploads\/2014a\/10\/08\/01.jpg","http:\/\/mm.howkuai.com\/wp-content\/uploads\/2014a\/10\/08\/02.jpg","http:\/\/mm.howkuai.com\/wp-content\/uploads\/2014a\/10\/08\/03.jpg","http:\/\/mm.howkuai.com\/wp-content\/uploads\/2014a\/10\/08\/04.jpg","http:\/\/mm.howkuai.com\/wp-content\/uploads\/2014a\/10\/08\/05.jpg","http:\/\/mm.howkuai.com\/wp-content\/uploads\/2014a\/10\/08\/06.jpg","http:\/\/mm.howkuai.com\/wp-content\/uploads\/2014a\/10\/08\/07.jpg","http:\/\/mm.howkuai.com\/wp-content\/uploads\/2014a\/10\/08\/08.jpg"]},{"plaintext":"\u7709\u76ee\u5982\u753b\uff0c\u6e05\u7eaf\u5982\u6c34\u7684\u8f6f\u59b9\u5b50","href":"http:\/\/www.meizitu.com\/a\/4520.html","pic_list":["http:\/\/mm.howkuai.com\/wp-content\/uploads\/2014a\/10\/07\/01.jpg","http:\/\/mm.howkuai.com\/wp-content\/uploads\/2014a\/10\/07\/02.jpg","http:\/\/mm.howkuai.com\/wp-content\/uploads\/2014a\/10\/07\/03.jpg","http:\/\/mm.howkuai.com\/wp-content\/uploads\/2014a\/10\/07\/04.jpg","http:\/\/mm.howkuai.com\/wp-content\/uploads\/2014a\/10\/07\/05.jpg","http:\/\/mm.howkuai.com\/wp-content\/uploads\/2014a\/10\/07\/06.jpg","http:\/\/mm.howkuai.com\/wp-content\/uploads\/2014a\/10\/07\/07.jpg","http:\/\/mm.howkuai.com\/wp-content\/uploads\/2014a\/10\/07\/08.jpg"]},{"plaintext":"\u7f8e\u80f8MM\u6027\u611f\u5185\u8863","href":"http:\/\/www.meizitu.com\/a\/4519.html","pic_list":["http:\/\/mm.howkuai.com\/wp-content\/uploads\/2014a\/10\/06\/01.jpg","http:\/\/mm.howkuai.com\/wp-content\/uploads\/2014a\/10\/06\/02.jpg","http:\/\/mm.howkuai.com\/wp-content\/uploads\/2014a\/10\/06\/03.jpg","http:\/\/mm.howkuai.com\/wp-content\/uploads\/2014a\/10\/06\/04.jpg","http:\/\/mm.howkuai.com\/wp-content\/uploads\/2014a\/10\/06\/05.jpg"]},{"plaintext":"\u5145\u6ee1\u7231\u5fc3\u7684\u5973\u795e\uff0c\u840c\u59b9\u5b50\u732b\u72d7\u5927\u4f5c\u6218","href":"http:\/\/www.meizitu.com\/a\/4518.html","pic_list":["http:\/\/mm.howkuai.com\/wp-content\/uploads\/2014a\/10\/05\/01.jpg","http:\/\/mm.howkuai.com\/wp-content\/uploads\/2014a\/10\/05\/02.jpg","http:\/\/mm.howkuai.com\/wp-content\/uploads\/2014a\/10\/05\/03.jpg","http:\/\/mm.howkuai.com\/wp-content\/uploads\/2014a\/10\/05\/04.jpg","http:\/\/mm.howkuai.com\/wp-content\/uploads\/2014a\/10\/05\/05.jpg","http:\/\/mm.howkuai.com\/wp-content\/uploads\/2014a\/10\/05\/06.jpg","http:\/\/mm.howkuai.com\/wp-content\/uploads\/2014a\/10\/05\/07.jpg","http:\/\/mm.howkuai.com\/wp-content\/uploads\/2014a\/10\/05\/08.jpg","http:\/\/mm.howkuai.com\/wp-content\/uploads\/2014a\/10\/05\/09.jpg","http:\/\/mm.howkuai.com\/wp-content\/uploads\/2014a\/10\/05\/10.jpg"]},{"plaintext":"\u808c\u80a4\u80dc\u96ea\u7f8e\u5973\u7684\u5927\u80c6\u79c1\u623f\u56fe","href":"http:\/\/www.meizitu.com\/a\/4517.html","pic_list":["http:\/\/mm.howkuai.com\/wp-content\/uploads\/2014a\/10\/04\/01.jpg","http:\/\/mm.howkuai.com\/wp-content\/uploads\/2014a\/10\/04\/02.jpg","http:\/\/mm.howkuai.com\/wp-content\/uploads\/2014a\/10\/04\/03.jpg","http:\/\/mm.howkuai.com\/wp-content\/uploads\/2014a\/10\/04\/04.jpg","http:\/\/mm.howkuai.com\/wp-content\/uploads\/2014a\/10\/04\/05.jpg"]},{"plaintext":"\u8d81\u7740\u590f\u5929\u7684\u5c3e\u5df4\uff0c\u7f8e\u7709\u5c55\u793a\u81ea\u5df1\u7684\u9752\u6625","href":"http:\/\/www.meizitu.com\/a\/4516.html","pic_list":["http:\/\/mm.howkuai.com\/wp-content\/uploads\/2014a\/10\/03\/01.jpg","http:\/\/mm.howkuai.com\/wp-content\/uploads\/2014a\/10\/03\/02.jpg","http:\/\/mm.howkuai.com\/wp-content\/uploads\/2014a\/10\/03\/03.jpg","http:\/\/mm.howkuai.com\/wp-content\/uploads\/2014a\/10\/03\/04.jpg","http:\/\/mm.howkuai.com\/wp-content\/uploads\/2014a\/10\/03\/05.jpg","http:\/\/mm.howkuai.com\/wp-content\/uploads\/2014a\/10\/03\/06.jpg","http:\/\/mm.howkuai.com\/wp-content\/uploads\/2014a\/10\/03\/07.jpg"]},{"plaintext":"\u5b85\u7537\u7684\u6700\u7231,\u7f8e\u4e73\u59b9\u59b9\u53ef\u513f","href":"http:\/\/www.meizitu.com\/a\/4515.html","pic_list":["http:\/\/mm.howkuai.com\/wp-content\/uploads\/2014a\/10\/02\/01.jpg","http:\/\/mm.howkuai.com\/wp-content\/uploads\/2014a\/10\/02\/02.jpg","http:\/\/mm.howkuai.com\/wp-content\/uploads\/2014a\/10\/02\/03.jpg","http:\/\/mm.howkuai.com\/wp-content\/uploads\/2014a\/10\/02\/04.jpg","http:\/\/mm.howkuai.com\/wp-content\/uploads\/2014a\/10\/02\/05.jpg","http:\/\/mm.howkuai.com\/wp-content\/uploads\/2014a\/10\/02\/06.jpg"]},{"plaintext":"\u7bee\u7403\u5c11\u5973\uff0c\u6c27\u6c14\u5973\u5b69\u64cd\u573a\u7bc7","href":"http:\/\/www.meizitu.com\/a\/4514.html","pic_list":["http:\/\/mm.howkuai.com\/wp-content\/uploads\/2014a\/10\/01\/01.jpg","http:\/\/mm.howkuai.com\/wp-content\/uploads\/2014a\/10\/01\/02.jpg","http:\/\/mm.howkuai.com\/wp-content\/uploads\/2014a\/10\/01\/03.jpg","http:\/\/mm.howkuai.com\/wp-content\/uploads\/2014a\/10\/01\/04.jpg","http:\/\/mm.howkuai.com\/wp-content\/uploads\/2014a\/10\/01\/05.jpg","http:\/\/mm.howkuai.com\/wp-content\/uploads\/2014a\/10\/01\/06.jpg","http:\/\/mm.howkuai.com\/wp-content\/uploads\/2014a\/10\/01\/07.jpg","http:\/\/mm.howkuai.com\/wp-content\/uploads\/2014a\/10\/01\/08.jpg","http:\/\/mm.howkuai.com\/wp-content\/uploads\/2014a\/10\/01\/09.jpg"]},{"plaintext":"\u6e05\u7eaf\u59b9\u5b50\u7684\u6821\u56ed\u884c\uff0c\u5076\u5c14\u8fd8\u662f\u4f1a\u60f3\u8d77\u4f60","href":"http:\/\/www.meizitu.com\/a\/4513.html","pic_list":["http:\/\/mm.howkuai.com\/wp-content\/uploads\/2014a\/09\/58\/01.jpg","http:\/\/mm.howkuai.com\/wp-content\/uploads\/2014a\/09\/58\/02.jpg","http:\/\/mm.howkuai.com\/wp-content\/uploads\/2014a\/09\/58\/03.jpg","http:\/\/mm.howkuai.com\/wp-content\/uploads\/2014a\/09\/58\/04.jpg","http:\/\/mm.howkuai.com\/wp-content\/uploads\/2014a\/09\/58\/05.jpg","http:\/\/mm.howkuai.com\/wp-content\/uploads\/2014a\/09\/58\/06.jpg","http:\/\/mm.howkuai.com\/wp-content\/uploads\/2014a\/09\/58\/07.jpg","http:\/\/mm.howkuai.com\/wp-content\/uploads\/2014a\/09\/58\/08.jpg"]},{"plaintext":"\u5236\u670d\u7684\u8bf1\u60d1\uff0c\u677e\u679c\u513f\u7684\u62a4\u58eb\u88c5\u5199\u771f","href":"http:\/\/www.meizitu.com\/a\/4512.html","pic_list":["http:\/\/mm.howkuai.com\/wp-content\/uploads\/2014a\/09\/57\/01.jpg","http:\/\/mm.howkuai.com\/wp-content\/uploads\/2014a\/09\/57\/02.jpg","http:\/\/mm.howkuai.com\/wp-content\/uploads\/2014a\/09\/57\/03.jpg","http:\/\/mm.howkuai.com\/wp-content\/uploads\/2014a\/09\/57\/04.jpg","http:\/\/mm.howkuai.com\/wp-content\/uploads\/2014a\/09\/57\/05.jpg","http:\/\/mm.howkuai.com\/wp-content\/uploads\/2014a\/09\/57\/06.jpg","http:\/\/mm.howkuai.com\/wp-content\/uploads\/2014a\/09\/57\/07.jpg"]},{"plaintext":"\u56fd\u5e86\u8f66\u5c55\u5373\u5c06\u5f00\u59cb\uff0c\u4eba\u89c1\u4eba\u7231\u7684\u751c\u7f8e\u6027\u611f\u8f66\u6a21","href":"http:\/\/www.meizitu.com\/a\/4511.html","pic_list":["http:\/\/mm.howkuai.com\/wp-content\/uploads\/2014a\/09\/56\/01.jpg","http:\/\/mm.howkuai.com\/wp-content\/uploads\/2014a\/09\/56\/02.jpg","http:\/\/mm.howkuai.com\/wp-content\/uploads\/2014a\/09\/56\/03.jpg","http:\/\/mm.howkuai.com\/wp-content\/uploads\/2014a\/09\/56\/04.jpg","http:\/\/mm.howkuai.com\/wp-content\/uploads\/2014a\/09\/56\/05.jpg","http:\/\/mm.howkuai.com\/wp-content\/uploads\/2014a\/09\/56\/06.jpg","http:\/\/mm.howkuai.com\/wp-content\/uploads\/2014a\/09\/56\/07.jpg","http:\/\/mm.howkuai.com\/wp-content\/uploads\/2014a\/09\/56\/08.jpg","http:\/\/mm.howkuai.com\/wp-content\/uploads\/2014a\/09\/56\/09.jpg","http:\/\/mm.howkuai.com\/wp-content\/uploads\/2014a\/09\/56\/10.jpg"]},{"plaintext":"\u6700\u7f8e\u5973\u5251\u624b\uff0c\u82f1\u59ff\u98d2\u723d\u5374\u53c8\u6e05\u65b0\u8ff7\u4eba","href":"http:\/\/www.meizitu.com\/a\/4510.html","pic_list":["http:\/\/mm.howkuai.com\/wp-content\/uploads\/2014a\/09\/55\/01.jpg","http:\/\/mm.howkuai.com\/wp-content\/uploads\/2014a\/09\/55\/02.jpg","http:\/\/mm.howkuai.com\/wp-content\/uploads\/2014a\/09\/55\/03.jpg","http:\/\/mm.howkuai.com\/wp-content\/uploads\/2014a\/09\/55\/04.jpg","http:\/\/mm.howkuai.com\/wp-content\/uploads\/2014a\/09\/55\/05.jpg","http:\/\/mm.howkuai.com\/wp-content\/uploads\/2014a\/09\/55\/06.jpg","http:\/\/mm.howkuai.com\/wp-content\/uploads\/2014a\/09\/55\/07.jpg","http:\/\/mm.howkuai.com\/wp-content\/uploads\/2014a\/09\/55\/08.jpg","http:\/\/mm.howkuai.com\/wp-content\/uploads\/2014a\/09\/55\/09.jpg"]},{"plaintext":"\u7ea4\u8170\u7f8e\u817f\u7f8e\u5973\u7684\u96c5\u81f4\u7eb9\u8eab","href":"http:\/\/www.meizitu.com\/a\/4509.html","pic_list":["http:\/\/mm.howkuai.com\/wp-content\/uploads\/2014a\/09\/54\/01.jpg","http:\/\/mm.howkuai.com\/wp-content\/uploads\/2014a\/09\/54\/02.jpg","http:\/\/mm.howkuai.com\/wp-content\/uploads\/2014a\/09\/54\/03.jpg","http:\/\/mm.howkuai.com\/wp-content\/uploads\/2014a\/09\/54\/04.jpg","http:\/\/mm.howkuai.com\/wp-content\/uploads\/2014a\/09\/54\/05.jpg"]},{"plaintext":"\u6c14\u8d28\u4f73\u4eba\uff0c\u8d85\u597d\u8eab\u6750\u7684\u5973\u795e\u6f14\u7ece\u5b8c\u7f8e\u5a5a\u7eb1","href":"http:\/\/www.meizitu.com\/a\/4508.html","pic_list":["http:\/\/mm.howkuai.com\/wp-content\/uploads\/2014a\/09\/53\/01.jpg","http:\/\/mm.howkuai.com\/wp-content\/uploads\/2014a\/09\/53\/02.jpg","http:\/\/mm.howkuai.com\/wp-content\/uploads\/2014a\/09\/53\/03.jpg","http:\/\/mm.howkuai.com\/wp-content\/uploads\/2014a\/09\/53\/04.jpg","http:\/\/mm.howkuai.com\/wp-content\/uploads\/2014a\/09\/53\/05.jpg","http:\/\/mm.howkuai.com\/wp-content\/uploads\/2014a\/09\/53\/06.jpg","http:\/\/mm.howkuai.com\/wp-content\/uploads\/2014a\/09\/53\/07.jpg","http:\/\/mm.howkuai.com\/wp-content\/uploads\/2014a\/09\/53\/08.jpg"]},{"plaintext":"\u6027\u611f\u5973\u5b69\u7684\u6d74\u5ba4\u79c1\u623f\u5199\u771f","href":"http:\/\/www.meizitu.com\/a\/4507.html","pic_list":["http:\/\/mm.howkuai.com\/wp-content\/uploads\/2014a\/09\/52\/01.jpg","http:\/\/mm.howkuai.com\/wp-content\/uploads\/2014a\/09\/52\/02.jpg","http:\/\/mm.howkuai.com\/wp-content\/uploads\/2014a\/09\/52\/03.jpg","http:\/\/mm.howkuai.com\/wp-content\/uploads\/2014a\/09\/52\/04.jpg"]},{"plaintext":"\u6f02\u4eae\u7684\u7d2b\u8272\u5b66\u751f\u670d\uff0c\u534e\u5e08\u5927\u6cd5\u5f8b\u7cfb\u7f8e\u5973","href":"http:\/\/www.meizitu.com\/a\/4506.html","pic_list":["http:\/\/mm.howkuai.com\/wp-content\/uploads\/2014a\/09\/51\/01.jpg","http:\/\/mm.howkuai.com\/wp-content\/uploads\/2014a\/09\/51\/02.jpg","http:\/\/mm.howkuai.com\/wp-content\/uploads\/2014a\/09\/51\/03.jpg","http:\/\/mm.howkuai.com\/wp-content\/uploads\/2014a\/09\/51\/04.jpg","http:\/\/mm.howkuai.com\/wp-content\/uploads\/2014a\/09\/51\/05.jpg","http:\/\/mm.howkuai.com\/wp-content\/uploads\/2014a\/09\/51\/06.jpg"]}]