[{"plaintext":"\u541b\u6f9c\u30fb \u6c27\u516c\u4e3b\uff0c\u6cf3\u88c5\u7f8e\u5973\u4e3a\u697c\u76d8\u4ee3\u8a00","href":"http:\/\/www.meizitu.com\/a\/4233.html","pic_list":["http:\/\/mm.howkuai.com\/wp-content\/uploads\/2014a\/05\/34\/01.jpg","http:\/\/mm.howkuai.com\/wp-content\/uploads\/2014a\/05\/34\/02.jpg","http:\/\/mm.howkuai.com\/wp-content\/uploads\/2014a\/05\/34\/03.jpg","http:\/\/mm.howkuai.com\/wp-content\/uploads\/2014a\/05\/34\/04.jpg","http:\/\/mm.howkuai.com\/wp-content\/uploads\/2014a\/05\/34\/05.jpg","http:\/\/mm.howkuai.com\/wp-content\/uploads\/2014a\/05\/34\/06.jpg","http:\/\/mm.howkuai.com\/wp-content\/uploads\/2014a\/05\/34\/07.jpg"]},{"plaintext":"\u6c14\u8d28\u6b63\u59b9\uff0c\u4f60\u7684\u6bcf\u4e00\u4e2a\u773c\u795e\u90fd\u5728\u6211\u7684\u8bb0\u5fc6\u4e2d","href":"http:\/\/www.meizitu.com\/a\/4232.html","pic_list":["http:\/\/mm.howkuai.com\/wp-content\/uploads\/2014a\/05\/33\/01.jpg","http:\/\/mm.howkuai.com\/wp-content\/uploads\/2014a\/05\/33\/02.jpg","http:\/\/mm.howkuai.com\/wp-content\/uploads\/2014a\/05\/33\/03.jpg","http:\/\/mm.howkuai.com\/wp-content\/uploads\/2014a\/05\/33\/04.jpg"]},{"plaintext":"\u7231\u7b11\u3001\u7231\u95f9\uff0c\u6211\u7684\u5f69\u8272\u4e16\u754c\u6211\u505a\u4e3b","href":"http:\/\/www.meizitu.com\/a\/4231.html","pic_list":["http:\/\/mm.howkuai.com\/wp-content\/uploads\/2014a\/05\/32\/01.jpg","http:\/\/mm.howkuai.com\/wp-content\/uploads\/2014a\/05\/32\/02.jpg","http:\/\/mm.howkuai.com\/wp-content\/uploads\/2014a\/05\/32\/03.jpg","http:\/\/mm.howkuai.com\/wp-content\/uploads\/2014a\/05\/32\/04.jpg","http:\/\/mm.howkuai.com\/wp-content\/uploads\/2014a\/05\/32\/05.jpg","http:\/\/mm.howkuai.com\/wp-content\/uploads\/2014a\/05\/32\/06.jpg","http:\/\/mm.howkuai.com\/wp-content\/uploads\/2014a\/05\/32\/07.jpg"]},{"plaintext":"\u521d\u590f\uff0c\u7c89\u5ae9\u7f8e\u5973\u5916\u62cd\u5199\u771f","href":"http:\/\/www.meizitu.com\/a\/4228.html","pic_list":["http:\/\/mm.howkuai.com\/wp-content\/uploads\/2014a\/05\/29\/01.jpg","http:\/\/mm.howkuai.com\/wp-content\/uploads\/2014a\/05\/29\/02.jpg","http:\/\/mm.howkuai.com\/wp-content\/uploads\/2014a\/05\/29\/03.jpg","http:\/\/mm.howkuai.com\/wp-content\/uploads\/2014a\/05\/29\/04.jpg","http:\/\/mm.howkuai.com\/wp-content\/uploads\/2014a\/05\/29\/05.jpg","http:\/\/mm.howkuai.com\/wp-content\/uploads\/2014a\/05\/29\/06.jpg","http:\/\/mm.howkuai.com\/wp-content\/uploads\/2014a\/05\/29\/07.jpg"]},{"plaintext":"\u5f39\u94a2\u7434\u7684\u5973\u795e\uff0c\u82e5\u9690\u82e5\u73b0\u7684\u7f8e\u4e3d","href":"http:\/\/www.meizitu.com\/a\/4227.html","pic_list":["http:\/\/mm.howkuai.com\/wp-content\/uploads\/2014a\/05\/28\/01.jpg","http:\/\/mm.howkuai.com\/wp-content\/uploads\/2014a\/05\/28\/02.jpg","http:\/\/mm.howkuai.com\/wp-content\/uploads\/2014a\/05\/28\/03.jpg","http:\/\/mm.howkuai.com\/wp-content\/uploads\/2014a\/05\/28\/04.jpg","http:\/\/mm.howkuai.com\/wp-content\/uploads\/2014a\/05\/28\/05.jpg","http:\/\/mm.howkuai.com\/wp-content\/uploads\/2014a\/05\/28\/06.jpg"]},{"plaintext":"\u6001\u751f\u4e24\u9765\u4e4b\u6101\uff0c\u5fe7\u90c1\u7684\u6c14\u8d28\u59b9\u5b50","href":"http:\/\/www.meizitu.com\/a\/4226.html","pic_list":["http:\/\/mm.howkuai.com\/wp-content\/uploads\/2014a\/05\/27\/01.jpg","http:\/\/mm.howkuai.com\/wp-content\/uploads\/2014a\/05\/27\/02.jpg","http:\/\/mm.howkuai.com\/wp-content\/uploads\/2014a\/05\/27\/03.jpg","http:\/\/mm.howkuai.com\/wp-content\/uploads\/2014a\/05\/27\/04.jpg","http:\/\/mm.howkuai.com\/wp-content\/uploads\/2014a\/05\/27\/05.jpg","http:\/\/mm.howkuai.com\/wp-content\/uploads\/2014a\/05\/27\/06.jpg","http:\/\/mm.howkuai.com\/wp-content\/uploads\/2014a\/05\/27\/07.jpg"]},{"plaintext":"\u597d\u95fa\u871c\u5171\u540c\u6f14\u7ece\u6027\u611f\u62a4\u58eb","href":"http:\/\/www.meizitu.com\/a\/4225.html","pic_list":["http:\/\/mm.howkuai.com\/wp-content\/uploads\/2014a\/05\/26\/01.jpg","http:\/\/mm.howkuai.com\/wp-content\/uploads\/2014a\/05\/26\/02.jpg","http:\/\/mm.howkuai.com\/wp-content\/uploads\/2014a\/05\/26\/03.jpg","http:\/\/mm.howkuai.com\/wp-content\/uploads\/2014a\/05\/26\/04.jpg","http:\/\/mm.howkuai.com\/wp-content\/uploads\/2014a\/05\/26\/05.jpg"]},{"plaintext":"\u6cbb\u6108\u7cfb\uff0c\u53ef\u7231\u6e05\u65b0\u7684\u5143\u6c14\u5c11\u5973","href":"http:\/\/www.meizitu.com\/a\/4224.html","pic_list":["http:\/\/mm.howkuai.com\/wp-content\/uploads\/2014a\/05\/25\/01.jpg","http:\/\/mm.howkuai.com\/wp-content\/uploads\/2014a\/05\/25\/02.jpg","http:\/\/mm.howkuai.com\/wp-content\/uploads\/2014a\/05\/25\/03.jpg","http:\/\/mm.howkuai.com\/wp-content\/uploads\/2014a\/05\/25\/04.jpg","http:\/\/mm.howkuai.com\/wp-content\/uploads\/2014a\/05\/25\/05.jpg","http:\/\/mm.howkuai.com\/wp-content\/uploads\/2014a\/05\/25\/06.jpg","http:\/\/mm.howkuai.com\/wp-content\/uploads\/2014a\/05\/25\/07.jpg","http:\/\/mm.howkuai.com\/wp-content\/uploads\/2014a\/05\/25\/08.jpg","http:\/\/mm.howkuai.com\/wp-content\/uploads\/2014a\/05\/25\/09.jpg","http:\/\/mm.howkuai.com\/wp-content\/uploads\/2014a\/05\/25\/10.jpg","http:\/\/mm.howkuai.com\/wp-content\/uploads\/2014a\/05\/25\/11.jpg","http:\/\/mm.howkuai.com\/wp-content\/uploads\/2014a\/05\/25\/12.jpg"]},{"plaintext":"\u9633\u5149\u6709\u6d3b\u529b\u7684\u90bb\u5bb6\u5c0f\u5973\u96c5\u7b51\u5916\u62cd","href":"http:\/\/www.meizitu.com\/a\/4223.html","pic_list":["http:\/\/mm.howkuai.com\/wp-content\/uploads\/2014a\/05\/24\/01.jpg","http:\/\/mm.howkuai.com\/wp-content\/uploads\/2014a\/05\/24\/02.jpg","http:\/\/mm.howkuai.com\/wp-content\/uploads\/2014a\/05\/24\/03.jpg","http:\/\/mm.howkuai.com\/wp-content\/uploads\/2014a\/05\/24\/04.jpg","http:\/\/mm.howkuai.com\/wp-content\/uploads\/2014a\/05\/24\/05.jpg","http:\/\/mm.howkuai.com\/wp-content\/uploads\/2014a\/05\/24\/06.jpg","http:\/\/mm.howkuai.com\/wp-content\/uploads\/2014a\/05\/24\/07.jpg"]},{"plaintext":"\u679c\u5b50MM\u516c\u56ed\u6e05\u65b0\u5199\u771f","href":"http:\/\/www.meizitu.com\/a\/4222.html","pic_list":["http:\/\/mm.howkuai.com\/wp-content\/uploads\/2014a\/05\/23\/01.jpg","http:\/\/mm.howkuai.com\/wp-content\/uploads\/2014a\/05\/23\/02.jpg","http:\/\/mm.howkuai.com\/wp-content\/uploads\/2014a\/05\/23\/03.jpg","http:\/\/mm.howkuai.com\/wp-content\/uploads\/2014a\/05\/23\/04.jpg","http:\/\/mm.howkuai.com\/wp-content\/uploads\/2014a\/05\/23\/05.jpg","http:\/\/mm.howkuai.com\/wp-content\/uploads\/2014a\/05\/23\/06.jpg","http:\/\/mm.howkuai.com\/wp-content\/uploads\/2014a\/05\/23\/07.jpg","http:\/\/mm.howkuai.com\/wp-content\/uploads\/2014a\/05\/23\/08.jpg"]},{"plaintext":"\u6d41\u6dcc\u5165\u68a6\u7684\u60c5\u4e66\uff0c\u5c0f\u7cd6\u6c34\u7f8e\u62cd","href":"http:\/\/www.meizitu.com\/a\/4221.html","pic_list":["http:\/\/mm.howkuai.com\/wp-content\/uploads\/2014a\/05\/22\/01.jpg","http:\/\/mm.howkuai.com\/wp-content\/uploads\/2014a\/05\/22\/02.jpg","http:\/\/mm.howkuai.com\/wp-content\/uploads\/2014a\/05\/22\/03.jpg","http:\/\/mm.howkuai.com\/wp-content\/uploads\/2014a\/05\/22\/04.jpg","http:\/\/mm.howkuai.com\/wp-content\/uploads\/2014a\/05\/22\/05.jpg","http:\/\/mm.howkuai.com\/wp-content\/uploads\/2014a\/05\/22\/06.jpg","http:\/\/mm.howkuai.com\/wp-content\/uploads\/2014a\/05\/22\/07.jpg","http:\/\/mm.howkuai.com\/wp-content\/uploads\/2014a\/05\/22\/08.jpg"]},{"plaintext":"\u6c14\u8d28\u957f\u53d1\u7f8e\u7709\u6e05\u7eaf\u4e0e\u6027\u611f\u517c\u5907","href":"http:\/\/www.meizitu.com\/a\/4220.html","pic_list":["http:\/\/mm.howkuai.com\/wp-content\/uploads\/2014a\/05\/21\/01.jpg","http:\/\/mm.howkuai.com\/wp-content\/uploads\/2014a\/05\/21\/02.jpg","http:\/\/mm.howkuai.com\/wp-content\/uploads\/2014a\/05\/21\/03.jpg","http:\/\/mm.howkuai.com\/wp-content\/uploads\/2014a\/05\/21\/04.jpg","http:\/\/mm.howkuai.com\/wp-content\/uploads\/2014a\/05\/21\/05.jpg"]},{"plaintext":"\u53ef\u8010\u7684\u6df7\u8840\u59b9\u5b50\u7279\u6797\u5fb7\u5c14\u30fb\u73b2\u5948","href":"http:\/\/www.meizitu.com\/a\/4219.html","pic_list":["http:\/\/mm.howkuai.com\/wp-content\/uploads\/2014a\/05\/20\/01.jpg","http:\/\/mm.howkuai.com\/wp-content\/uploads\/2014a\/05\/20\/02.jpg","http:\/\/mm.howkuai.com\/wp-content\/uploads\/2014a\/05\/20\/03.jpg","http:\/\/mm.howkuai.com\/wp-content\/uploads\/2014a\/05\/20\/04.jpg","http:\/\/mm.howkuai.com\/wp-content\/uploads\/2014a\/05\/20\/05.jpg","http:\/\/mm.howkuai.com\/wp-content\/uploads\/2014a\/05\/20\/06.jpg","http:\/\/mm.howkuai.com\/wp-content\/uploads\/2014a\/05\/20\/07.jpg"]},{"plaintext":"90\u540e\u65e5\u672c\u53ef\u7231\u5973\u6f14\u5458\u65b0\u5ddd\u4f18\u7231\u6700\u65b0\u5199\u771f","href":"http:\/\/www.meizitu.com\/a\/4218.html","pic_list":["http:\/\/mm.howkuai.com\/wp-content\/uploads\/2014a\/05\/19\/01.jpg","http:\/\/mm.howkuai.com\/wp-content\/uploads\/2014a\/05\/19\/02.jpg","http:\/\/mm.howkuai.com\/wp-content\/uploads\/2014a\/05\/19\/03.jpg","http:\/\/mm.howkuai.com\/wp-content\/uploads\/2014a\/05\/19\/04.jpg","http:\/\/mm.howkuai.com\/wp-content\/uploads\/2014a\/05\/19\/05.jpg","http:\/\/mm.howkuai.com\/wp-content\/uploads\/2014a\/05\/19\/06.jpg","http:\/\/mm.howkuai.com\/wp-content\/uploads\/2014a\/05\/19\/07.jpg","http:\/\/mm.howkuai.com\/wp-content\/uploads\/2014a\/05\/19\/08.jpg"]},{"plaintext":"\u64a9\u62e8\u4f60\u5fc3\u795e\uff0c\u6f02\u4eae\u53c8\u6027\u611f\u7684MM\u96c6\u5408","href":"http:\/\/www.meizitu.com\/a\/4217.html","pic_list":["http:\/\/mm.howkuai.com\/wp-content\/uploads\/2014a\/05\/18\/01.jpg","http:\/\/mm.howkuai.com\/wp-content\/uploads\/2014a\/05\/18\/02.jpg","http:\/\/mm.howkuai.com\/wp-content\/uploads\/2014a\/05\/18\/03.jpg","http:\/\/mm.howkuai.com\/wp-content\/uploads\/2014a\/05\/18\/04.jpg","http:\/\/mm.howkuai.com\/wp-content\/uploads\/2014a\/05\/18\/05.jpg","http:\/\/mm.howkuai.com\/wp-content\/uploads\/2014a\/05\/18\/06.jpg","http:\/\/mm.howkuai.com\/wp-content\/uploads\/2014a\/05\/18\/07.jpg","http:\/\/mm.howkuai.com\/wp-content\/uploads\/2014a\/05\/18\/08.jpg","http:\/\/mm.howkuai.com\/wp-content\/uploads\/2014a\/05\/18\/09.jpg"]},{"plaintext":"\u8c01\u662f\u6211\u7684\u767d\u9a6c\u738b\u5b50\uff0c\u957f\u53d1\u6c14\u8d28\u7f8e\u5973\u5c0f\u6e05\u65b0","href":"http:\/\/www.meizitu.com\/a\/4216.html","pic_list":["http:\/\/mm.howkuai.com\/wp-content\/uploads\/2014a\/05\/17\/01.jpg","http:\/\/mm.howkuai.com\/wp-content\/uploads\/2014a\/05\/17\/02.jpg","http:\/\/mm.howkuai.com\/wp-content\/uploads\/2014a\/05\/17\/03.jpg","http:\/\/mm.howkuai.com\/wp-content\/uploads\/2014a\/05\/17\/04.jpg","http:\/\/mm.howkuai.com\/wp-content\/uploads\/2014a\/05\/17\/05.jpg","http:\/\/mm.howkuai.com\/wp-content\/uploads\/2014a\/05\/17\/06.jpg"]},{"plaintext":"\u4e30\u795e\u51b6\u4e3d\uff0c\u9a6c\u5c14\u4ee3\u592b\u7f8e\u4e3d\u6d77\u6ee9\u6cf3\u88c5\u79c0","href":"http:\/\/www.meizitu.com\/a\/4215.html","pic_list":["http:\/\/mm.howkuai.com\/wp-content\/uploads\/2014a\/05\/16\/01.jpg","http:\/\/mm.howkuai.com\/wp-content\/uploads\/2014a\/05\/16\/02.jpg","http:\/\/mm.howkuai.com\/wp-content\/uploads\/2014a\/05\/16\/03.jpg","http:\/\/mm.howkuai.com\/wp-content\/uploads\/2014a\/05\/16\/04.jpg","http:\/\/mm.howkuai.com\/wp-content\/uploads\/2014a\/05\/16\/05.jpg","http:\/\/mm.howkuai.com\/wp-content\/uploads\/2014a\/05\/16\/06.jpg"]},{"plaintext":"\u7eaf\u60c5\u5973\u751f\u7684\u5f02\u57df\u98ce\u60c5\u4e00\u9762","href":"http:\/\/www.meizitu.com\/a\/4214.html","pic_list":["http:\/\/mm.howkuai.com\/wp-content\/uploads\/2014a\/05\/15\/01.jpg","http:\/\/mm.howkuai.com\/wp-content\/uploads\/2014a\/05\/15\/02.jpg","http:\/\/mm.howkuai.com\/wp-content\/uploads\/2014a\/05\/15\/03.jpg","http:\/\/mm.howkuai.com\/wp-content\/uploads\/2014a\/05\/15\/04.jpg","http:\/\/mm.howkuai.com\/wp-content\/uploads\/2014a\/05\/15\/05.jpg","http:\/\/mm.howkuai.com\/wp-content\/uploads\/2014a\/05\/15\/06.jpg"]},{"plaintext":"\u5236\u670d\u6b63\u59b9\uff0c\u521d\u590f\u7684\u6027\u611f\u5c0f\u62a4\u58eb","href":"http:\/\/www.meizitu.com\/a\/4213.html","pic_list":["http:\/\/mm.howkuai.com\/wp-content\/uploads\/2014a\/05\/14\/01.jpg","http:\/\/mm.howkuai.com\/wp-content\/uploads\/2014a\/05\/14\/02.jpg","http:\/\/mm.howkuai.com\/wp-content\/uploads\/2014a\/05\/14\/03.jpg","http:\/\/mm.howkuai.com\/wp-content\/uploads\/2014a\/05\/14\/04.jpg","http:\/\/mm.howkuai.com\/wp-content\/uploads\/2014a\/05\/14\/05.jpg","http:\/\/mm.howkuai.com\/wp-content\/uploads\/2014a\/05\/14\/06.jpg"]},{"plaintext":"\u7f8e\u817f\u59b9\u5b50\u5728\u5496\u5561\u5c4b\u7684\u4f11\u95f2\u5199\u771f","href":"http:\/\/www.meizitu.com\/a\/4212.html","pic_list":["http:\/\/mm.howkuai.com\/wp-content\/uploads\/2014a\/05\/13\/01.jpg","http:\/\/mm.howkuai.com\/wp-content\/uploads\/2014a\/05\/13\/02.jpg","http:\/\/mm.howkuai.com\/wp-content\/uploads\/2014a\/05\/13\/03.jpg","http:\/\/mm.howkuai.com\/wp-content\/uploads\/2014a\/05\/13\/04.jpg","http:\/\/mm.howkuai.com\/wp-content\/uploads\/2014a\/05\/13\/05.jpg","http:\/\/mm.howkuai.com\/wp-content\/uploads\/2014a\/05\/13\/06.jpg"]},{"plaintext":"\u773c\u795e\u8ff7\u79bb\u7684\u5c0f\u79c1\u623f","href":"http:\/\/www.meizitu.com\/a\/4211.html","pic_list":["http:\/\/mm.howkuai.com\/wp-content\/uploads\/2014a\/05\/12\/01.jpg","http:\/\/mm.howkuai.com\/wp-content\/uploads\/2014a\/05\/12\/02.jpg","http:\/\/mm.howkuai.com\/wp-content\/uploads\/2014a\/05\/12\/03.jpg","http:\/\/mm.howkuai.com\/wp-content\/uploads\/2014a\/05\/12\/04.jpg","http:\/\/mm.howkuai.com\/wp-content\/uploads\/2014a\/05\/12\/05.jpg","http:\/\/mm.howkuai.com\/wp-content\/uploads\/2014a\/05\/12\/06.jpg"]},{"plaintext":"\u4eab\u53d7\u6700\u540e\u7684\u51c9\u723d\uff0c\u521d\u590f\u5c0f\u7cd6\u6c34","href":"http:\/\/www.meizitu.com\/a\/4209.html","pic_list":["http:\/\/mm.howkuai.com\/wp-content\/uploads\/2014a\/05\/10\/01.jpg","http:\/\/mm.howkuai.com\/wp-content\/uploads\/2014a\/05\/10\/02.jpg","http:\/\/mm.howkuai.com\/wp-content\/uploads\/2014a\/05\/10\/03.jpg","http:\/\/mm.howkuai.com\/wp-content\/uploads\/2014a\/05\/10\/04.jpg","http:\/\/mm.howkuai.com\/wp-content\/uploads\/2014a\/05\/10\/05.jpg","http:\/\/mm.howkuai.com\/wp-content\/uploads\/2014a\/05\/10\/06.jpg","http:\/\/mm.howkuai.com\/wp-content\/uploads\/2014a\/05\/10\/07.jpg"]},{"plaintext":"\u5b9d\u9a6c\u91cd\u673a\u8f66\u4e0e\u7f8e\u5973\uff0c\u5b8c\u7f8e\u642d\u914d","href":"http:\/\/www.meizitu.com\/a\/4208.html","pic_list":["http:\/\/mm.howkuai.com\/wp-content\/uploads\/2014a\/05\/09\/01.jpg","http:\/\/mm.howkuai.com\/wp-content\/uploads\/2014a\/05\/09\/02.jpg","http:\/\/mm.howkuai.com\/wp-content\/uploads\/2014a\/05\/09\/03.jpg","http:\/\/mm.howkuai.com\/wp-content\/uploads\/2014a\/05\/09\/04.jpg","http:\/\/mm.howkuai.com\/wp-content\/uploads\/2014a\/05\/09\/05.jpg"]},{"plaintext":"\u4f60\u5728\u82b1\u4e1b\u4e2d\u7b11\uff0c\u6e05\u7eaf\u7d20\u96c5\u7684\u5973\u5b69","href":"http:\/\/www.meizitu.com\/a\/4206.html","pic_list":["http:\/\/mm.howkuai.com\/wp-content\/uploads\/2014a\/05\/08\/01.jpg","http:\/\/mm.howkuai.com\/wp-content\/uploads\/2014a\/05\/08\/02.jpg","http:\/\/mm.howkuai.com\/wp-content\/uploads\/2014a\/05\/08\/03.jpg","http:\/\/mm.howkuai.com\/wp-content\/uploads\/2014a\/05\/08\/04.jpg","http:\/\/mm.howkuai.com\/wp-content\/uploads\/2014a\/05\/08\/05.jpg","http:\/\/mm.howkuai.com\/wp-content\/uploads\/2014a\/05\/08\/06.jpg","http:\/\/mm.howkuai.com\/wp-content\/uploads\/2014a\/05\/08\/07.jpg"]},{"plaintext":"\u957f\u53d1\u59b9\u5b50\u559c\u6b22\u590f\u5929\u7684\u6e05\u65b0","href":"http:\/\/www.meizitu.com\/a\/4205.html","pic_list":["http:\/\/mm.howkuai.com\/wp-content\/uploads\/2014a\/05\/07\/01.jpg","http:\/\/mm.howkuai.com\/wp-content\/uploads\/2014a\/05\/07\/02.jpg","http:\/\/mm.howkuai.com\/wp-content\/uploads\/2014a\/05\/07\/03.jpg","http:\/\/mm.howkuai.com\/wp-content\/uploads\/2014a\/05\/07\/04.jpg","http:\/\/mm.howkuai.com\/wp-content\/uploads\/2014a\/05\/07\/05.jpg","http:\/\/mm.howkuai.com\/wp-content\/uploads\/2014a\/05\/07\/06.jpg","http:\/\/mm.howkuai.com\/wp-content\/uploads\/2014a\/05\/07\/07.jpg"]},{"plaintext":"\u552f\u7f8e\u59b9\u7eb8\u7fa1\u715e\u65c1\u4eba\uff0c\u751c\u871c\u7684\u95fa\u871c\u751f\u6d3b","href":"http:\/\/www.meizitu.com\/a\/4204.html","pic_list":["http:\/\/mm.howkuai.com\/wp-content\/uploads\/2014a\/05\/06\/01.jpg","http:\/\/mm.howkuai.com\/wp-content\/uploads\/2014a\/05\/06\/02.jpg","http:\/\/mm.howkuai.com\/wp-content\/uploads\/2014a\/05\/06\/03.jpg","http:\/\/mm.howkuai.com\/wp-content\/uploads\/2014a\/05\/06\/04.jpg","http:\/\/mm.howkuai.com\/wp-content\/uploads\/2014a\/05\/06\/05.jpg","http:\/\/mm.howkuai.com\/wp-content\/uploads\/2014a\/05\/06\/06.jpg","http:\/\/mm.howkuai.com\/wp-content\/uploads\/2014a\/05\/06\/07.jpg","http:\/\/mm.howkuai.com\/wp-content\/uploads\/2014a\/05\/06\/08.jpg"]}]