[{"plaintext":"\u52a8\u6f2b\u7f8e\u5973\uff0c\u5fc5\u987b\u4e2a\u4e2a\u90fd\u751c\u7f8e\u53ef\u7231","href":"http:\/\/www.meizitu.com\/a\/4141.html","pic_list":["http:\/\/mm.howkuai.com\/wp-content\/uploads\/2014a\/04\/03\/01.jpg","http:\/\/mm.howkuai.com\/wp-content\/uploads\/2014a\/04\/03\/02.jpg","http:\/\/mm.howkuai.com\/wp-content\/uploads\/2014a\/04\/03\/03.jpg","http:\/\/mm.howkuai.com\/wp-content\/uploads\/2014a\/04\/03\/04.jpg","http:\/\/mm.howkuai.com\/wp-content\/uploads\/2014a\/04\/03\/05.jpg","http:\/\/mm.howkuai.com\/wp-content\/uploads\/2014a\/04\/03\/06.jpg","http:\/\/mm.howkuai.com\/wp-content\/uploads\/2014a\/04\/03\/07.jpg","http:\/\/mm.howkuai.com\/wp-content\/uploads\/2014a\/04\/03\/08.jpg","http:\/\/mm.howkuai.com\/wp-content\/uploads\/2014a\/04\/03\/09.jpg","http:\/\/mm.howkuai.com\/wp-content\/uploads\/2014a\/04\/03\/10.jpg","http:\/\/mm.howkuai.com\/wp-content\/uploads\/2014a\/04\/03\/11.jpg"]},{"plaintext":"\u795e\u6001\u5a07\u5a9a\u7684\u7f8e\u81c0\u7f8e\u5973\u79c1\u623f\u5199\u771f","href":"http:\/\/www.meizitu.com\/a\/4140.html","pic_list":["http:\/\/mm.howkuai.com\/wp-content\/uploads\/2014a\/04\/02\/01.jpg","http:\/\/mm.howkuai.com\/wp-content\/uploads\/2014a\/04\/02\/02.jpg","http:\/\/mm.howkuai.com\/wp-content\/uploads\/2014a\/04\/02\/03.jpg","http:\/\/mm.howkuai.com\/wp-content\/uploads\/2014a\/04\/02\/04.jpg","http:\/\/mm.howkuai.com\/wp-content\/uploads\/2014a\/04\/02\/05.jpg","http:\/\/mm.howkuai.com\/wp-content\/uploads\/2014a\/04\/02\/06.jpg","http:\/\/mm.howkuai.com\/wp-content\/uploads\/2014a\/04\/02\/07.jpg"]},{"plaintext":"\u7f8e\u5973\u4e0e\u72d7\u72d7\uff0c\u738b\u68a6\u5b9e\u97e9\u56fd\u9996\u5c14\u884c","href":"http:\/\/www.meizitu.com\/a\/4139.html","pic_list":["http:\/\/mm.howkuai.com\/wp-content\/uploads\/2014a\/04\/01\/01.jpg","http:\/\/mm.howkuai.com\/wp-content\/uploads\/2014a\/04\/01\/02.jpg","http:\/\/mm.howkuai.com\/wp-content\/uploads\/2014a\/04\/01\/03.jpg","http:\/\/mm.howkuai.com\/wp-content\/uploads\/2014a\/04\/01\/04.jpg","http:\/\/mm.howkuai.com\/wp-content\/uploads\/2014a\/04\/01\/05.jpg"]},{"plaintext":"\u5a07\u5c0f\u73b2\u73d1\u51f9\u51f8\u6709\u81f4\u7684\u5c0f\u5ae9\u8089\u59a9\u5a9a\u52a8\u4eba","href":"http:\/\/www.meizitu.com\/a\/4138.html","pic_list":["http:\/\/mm.howkuai.com\/wp-content\/uploads\/2014a\/03\/67\/01.jpg","http:\/\/mm.howkuai.com\/wp-content\/uploads\/2014a\/03\/67\/02.jpg","http:\/\/mm.howkuai.com\/wp-content\/uploads\/2014a\/03\/67\/03.jpg","http:\/\/mm.howkuai.com\/wp-content\/uploads\/2014a\/03\/67\/04.jpg","http:\/\/mm.howkuai.com\/wp-content\/uploads\/2014a\/03\/67\/05.jpg","http:\/\/mm.howkuai.com\/wp-content\/uploads\/2014a\/03\/67\/06.jpg","http:\/\/mm.howkuai.com\/wp-content\/uploads\/2014a\/03\/67\/07.jpg","http:\/\/mm.howkuai.com\/wp-content\/uploads\/2014a\/03\/67\/08.jpg"]},{"plaintext":"\u7b11\u5bb9\u771f\u5b9e\u7f8e\u4e3d\uff0c\u6e05\u7eaf\u7684\u90bb\u5bb6\u5973\u5b69\u674e\u5029\u7199","href":"http:\/\/www.meizitu.com\/a\/4137.html","pic_list":["http:\/\/mm.howkuai.com\/wp-content\/uploads\/2014a\/03\/66\/01.jpg","http:\/\/mm.howkuai.com\/wp-content\/uploads\/2014a\/03\/66\/02.jpg","http:\/\/mm.howkuai.com\/wp-content\/uploads\/2014a\/03\/66\/03.jpg","http:\/\/mm.howkuai.com\/wp-content\/uploads\/2014a\/03\/66\/04.jpg","http:\/\/mm.howkuai.com\/wp-content\/uploads\/2014a\/03\/66\/05.jpg","http:\/\/mm.howkuai.com\/wp-content\/uploads\/2014a\/03\/66\/06.jpg","http:\/\/mm.howkuai.com\/wp-content\/uploads\/2014a\/03\/66\/07.jpg"]},{"plaintext":"\u827a\u672f\u3001\u821e\u8e48\uff0c\u6027\u611f\u7684\u94a2\u7ba1\u821e\u5973\u90ce\u5c0f\u98de","href":"http:\/\/www.meizitu.com\/a\/4136.html","pic_list":["http:\/\/mm.howkuai.com\/wp-content\/uploads\/2014a\/03\/65\/01.jpg","http:\/\/mm.howkuai.com\/wp-content\/uploads\/2014a\/03\/65\/02.jpg","http:\/\/mm.howkuai.com\/wp-content\/uploads\/2014a\/03\/65\/03.jpg","http:\/\/mm.howkuai.com\/wp-content\/uploads\/2014a\/03\/65\/04.jpg","http:\/\/mm.howkuai.com\/wp-content\/uploads\/2014a\/03\/65\/05.jpg","http:\/\/mm.howkuai.com\/wp-content\/uploads\/2014a\/03\/65\/06.jpg"]},{"plaintext":"\u5ae9\u6a21\u738b\u99a8\u7476yanni\u4e09\u4e9a\u62cd\u6444\u6700\u65b0\u5199\u771f","href":"http:\/\/www.meizitu.com\/a\/4135.html","pic_list":["http:\/\/mm.howkuai.com\/wp-content\/uploads\/2014a\/03\/64\/01.jpg","http:\/\/mm.howkuai.com\/wp-content\/uploads\/2014a\/03\/64\/02.jpg","http:\/\/mm.howkuai.com\/wp-content\/uploads\/2014a\/03\/64\/03.jpg","http:\/\/mm.howkuai.com\/wp-content\/uploads\/2014a\/03\/64\/04.jpg","http:\/\/mm.howkuai.com\/wp-content\/uploads\/2014a\/03\/64\/05.jpg","http:\/\/mm.howkuai.com\/wp-content\/uploads\/2014a\/03\/64\/06.jpg","http:\/\/mm.howkuai.com\/wp-content\/uploads\/2014a\/03\/64\/07.jpg","http:\/\/mm.howkuai.com\/wp-content\/uploads\/2014a\/03\/64\/08.jpg"]},{"plaintext":"\u6e05\u7eaf\u53ef\u7231\uff01\u5c0f\u4ed9\u5973\u59d0\u59d0\u4e0e\u5c0f\u8461\u8404\u841d\u8389","href":"http:\/\/www.meizitu.com\/a\/4134.html","pic_list":["http:\/\/mm.howkuai.com\/wp-content\/uploads\/2014a\/03\/63\/01.jpg","http:\/\/mm.howkuai.com\/wp-content\/uploads\/2014a\/03\/63\/02.jpg","http:\/\/mm.howkuai.com\/wp-content\/uploads\/2014a\/03\/63\/03.jpg","http:\/\/mm.howkuai.com\/wp-content\/uploads\/2014a\/03\/63\/04.jpg","http:\/\/mm.howkuai.com\/wp-content\/uploads\/2014a\/03\/63\/05.jpg","http:\/\/mm.howkuai.com\/wp-content\/uploads\/2014a\/03\/63\/06.jpg","http:\/\/mm.howkuai.com\/wp-content\/uploads\/2014a\/03\/63\/07.jpg","http:\/\/mm.howkuai.com\/wp-content\/uploads\/2014a\/03\/63\/08.jpg"]},{"plaintext":"\u559c\u6b22\u7b80\u5355\u751f\u6d3b\uff0c\u5c0f\u86ee\u8170\u7f8e\u7709\u6e05\u7eaf\u7167","href":"http:\/\/www.meizitu.com\/a\/4133.html","pic_list":["http:\/\/mm.howkuai.com\/wp-content\/uploads\/2014a\/03\/62\/01.jpg","http:\/\/mm.howkuai.com\/wp-content\/uploads\/2014a\/03\/62\/02.jpg","http:\/\/mm.howkuai.com\/wp-content\/uploads\/2014a\/03\/62\/03.jpg","http:\/\/mm.howkuai.com\/wp-content\/uploads\/2014a\/03\/62\/04.jpg","http:\/\/mm.howkuai.com\/wp-content\/uploads\/2014a\/03\/62\/05.jpg"]},{"plaintext":"\u7ae5\u989c\u5de8\u4e73\u5c0f\u841d\u8389\u7f8e\u5973\u5404\u79cd\u59ff\u52bf\u8bf1\u60d1\u4f60","href":"http:\/\/www.meizitu.com\/a\/4132.html","pic_list":["http:\/\/mm.howkuai.com\/wp-content\/uploads\/2014a\/03\/61\/01.jpg","http:\/\/mm.howkuai.com\/wp-content\/uploads\/2014a\/03\/61\/02.jpg","http:\/\/mm.howkuai.com\/wp-content\/uploads\/2014a\/03\/61\/03.jpg","http:\/\/mm.howkuai.com\/wp-content\/uploads\/2014a\/03\/61\/04.jpg","http:\/\/mm.howkuai.com\/wp-content\/uploads\/2014a\/03\/61\/05.jpg","http:\/\/mm.howkuai.com\/wp-content\/uploads\/2014a\/03\/61\/06.jpg"]},{"plaintext":"\u5a07\u5c0f\u53ef\u7231\uff0c\u6cf3\u6c60\u91cc\u7684\u5c0f\u6e05\u65b0\u7f8e\u5973\u620f\u6c34\u56fe","href":"http:\/\/www.meizitu.com\/a\/4130.html","pic_list":["http:\/\/mm.howkuai.com\/wp-content\/uploads\/2014a\/03\/59\/01.jpg","http:\/\/mm.howkuai.com\/wp-content\/uploads\/2014a\/03\/59\/02.jpg","http:\/\/mm.howkuai.com\/wp-content\/uploads\/2014a\/03\/59\/03.jpg","http:\/\/mm.howkuai.com\/wp-content\/uploads\/2014a\/03\/59\/04.jpg","http:\/\/mm.howkuai.com\/wp-content\/uploads\/2014a\/03\/59\/05.jpg","http:\/\/mm.howkuai.com\/wp-content\/uploads\/2014a\/03\/59\/06.jpg","http:\/\/mm.howkuai.com\/wp-content\/uploads\/2014a\/03\/59\/07.jpg","http:\/\/mm.howkuai.com\/wp-content\/uploads\/2014a\/03\/59\/08.jpg"]},{"plaintext":"\u9633\u5149\u4e0b\u5a07\u5a9a\u767d\u5ae9\u7684\u65e5\u672c\u59b9\u5b50\u4e2d\u6751\u9759\u9999","href":"http:\/\/www.meizitu.com\/a\/4129.html","pic_list":["http:\/\/mm.howkuai.com\/wp-content\/uploads\/2014a\/03\/58\/01.jpg","http:\/\/mm.howkuai.com\/wp-content\/uploads\/2014a\/03\/58\/02.jpg","http:\/\/mm.howkuai.com\/wp-content\/uploads\/2014a\/03\/58\/03.jpg","http:\/\/mm.howkuai.com\/wp-content\/uploads\/2014a\/03\/58\/04.jpg","http:\/\/mm.howkuai.com\/wp-content\/uploads\/2014a\/03\/58\/05.jpg","http:\/\/mm.howkuai.com\/wp-content\/uploads\/2014a\/03\/58\/06.jpg","http:\/\/mm.howkuai.com\/wp-content\/uploads\/2014a\/03\/58\/07.jpg"]},{"plaintext":"\u9690\u7ea6\u6726\u80e7\u7684\u5c0f\u6027\u611f\uff0c\u5377\u53d1\u7f8e\u5973\u7684\u8584\u7eb1\u8bf1\u60d1","href":"http:\/\/www.meizitu.com\/a\/4128.html","pic_list":["http:\/\/mm.howkuai.com\/wp-content\/uploads\/2014a\/03\/57\/01.jpg","http:\/\/mm.howkuai.com\/wp-content\/uploads\/2014a\/03\/57\/02.jpg","http:\/\/mm.howkuai.com\/wp-content\/uploads\/2014a\/03\/57\/03.jpg","http:\/\/mm.howkuai.com\/wp-content\/uploads\/2014a\/03\/57\/04.jpg","http:\/\/mm.howkuai.com\/wp-content\/uploads\/2014a\/03\/57\/05.jpg","http:\/\/mm.howkuai.com\/wp-content\/uploads\/2014a\/03\/57\/06.jpg","http:\/\/mm.howkuai.com\/wp-content\/uploads\/2014a\/03\/57\/07.jpg","http:\/\/mm.howkuai.com\/wp-content\/uploads\/2014a\/03\/57\/08.jpg","http:\/\/mm.howkuai.com\/wp-content\/uploads\/2014a\/03\/57\/09.jpg"]},{"plaintext":"\u4e30\u6ee1\u7f8e\u5973\u5a07\u4e73\u8ff7\u4eba\uff0c\u6709\u4e00\u79cd\u8bf4\u4e0d\u51fa\u7684\u98ce\u97f5","href":"http:\/\/www.meizitu.com\/a\/4127.html","pic_list":["http:\/\/mm.howkuai.com\/wp-content\/uploads\/2014a\/03\/56\/01.jpg","http:\/\/mm.howkuai.com\/wp-content\/uploads\/2014a\/03\/56\/02.jpg","http:\/\/mm.howkuai.com\/wp-content\/uploads\/2014a\/03\/56\/03.jpg","http:\/\/mm.howkuai.com\/wp-content\/uploads\/2014a\/03\/56\/04.jpg","http:\/\/mm.howkuai.com\/wp-content\/uploads\/2014a\/03\/56\/05.jpg","http:\/\/mm.howkuai.com\/wp-content\/uploads\/2014a\/03\/56\/06.jpg","http:\/\/mm.howkuai.com\/wp-content\/uploads\/2014a\/03\/56\/07.jpg","http:\/\/mm.howkuai.com\/wp-content\/uploads\/2014a\/03\/56\/08.jpg"]},{"plaintext":"\u5fa1\u5973\u90ce\uff0c\u6027\u611f\u7684\u7ed3\u5b9e\u7fd8\u81c0","href":"http:\/\/www.meizitu.com\/a\/4126.html","pic_list":["http:\/\/mm.howkuai.com\/wp-content\/uploads\/2014a\/03\/55\/01.jpg","http:\/\/mm.howkuai.com\/wp-content\/uploads\/2014a\/03\/55\/02.jpg","http:\/\/mm.howkuai.com\/wp-content\/uploads\/2014a\/03\/55\/03.jpg","http:\/\/mm.howkuai.com\/wp-content\/uploads\/2014a\/03\/55\/04.jpg","http:\/\/mm.howkuai.com\/wp-content\/uploads\/2014a\/03\/55\/05.jpg"]},{"plaintext":"\u97f3\u6e05\u67d4\u7f8e\u6613\u63a8\u5230\uff0c\u6d45\u7b11\u5ae3\u7136\u59b9\u59b9\u6e05\u751c\u8ff7\u4eba","href":"http:\/\/www.meizitu.com\/a\/4125.html","pic_list":["http:\/\/mm.howkuai.com\/wp-content\/uploads\/2014a\/03\/54\/01.jpg","http:\/\/mm.howkuai.com\/wp-content\/uploads\/2014a\/03\/54\/02.jpg","http:\/\/mm.howkuai.com\/wp-content\/uploads\/2014a\/03\/54\/03.jpg","http:\/\/mm.howkuai.com\/wp-content\/uploads\/2014a\/03\/54\/04.jpg","http:\/\/mm.howkuai.com\/wp-content\/uploads\/2014a\/03\/54\/05.jpg","http:\/\/mm.howkuai.com\/wp-content\/uploads\/2014a\/03\/54\/06.jpg","http:\/\/mm.howkuai.com\/wp-content\/uploads\/2014a\/03\/54\/07.jpg","http:\/\/mm.howkuai.com\/wp-content\/uploads\/2014a\/03\/54\/08.jpg"]},{"plaintext":"\u82cd\u8001\u5e08\u7626\u4e86\uff0c\u98ce\u60c5\u5404\u5f02\u7684\u6027\u611f\u5c0f\u7f8e\u5973","href":"http:\/\/www.meizitu.com\/a\/4124.html","pic_list":["http:\/\/mm.howkuai.com\/wp-content\/uploads\/2014a\/03\/53\/01.jpg","http:\/\/mm.howkuai.com\/wp-content\/uploads\/2014a\/03\/53\/02.jpg","http:\/\/mm.howkuai.com\/wp-content\/uploads\/2014a\/03\/53\/03.jpg","http:\/\/mm.howkuai.com\/wp-content\/uploads\/2014a\/03\/53\/04.jpg","http:\/\/mm.howkuai.com\/wp-content\/uploads\/2014a\/03\/53\/05.jpg","http:\/\/mm.howkuai.com\/wp-content\/uploads\/2014a\/03\/53\/06.jpg","http:\/\/mm.howkuai.com\/wp-content\/uploads\/2014a\/03\/53\/07.jpg","http:\/\/mm.howkuai.com\/wp-content\/uploads\/2014a\/03\/53\/08.jpg","http:\/\/mm.howkuai.com\/wp-content\/uploads\/2014a\/03\/53\/09.jpg","http:\/\/mm.howkuai.com\/wp-content\/uploads\/2014a\/03\/53\/10.jpg","http:\/\/mm.howkuai.com\/wp-content\/uploads\/2014a\/03\/53\/11.jpg"]},{"plaintext":"\u6e05\u7eaf\u957f\u53d1\u7f8e\u5973\u5728\u6e56\u4e2d\u592e\uff0c\u60f3\u628a\u5979\u5531\u7ed9\u4f60\u542c","href":"http:\/\/www.meizitu.com\/a\/4123.html","pic_list":["http:\/\/mm.howkuai.com\/wp-content\/uploads\/2014a\/03\/52\/01.jpg","http:\/\/mm.howkuai.com\/wp-content\/uploads\/2014a\/03\/52\/02.jpg","http:\/\/mm.howkuai.com\/wp-content\/uploads\/2014a\/03\/52\/03.jpg","http:\/\/mm.howkuai.com\/wp-content\/uploads\/2014a\/03\/52\/04.jpg","http:\/\/mm.howkuai.com\/wp-content\/uploads\/2014a\/03\/52\/05.jpg","http:\/\/mm.howkuai.com\/wp-content\/uploads\/2014a\/03\/52\/06.jpg","http:\/\/mm.howkuai.com\/wp-content\/uploads\/2014a\/03\/52\/07.jpg","http:\/\/mm.howkuai.com\/wp-content\/uploads\/2014a\/03\/52\/08.jpg"]},{"plaintext":"\u7389\u4f53\u9999\u808c\uff0c\u6731\u5fc6\u97f3\u79c1\u623f\u5c0f\u53ef\u7231\u98ce\u683c\u5199\u771f","href":"http:\/\/www.meizitu.com\/a\/4122.html","pic_list":["http:\/\/mm.howkuai.com\/wp-content\/uploads\/2014a\/03\/51\/01.jpg","http:\/\/mm.howkuai.com\/wp-content\/uploads\/2014a\/03\/51\/02.jpg","http:\/\/mm.howkuai.com\/wp-content\/uploads\/2014a\/03\/51\/03.jpg","http:\/\/mm.howkuai.com\/wp-content\/uploads\/2014a\/03\/51\/04.jpg","http:\/\/mm.howkuai.com\/wp-content\/uploads\/2014a\/03\/51\/05.jpg","http:\/\/mm.howkuai.com\/wp-content\/uploads\/2014a\/03\/51\/06.jpg"]},{"plaintext":"\u6708\u7709\u661f\u773c\u7684\u5927\u773c\u775b\u59b9\u5b50\u5341\u8db3\u4fcf\u76ae","href":"http:\/\/www.meizitu.com\/a\/4121.html","pic_list":["http:\/\/mm.howkuai.com\/wp-content\/uploads\/2014a\/03\/50\/01.jpg","http:\/\/mm.howkuai.com\/wp-content\/uploads\/2014a\/03\/50\/02.jpg","http:\/\/mm.howkuai.com\/wp-content\/uploads\/2014a\/03\/50\/03.jpg","http:\/\/mm.howkuai.com\/wp-content\/uploads\/2014a\/03\/50\/04.jpg","http:\/\/mm.howkuai.com\/wp-content\/uploads\/2014a\/03\/50\/05.jpg"]},{"plaintext":"\u6c99\u6ee9\u8fb9\u7684\u6cf3\u88c5\u5199\u771f\uff0c\u5b8c\u7f8e\u8eab\u6750\u4e00\u89c8\u65e0\u4f59","href":"http:\/\/www.meizitu.com\/a\/4120.html","pic_list":["http:\/\/mm.howkuai.com\/wp-content\/uploads\/2014a\/03\/49\/01.jpg","http:\/\/mm.howkuai.com\/wp-content\/uploads\/2014a\/03\/49\/02.jpg","http:\/\/mm.howkuai.com\/wp-content\/uploads\/2014a\/03\/49\/03.jpg","http:\/\/mm.howkuai.com\/wp-content\/uploads\/2014a\/03\/49\/04.jpg","http:\/\/mm.howkuai.com\/wp-content\/uploads\/2014a\/03\/49\/05.jpg","http:\/\/mm.howkuai.com\/wp-content\/uploads\/2014a\/03\/49\/06.jpg","http:\/\/mm.howkuai.com\/wp-content\/uploads\/2014a\/03\/49\/07.jpg"]},{"plaintext":"\u5468\u672b\u798f\u5229\uff0c\u7f8e\u81c0\u7cfb\u5217\u4e09","href":"http:\/\/www.meizitu.com\/a\/4119.html","pic_list":["http:\/\/mm.howkuai.com\/wp-content\/uploads\/2014a\/03\/48\/01.jpg","http:\/\/mm.howkuai.com\/wp-content\/uploads\/2014a\/03\/48\/02.jpg","http:\/\/mm.howkuai.com\/wp-content\/uploads\/2014a\/03\/48\/03.jpg","http:\/\/mm.howkuai.com\/wp-content\/uploads\/2014a\/03\/48\/04.jpg","http:\/\/mm.howkuai.com\/wp-content\/uploads\/2014a\/03\/48\/05.jpg","http:\/\/mm.howkuai.com\/wp-content\/uploads\/2014a\/03\/48\/06.jpg","http:\/\/mm.howkuai.com\/wp-content\/uploads\/2014a\/03\/48\/07.jpg","http:\/\/mm.howkuai.com\/wp-content\/uploads\/2014a\/03\/48\/08.jpg"]},{"plaintext":"\u56db\u5ddd\u97f3\u4e50\u5b66\u9662\u6821\u82b1\u80e1\u6069\u7eee\u6cf3\u88c5\u7167\u7206\u7ea2\u7f51\u7edc","href":"http:\/\/www.meizitu.com\/a\/4118.html","pic_list":["http:\/\/mm.howkuai.com\/wp-content\/uploads\/2014a\/03\/47\/01.jpg","http:\/\/mm.howkuai.com\/wp-content\/uploads\/2014a\/03\/47\/02.jpg","http:\/\/mm.howkuai.com\/wp-content\/uploads\/2014a\/03\/47\/03.jpg","http:\/\/mm.howkuai.com\/wp-content\/uploads\/2014a\/03\/47\/04.jpg","http:\/\/mm.howkuai.com\/wp-content\/uploads\/2014a\/03\/47\/05.jpg","http:\/\/mm.howkuai.com\/wp-content\/uploads\/2014a\/03\/47\/06.jpg","http:\/\/mm.howkuai.com\/wp-content\/uploads\/2014a\/03\/47\/07.jpg"]},{"plaintext":"\u6c34\u7075\u53ef\u7231\u4e30\u6ee1\u59b9\u5b50\u7f8e\u59ff\u8bf1\u4eba","href":"http:\/\/www.meizitu.com\/a\/4117.html","pic_list":["http:\/\/mm.howkuai.com\/wp-content\/uploads\/2014a\/03\/46\/01.jpg","http:\/\/mm.howkuai.com\/wp-content\/uploads\/2014a\/03\/46\/02.jpg","http:\/\/mm.howkuai.com\/wp-content\/uploads\/2014a\/03\/46\/03.jpg","http:\/\/mm.howkuai.com\/wp-content\/uploads\/2014a\/03\/46\/04.jpg","http:\/\/mm.howkuai.com\/wp-content\/uploads\/2014a\/03\/46\/05.jpg","http:\/\/mm.howkuai.com\/wp-content\/uploads\/2014a\/03\/46\/06.jpg","http:\/\/mm.howkuai.com\/wp-content\/uploads\/2014a\/03\/46\/07.jpg","http:\/\/mm.howkuai.com\/wp-content\/uploads\/2014a\/03\/46\/08.jpg","http:\/\/mm.howkuai.com\/wp-content\/uploads\/2014a\/03\/46\/09.jpg","http:\/\/mm.howkuai.com\/wp-content\/uploads\/2014a\/03\/46\/10.jpg","http:\/\/mm.howkuai.com\/wp-content\/uploads\/2014a\/03\/46\/11.jpg"]},{"plaintext":"\u6765\u81ea\u9a6c\u6765\u897f\u4e9a\u7684\u7f8e\u5c11\u5973\u4f5c\u5bb6\u6768\u5b9d\u8d1d","href":"http:\/\/www.meizitu.com\/a\/4116.html","pic_list":["http:\/\/mm.howkuai.com\/wp-content\/uploads\/2014a\/03\/45\/01.jpg","http:\/\/mm.howkuai.com\/wp-content\/uploads\/2014a\/03\/45\/02.jpg","http:\/\/mm.howkuai.com\/wp-content\/uploads\/2014a\/03\/45\/03.jpg","http:\/\/mm.howkuai.com\/wp-content\/uploads\/2014a\/03\/45\/04.jpg","http:\/\/mm.howkuai.com\/wp-content\/uploads\/2014a\/03\/45\/05.jpg","http:\/\/mm.howkuai.com\/wp-content\/uploads\/2014a\/03\/45\/06.jpg","http:\/\/mm.howkuai.com\/wp-content\/uploads\/2014a\/03\/45\/07.jpg","http:\/\/mm.howkuai.com\/wp-content\/uploads\/2014a\/03\/45\/08.jpg","http:\/\/mm.howkuai.com\/wp-content\/uploads\/2014a\/03\/45\/09.jpg"]},{"plaintext":"\u548c\u9752\u6625\u505a\u4e2a\u4f34\uff0c\u591c\u8272\u4e0b\u7684\u6e05\u7eaf\u5c0f\u841d\u8389","href":"http:\/\/www.meizitu.com\/a\/4115.html","pic_list":["http:\/\/mm.howkuai.com\/wp-content\/uploads\/2014a\/03\/44\/01.jpg","http:\/\/mm.howkuai.com\/wp-content\/uploads\/2014a\/03\/44\/02.jpg","http:\/\/mm.howkuai.com\/wp-content\/uploads\/2014a\/03\/44\/03.jpg","http:\/\/mm.howkuai.com\/wp-content\/uploads\/2014a\/03\/44\/04.jpg","http:\/\/mm.howkuai.com\/wp-content\/uploads\/2014a\/03\/44\/05.jpg","http:\/\/mm.howkuai.com\/wp-content\/uploads\/2014a\/03\/44\/06.jpg","http:\/\/mm.howkuai.com\/wp-content\/uploads\/2014a\/03\/44\/07.jpg","http:\/\/mm.howkuai.com\/wp-content\/uploads\/2014a\/03\/44\/08.jpg","http:\/\/mm.howkuai.com\/wp-content\/uploads\/2014a\/03\/44\/09.jpg","http:\/\/mm.howkuai.com\/wp-content\/uploads\/2014a\/03\/44\/10.jpg","http:\/\/mm.howkuai.com\/wp-content\/uploads\/2014a\/03\/44\/11.jpg","http:\/\/mm.howkuai.com\/wp-content\/uploads\/2014a\/03\/44\/12.jpg","http:\/\/mm.howkuai.com\/wp-content\/uploads\/2014a\/03\/44\/13.jpg"]},{"plaintext":"\u6027\u611f\u6a21\u7279\u4e8e\u5927\u5c0f\u59d0ayu\u4e94\u5143\u7d20\u8f6f\u5ba3","href":"http:\/\/www.meizitu.com\/a\/4114.html","pic_list":["http:\/\/mm.howkuai.com\/wp-content\/uploads\/2014a\/03\/43\/01.jpg","http:\/\/mm.howkuai.com\/wp-content\/uploads\/2014a\/03\/43\/02.jpg","http:\/\/mm.howkuai.com\/wp-content\/uploads\/2014a\/03\/43\/03.jpg","http:\/\/mm.howkuai.com\/wp-content\/uploads\/2014a\/03\/43\/04.jpg","http:\/\/mm.howkuai.com\/wp-content\/uploads\/2014a\/03\/43\/05.jpg","http:\/\/mm.howkuai.com\/wp-content\/uploads\/2014a\/03\/43\/06.jpg","http:\/\/mm.howkuai.com\/wp-content\/uploads\/2014a\/03\/43\/07.jpg","http:\/\/mm.howkuai.com\/wp-content\/uploads\/2014a\/03\/43\/08.jpg","http:\/\/mm.howkuai.com\/wp-content\/uploads\/2014a\/03\/43\/09.jpg"]},{"plaintext":"\u6e05\u7eaf\u957f\u53d1\u5973\u795e\u81ea\u62cd\u7167\uff0c\u597d\u4e00\u4e2a\u6c14\u8d28\u4f73\u4eba","href":"http:\/\/www.meizitu.com\/a\/4113.html","pic_list":["http:\/\/mm.howkuai.com\/wp-content\/uploads\/2014a\/03\/42\/01.jpg","http:\/\/mm.howkuai.com\/wp-content\/uploads\/2014a\/03\/42\/02.jpg","http:\/\/mm.howkuai.com\/wp-content\/uploads\/2014a\/03\/42\/03.jpg","http:\/\/mm.howkuai.com\/wp-content\/uploads\/2014a\/03\/42\/04.jpg","http:\/\/mm.howkuai.com\/wp-content\/uploads\/2014a\/03\/42\/05.jpg","http:\/\/mm.howkuai.com\/wp-content\/uploads\/2014a\/03\/42\/06.jpg"]}]