[{"plaintext":"\u767d\u8272\u7684\u68a6\uff0c\u59b9\u5b50\u5728\u6e05\u6668\u548c\u7166\u9633\u5149\u4e0b\u4e00\u7ec4\u79c1\u623f","href":"http:\/\/www.meizitu.com\/a\/4566.html","pic_list":["http:\/\/mm.howkuai.com\/wp-content\/uploads\/2014a\/10\/52\/01.jpg","http:\/\/mm.howkuai.com\/wp-content\/uploads\/2014a\/10\/52\/02.jpg","http:\/\/mm.howkuai.com\/wp-content\/uploads\/2014a\/10\/52\/03.jpg","http:\/\/mm.howkuai.com\/wp-content\/uploads\/2014a\/10\/52\/04.jpg","http:\/\/mm.howkuai.com\/wp-content\/uploads\/2014a\/10\/52\/05.jpg","http:\/\/mm.howkuai.com\/wp-content\/uploads\/2014a\/10\/52\/06.jpg","http:\/\/mm.howkuai.com\/wp-content\/uploads\/2014a\/10\/52\/07.jpg","http:\/\/mm.howkuai.com\/wp-content\/uploads\/2014a\/10\/52\/08.jpg"]},{"plaintext":"\u53cc\u751f\u7edd\u4ee3\u4eba\u3002\u6d41\u5e74\u5a49\u8f6c\uff0c\u59ca\u59b9\u76f8\u4f9d","href":"http:\/\/www.meizitu.com\/a\/4564.html","pic_list":["http:\/\/mm.howkuai.com\/wp-content\/uploads\/2014a\/10\/50\/01.jpg","http:\/\/mm.howkuai.com\/wp-content\/uploads\/2014a\/10\/50\/02.jpg","http:\/\/mm.howkuai.com\/wp-content\/uploads\/2014a\/10\/50\/03.jpg","http:\/\/mm.howkuai.com\/wp-content\/uploads\/2014a\/10\/50\/04.jpg","http:\/\/mm.howkuai.com\/wp-content\/uploads\/2014a\/10\/50\/05.jpg","http:\/\/mm.howkuai.com\/wp-content\/uploads\/2014a\/10\/50\/06.jpg","http:\/\/mm.howkuai.com\/wp-content\/uploads\/2014a\/10\/50\/07.jpg","http:\/\/mm.howkuai.com\/wp-content\/uploads\/2014a\/10\/50\/08.jpg"]},{"plaintext":"\u9ed1\u4e1d\u8bf1\u60d1\uff0c\u4e8e\u5927\u5c0f\u59d0AYU\u7eee\u91cc\u5609ula","href":"http:\/\/www.meizitu.com\/a\/4563.html","pic_list":["http:\/\/mm.howkuai.com\/wp-content\/uploads\/2014a\/10\/49\/01.jpg","http:\/\/mm.howkuai.com\/wp-content\/uploads\/2014a\/10\/49\/02.jpg","http:\/\/mm.howkuai.com\/wp-content\/uploads\/2014a\/10\/49\/03.jpg","http:\/\/mm.howkuai.com\/wp-content\/uploads\/2014a\/10\/49\/04.jpg","http:\/\/mm.howkuai.com\/wp-content\/uploads\/2014a\/10\/49\/05.jpg","http:\/\/mm.howkuai.com\/wp-content\/uploads\/2014a\/10\/49\/06.jpg"]},{"plaintext":"\u300a\u7537\u4eba\u88c5\u300b\u8881\u83f2\u6027\u611f\u79c1\u623f\u7167","href":"http:\/\/www.meizitu.com\/a\/4562.html","pic_list":["http:\/\/mm.howkuai.com\/wp-content\/uploads\/2014a\/10\/48\/01.jpg","http:\/\/mm.howkuai.com\/wp-content\/uploads\/2014a\/10\/48\/02.jpg","http:\/\/mm.howkuai.com\/wp-content\/uploads\/2014a\/10\/48\/03.jpg","http:\/\/mm.howkuai.com\/wp-content\/uploads\/2014a\/10\/48\/04.jpg"]},{"plaintext":"\u6027\u611f\u7684\u5c0f\u5154\u5b50\u7f8e\u5973\uff0c\u597d\u597d\u5582\u5979\u54e6","href":"http:\/\/www.meizitu.com\/a\/4561.html","pic_list":["http:\/\/mm.howkuai.com\/wp-content\/uploads\/2014a\/10\/47\/01.jpg","http:\/\/mm.howkuai.com\/wp-content\/uploads\/2014a\/10\/47\/02.jpg","http:\/\/mm.howkuai.com\/wp-content\/uploads\/2014a\/10\/47\/03.jpg","http:\/\/mm.howkuai.com\/wp-content\/uploads\/2014a\/10\/47\/04.jpg","http:\/\/mm.howkuai.com\/wp-content\/uploads\/2014a\/10\/47\/05.jpg","http:\/\/mm.howkuai.com\/wp-content\/uploads\/2014a\/10\/47\/06.jpg"]},{"plaintext":"\u767d\u7699\u4fee\u957f\u7684\u7f8e\u817f\u56fe\u7247\u5408\u96c6\uff08\u4e94\uff09","href":"http:\/\/www.meizitu.com\/a\/4560.html","pic_list":["http:\/\/mm.howkuai.com\/wp-content\/uploads\/2014a\/10\/46\/01.jpg","http:\/\/mm.howkuai.com\/wp-content\/uploads\/2014a\/10\/46\/02.jpg","http:\/\/mm.howkuai.com\/wp-content\/uploads\/2014a\/10\/46\/03.jpg","http:\/\/mm.howkuai.com\/wp-content\/uploads\/2014a\/10\/46\/04.jpg","http:\/\/mm.howkuai.com\/wp-content\/uploads\/2014a\/10\/46\/05.jpg","http:\/\/mm.howkuai.com\/wp-content\/uploads\/2014a\/10\/46\/06.jpg","http:\/\/mm.howkuai.com\/wp-content\/uploads\/2014a\/10\/46\/07.jpg","http:\/\/mm.howkuai.com\/wp-content\/uploads\/2014a\/10\/46\/08.jpg","http:\/\/mm.howkuai.com\/wp-content\/uploads\/2014a\/10\/46\/09.jpg","http:\/\/mm.howkuai.com\/wp-content\/uploads\/2014a\/10\/46\/10.jpg"]},{"plaintext":"\u6e05\u6c34\u51fa\u8299\u84c9\uff0c\u90a3\u4e9b\u6e05\u7eaf\u7684\u517b\u773c\u7f8e\u5973\u56fe\u7247","href":"http:\/\/www.meizitu.com\/a\/4559.html","pic_list":["http:\/\/mm.howkuai.com\/wp-content\/uploads\/2014a\/10\/45\/01.jpg","http:\/\/mm.howkuai.com\/wp-content\/uploads\/2014a\/10\/45\/02.jpg","http:\/\/mm.howkuai.com\/wp-content\/uploads\/2014a\/10\/45\/03.jpg","http:\/\/mm.howkuai.com\/wp-content\/uploads\/2014a\/10\/45\/04.jpg","http:\/\/mm.howkuai.com\/wp-content\/uploads\/2014a\/10\/45\/05.jpg","http:\/\/mm.howkuai.com\/wp-content\/uploads\/2014a\/10\/45\/06.jpg","http:\/\/mm.howkuai.com\/wp-content\/uploads\/2014a\/10\/45\/07.jpg","http:\/\/mm.howkuai.com\/wp-content\/uploads\/2014a\/10\/45\/08.jpg","http:\/\/mm.howkuai.com\/wp-content\/uploads\/2014a\/10\/45\/09.jpg","http:\/\/mm.howkuai.com\/wp-content\/uploads\/2014a\/10\/45\/10.jpg"]},{"plaintext":"\u768e\u82e5\u79cb\u6708\u3002\u79c0\u8272\u53ef\u9910\uff0c\u7f8e\u5973\u7684\u5c0f\u86ee\u8170\u3002","href":"http:\/\/www.meizitu.com\/a\/4558.html","pic_list":["http:\/\/mm.howkuai.com\/wp-content\/uploads\/2014a\/10\/44\/01.jpg","http:\/\/mm.howkuai.com\/wp-content\/uploads\/2014a\/10\/44\/02.jpg","http:\/\/mm.howkuai.com\/wp-content\/uploads\/2014a\/10\/44\/03.jpg","http:\/\/mm.howkuai.com\/wp-content\/uploads\/2014a\/10\/44\/04.jpg","http:\/\/mm.howkuai.com\/wp-content\/uploads\/2014a\/10\/44\/05.jpg","http:\/\/mm.howkuai.com\/wp-content\/uploads\/2014a\/10\/44\/06.jpg"]},{"plaintext":"\u773c\u775b\u4f1a\u653e\u7535\uff0c\u660e\u7738\u5584\u7750\u7684\u957f\u817f\u5c0f\u8d44\u59b9\u5b50","href":"http:\/\/www.meizitu.com\/a\/4557.html","pic_list":["http:\/\/mm.howkuai.com\/wp-content\/uploads\/2014a\/10\/43\/01.jpg","http:\/\/mm.howkuai.com\/wp-content\/uploads\/2014a\/10\/43\/02.jpg","http:\/\/mm.howkuai.com\/wp-content\/uploads\/2014a\/10\/43\/03.jpg","http:\/\/mm.howkuai.com\/wp-content\/uploads\/2014a\/10\/43\/04.jpg","http:\/\/mm.howkuai.com\/wp-content\/uploads\/2014a\/10\/43\/05.jpg","http:\/\/mm.howkuai.com\/wp-content\/uploads\/2014a\/10\/43\/06.jpg","http:\/\/mm.howkuai.com\/wp-content\/uploads\/2014a\/10\/43\/07.jpg"]},{"plaintext":"\u53ef\u7231\u841d\u8389\uff0c\u821e\u8e48\u623f\u91cc\u7684\u5c0f\u7cbe\u7075","href":"http:\/\/www.meizitu.com\/a\/4556.html","pic_list":["http:\/\/mm.howkuai.com\/wp-content\/uploads\/2014a\/10\/42\/01.jpg","http:\/\/mm.howkuai.com\/wp-content\/uploads\/2014a\/10\/42\/02.jpg","http:\/\/mm.howkuai.com\/wp-content\/uploads\/2014a\/10\/42\/03.jpg","http:\/\/mm.howkuai.com\/wp-content\/uploads\/2014a\/10\/42\/04.jpg","http:\/\/mm.howkuai.com\/wp-content\/uploads\/2014a\/10\/42\/05.jpg","http:\/\/mm.howkuai.com\/wp-content\/uploads\/2014a\/10\/42\/06.jpg"]},{"plaintext":"\u53ef\u7231\u59b9\u5b50\u6709\u7740\u7cbe\u81f4\u7684\u4e94\u5b98\uff0c\u5b9b\u5982\u7cbe\u5fc3\u96d5\u7422","href":"http:\/\/www.meizitu.com\/a\/4555.html","pic_list":["http:\/\/mm.howkuai.com\/wp-content\/uploads\/2014a\/10\/41\/01.jpg","http:\/\/mm.howkuai.com\/wp-content\/uploads\/2014a\/10\/41\/02.jpg","http:\/\/mm.howkuai.com\/wp-content\/uploads\/2014a\/10\/41\/03.jpg","http:\/\/mm.howkuai.com\/wp-content\/uploads\/2014a\/10\/41\/04.jpg","http:\/\/mm.howkuai.com\/wp-content\/uploads\/2014a\/10\/41\/05.jpg","http:\/\/mm.howkuai.com\/wp-content\/uploads\/2014a\/10\/41\/06.jpg","http:\/\/mm.howkuai.com\/wp-content\/uploads\/2014a\/10\/41\/07.jpg","http:\/\/mm.howkuai.com\/wp-content\/uploads\/2014a\/10\/41\/08.jpg"]},{"plaintext":"\u7a7f\u725b\u4ed4\u8863\u7684\u9752\u6625\u7f8e\u5c11\u5973\uff0c\u6c90\u6d74\u5728\u6e05\u6668\u9633\u5149\u4e0b","href":"http:\/\/www.meizitu.com\/a\/4554.html","pic_list":["http:\/\/mm.howkuai.com\/wp-content\/uploads\/2014a\/10\/40\/01.jpg","http:\/\/mm.howkuai.com\/wp-content\/uploads\/2014a\/10\/40\/02.jpg","http:\/\/mm.howkuai.com\/wp-content\/uploads\/2014a\/10\/40\/03.jpg","http:\/\/mm.howkuai.com\/wp-content\/uploads\/2014a\/10\/40\/04.jpg","http:\/\/mm.howkuai.com\/wp-content\/uploads\/2014a\/10\/40\/05.jpg"]},{"plaintext":"\u65e5\u672c\u6027\u611f\u53cc\u59dd\u62cd\u8bf1\u60d1\u5199\u771f","href":"http:\/\/www.meizitu.com\/a\/4553.html","pic_list":["http:\/\/mm.howkuai.com\/wp-content\/uploads\/2014a\/10\/39\/01.jpg","http:\/\/mm.howkuai.com\/wp-content\/uploads\/2014a\/10\/39\/02.jpg","http:\/\/mm.howkuai.com\/wp-content\/uploads\/2014a\/10\/39\/03.jpg","http:\/\/mm.howkuai.com\/wp-content\/uploads\/2014a\/10\/39\/04.jpg","http:\/\/mm.howkuai.com\/wp-content\/uploads\/2014a\/10\/39\/05.jpg","http:\/\/mm.howkuai.com\/wp-content\/uploads\/2014a\/10\/39\/06.jpg","http:\/\/mm.howkuai.com\/wp-content\/uploads\/2014a\/10\/39\/07.jpg"]},{"plaintext":"\u6c14\u8d28\u59b9\u5b50\u590f\u6728\u9896\uff0c\u52a8\u4eba\u5bb9\u989c\u878d\u5316\u5b85\u7537\u5fc3","href":"http:\/\/www.meizitu.com\/a\/4552.html","pic_list":["http:\/\/mm.howkuai.com\/wp-content\/uploads\/2014a\/10\/38\/01.jpg","http:\/\/mm.howkuai.com\/wp-content\/uploads\/2014a\/10\/38\/02.jpg","http:\/\/mm.howkuai.com\/wp-content\/uploads\/2014a\/10\/38\/03.jpg","http:\/\/mm.howkuai.com\/wp-content\/uploads\/2014a\/10\/38\/04.jpg","http:\/\/mm.howkuai.com\/wp-content\/uploads\/2014a\/10\/38\/05.jpg","http:\/\/mm.howkuai.com\/wp-content\/uploads\/2014a\/10\/38\/06.jpg","http:\/\/mm.howkuai.com\/wp-content\/uploads\/2014a\/10\/38\/07.jpg","http:\/\/mm.howkuai.com\/wp-content\/uploads\/2014a\/10\/38\/08.jpg","http:\/\/mm.howkuai.com\/wp-content\/uploads\/2014a\/10\/38\/09.jpg","http:\/\/mm.howkuai.com\/wp-content\/uploads\/2014a\/10\/38\/10.jpg"]},{"plaintext":"\u50b2\u4eba\u633a\u62d4\u8eab\u6750\u4f55\u50b2\u73ca\u53d8\u8eab\u82f1\u683c\u5170\u8db3\u7403\u5b9d\u8d1d","href":"http:\/\/www.meizitu.com\/a\/4551.html","pic_list":["http:\/\/mm.howkuai.com\/wp-content\/uploads\/2014a\/10\/37\/01.jpg","http:\/\/mm.howkuai.com\/wp-content\/uploads\/2014a\/10\/37\/02.jpg","http:\/\/mm.howkuai.com\/wp-content\/uploads\/2014a\/10\/37\/03.jpg","http:\/\/mm.howkuai.com\/wp-content\/uploads\/2014a\/10\/37\/04.jpg","http:\/\/mm.howkuai.com\/wp-content\/uploads\/2014a\/10\/37\/05.jpg"]},{"plaintext":"\u660e\u7738\u5584\u7750\uff0c\u6e05\u7eaf\u5973\u795e\u7684\u8ff7\u4eba\u795e\u6001","href":"http:\/\/www.meizitu.com\/a\/4550.html","pic_list":["http:\/\/mm.howkuai.com\/wp-content\/uploads\/2014a\/10\/36\/01.jpg","http:\/\/mm.howkuai.com\/wp-content\/uploads\/2014a\/10\/36\/02.jpg","http:\/\/mm.howkuai.com\/wp-content\/uploads\/2014a\/10\/36\/03.jpg","http:\/\/mm.howkuai.com\/wp-content\/uploads\/2014a\/10\/36\/04.jpg","http:\/\/mm.howkuai.com\/wp-content\/uploads\/2014a\/10\/36\/05.jpg","http:\/\/mm.howkuai.com\/wp-content\/uploads\/2014a\/10\/36\/06.jpg","http:\/\/mm.howkuai.com\/wp-content\/uploads\/2014a\/10\/36\/07.jpg","http:\/\/mm.howkuai.com\/wp-content\/uploads\/2014a\/10\/36\/08.jpg"]},{"plaintext":"\u6027\u611f\u6a21\u7279\u51af\u9756\u5a9b\u7684\u706b\u8fa3\u9ed1\u4e1d","href":"http:\/\/www.meizitu.com\/a\/4549.html","pic_list":["http:\/\/mm.howkuai.com\/wp-content\/uploads\/2014a\/10\/35\/01.jpg","http:\/\/mm.howkuai.com\/wp-content\/uploads\/2014a\/10\/35\/02.jpg","http:\/\/mm.howkuai.com\/wp-content\/uploads\/2014a\/10\/35\/03.jpg","http:\/\/mm.howkuai.com\/wp-content\/uploads\/2014a\/10\/35\/04.jpg","http:\/\/mm.howkuai.com\/wp-content\/uploads\/2014a\/10\/35\/05.jpg"]},{"plaintext":"[\u5ae9\u841d\u8389]\u6211\u7684\u597d\u95fa\u871c\uff0c\u90a3\u5c31\u662f\u53e6\u4e00\u4e2a\u6211","href":"http:\/\/www.meizitu.com\/a\/4548.html","pic_list":["http:\/\/mm.howkuai.com\/wp-content\/uploads\/2014a\/10\/34\/01.jpg","http:\/\/mm.howkuai.com\/wp-content\/uploads\/2014a\/10\/34\/02.jpg","http:\/\/mm.howkuai.com\/wp-content\/uploads\/2014a\/10\/34\/03.jpg","http:\/\/mm.howkuai.com\/wp-content\/uploads\/2014a\/10\/34\/04.jpg","http:\/\/mm.howkuai.com\/wp-content\/uploads\/2014a\/10\/34\/05.jpg","http:\/\/mm.howkuai.com\/wp-content\/uploads\/2014a\/10\/34\/06.jpg","http:\/\/mm.howkuai.com\/wp-content\/uploads\/2014a\/10\/34\/07.jpg","http:\/\/mm.howkuai.com\/wp-content\/uploads\/2014a\/10\/34\/08.jpg"]},{"plaintext":"\u5fa1\u5973\u90ce\u30fbKay\u30fb\u7eff\u6c34\u7f8e\u4eba","href":"http:\/\/www.meizitu.com\/a\/4547.html","pic_list":["http:\/\/mm.howkuai.com\/wp-content\/uploads\/2014a\/10\/33\/01.jpg","http:\/\/mm.howkuai.com\/wp-content\/uploads\/2014a\/10\/33\/02.jpg","http:\/\/mm.howkuai.com\/wp-content\/uploads\/2014a\/10\/33\/03.jpg","http:\/\/mm.howkuai.com\/wp-content\/uploads\/2014a\/10\/33\/04.jpg","http:\/\/mm.howkuai.com\/wp-content\/uploads\/2014a\/10\/33\/05.jpg","http:\/\/mm.howkuai.com\/wp-content\/uploads\/2014a\/10\/33\/06.jpg","http:\/\/mm.howkuai.com\/wp-content\/uploads\/2014a\/10\/33\/07.jpg"]},{"plaintext":"\u7f8e\u4eba\u5982\u7389\uff0c\u8d85\u597d\u8eab\u6750\u6a21\u7279\u9152\u5e97\u79c1\u623f","href":"http:\/\/www.meizitu.com\/a\/4546.html","pic_list":["http:\/\/mm.howkuai.com\/wp-content\/uploads\/2014a\/10\/32\/01.jpg","http:\/\/mm.howkuai.com\/wp-content\/uploads\/2014a\/10\/32\/02.jpg","http:\/\/mm.howkuai.com\/wp-content\/uploads\/2014a\/10\/32\/03.jpg","http:\/\/mm.howkuai.com\/wp-content\/uploads\/2014a\/10\/32\/04.jpg","http:\/\/mm.howkuai.com\/wp-content\/uploads\/2014a\/10\/32\/05.jpg","http:\/\/mm.howkuai.com\/wp-content\/uploads\/2014a\/10\/32\/06.jpg","http:\/\/mm.howkuai.com\/wp-content\/uploads\/2014a\/10\/32\/07.jpg"]},{"plaintext":"\u5c0f\u86ee\u8170\u7f8e\u5973\uff0c\u6210\u90fd\uff0c\u7396\u6708\u7684\u5c3e\u5df4\u9082\u9005\u9633\u5149","href":"http:\/\/www.meizitu.com\/a\/4545.html","pic_list":["http:\/\/mm.howkuai.com\/wp-content\/uploads\/2014a\/10\/31\/01.jpg","http:\/\/mm.howkuai.com\/wp-content\/uploads\/2014a\/10\/31\/02.jpg","http:\/\/mm.howkuai.com\/wp-content\/uploads\/2014a\/10\/31\/03.jpg","http:\/\/mm.howkuai.com\/wp-content\/uploads\/2014a\/10\/31\/04.jpg","http:\/\/mm.howkuai.com\/wp-content\/uploads\/2014a\/10\/31\/05.jpg","http:\/\/mm.howkuai.com\/wp-content\/uploads\/2014a\/10\/31\/06.jpg","http:\/\/mm.howkuai.com\/wp-content\/uploads\/2014a\/10\/31\/07.jpg"]},{"plaintext":"\u624b\u673a\u4e5f\u80fd\u62cd\u5c01\u9762\uff0c\u9648\u4e54\u6069\u7684\u7537\u4eba\u88c5\u53e6\u7c7b\u62cd\u6444","href":"http:\/\/www.meizitu.com\/a\/4544.html","pic_list":["http:\/\/mm.howkuai.com\/wp-content\/uploads\/2014a\/10\/30\/01.jpg","http:\/\/mm.howkuai.com\/wp-content\/uploads\/2014a\/10\/30\/02.jpg","http:\/\/mm.howkuai.com\/wp-content\/uploads\/2014a\/10\/30\/03.jpg","http:\/\/mm.howkuai.com\/wp-content\/uploads\/2014a\/10\/30\/04.jpg","http:\/\/mm.howkuai.com\/wp-content\/uploads\/2014a\/10\/30\/05.jpg","http:\/\/mm.howkuai.com\/wp-content\/uploads\/2014a\/10\/30\/06.jpg","http:\/\/mm.howkuai.com\/wp-content\/uploads\/2014a\/10\/30\/07.jpg"]},{"plaintext":"\u524d\u51f8\u540e\u7fd8\u62a4\u58eb\u88c5\uff0c\u6a21\u7279\u674e\u4e03\u559c\u5199\u771f","href":"http:\/\/www.meizitu.com\/a\/4543.html","pic_list":["http:\/\/mm.howkuai.com\/wp-content\/uploads\/2014a\/10\/29\/01.jpg","http:\/\/mm.howkuai.com\/wp-content\/uploads\/2014a\/10\/29\/02.jpg","http:\/\/mm.howkuai.com\/wp-content\/uploads\/2014a\/10\/29\/03.jpg","http:\/\/mm.howkuai.com\/wp-content\/uploads\/2014a\/10\/29\/04.jpg","http:\/\/mm.howkuai.com\/wp-content\/uploads\/2014a\/10\/29\/05.jpg","http:\/\/mm.howkuai.com\/wp-content\/uploads\/2014a\/10\/29\/06.jpg"]},{"plaintext":"\u6d74\u7f38\u91cc\u7684\u7f9e\u7f8e\u4eba\uff0c\u6a21\u7279\u6881\u5c0f\u9a9e\u7167\u7247","href":"http:\/\/www.meizitu.com\/a\/4542.html","pic_list":["http:\/\/mm.howkuai.com\/wp-content\/uploads\/2014a\/10\/28\/01.jpg","http:\/\/mm.howkuai.com\/wp-content\/uploads\/2014a\/10\/28\/02.jpg","http:\/\/mm.howkuai.com\/wp-content\/uploads\/2014a\/10\/28\/03.jpg","http:\/\/mm.howkuai.com\/wp-content\/uploads\/2014a\/10\/28\/04.jpg","http:\/\/mm.howkuai.com\/wp-content\/uploads\/2014a\/10\/28\/05.jpg","http:\/\/mm.howkuai.com\/wp-content\/uploads\/2014a\/10\/28\/06.jpg"]},{"plaintext":"\u78a7\u6d77\u84dd\u5929\u6ce2\u6d9b\u6c79\u6d8c\uff0c\u6e38\u8247\u4e0a\u7684\u60ec\u610f","href":"http:\/\/www.meizitu.com\/a\/4541.html","pic_list":["http:\/\/mm.howkuai.com\/wp-content\/uploads\/2014a\/10\/27\/01.jpg","http:\/\/mm.howkuai.com\/wp-content\/uploads\/2014a\/10\/27\/02.jpg","http:\/\/mm.howkuai.com\/wp-content\/uploads\/2014a\/10\/27\/03.jpg","http:\/\/mm.howkuai.com\/wp-content\/uploads\/2014a\/10\/27\/04.jpg","http:\/\/mm.howkuai.com\/wp-content\/uploads\/2014a\/10\/27\/05.jpg","http:\/\/mm.howkuai.com\/wp-content\/uploads\/2014a\/10\/27\/06.jpg","http:\/\/mm.howkuai.com\/wp-content\/uploads\/2014a\/10\/27\/07.jpg","http:\/\/mm.howkuai.com\/wp-content\/uploads\/2014a\/10\/27\/08.jpg","http:\/\/mm.howkuai.com\/wp-content\/uploads\/2014a\/10\/27\/09.jpg"]},{"plaintext":"\u6027\u611f\u7684\u5634\u5507\uff0c\u6a21\u7279\u513f\u4f55\u82d1\u7167\u7247","href":"http:\/\/www.meizitu.com\/a\/4540.html","pic_list":["http:\/\/mm.howkuai.com\/wp-content\/uploads\/2014a\/10\/26\/01.jpg","http:\/\/mm.howkuai.com\/wp-content\/uploads\/2014a\/10\/26\/02.jpg","http:\/\/mm.howkuai.com\/wp-content\/uploads\/2014a\/10\/26\/03.jpg","http:\/\/mm.howkuai.com\/wp-content\/uploads\/2014a\/10\/26\/04.jpg","http:\/\/mm.howkuai.com\/wp-content\/uploads\/2014a\/10\/26\/05.jpg","http:\/\/mm.howkuai.com\/wp-content\/uploads\/2014a\/10\/26\/06.jpg","http:\/\/mm.howkuai.com\/wp-content\/uploads\/2014a\/10\/26\/07.jpg"]},{"plaintext":"\u5fa1\u5973\u90ce\uff0c\u4e4c\u514b\u5170\u8fa3\u59b9Alina\u706b\u70ed\u8eab\u6750","href":"http:\/\/www.meizitu.com\/a\/4539.html","pic_list":["http:\/\/mm.howkuai.com\/wp-content\/uploads\/2014a\/10\/25\/01.jpg","http:\/\/mm.howkuai.com\/wp-content\/uploads\/2014a\/10\/25\/02.jpg","http:\/\/mm.howkuai.com\/wp-content\/uploads\/2014a\/10\/25\/03.jpg","http:\/\/mm.howkuai.com\/wp-content\/uploads\/2014a\/10\/25\/04.jpg","http:\/\/mm.howkuai.com\/wp-content\/uploads\/2014a\/10\/25\/05.jpg","http:\/\/mm.howkuai.com\/wp-content\/uploads\/2014a\/10\/25\/06.jpg","http:\/\/mm.howkuai.com\/wp-content\/uploads\/2014a\/10\/25\/07.jpg"]},{"plaintext":"\u6027\u611f\u5c0f\u62a4\u58eb\uff0c\u6bcf\u4e2a\u7537\u4eba\u5fc3\u4e2d\u7684\u68a6\u60f3","href":"http:\/\/www.meizitu.com\/a\/4537.html","pic_list":["http:\/\/mm.howkuai.com\/wp-content\/uploads\/2014a\/10\/24\/01.jpg","http:\/\/mm.howkuai.com\/wp-content\/uploads\/2014a\/10\/24\/02.jpg","http:\/\/mm.howkuai.com\/wp-content\/uploads\/2014a\/10\/24\/03.jpg","http:\/\/mm.howkuai.com\/wp-content\/uploads\/2014a\/10\/24\/04.jpg","http:\/\/mm.howkuai.com\/wp-content\/uploads\/2014a\/10\/24\/05.jpg","http:\/\/mm.howkuai.com\/wp-content\/uploads\/2014a\/10\/24\/06.jpg","http:\/\/mm.howkuai.com\/wp-content\/uploads\/2014a\/10\/24\/07.jpg","http:\/\/mm.howkuai.com\/wp-content\/uploads\/2014a\/10\/24\/08.jpg"]},{"plaintext":"\u9006\u5149\uff0c\u751c\u7f8e\u53ef\u7231\u5b66\u751f\u59b9","href":"http:\/\/www.meizitu.com\/a\/4536.html","pic_list":["http:\/\/mm.howkuai.com\/wp-content\/uploads\/2014a\/10\/23\/01.jpg","http:\/\/mm.howkuai.com\/wp-content\/uploads\/2014a\/10\/23\/02.jpg","http:\/\/mm.howkuai.com\/wp-content\/uploads\/2014a\/10\/23\/03.jpg","http:\/\/mm.howkuai.com\/wp-content\/uploads\/2014a\/10\/23\/04.jpg","http:\/\/mm.howkuai.com\/wp-content\/uploads\/2014a\/10\/23\/05.jpg","http:\/\/mm.howkuai.com\/wp-content\/uploads\/2014a\/10\/23\/06.jpg","http:\/\/mm.howkuai.com\/wp-content\/uploads\/2014a\/10\/23\/07.jpg"]}]