[{"plaintext":"\u51ac\u65e5\u6696\u9633\uff0c\u540c\u6d4e\u5927\u5b66\u5185\u7684\u6e05\u7eaf\u957f\u53d1\u59b9\u5b50","href":"http:\/\/www.meizitu.com\/a\/4723.html","pic_list":["http:\/\/mm.howkuai.com\/wp-content\/uploads\/2014a\/12\/58\/01.jpg","http:\/\/mm.howkuai.com\/wp-content\/uploads\/2014a\/12\/58\/02.jpg","http:\/\/mm.howkuai.com\/wp-content\/uploads\/2014a\/12\/58\/03.jpg","http:\/\/mm.howkuai.com\/wp-content\/uploads\/2014a\/12\/58\/04.jpg","http:\/\/mm.howkuai.com\/wp-content\/uploads\/2014a\/12\/58\/05.jpg","http:\/\/mm.howkuai.com\/wp-content\/uploads\/2014a\/12\/58\/06.jpg","http:\/\/mm.howkuai.com\/wp-content\/uploads\/2014a\/12\/58\/07.jpg"]},{"plaintext":"\u5065\u5eb7\u7f8e\uff0c\u9633\u5149\u4e0b\u9762\u7684\u4f53\u64cd\u670d\u5c11\u5973","href":"http:\/\/www.meizitu.com\/a\/4722.html","pic_list":["http:\/\/mm.howkuai.com\/wp-content\/uploads\/2014a\/12\/57\/01.jpg","http:\/\/mm.howkuai.com\/wp-content\/uploads\/2014a\/12\/57\/02.jpg","http:\/\/mm.howkuai.com\/wp-content\/uploads\/2014a\/12\/57\/03.jpg","http:\/\/mm.howkuai.com\/wp-content\/uploads\/2014a\/12\/57\/04.jpg","http:\/\/mm.howkuai.com\/wp-content\/uploads\/2014a\/12\/57\/05.jpg","http:\/\/mm.howkuai.com\/wp-content\/uploads\/2014a\/12\/57\/06.jpg","http:\/\/mm.howkuai.com\/wp-content\/uploads\/2014a\/12\/57\/07.jpg"]},{"plaintext":"\u8bf4\u597d\u7684\u5c0f\u82f9\u679c\u5462\uff0c\u6c34\u679c\u7cfb\u5217\u53ef\u7231\u5973\u5b69","href":"http:\/\/www.meizitu.com\/a\/4721.html","pic_list":["http:\/\/mm.howkuai.com\/wp-content\/uploads\/2014a\/12\/56\/01.jpg","http:\/\/mm.howkuai.com\/wp-content\/uploads\/2014a\/12\/56\/02.jpg","http:\/\/mm.howkuai.com\/wp-content\/uploads\/2014a\/12\/56\/03.jpg","http:\/\/mm.howkuai.com\/wp-content\/uploads\/2014a\/12\/56\/04.jpg","http:\/\/mm.howkuai.com\/wp-content\/uploads\/2014a\/12\/56\/05.jpg","http:\/\/mm.howkuai.com\/wp-content\/uploads\/2014a\/12\/56\/06.jpg","http:\/\/mm.howkuai.com\/wp-content\/uploads\/2014a\/12\/56\/07.jpg","http:\/\/mm.howkuai.com\/wp-content\/uploads\/2014a\/12\/56\/08.jpg","http:\/\/mm.howkuai.com\/wp-content\/uploads\/2014a\/12\/56\/09.jpg","http:\/\/mm.howkuai.com\/wp-content\/uploads\/2014a\/12\/56\/10.jpg"]},{"plaintext":"\u81f3\u771f\u81f3\u7eaf\u7684\u59b9\u5b50\uff0c\u5b9b\u5982\u767d\u96ea\u516c\u4e3b","href":"http:\/\/www.meizitu.com\/a\/4720.html","pic_list":["http:\/\/mm.howkuai.com\/wp-content\/uploads\/2014a\/12\/55\/01.jpg","http:\/\/mm.howkuai.com\/wp-content\/uploads\/2014a\/12\/55\/02.jpg","http:\/\/mm.howkuai.com\/wp-content\/uploads\/2014a\/12\/55\/03.jpg","http:\/\/mm.howkuai.com\/wp-content\/uploads\/2014a\/12\/55\/04.jpg","http:\/\/mm.howkuai.com\/wp-content\/uploads\/2014a\/12\/55\/05.jpg","http:\/\/mm.howkuai.com\/wp-content\/uploads\/2014a\/12\/55\/06.jpg","http:\/\/mm.howkuai.com\/wp-content\/uploads\/2014a\/12\/55\/07.jpg"]},{"plaintext":"\u540e\u82b1\u56ed\u91cc\u51fa\u5c18\u8131\u4fd7\u7684\u6f02\u4eae\u6a21\u7279","href":"http:\/\/www.meizitu.com\/a\/4719.html","pic_list":["http:\/\/mm.howkuai.com\/wp-content\/uploads\/2014a\/12\/54\/01.jpg","http:\/\/mm.howkuai.com\/wp-content\/uploads\/2014a\/12\/54\/02.jpg","http:\/\/mm.howkuai.com\/wp-content\/uploads\/2014a\/12\/54\/03.jpg","http:\/\/mm.howkuai.com\/wp-content\/uploads\/2014a\/12\/54\/04.jpg","http:\/\/mm.howkuai.com\/wp-content\/uploads\/2014a\/12\/54\/05.jpg","http:\/\/mm.howkuai.com\/wp-content\/uploads\/2014a\/12\/54\/06.jpg"]},{"plaintext":"\u6a21\u7279\u677e\u679c\u513f\u7684\u6027\u611f\u5723\u8bde\u793c\u7269","href":"http:\/\/www.meizitu.com\/a\/4718.html","pic_list":["http:\/\/mm.howkuai.com\/wp-content\/uploads\/2014a\/12\/53\/01.jpg","http:\/\/mm.howkuai.com\/wp-content\/uploads\/2014a\/12\/53\/02.jpg","http:\/\/mm.howkuai.com\/wp-content\/uploads\/2014a\/12\/53\/03.jpg","http:\/\/mm.howkuai.com\/wp-content\/uploads\/2014a\/12\/53\/04.jpg","http:\/\/mm.howkuai.com\/wp-content\/uploads\/2014a\/12\/53\/05.jpg","http:\/\/mm.howkuai.com\/wp-content\/uploads\/2014a\/12\/53\/06.jpg"]},{"plaintext":"\u53e4\u88c5\u7f8e\u5973\u7f8e\u82e5\u5929\u4ed9\uff0c\u6700\u7f8e\u5973\u5251\u5ba2","href":"http:\/\/www.meizitu.com\/a\/4717.html","pic_list":["http:\/\/mm.howkuai.com\/wp-content\/uploads\/2014a\/12\/52\/01.jpg","http:\/\/mm.howkuai.com\/wp-content\/uploads\/2014a\/12\/52\/02.jpg","http:\/\/mm.howkuai.com\/wp-content\/uploads\/2014a\/12\/52\/03.jpg","http:\/\/mm.howkuai.com\/wp-content\/uploads\/2014a\/12\/52\/04.jpg","http:\/\/mm.howkuai.com\/wp-content\/uploads\/2014a\/12\/52\/05.jpg","http:\/\/mm.howkuai.com\/wp-content\/uploads\/2014a\/12\/52\/06.jpg","http:\/\/mm.howkuai.com\/wp-content\/uploads\/2014a\/12\/52\/07.jpg"]},{"plaintext":"\u73b2\u73d1\u5254\u900f\uff0c\u5a07\u5c0f\u7f8e\u5973\u767d\u8272\u4e1d\u889c\u5ba4\u5185\u5199\u771f","href":"http:\/\/www.meizitu.com\/a\/4716.html","pic_list":["http:\/\/mm.howkuai.com\/wp-content\/uploads\/2014a\/12\/51\/01.jpg","http:\/\/mm.howkuai.com\/wp-content\/uploads\/2014a\/12\/51\/02.jpg","http:\/\/mm.howkuai.com\/wp-content\/uploads\/2014a\/12\/51\/03.jpg","http:\/\/mm.howkuai.com\/wp-content\/uploads\/2014a\/12\/51\/04.jpg","http:\/\/mm.howkuai.com\/wp-content\/uploads\/2014a\/12\/51\/05.jpg","http:\/\/mm.howkuai.com\/wp-content\/uploads\/2014a\/12\/51\/06.jpg","http:\/\/mm.howkuai.com\/wp-content\/uploads\/2014a\/12\/51\/07.jpg"]},{"plaintext":"\u6027\u611f\u7f8e\u7709\u55f2\u56e1\u56e1\u79c1\u623f\u5199\u771f","href":"http:\/\/www.meizitu.com\/a\/4715.html","pic_list":["http:\/\/mm.howkuai.com\/wp-content\/uploads\/2014a\/12\/50\/01.jpg","http:\/\/mm.howkuai.com\/wp-content\/uploads\/2014a\/12\/50\/02.jpg","http:\/\/mm.howkuai.com\/wp-content\/uploads\/2014a\/12\/50\/03.jpg","http:\/\/mm.howkuai.com\/wp-content\/uploads\/2014a\/12\/50\/04.jpg","http:\/\/mm.howkuai.com\/wp-content\/uploads\/2014a\/12\/50\/05.jpg","http:\/\/mm.howkuai.com\/wp-content\/uploads\/2014a\/12\/50\/06.jpg"]},{"plaintext":"\u767e\u53d8\u5973\u751f\uff0c\u5236\u670d\u4e0a\u8eab\u5316\u4e3a\u5b66\u751f\u59b9","href":"http:\/\/www.meizitu.com\/a\/4714.html","pic_list":["http:\/\/mm.howkuai.com\/wp-content\/uploads\/2014a\/12\/49\/01.jpg","http:\/\/mm.howkuai.com\/wp-content\/uploads\/2014a\/12\/49\/02.jpg","http:\/\/mm.howkuai.com\/wp-content\/uploads\/2014a\/12\/49\/03.jpg","http:\/\/mm.howkuai.com\/wp-content\/uploads\/2014a\/12\/49\/04.jpg","http:\/\/mm.howkuai.com\/wp-content\/uploads\/2014a\/12\/49\/05.jpg","http:\/\/mm.howkuai.com\/wp-content\/uploads\/2014a\/12\/49\/06.jpg"]},{"plaintext":"\u65e5\u672c\u5973\u5fe7\u7eb1\u4ed3\u771f\u5948\u6027\u611f\u59ff\u6001\u653e\u9001","href":"http:\/\/www.meizitu.com\/a\/4713.html","pic_list":["http:\/\/mm.howkuai.com\/wp-content\/uploads\/2014a\/12\/48\/01.jpg","http:\/\/mm.howkuai.com\/wp-content\/uploads\/2014a\/12\/48\/02.jpg","http:\/\/mm.howkuai.com\/wp-content\/uploads\/2014a\/12\/48\/03.jpg","http:\/\/mm.howkuai.com\/wp-content\/uploads\/2014a\/12\/48\/04.jpg","http:\/\/mm.howkuai.com\/wp-content\/uploads\/2014a\/12\/48\/05.jpg","http:\/\/mm.howkuai.com\/wp-content\/uploads\/2014a\/12\/48\/06.jpg","http:\/\/mm.howkuai.com\/wp-content\/uploads\/2014a\/12\/48\/07.jpg","http:\/\/mm.howkuai.com\/wp-content\/uploads\/2014a\/12\/48\/08.jpg"]},{"plaintext":"\u5fae\u535a\u4eba\u6c14\u6a21\u7279@Love\u9646\u74f7\u6cf0\u56fd\u65c5\u62cd","href":"http:\/\/www.meizitu.com\/a\/4712.html","pic_list":["http:\/\/mm.howkuai.com\/wp-content\/uploads\/2014a\/12\/47\/01.jpg","http:\/\/mm.howkuai.com\/wp-content\/uploads\/2014a\/12\/47\/02.jpg","http:\/\/mm.howkuai.com\/wp-content\/uploads\/2014a\/12\/47\/03.jpg","http:\/\/mm.howkuai.com\/wp-content\/uploads\/2014a\/12\/47\/04.jpg","http:\/\/mm.howkuai.com\/wp-content\/uploads\/2014a\/12\/47\/05.jpg"]},{"plaintext":"\u998b\u5634\u7684\u59b9\u5b50\uff0c\u5496\u5561\u9986\u91cc\u7684\u5c0f\u65f6\u5149","href":"http:\/\/www.meizitu.com\/a\/4711.html","pic_list":["http:\/\/mm.howkuai.com\/wp-content\/uploads\/2014a\/12\/46\/01.jpg","http:\/\/mm.howkuai.com\/wp-content\/uploads\/2014a\/12\/46\/02.jpg","http:\/\/mm.howkuai.com\/wp-content\/uploads\/2014a\/12\/46\/03.jpg","http:\/\/mm.howkuai.com\/wp-content\/uploads\/2014a\/12\/46\/04.jpg","http:\/\/mm.howkuai.com\/wp-content\/uploads\/2014a\/12\/46\/05.jpg","http:\/\/mm.howkuai.com\/wp-content\/uploads\/2014a\/12\/46\/06.jpg"]},{"plaintext":"\u629a\u5e73\u5fc3\u4e2d\u7684\u5bc2\u5bde\uff0c\u90a3\u4e9b\u6027\u611f\u7684\u4eba\u513f\uff0811\uff09","href":"http:\/\/www.meizitu.com\/a\/4710.html","pic_list":["http:\/\/mm.howkuai.com\/wp-content\/uploads\/2014a\/12\/45\/01.jpg","http:\/\/mm.howkuai.com\/wp-content\/uploads\/2014a\/12\/45\/02.jpg","http:\/\/mm.howkuai.com\/wp-content\/uploads\/2014a\/12\/45\/03.jpg","http:\/\/mm.howkuai.com\/wp-content\/uploads\/2014a\/12\/45\/04.jpg","http:\/\/mm.howkuai.com\/wp-content\/uploads\/2014a\/12\/45\/05.jpg","http:\/\/mm.howkuai.com\/wp-content\/uploads\/2014a\/12\/45\/06.jpg","http:\/\/mm.howkuai.com\/wp-content\/uploads\/2014a\/12\/45\/07.jpg","http:\/\/mm.howkuai.com\/wp-content\/uploads\/2014a\/12\/45\/08.jpg","http:\/\/mm.howkuai.com\/wp-content\/uploads\/2014a\/12\/45\/09.jpg"]},{"plaintext":"\u8d85\u68d2\u8eab\u6750\u7684\u5916\u56fd\u6a21\u7279raluca","href":"http:\/\/www.meizitu.com\/a\/4709.html","pic_list":["http:\/\/mm.howkuai.com\/wp-content\/uploads\/2014a\/12\/44\/01.jpg","http:\/\/mm.howkuai.com\/wp-content\/uploads\/2014a\/12\/44\/02.jpg","http:\/\/mm.howkuai.com\/wp-content\/uploads\/2014a\/12\/44\/03.jpg","http:\/\/mm.howkuai.com\/wp-content\/uploads\/2014a\/12\/44\/04.jpg","http:\/\/mm.howkuai.com\/wp-content\/uploads\/2014a\/12\/44\/05.jpg"]},{"plaintext":"\u9752\u6625\u5c11\u5973\uff0c\u53cc\u9a6c\u5c3e~\u7eb9\u8eab~\u6b7b\u5e93\u6c34","href":"http:\/\/www.meizitu.com\/a\/4708.html","pic_list":["http:\/\/mm.howkuai.com\/wp-content\/uploads\/2014a\/12\/43\/01.jpg","http:\/\/mm.howkuai.com\/wp-content\/uploads\/2014a\/12\/43\/02.jpg","http:\/\/mm.howkuai.com\/wp-content\/uploads\/2014a\/12\/43\/03.jpg","http:\/\/mm.howkuai.com\/wp-content\/uploads\/2014a\/12\/43\/04.jpg","http:\/\/mm.howkuai.com\/wp-content\/uploads\/2014a\/12\/43\/05.jpg","http:\/\/mm.howkuai.com\/wp-content\/uploads\/2014a\/12\/43\/06.jpg","http:\/\/mm.howkuai.com\/wp-content\/uploads\/2014a\/12\/43\/07.jpg"]},{"plaintext":"\u4f1a\u8df3\u821e\u7684\u5973\u5b69\u5b50\uff0c\u6bcf\u4e00\u4e2a\u52a8\u4f5c\u90fd\u5145\u6ee1\u4f18\u96c5","href":"http:\/\/www.meizitu.com\/a\/4707.html","pic_list":["http:\/\/mm.howkuai.com\/wp-content\/uploads\/2014a\/12\/42\/01.jpg","http:\/\/mm.howkuai.com\/wp-content\/uploads\/2014a\/12\/42\/02.jpg","http:\/\/mm.howkuai.com\/wp-content\/uploads\/2014a\/12\/42\/03.jpg","http:\/\/mm.howkuai.com\/wp-content\/uploads\/2014a\/12\/42\/04.jpg","http:\/\/mm.howkuai.com\/wp-content\/uploads\/2014a\/12\/42\/05.jpg","http:\/\/mm.howkuai.com\/wp-content\/uploads\/2014a\/12\/42\/06.jpg","http:\/\/mm.howkuai.com\/wp-content\/uploads\/2014a\/12\/42\/07.jpg","http:\/\/mm.howkuai.com\/wp-content\/uploads\/2014a\/12\/42\/08.jpg","http:\/\/mm.howkuai.com\/wp-content\/uploads\/2014a\/12\/42\/09.jpg","http:\/\/mm.howkuai.com\/wp-content\/uploads\/2014a\/12\/42\/10.jpg"]},{"plaintext":"\u7ea2\u904d\u7f51\u7edc\u7684\u5c0f\u841d\u8389\uff0c\u53ef\u7231\u7684\u4e54\u4e54\u5c0f\u516c\u4e3b","href":"http:\/\/www.meizitu.com\/a\/4706.html","pic_list":["http:\/\/mm.howkuai.com\/wp-content\/uploads\/2014a\/12\/41\/01.jpg","http:\/\/mm.howkuai.com\/wp-content\/uploads\/2014a\/12\/41\/02.jpg","http:\/\/mm.howkuai.com\/wp-content\/uploads\/2014a\/12\/41\/03.jpg","http:\/\/mm.howkuai.com\/wp-content\/uploads\/2014a\/12\/41\/04.jpg","http:\/\/mm.howkuai.com\/wp-content\/uploads\/2014a\/12\/41\/05.jpg"]},{"plaintext":"\u770b\u817f\u7684\u5b63\u8282\u5df2\u8fc7\uff0c\u7f8e\u817f\u56fe\u7247\u56de\u987e","href":"http:\/\/www.meizitu.com\/a\/4705.html","pic_list":["http:\/\/mm.howkuai.com\/wp-content\/uploads\/2014a\/12\/40\/01.jpg","http:\/\/mm.howkuai.com\/wp-content\/uploads\/2014a\/12\/40\/02.jpg","http:\/\/mm.howkuai.com\/wp-content\/uploads\/2014a\/12\/40\/03.jpg","http:\/\/mm.howkuai.com\/wp-content\/uploads\/2014a\/12\/40\/04.jpg","http:\/\/mm.howkuai.com\/wp-content\/uploads\/2014a\/12\/40\/05.jpg","http:\/\/mm.howkuai.com\/wp-content\/uploads\/2014a\/12\/40\/06.jpg","http:\/\/mm.howkuai.com\/wp-content\/uploads\/2014a\/12\/40\/07.jpg","http:\/\/mm.howkuai.com\/wp-content\/uploads\/2014a\/12\/40\/08.jpg"]},{"plaintext":"\u606c\u9759\u53ef\u7231\uff0c\u5496\u5561\u9986\u91cc\u7684\u77e5\u6027\u7f8e\u5973","href":"http:\/\/www.meizitu.com\/a\/4704.html","pic_list":["http:\/\/mm.howkuai.com\/wp-content\/uploads\/2014a\/12\/39\/01.jpg","http:\/\/mm.howkuai.com\/wp-content\/uploads\/2014a\/12\/39\/02.jpg","http:\/\/mm.howkuai.com\/wp-content\/uploads\/2014a\/12\/39\/03.jpg","http:\/\/mm.howkuai.com\/wp-content\/uploads\/2014a\/12\/39\/04.jpg","http:\/\/mm.howkuai.com\/wp-content\/uploads\/2014a\/12\/39\/05.jpg","http:\/\/mm.howkuai.com\/wp-content\/uploads\/2014a\/12\/39\/06.jpg","http:\/\/mm.howkuai.com\/wp-content\/uploads\/2014a\/12\/39\/07.jpg"]},{"plaintext":"\u674e\u9896\u829d\u6027\u611f\u5199\u771f\u66dd\u5149 \u706b\u8fa3\u8fa3\u4ee4\u4eba\u55b7\u8840","href":"http:\/\/www.meizitu.com\/a\/4703.html","pic_list":["http:\/\/mm.howkuai.com\/wp-content\/uploads\/2014a\/12\/38\/01.jpg","http:\/\/mm.howkuai.com\/wp-content\/uploads\/2014a\/12\/38\/02.jpg","http:\/\/mm.howkuai.com\/wp-content\/uploads\/2014a\/12\/38\/03.jpg","http:\/\/mm.howkuai.com\/wp-content\/uploads\/2014a\/12\/38\/04.jpg","http:\/\/mm.howkuai.com\/wp-content\/uploads\/2014a\/12\/38\/05.jpg","http:\/\/mm.howkuai.com\/wp-content\/uploads\/2014a\/12\/38\/06.jpg"]},{"plaintext":"\u8272\u5f69\u6591\u6593\u7684\u753b\u9762\uff0c\u6e05\u7eaf\u5ae9\u6a21\u7231\u5403\u6c34\u679c","href":"http:\/\/www.meizitu.com\/a\/4702.html","pic_list":["http:\/\/mm.howkuai.com\/wp-content\/uploads\/2014a\/12\/37\/01.jpg","http:\/\/mm.howkuai.com\/wp-content\/uploads\/2014a\/12\/37\/02.jpg","http:\/\/mm.howkuai.com\/wp-content\/uploads\/2014a\/12\/37\/03.jpg","http:\/\/mm.howkuai.com\/wp-content\/uploads\/2014a\/12\/37\/04.jpg","http:\/\/mm.howkuai.com\/wp-content\/uploads\/2014a\/12\/37\/05.jpg","http:\/\/mm.howkuai.com\/wp-content\/uploads\/2014a\/12\/37\/06.jpg","http:\/\/mm.howkuai.com\/wp-content\/uploads\/2014a\/12\/37\/07.jpg","http:\/\/mm.howkuai.com\/wp-content\/uploads\/2014a\/12\/37\/08.jpg"]},{"plaintext":"\u65e5\u672c\u8d85\u4eba\u6c14\u6a21\u7279\uff0c\u957f\u76f8\u751c\u7f8e\u53ef\u4eba\uff0c\u6563\u53d1\u6e05\u7eaf\u6c14\u8d28","href":"http:\/\/www.meizitu.com\/a\/4701.html","pic_list":["http:\/\/mm.howkuai.com\/wp-content\/uploads\/2014a\/12\/36\/01.jpg","http:\/\/mm.howkuai.com\/wp-content\/uploads\/2014a\/12\/36\/02.jpg","http:\/\/mm.howkuai.com\/wp-content\/uploads\/2014a\/12\/36\/03.jpg","http:\/\/mm.howkuai.com\/wp-content\/uploads\/2014a\/12\/36\/04.jpg","http:\/\/mm.howkuai.com\/wp-content\/uploads\/2014a\/12\/36\/05.jpg","http:\/\/mm.howkuai.com\/wp-content\/uploads\/2014a\/12\/36\/06.jpg","http:\/\/mm.howkuai.com\/wp-content\/uploads\/2014a\/12\/36\/07.jpg","http:\/\/mm.howkuai.com\/wp-content\/uploads\/2014a\/12\/36\/08.jpg","http:\/\/mm.howkuai.com\/wp-content\/uploads\/2014a\/12\/36\/09.jpg"]},{"plaintext":"\u6211\u53ea\u60f3\u505a\u4e00\u4e2a\u5b89\u5b89\u9759\u9759\u7684\u7f8e\u5c11\u5973","href":"http:\/\/www.meizitu.com\/a\/4700.html","pic_list":["http:\/\/mm.howkuai.com\/wp-content\/uploads\/2014a\/12\/35\/01.jpg","http:\/\/mm.howkuai.com\/wp-content\/uploads\/2014a\/12\/35\/02.jpg","http:\/\/mm.howkuai.com\/wp-content\/uploads\/2014a\/12\/35\/03.jpg","http:\/\/mm.howkuai.com\/wp-content\/uploads\/2014a\/12\/35\/04.jpg","http:\/\/mm.howkuai.com\/wp-content\/uploads\/2014a\/12\/35\/05.jpg","http:\/\/mm.howkuai.com\/wp-content\/uploads\/2014a\/12\/35\/06.jpg","http:\/\/mm.howkuai.com\/wp-content\/uploads\/2014a\/12\/35\/07.jpg","http:\/\/mm.howkuai.com\/wp-content\/uploads\/2014a\/12\/35\/08.jpg"]},{"plaintext":"\u6797\u4e2d\u6eaa\u8fb9\u7684\u957f\u817f\u7f8e\u5973","href":"http:\/\/www.meizitu.com\/a\/4699.html","pic_list":["http:\/\/mm.howkuai.com\/wp-content\/uploads\/2014a\/12\/34\/01.jpg","http:\/\/mm.howkuai.com\/wp-content\/uploads\/2014a\/12\/34\/02.jpg","http:\/\/mm.howkuai.com\/wp-content\/uploads\/2014a\/12\/34\/03.jpg","http:\/\/mm.howkuai.com\/wp-content\/uploads\/2014a\/12\/34\/04.jpg","http:\/\/mm.howkuai.com\/wp-content\/uploads\/2014a\/12\/34\/05.jpg","http:\/\/mm.howkuai.com\/wp-content\/uploads\/2014a\/12\/34\/06.jpg","http:\/\/mm.howkuai.com\/wp-content\/uploads\/2014a\/12\/34\/07.jpg"]},{"plaintext":"\u5fb7\u56fd\u961f\u7f8e\u5973\u5b9d\u8d1d\u6380\u8863\u670d\u9732\u7f8e\u80f8","href":"http:\/\/www.meizitu.com\/a\/4698.html","pic_list":["http:\/\/mm.howkuai.com\/wp-content\/uploads\/2014a\/12\/33\/01.jpg","http:\/\/mm.howkuai.com\/wp-content\/uploads\/2014a\/12\/33\/02.jpg","http:\/\/mm.howkuai.com\/wp-content\/uploads\/2014a\/12\/33\/03.jpg","http:\/\/mm.howkuai.com\/wp-content\/uploads\/2014a\/12\/33\/04.jpg","http:\/\/mm.howkuai.com\/wp-content\/uploads\/2014a\/12\/33\/05.jpg","http:\/\/mm.howkuai.com\/wp-content\/uploads\/2014a\/12\/33\/06.jpg"]},{"plaintext":"\u738b\u59ca\u59ca\u7740\u6bd4\u57fa\u5c3c\u201c\u75af\u766b\u201d\u5ea6\u5047","href":"http:\/\/www.meizitu.com\/a\/4697.html","pic_list":["http:\/\/mm.howkuai.com\/wp-content\/uploads\/2014a\/12\/32\/01.jpg","http:\/\/mm.howkuai.com\/wp-content\/uploads\/2014a\/12\/32\/02.jpg","http:\/\/mm.howkuai.com\/wp-content\/uploads\/2014a\/12\/32\/03.jpg","http:\/\/mm.howkuai.com\/wp-content\/uploads\/2014a\/12\/32\/04.jpg","http:\/\/mm.howkuai.com\/wp-content\/uploads\/2014a\/12\/32\/05.jpg","http:\/\/mm.howkuai.com\/wp-content\/uploads\/2014a\/12\/32\/06.jpg","http:\/\/mm.howkuai.com\/wp-content\/uploads\/2014a\/12\/32\/07.jpg"]},{"plaintext":"\u9006\u5149\u4e0b\u9762\u7684\u6027\u611f\u4f53\u64cd\u670d\u5c11\u5973","href":"http:\/\/www.meizitu.com\/a\/4696.html","pic_list":["http:\/\/mm.howkuai.com\/wp-content\/uploads\/2014a\/12\/31\/01.jpg","http:\/\/mm.howkuai.com\/wp-content\/uploads\/2014a\/12\/31\/02.jpg","http:\/\/mm.howkuai.com\/wp-content\/uploads\/2014a\/12\/31\/03.jpg","http:\/\/mm.howkuai.com\/wp-content\/uploads\/2014a\/12\/31\/04.jpg","http:\/\/mm.howkuai.com\/wp-content\/uploads\/2014a\/12\/31\/05.jpg","http:\/\/mm.howkuai.com\/wp-content\/uploads\/2014a\/12\/31\/06.jpg","http:\/\/mm.howkuai.com\/wp-content\/uploads\/2014a\/12\/31\/07.jpg"]},{"plaintext":"\u6e05\u7eaf\u7f8e\u80f8\u5ae9\u6a21\u7a7f\u53ef\u7231\u5185\u8863\u5199\u771f","href":"http:\/\/www.meizitu.com\/a\/4695.html","pic_list":["http:\/\/mm.howkuai.com\/wp-content\/uploads\/2014a\/12\/30\/01.jpg","http:\/\/mm.howkuai.com\/wp-content\/uploads\/2014a\/12\/30\/02.jpg","http:\/\/mm.howkuai.com\/wp-content\/uploads\/2014a\/12\/30\/03.jpg","http:\/\/mm.howkuai.com\/wp-content\/uploads\/2014a\/12\/30\/04.jpg","http:\/\/mm.howkuai.com\/wp-content\/uploads\/2014a\/12\/30\/05.jpg","http:\/\/mm.howkuai.com\/wp-content\/uploads\/2014a\/12\/30\/06.jpg","http:\/\/mm.howkuai.com\/wp-content\/uploads\/2014a\/12\/30\/07.jpg","http:\/\/mm.howkuai.com\/wp-content\/uploads\/2014a\/12\/30\/08.jpg"]},{"plaintext":"\u751c\u7d20\u7eaf\u5c0f\u7f8e\u5973\uff0c\u6a31\u6843\u5c0f\u5634\u7b11\u8d77\u6765\u5f88\u53ef\u7231","href":"http:\/\/www.meizitu.com\/a\/4694.html","pic_list":["http:\/\/mm.howkuai.com\/wp-content\/uploads\/2014a\/12\/29\/01.jpg","http:\/\/mm.howkuai.com\/wp-content\/uploads\/2014a\/12\/29\/02.jpg","http:\/\/mm.howkuai.com\/wp-content\/uploads\/2014a\/12\/29\/03.jpg","http:\/\/mm.howkuai.com\/wp-content\/uploads\/2014a\/12\/29\/04.jpg","http:\/\/mm.howkuai.com\/wp-content\/uploads\/2014a\/12\/29\/05.jpg","http:\/\/mm.howkuai.com\/wp-content\/uploads\/2014a\/12\/29\/06.jpg","http:\/\/mm.howkuai.com\/wp-content\/uploads\/2014a\/12\/29\/07.jpg"]}]