[{"plaintext":"\u5377\u53d1\u5973\u795e\uff0c\u5979\u7684\u6027\u611f\u5634\u5507\u5fae\u5fae\u4e0a\u626c","href":"http:\/\/www.meizitu.com\/a\/4814.html","pic_list":["http:\/\/mm.howkuai.com\/wp-content\/uploads\/2015a\/02\/09\/01.jpg","http:\/\/mm.howkuai.com\/wp-content\/uploads\/2015a\/02\/09\/02.jpg","http:\/\/mm.howkuai.com\/wp-content\/uploads\/2015a\/02\/09\/03.jpg","http:\/\/mm.howkuai.com\/wp-content\/uploads\/2015a\/02\/09\/04.jpg","http:\/\/mm.howkuai.com\/wp-content\/uploads\/2015a\/02\/09\/05.jpg","http:\/\/mm.howkuai.com\/wp-content\/uploads\/2015a\/02\/09\/06.jpg","http:\/\/mm.howkuai.com\/wp-content\/uploads\/2015a\/02\/09\/07.jpg"]},{"plaintext":"\u6c11\u56fd\u77ed\u53d1\u5c11\u5973\uff0c\u542b\u60c5\u51dd\u7747\u3002\u660e\u7738\u7693\u9f7f","href":"http:\/\/www.meizitu.com\/a\/4813.html","pic_list":["http:\/\/mm.howkuai.com\/wp-content\/uploads\/2015a\/02\/08\/01.jpg","http:\/\/mm.howkuai.com\/wp-content\/uploads\/2015a\/02\/08\/02.jpg","http:\/\/mm.howkuai.com\/wp-content\/uploads\/2015a\/02\/08\/03.jpg","http:\/\/mm.howkuai.com\/wp-content\/uploads\/2015a\/02\/08\/04.jpg","http:\/\/mm.howkuai.com\/wp-content\/uploads\/2015a\/02\/08\/05.jpg","http:\/\/mm.howkuai.com\/wp-content\/uploads\/2015a\/02\/08\/06.jpg"]},{"plaintext":"\u957f\u817f\u6b63\u59b9\u8857\u5934\u653e\u70ae\uff0c\u201c\u4efb\u6027\u201d\u7684\u8fc7\u6625\u8282","href":"http:\/\/www.meizitu.com\/a\/4812.html","pic_list":["http:\/\/mm.howkuai.com\/wp-content\/uploads\/2015a\/02\/07\/01.jpg","http:\/\/mm.howkuai.com\/wp-content\/uploads\/2015a\/02\/07\/02.jpg","http:\/\/mm.howkuai.com\/wp-content\/uploads\/2015a\/02\/07\/03.jpg","http:\/\/mm.howkuai.com\/wp-content\/uploads\/2015a\/02\/07\/04.jpg","http:\/\/mm.howkuai.com\/wp-content\/uploads\/2015a\/02\/07\/05.jpg","http:\/\/mm.howkuai.com\/wp-content\/uploads\/2015a\/02\/07\/06.jpg","http:\/\/mm.howkuai.com\/wp-content\/uploads\/2015a\/02\/07\/07.jpg","http:\/\/mm.howkuai.com\/wp-content\/uploads\/2015a\/02\/07\/08.jpg"]},{"plaintext":"\u5ae9\u6a21\u8d85\u8d5e\u7684\u8eab\u6750\uff0c\u9633\u5149\u6bd4\u57fa\u5c3c\u7cfb\u5217","href":"http:\/\/www.meizitu.com\/a\/4811.html","pic_list":["http:\/\/mm.howkuai.com\/wp-content\/uploads\/2015a\/02\/06\/01.jpg","http:\/\/mm.howkuai.com\/wp-content\/uploads\/2015a\/02\/06\/02.jpg","http:\/\/mm.howkuai.com\/wp-content\/uploads\/2015a\/02\/06\/03.jpg","http:\/\/mm.howkuai.com\/wp-content\/uploads\/2015a\/02\/06\/04.jpg","http:\/\/mm.howkuai.com\/wp-content\/uploads\/2015a\/02\/06\/05.jpg","http:\/\/mm.howkuai.com\/wp-content\/uploads\/2015a\/02\/06\/06.jpg","http:\/\/mm.howkuai.com\/wp-content\/uploads\/2015a\/02\/06\/07.jpg"]},{"plaintext":"\u6e05\u7eaf\u9633\u5149\u7f8e\u5973\uff0c\u5439\u6ce1\u6ce1\u795e\u6001\u7f8e\u5446\u4e86","href":"http:\/\/www.meizitu.com\/a\/4810.html","pic_list":["http:\/\/mm.howkuai.com\/wp-content\/uploads\/2015a\/02\/05\/01.jpg","http:\/\/mm.howkuai.com\/wp-content\/uploads\/2015a\/02\/05\/02.jpg","http:\/\/mm.howkuai.com\/wp-content\/uploads\/2015a\/02\/05\/03.jpg","http:\/\/mm.howkuai.com\/wp-content\/uploads\/2015a\/02\/05\/04.jpg","http:\/\/mm.howkuai.com\/wp-content\/uploads\/2015a\/02\/05\/05.jpg","http:\/\/mm.howkuai.com\/wp-content\/uploads\/2015a\/02\/05\/06.jpg","http:\/\/mm.howkuai.com\/wp-content\/uploads\/2015a\/02\/05\/07.jpg"]},{"plaintext":"\u53ef\u7231\u841d\u8389\uff0c\u4e0d\u8981\u95ee\u6211\u9759\u9759\u662f\u8c01","href":"http:\/\/www.meizitu.com\/a\/4809.html","pic_list":["http:\/\/mm.howkuai.com\/wp-content\/uploads\/2015a\/02\/04\/01.jpg","http:\/\/mm.howkuai.com\/wp-content\/uploads\/2015a\/02\/04\/02.jpg","http:\/\/mm.howkuai.com\/wp-content\/uploads\/2015a\/02\/04\/03.jpg","http:\/\/mm.howkuai.com\/wp-content\/uploads\/2015a\/02\/04\/04.jpg","http:\/\/mm.howkuai.com\/wp-content\/uploads\/2015a\/02\/04\/05.jpg","http:\/\/mm.howkuai.com\/wp-content\/uploads\/2015a\/02\/04\/06.jpg","http:\/\/mm.howkuai.com\/wp-content\/uploads\/2015a\/02\/04\/07.jpg","http:\/\/mm.howkuai.com\/wp-content\/uploads\/2015a\/02\/04\/08.jpg"]},{"plaintext":"\u738b\u806a\u6708Yaffa\u6027\u611f\u79c1\u623f\u7167","href":"http:\/\/www.meizitu.com\/a\/4808.html","pic_list":["http:\/\/mm.howkuai.com\/wp-content\/uploads\/2015a\/02\/03\/01.jpg","http:\/\/mm.howkuai.com\/wp-content\/uploads\/2015a\/02\/03\/02.jpg","http:\/\/mm.howkuai.com\/wp-content\/uploads\/2015a\/02\/03\/03.jpg","http:\/\/mm.howkuai.com\/wp-content\/uploads\/2015a\/02\/03\/04.jpg","http:\/\/mm.howkuai.com\/wp-content\/uploads\/2015a\/02\/03\/05.jpg","http:\/\/mm.howkuai.com\/wp-content\/uploads\/2015a\/02\/03\/06.jpg"]},{"plaintext":"\u79c1\u623f\u91cc\uff0c\u6709\u4e00\u79cd\u75c5\u53eb\u5b64\u72ec","href":"http:\/\/www.meizitu.com\/a\/4807.html","pic_list":["http:\/\/mm.howkuai.com\/wp-content\/uploads\/2015a\/02\/02\/01.jpg","http:\/\/mm.howkuai.com\/wp-content\/uploads\/2015a\/02\/02\/02.jpg","http:\/\/mm.howkuai.com\/wp-content\/uploads\/2015a\/02\/02\/03.jpg","http:\/\/mm.howkuai.com\/wp-content\/uploads\/2015a\/02\/02\/04.jpg","http:\/\/mm.howkuai.com\/wp-content\/uploads\/2015a\/02\/02\/05.jpg","http:\/\/mm.howkuai.com\/wp-content\/uploads\/2015a\/02\/02\/06.jpg","http:\/\/mm.howkuai.com\/wp-content\/uploads\/2015a\/02\/02\/07.jpg","http:\/\/mm.howkuai.com\/wp-content\/uploads\/2015a\/02\/02\/08.jpg"]},{"plaintext":"\u67f3\u4f91\u7eee\u5199\u771f\u96c6\u300aLittle Lover\u300b","href":"http:\/\/www.meizitu.com\/a\/4806.html","pic_list":["http:\/\/mm.howkuai.com\/wp-content\/uploads\/2015a\/02\/01\/01.jpg","http:\/\/mm.howkuai.com\/wp-content\/uploads\/2015a\/02\/01\/02.jpg","http:\/\/mm.howkuai.com\/wp-content\/uploads\/2015a\/02\/01\/03.jpg","http:\/\/mm.howkuai.com\/wp-content\/uploads\/2015a\/02\/01\/04.jpg","http:\/\/mm.howkuai.com\/wp-content\/uploads\/2015a\/02\/01\/05.jpg","http:\/\/mm.howkuai.com\/wp-content\/uploads\/2015a\/02\/01\/06.jpg"]},{"plaintext":"\u201c\u65b0\u5ea6\u5a18\u201d\u5154\u5973\u90ce\u88c5\u626e\u8d70\u7ea2 \u5927\u957f\u817f\u6027\u611f\u62a2\u955c","href":"http:\/\/www.meizitu.com\/a\/4805.html","pic_list":["http:\/\/mm.howkuai.com\/wp-content\/uploads\/2015a\/01\/64\/01.jpg","http:\/\/mm.howkuai.com\/wp-content\/uploads\/2015a\/01\/64\/02.jpg","http:\/\/mm.howkuai.com\/wp-content\/uploads\/2015a\/01\/64\/03.jpg","http:\/\/mm.howkuai.com\/wp-content\/uploads\/2015a\/01\/64\/04.jpg","http:\/\/mm.howkuai.com\/wp-content\/uploads\/2015a\/01\/64\/05.jpg","http:\/\/mm.howkuai.com\/wp-content\/uploads\/2015a\/01\/64\/06.jpg","http:\/\/mm.howkuai.com\/wp-content\/uploads\/2015a\/01\/64\/07.jpg","http:\/\/mm.howkuai.com\/wp-content\/uploads\/2015a\/01\/64\/08.jpg","http:\/\/mm.howkuai.com\/wp-content\/uploads\/2015a\/01\/64\/09.jpg"]},{"plaintext":"\u521d\u89c1\uff0c\u6587\u9759\u7684\u6e05\u7eaf\u59b9\u7eb8","href":"http:\/\/www.meizitu.com\/a\/4804.html","pic_list":["http:\/\/mm.howkuai.com\/wp-content\/uploads\/2015a\/01\/63\/01.jpg","http:\/\/mm.howkuai.com\/wp-content\/uploads\/2015a\/01\/63\/02.jpg","http:\/\/mm.howkuai.com\/wp-content\/uploads\/2015a\/01\/63\/03.jpg","http:\/\/mm.howkuai.com\/wp-content\/uploads\/2015a\/01\/63\/04.jpg","http:\/\/mm.howkuai.com\/wp-content\/uploads\/2015a\/01\/63\/05.jpg","http:\/\/mm.howkuai.com\/wp-content\/uploads\/2015a\/01\/63\/06.jpg"]},{"plaintext":"\u8bf1\u4eba\u7684\u773c\u795e\uff0c38.6\u00b0c breath","href":"http:\/\/www.meizitu.com\/a\/4803.html","pic_list":["http:\/\/mm.howkuai.com\/wp-content\/uploads\/2015a\/01\/62\/01.jpg","http:\/\/mm.howkuai.com\/wp-content\/uploads\/2015a\/01\/62\/02.jpg","http:\/\/mm.howkuai.com\/wp-content\/uploads\/2015a\/01\/62\/03.jpg","http:\/\/mm.howkuai.com\/wp-content\/uploads\/2015a\/01\/62\/04.jpg","http:\/\/mm.howkuai.com\/wp-content\/uploads\/2015a\/01\/62\/05.jpg","http:\/\/mm.howkuai.com\/wp-content\/uploads\/2015a\/01\/62\/06.jpg","http:\/\/mm.howkuai.com\/wp-content\/uploads\/2015a\/01\/62\/07.jpg"]},{"plaintext":"\u79c0\u53d1\u9f50\u8170\uff0c\u6027\u611f\u7f8e\u81c0\u7684vivi","href":"http:\/\/www.meizitu.com\/a\/4802.html","pic_list":["http:\/\/mm.howkuai.com\/wp-content\/uploads\/2015a\/01\/61\/01.jpg","http:\/\/mm.howkuai.com\/wp-content\/uploads\/2015a\/01\/61\/02.jpg","http:\/\/mm.howkuai.com\/wp-content\/uploads\/2015a\/01\/61\/03.jpg","http:\/\/mm.howkuai.com\/wp-content\/uploads\/2015a\/01\/61\/04.jpg","http:\/\/mm.howkuai.com\/wp-content\/uploads\/2015a\/01\/61\/05.jpg","http:\/\/mm.howkuai.com\/wp-content\/uploads\/2015a\/01\/61\/06.jpg"]},{"plaintext":"\u7eaf\u60c5\u5973\u5b69\u4f60\u7684\u8138\u5e9e\uff0c\u6620\u7167\u7740\u5149\u8292","href":"http:\/\/www.meizitu.com\/a\/4801.html","pic_list":["http:\/\/mm.howkuai.com\/wp-content\/uploads\/2015a\/01\/60\/01.jpg","http:\/\/mm.howkuai.com\/wp-content\/uploads\/2015a\/01\/60\/02.jpg","http:\/\/mm.howkuai.com\/wp-content\/uploads\/2015a\/01\/60\/03.jpg","http:\/\/mm.howkuai.com\/wp-content\/uploads\/2015a\/01\/60\/04.jpg","http:\/\/mm.howkuai.com\/wp-content\/uploads\/2015a\/01\/60\/05.jpg","http:\/\/mm.howkuai.com\/wp-content\/uploads\/2015a\/01\/60\/06.jpg","http:\/\/mm.howkuai.com\/wp-content\/uploads\/2015a\/01\/60\/07.jpg"]},{"plaintext":"\u8d75\u96e8\u83f2\u6027\u611f\u6bd4\u57fa\u5c3c\u4eab\u53d7\u6c99\u6ee9\u8db3\u7403","href":"http:\/\/www.meizitu.com\/a\/4800.html","pic_list":["http:\/\/mm.howkuai.com\/wp-content\/uploads\/2015a\/01\/59\/01.jpg","http:\/\/mm.howkuai.com\/wp-content\/uploads\/2015a\/01\/59\/02.jpg","http:\/\/mm.howkuai.com\/wp-content\/uploads\/2015a\/01\/59\/03.jpg","http:\/\/mm.howkuai.com\/wp-content\/uploads\/2015a\/01\/59\/04.jpg","http:\/\/mm.howkuai.com\/wp-content\/uploads\/2015a\/01\/59\/05.jpg","http:\/\/mm.howkuai.com\/wp-content\/uploads\/2015a\/01\/59\/06.jpg","http:\/\/mm.howkuai.com\/wp-content\/uploads\/2015a\/01\/59\/07.jpg"]},{"plaintext":"\u66fe\u7ecf\u4e5f\u6709\u4e00\u4e2a\u7b11\u5bb9\u51fa\u73b0\u5728\u6211\u7684\u751f\u547d\u91cc","href":"http:\/\/www.meizitu.com\/a\/4799.html","pic_list":["http:\/\/mm.howkuai.com\/wp-content\/uploads\/2015a\/01\/58\/01.jpg","http:\/\/mm.howkuai.com\/wp-content\/uploads\/2015a\/01\/58\/02.jpg","http:\/\/mm.howkuai.com\/wp-content\/uploads\/2015a\/01\/58\/03.jpg","http:\/\/mm.howkuai.com\/wp-content\/uploads\/2015a\/01\/58\/04.jpg","http:\/\/mm.howkuai.com\/wp-content\/uploads\/2015a\/01\/58\/05.jpg","http:\/\/mm.howkuai.com\/wp-content\/uploads\/2015a\/01\/58\/06.jpg","http:\/\/mm.howkuai.com\/wp-content\/uploads\/2015a\/01\/58\/07.jpg"]},{"plaintext":"\u6a21\u7279\u5f20\u6893\u7457\u5199\u771f\uff0c\u60c5\u7eea\u7684\u5149","href":"http:\/\/www.meizitu.com\/a\/4798.html","pic_list":["http:\/\/mm.howkuai.com\/wp-content\/uploads\/2015a\/01\/57\/01.jpg","http:\/\/mm.howkuai.com\/wp-content\/uploads\/2015a\/01\/57\/02.jpg","http:\/\/mm.howkuai.com\/wp-content\/uploads\/2015a\/01\/57\/03.jpg","http:\/\/mm.howkuai.com\/wp-content\/uploads\/2015a\/01\/57\/04.jpg","http:\/\/mm.howkuai.com\/wp-content\/uploads\/2015a\/01\/57\/05.jpg","http:\/\/mm.howkuai.com\/wp-content\/uploads\/2015a\/01\/57\/06.jpg"]},{"plaintext":"\u751c\u751c\u7f8e\u5c11\u5973\u5927\u5c3a\u5ea6\u5199\u771f","href":"http:\/\/www.meizitu.com\/a\/4797.html","pic_list":["http:\/\/mm.howkuai.com\/wp-content\/uploads\/2015a\/01\/56\/01.jpg","http:\/\/mm.howkuai.com\/wp-content\/uploads\/2015a\/01\/56\/02.jpg","http:\/\/mm.howkuai.com\/wp-content\/uploads\/2015a\/01\/56\/03.jpg","http:\/\/mm.howkuai.com\/wp-content\/uploads\/2015a\/01\/56\/04.jpg","http:\/\/mm.howkuai.com\/wp-content\/uploads\/2015a\/01\/56\/05.jpg"]},{"plaintext":"\u7cbe\u81f4\u7f8e\u5973\uff0c\u7ec6\u6570\u4f60\u773c\u4e2d\u7684\u60c5\u610f","href":"http:\/\/www.meizitu.com\/a\/4796.html","pic_list":["http:\/\/mm.howkuai.com\/wp-content\/uploads\/2015a\/01\/55\/01.jpg","http:\/\/mm.howkuai.com\/wp-content\/uploads\/2015a\/01\/55\/02.jpg","http:\/\/mm.howkuai.com\/wp-content\/uploads\/2015a\/01\/55\/03.jpg","http:\/\/mm.howkuai.com\/wp-content\/uploads\/2015a\/01\/55\/04.jpg","http:\/\/mm.howkuai.com\/wp-content\/uploads\/2015a\/01\/55\/05.jpg","http:\/\/mm.howkuai.com\/wp-content\/uploads\/2015a\/01\/55\/06.jpg"]},{"plaintext":"\u957f\u817f\u6027\u611f\u6a21\u7279\uff0c\u8981\u7684\u5c31\u662f\u90a3\u80a1\u65f6\u5c1a\u8303\u513f","href":"http:\/\/www.meizitu.com\/a\/4795.html","pic_list":["http:\/\/mm.howkuai.com\/wp-content\/uploads\/2015a\/01\/54\/01.jpg","http:\/\/mm.howkuai.com\/wp-content\/uploads\/2015a\/01\/54\/02.jpg","http:\/\/mm.howkuai.com\/wp-content\/uploads\/2015a\/01\/54\/03.jpg","http:\/\/mm.howkuai.com\/wp-content\/uploads\/2015a\/01\/54\/04.jpg","http:\/\/mm.howkuai.com\/wp-content\/uploads\/2015a\/01\/54\/05.jpg","http:\/\/mm.howkuai.com\/wp-content\/uploads\/2015a\/01\/54\/06.jpg","http:\/\/mm.howkuai.com\/wp-content\/uploads\/2015a\/01\/54\/07.jpg"]},{"plaintext":"\u51ac\u65e5\u6696\u6b4c\uff0c\u6e05\u7eaf\u5973\u751f\u9759\u9759\u7684\u53d1\u5446","href":"http:\/\/www.meizitu.com\/a\/4794.html","pic_list":["http:\/\/mm.howkuai.com\/wp-content\/uploads\/2015a\/01\/52\/01.jpg","http:\/\/mm.howkuai.com\/wp-content\/uploads\/2015a\/01\/52\/02.jpg","http:\/\/mm.howkuai.com\/wp-content\/uploads\/2015a\/01\/52\/03.jpg","http:\/\/mm.howkuai.com\/wp-content\/uploads\/2015a\/01\/52\/04.jpg","http:\/\/mm.howkuai.com\/wp-content\/uploads\/2015a\/01\/52\/05.jpg"]},{"plaintext":"\u6e56\u8fb9\u7684\u5feb\u4e50\u5c11\u5973\uff0c\u5fc3\u4e2d\u6709\u6d77\u98ce","href":"http:\/\/www.meizitu.com\/a\/4793.html","pic_list":["http:\/\/mm.howkuai.com\/wp-content\/uploads\/2015a\/01\/51\/01.jpg","http:\/\/mm.howkuai.com\/wp-content\/uploads\/2015a\/01\/51\/02.jpg","http:\/\/mm.howkuai.com\/wp-content\/uploads\/2015a\/01\/51\/03.jpg","http:\/\/mm.howkuai.com\/wp-content\/uploads\/2015a\/01\/51\/04.jpg","http:\/\/mm.howkuai.com\/wp-content\/uploads\/2015a\/01\/51\/05.jpg","http:\/\/mm.howkuai.com\/wp-content\/uploads\/2015a\/01\/51\/06.jpg"]},{"plaintext":"\u4e8c\u6b21\u5143\u65e5\u7cfb\u7f8e\u5c11\u5973\uff0c\u6b23\u8d4f\u7f8e\u817f\u7f8e\u81c0","href":"http:\/\/www.meizitu.com\/a\/4792.html","pic_list":["http:\/\/mm.howkuai.com\/wp-content\/uploads\/2015a\/01\/50\/01.jpg","http:\/\/mm.howkuai.com\/wp-content\/uploads\/2015a\/01\/50\/02.jpg","http:\/\/mm.howkuai.com\/wp-content\/uploads\/2015a\/01\/50\/03.jpg","http:\/\/mm.howkuai.com\/wp-content\/uploads\/2015a\/01\/50\/04.jpg","http:\/\/mm.howkuai.com\/wp-content\/uploads\/2015a\/01\/50\/05.jpg","http:\/\/mm.howkuai.com\/wp-content\/uploads\/2015a\/01\/50\/06.jpg","http:\/\/mm.howkuai.com\/wp-content\/uploads\/2015a\/01\/50\/07.jpg","http:\/\/mm.howkuai.com\/wp-content\/uploads\/2015a\/01\/50\/08.jpg"]},{"plaintext":"\u5a07\u7f9e\u53ef\u7231\u7684\u59b9\u7eb8\u79c1\u623f\u5199\u771f","href":"http:\/\/www.meizitu.com\/a\/4791.html","pic_list":["http:\/\/mm.howkuai.com\/wp-content\/uploads\/2015a\/01\/49\/01.jpg","http:\/\/mm.howkuai.com\/wp-content\/uploads\/2015a\/01\/49\/02.jpg","http:\/\/mm.howkuai.com\/wp-content\/uploads\/2015a\/01\/49\/03.jpg","http:\/\/mm.howkuai.com\/wp-content\/uploads\/2015a\/01\/49\/04.jpg","http:\/\/mm.howkuai.com\/wp-content\/uploads\/2015a\/01\/49\/05.jpg","http:\/\/mm.howkuai.com\/wp-content\/uploads\/2015a\/01\/49\/06.jpg","http:\/\/mm.howkuai.com\/wp-content\/uploads\/2015a\/01\/49\/07.jpg","http:\/\/mm.howkuai.com\/wp-content\/uploads\/2015a\/01\/49\/08.jpg","http:\/\/mm.howkuai.com\/wp-content\/uploads\/2015a\/01\/49\/09.jpg"]},{"plaintext":"\u4f53\u64cd\u670d\uff0c\u51ac\u65e5\u7f51\u7403\u5c11\u5973","href":"http:\/\/www.meizitu.com\/a\/4790.html","pic_list":["http:\/\/mm.howkuai.com\/wp-content\/uploads\/2015a\/01\/47\/01.jpg","http:\/\/mm.howkuai.com\/wp-content\/uploads\/2015a\/01\/47\/02.jpg","http:\/\/mm.howkuai.com\/wp-content\/uploads\/2015a\/01\/47\/03.jpg","http:\/\/mm.howkuai.com\/wp-content\/uploads\/2015a\/01\/47\/04.jpg","http:\/\/mm.howkuai.com\/wp-content\/uploads\/2015a\/01\/47\/05.jpg"]},{"plaintext":"\u7f8e\u4e73\u6bd4\u57fa\u5c3c\u5ae9\u6a21\uff0c\u9762\u671d\u5927\u6d77\uff0c\u6625\u6696\u82b1\u5f00","href":"http:\/\/www.meizitu.com\/a\/4789.html","pic_list":["http:\/\/mm.howkuai.com\/wp-content\/uploads\/2015a\/01\/46\/01.jpg","http:\/\/mm.howkuai.com\/wp-content\/uploads\/2015a\/01\/46\/02.jpg","http:\/\/mm.howkuai.com\/wp-content\/uploads\/2015a\/01\/46\/03.jpg","http:\/\/mm.howkuai.com\/wp-content\/uploads\/2015a\/01\/46\/04.jpg","http:\/\/mm.howkuai.com\/wp-content\/uploads\/2015a\/01\/46\/05.jpg","http:\/\/mm.howkuai.com\/wp-content\/uploads\/2015a\/01\/46\/06.jpg","http:\/\/mm.howkuai.com\/wp-content\/uploads\/2015a\/01\/46\/07.jpg"]},{"plaintext":"\u6e05\u7eaf\u4f73\u4eba\u6563\u4e71\u7684\u957f\u53d1\uff0c\u6e05\u606c\u7684\u5986\u5bb9","href":"http:\/\/www.meizitu.com\/a\/4788.html","pic_list":["http:\/\/mm.howkuai.com\/wp-content\/uploads\/2015a\/01\/45\/01.jpg","http:\/\/mm.howkuai.com\/wp-content\/uploads\/2015a\/01\/45\/02.jpg","http:\/\/mm.howkuai.com\/wp-content\/uploads\/2015a\/01\/45\/03.jpg","http:\/\/mm.howkuai.com\/wp-content\/uploads\/2015a\/01\/45\/04.jpg","http:\/\/mm.howkuai.com\/wp-content\/uploads\/2015a\/01\/45\/05.jpg","http:\/\/mm.howkuai.com\/wp-content\/uploads\/2015a\/01\/45\/06.jpg","http:\/\/mm.howkuai.com\/wp-content\/uploads\/2015a\/01\/45\/07.jpg"]},{"plaintext":"\u7eaf\u60c5\u59b9\u5b50\uff0c\u9694\u5e18\u5f62\uff0c\u7761\u521d\u9192\u3002","href":"http:\/\/www.meizitu.com\/a\/4787.html","pic_list":["http:\/\/mm.howkuai.com\/wp-content\/uploads\/2015a\/01\/44\/01.jpg","http:\/\/mm.howkuai.com\/wp-content\/uploads\/2015a\/01\/44\/02.jpg","http:\/\/mm.howkuai.com\/wp-content\/uploads\/2015a\/01\/44\/03.jpg","http:\/\/mm.howkuai.com\/wp-content\/uploads\/2015a\/01\/44\/04.jpg","http:\/\/mm.howkuai.com\/wp-content\/uploads\/2015a\/01\/44\/05.jpg","http:\/\/mm.howkuai.com\/wp-content\/uploads\/2015a\/01\/44\/06.jpg"]},{"plaintext":"\u8f6f\u59b9\u5b50\uff0c\u67d4\u67d4\u7684\u6726\u80e7\u7f8e","href":"http:\/\/www.meizitu.com\/a\/4786.html","pic_list":["http:\/\/mm.howkuai.com\/wp-content\/uploads\/2015a\/01\/43\/01.jpg","http:\/\/mm.howkuai.com\/wp-content\/uploads\/2015a\/01\/43\/02.jpg","http:\/\/mm.howkuai.com\/wp-content\/uploads\/2015a\/01\/43\/03.jpg","http:\/\/mm.howkuai.com\/wp-content\/uploads\/2015a\/01\/43\/04.jpg","http:\/\/mm.howkuai.com\/wp-content\/uploads\/2015a\/01\/43\/05.jpg","http:\/\/mm.howkuai.com\/wp-content\/uploads\/2015a\/01\/43\/06.jpg"]},{"plaintext":"\u751c\u7f8e\u6027\u611f\u7684\u4e8e\u5927\u5c0f\u59d0AYU\u5199\u771f","href":"http:\/\/www.meizitu.com\/a\/4785.html","pic_list":["http:\/\/mm.howkuai.com\/wp-content\/uploads\/2015a\/01\/42\/01.jpg","http:\/\/mm.howkuai.com\/wp-content\/uploads\/2015a\/01\/42\/02.jpg","http:\/\/mm.howkuai.com\/wp-content\/uploads\/2015a\/01\/42\/03.jpg","http:\/\/mm.howkuai.com\/wp-content\/uploads\/2015a\/01\/42\/04.jpg","http:\/\/mm.howkuai.com\/wp-content\/uploads\/2015a\/01\/42\/05.jpg"]}]