[{"plaintext":"\u5c0f\u8eab\u6750\u5927\u80fd\u91cf\uff0c\u5377\u53d1\u5973\u795e\u6c14\u573a\u5341\u8db3","href":"http:\/\/www.meizitu.com\/a\/4663.html","pic_list":["http:\/\/mm.howkuai.com\/wp-content\/uploads\/2014a\/11\/70\/01.jpg","http:\/\/mm.howkuai.com\/wp-content\/uploads\/2014a\/11\/70\/02.jpg","http:\/\/mm.howkuai.com\/wp-content\/uploads\/2014a\/11\/70\/03.jpg","http:\/\/mm.howkuai.com\/wp-content\/uploads\/2014a\/11\/70\/04.jpg","http:\/\/mm.howkuai.com\/wp-content\/uploads\/2014a\/11\/70\/05.jpg"]},{"plaintext":"\u6f6e\u8d77\u6f6e\u843d\uff0c\u9006\u5149\u4e0b\u7684\u5c0f\u6e05\u65b0\u7f8e\u5973","href":"http:\/\/www.meizitu.com\/a\/4662.html","pic_list":["http:\/\/mm.howkuai.com\/wp-content\/uploads\/2014a\/11\/69\/01.jpg","http:\/\/mm.howkuai.com\/wp-content\/uploads\/2014a\/11\/69\/02.jpg","http:\/\/mm.howkuai.com\/wp-content\/uploads\/2014a\/11\/69\/03.jpg","http:\/\/mm.howkuai.com\/wp-content\/uploads\/2014a\/11\/69\/04.jpg","http:\/\/mm.howkuai.com\/wp-content\/uploads\/2014a\/11\/69\/05.jpg","http:\/\/mm.howkuai.com\/wp-content\/uploads\/2014a\/11\/69\/06.jpg","http:\/\/mm.howkuai.com\/wp-content\/uploads\/2014a\/11\/69\/07.jpg","http:\/\/mm.howkuai.com\/wp-content\/uploads\/2014a\/11\/69\/08.jpg"]},{"plaintext":"\u6d74\u7f38\u4e2d\u7684\u76db\u5bb4\uff0c\u5357\u6e58baby\u79c1\u623f\u5199\u771f","href":"http:\/\/www.meizitu.com\/a\/4661.html","pic_list":["http:\/\/mm.howkuai.com\/wp-content\/uploads\/2014a\/11\/68\/01.jpg","http:\/\/mm.howkuai.com\/wp-content\/uploads\/2014a\/11\/68\/02.jpg","http:\/\/mm.howkuai.com\/wp-content\/uploads\/2014a\/11\/68\/03.jpg","http:\/\/mm.howkuai.com\/wp-content\/uploads\/2014a\/11\/68\/04.jpg","http:\/\/mm.howkuai.com\/wp-content\/uploads\/2014a\/11\/68\/05.jpg","http:\/\/mm.howkuai.com\/wp-content\/uploads\/2014a\/11\/68\/06.jpg","http:\/\/mm.howkuai.com\/wp-content\/uploads\/2014a\/11\/68\/07.jpg"]},{"plaintext":"\u6027\u611f\u6a21\u7279\u5b5f\u6653\u827a\u7684\u6700\u65b0\u5927\u5c3a\u5ea6\u5199\u771f","href":"http:\/\/www.meizitu.com\/a\/4660.html","pic_list":["http:\/\/mm.howkuai.com\/wp-content\/uploads\/2014a\/11\/67\/01.jpg","http:\/\/mm.howkuai.com\/wp-content\/uploads\/2014a\/11\/67\/02.jpg","http:\/\/mm.howkuai.com\/wp-content\/uploads\/2014a\/11\/67\/03.jpg","http:\/\/mm.howkuai.com\/wp-content\/uploads\/2014a\/11\/67\/04.jpg","http:\/\/mm.howkuai.com\/wp-content\/uploads\/2014a\/11\/67\/05.jpg","http:\/\/mm.howkuai.com\/wp-content\/uploads\/2014a\/11\/67\/06.jpg","http:\/\/mm.howkuai.com\/wp-content\/uploads\/2014a\/11\/67\/07.jpg","http:\/\/mm.howkuai.com\/wp-content\/uploads\/2014a\/11\/67\/08.jpg"]},{"plaintext":"\u6e05\u65b0\u65e5\u7cfb\u98ce\uff0c\u90a3\u4e9b\u6e05\u7eaf\u7684\u517b\u773c\u7f8e\u5973\u56fe\u7247\uff0813\uff09","href":"http:\/\/www.meizitu.com\/a\/4659.html","pic_list":["http:\/\/mm.howkuai.com\/wp-content\/uploads\/2014a\/11\/66\/01.jpg","http:\/\/mm.howkuai.com\/wp-content\/uploads\/2014a\/11\/66\/02.jpg","http:\/\/mm.howkuai.com\/wp-content\/uploads\/2014a\/11\/66\/03.jpg","http:\/\/mm.howkuai.com\/wp-content\/uploads\/2014a\/11\/66\/04.jpg","http:\/\/mm.howkuai.com\/wp-content\/uploads\/2014a\/11\/66\/05.jpg","http:\/\/mm.howkuai.com\/wp-content\/uploads\/2014a\/11\/66\/06.jpg","http:\/\/mm.howkuai.com\/wp-content\/uploads\/2014a\/11\/66\/07.jpg","http:\/\/mm.howkuai.com\/wp-content\/uploads\/2014a\/11\/66\/08.jpg","http:\/\/mm.howkuai.com\/wp-content\/uploads\/2014a\/11\/66\/09.jpg","http:\/\/mm.howkuai.com\/wp-content\/uploads\/2014a\/11\/66\/10.jpg"]},{"plaintext":"\u9752\u8471\u5c11\u5973\u7684\u5c0f\u79c1\u623f\uff0c\u7f9e\u8d67\u6c14\u8d28\u66f4\u663e\u59a9\u5a9a","href":"http:\/\/www.meizitu.com\/a\/4658.html","pic_list":["http:\/\/mm.howkuai.com\/wp-content\/uploads\/2014a\/11\/65\/01.jpg","http:\/\/mm.howkuai.com\/wp-content\/uploads\/2014a\/11\/65\/02.jpg","http:\/\/mm.howkuai.com\/wp-content\/uploads\/2014a\/11\/65\/03.jpg","http:\/\/mm.howkuai.com\/wp-content\/uploads\/2014a\/11\/65\/04.jpg","http:\/\/mm.howkuai.com\/wp-content\/uploads\/2014a\/11\/65\/05.jpg","http:\/\/mm.howkuai.com\/wp-content\/uploads\/2014a\/11\/65\/06.jpg"]},{"plaintext":"\u5065\u5eb7\u9633\u5149\uff0c\u6027\u611f\u6a21\u7279\u8c6a\u653e\u72c2\u91ce\u5199\u771f","href":"http:\/\/www.meizitu.com\/a\/4657.html","pic_list":["http:\/\/mm.howkuai.com\/wp-content\/uploads\/2014a\/11\/64\/01.jpg","http:\/\/mm.howkuai.com\/wp-content\/uploads\/2014a\/11\/64\/02.jpg","http:\/\/mm.howkuai.com\/wp-content\/uploads\/2014a\/11\/64\/03.jpg","http:\/\/mm.howkuai.com\/wp-content\/uploads\/2014a\/11\/64\/04.jpg","http:\/\/mm.howkuai.com\/wp-content\/uploads\/2014a\/11\/64\/05.jpg"]},{"plaintext":"\u897f\u5357\u77f3\u5927\u6821\u82b1\u9648\u59ae\u5a1c\u649e\u8138\u5168\u667a\u8d24\u8d70\u7ea2","href":"http:\/\/www.meizitu.com\/a\/4655.html","pic_list":["http:\/\/mm.howkuai.com\/wp-content\/uploads\/2014a\/11\/62\/01.jpg","http:\/\/mm.howkuai.com\/wp-content\/uploads\/2014a\/11\/62\/02.jpg","http:\/\/mm.howkuai.com\/wp-content\/uploads\/2014a\/11\/62\/03.jpg","http:\/\/mm.howkuai.com\/wp-content\/uploads\/2014a\/11\/62\/04.jpg","http:\/\/mm.howkuai.com\/wp-content\/uploads\/2014a\/11\/62\/05.jpg","http:\/\/mm.howkuai.com\/wp-content\/uploads\/2014a\/11\/62\/06.jpg","http:\/\/mm.howkuai.com\/wp-content\/uploads\/2014a\/11\/62\/07.jpg","http:\/\/mm.howkuai.com\/wp-content\/uploads\/2014a\/11\/62\/08.jpg","http:\/\/mm.howkuai.com\/wp-content\/uploads\/2014a\/11\/62\/09.jpg"]},{"plaintext":"\u6027\u611f\u7f8e\u5973\u767d\u9886\u95fa\u623f\u5185\u5c0f\u79c1\u623f","href":"http:\/\/www.meizitu.com\/a\/4654.html","pic_list":["http:\/\/mm.howkuai.com\/wp-content\/uploads\/2014a\/11\/61\/01.jpg","http:\/\/mm.howkuai.com\/wp-content\/uploads\/2014a\/11\/61\/02.jpg","http:\/\/mm.howkuai.com\/wp-content\/uploads\/2014a\/11\/61\/03.jpg","http:\/\/mm.howkuai.com\/wp-content\/uploads\/2014a\/11\/61\/04.jpg","http:\/\/mm.howkuai.com\/wp-content\/uploads\/2014a\/11\/61\/05.jpg","http:\/\/mm.howkuai.com\/wp-content\/uploads\/2014a\/11\/61\/06.jpg","http:\/\/mm.howkuai.com\/wp-content\/uploads\/2014a\/11\/61\/07.jpg"]},{"plaintext":"\u6e05\u7626\u53ef\u7231\u7684\u65e5\u7cfb\u98ce\u5c11\u5973\uff0c\u2015\u808c\u5999\u80a4\uff0c\u5f31\u9aa8\u7ea4\u5f62","href":"http:\/\/www.meizitu.com\/a\/4653.html","pic_list":["http:\/\/mm.howkuai.com\/wp-content\/uploads\/2014a\/11\/60\/01.jpg","http:\/\/mm.howkuai.com\/wp-content\/uploads\/2014a\/11\/60\/02.jpg","http:\/\/mm.howkuai.com\/wp-content\/uploads\/2014a\/11\/60\/03.jpg","http:\/\/mm.howkuai.com\/wp-content\/uploads\/2014a\/11\/60\/04.jpg","http:\/\/mm.howkuai.com\/wp-content\/uploads\/2014a\/11\/60\/05.jpg","http:\/\/mm.howkuai.com\/wp-content\/uploads\/2014a\/11\/60\/06.jpg","http:\/\/mm.howkuai.com\/wp-content\/uploads\/2014a\/11\/60\/07.jpg","http:\/\/mm.howkuai.com\/wp-content\/uploads\/2014a\/11\/60\/08.jpg","http:\/\/mm.howkuai.com\/wp-content\/uploads\/2014a\/11\/60\/09.jpg"]},{"plaintext":"\u6342\u4e0d\u4f4f\u7684\u8bf1\u60d1\uff0cF\u676f\u767d\u5ae9\u7f8e\u5973\u79c1\u623f\u56fe","href":"http:\/\/www.meizitu.com\/a\/4652.html","pic_list":["http:\/\/mm.howkuai.com\/wp-content\/uploads\/2014a\/11\/59\/01.jpg","http:\/\/mm.howkuai.com\/wp-content\/uploads\/2014a\/11\/59\/02.jpg","http:\/\/mm.howkuai.com\/wp-content\/uploads\/2014a\/11\/59\/03.jpg","http:\/\/mm.howkuai.com\/wp-content\/uploads\/2014a\/11\/59\/04.jpg","http:\/\/mm.howkuai.com\/wp-content\/uploads\/2014a\/11\/59\/05.jpg","http:\/\/mm.howkuai.com\/wp-content\/uploads\/2014a\/11\/59\/06.jpg","http:\/\/mm.howkuai.com\/wp-content\/uploads\/2014a\/11\/59\/07.jpg","http:\/\/mm.howkuai.com\/wp-content\/uploads\/2014a\/11\/59\/08.jpg"]},{"plaintext":"\u767e\u53d8\u6027\u611f\u98ce\uff0c\u8bb8\u8bfaSabrina \u53a6\u95e8\u65c5\u62cd","href":"http:\/\/www.meizitu.com\/a\/4650.html","pic_list":["http:\/\/mm.howkuai.com\/wp-content\/uploads\/2014a\/11\/57\/01.jpg","http:\/\/mm.howkuai.com\/wp-content\/uploads\/2014a\/11\/57\/02.jpg","http:\/\/mm.howkuai.com\/wp-content\/uploads\/2014a\/11\/57\/03.jpg","http:\/\/mm.howkuai.com\/wp-content\/uploads\/2014a\/11\/57\/04.jpg","http:\/\/mm.howkuai.com\/wp-content\/uploads\/2014a\/11\/57\/05.jpg","http:\/\/mm.howkuai.com\/wp-content\/uploads\/2014a\/11\/57\/06.jpg"]},{"plaintext":"\u7c89\u816e\u7ea2\u6da6\uff0c\u79c0\u7738\u60fa\u5fea\u3002\u6e29\u67d4\u4f3c\u6c34\u7684\u77e5\u6027\u7f8e\u5973","href":"http:\/\/www.meizitu.com\/a\/4649.html","pic_list":["http:\/\/mm.howkuai.com\/wp-content\/uploads\/2014a\/11\/56\/01.jpg","http:\/\/mm.howkuai.com\/wp-content\/uploads\/2014a\/11\/56\/02.jpg","http:\/\/mm.howkuai.com\/wp-content\/uploads\/2014a\/11\/56\/03.jpg","http:\/\/mm.howkuai.com\/wp-content\/uploads\/2014a\/11\/56\/04.jpg","http:\/\/mm.howkuai.com\/wp-content\/uploads\/2014a\/11\/56\/05.jpg","http:\/\/mm.howkuai.com\/wp-content\/uploads\/2014a\/11\/56\/06.jpg","http:\/\/mm.howkuai.com\/wp-content\/uploads\/2014a\/11\/56\/07.jpg"]},{"plaintext":"\u5065\u5eb7\u6027\u611f\u7684\u808c\u80a4\uff0c\u9633\u5149\u6a21\u7279\u7684\u6d77\u5c9b\u4e4b\u65c5","href":"http:\/\/www.meizitu.com\/a\/4648.html","pic_list":["http:\/\/mm.howkuai.com\/wp-content\/uploads\/2014a\/11\/55\/01.jpg","http:\/\/mm.howkuai.com\/wp-content\/uploads\/2014a\/11\/55\/02.jpg","http:\/\/mm.howkuai.com\/wp-content\/uploads\/2014a\/11\/55\/03.jpg","http:\/\/mm.howkuai.com\/wp-content\/uploads\/2014a\/11\/55\/04.jpg","http:\/\/mm.howkuai.com\/wp-content\/uploads\/2014a\/11\/55\/05.jpg","http:\/\/mm.howkuai.com\/wp-content\/uploads\/2014a\/11\/55\/06.jpg","http:\/\/mm.howkuai.com\/wp-content\/uploads\/2014a\/11\/55\/07.jpg","http:\/\/mm.howkuai.com\/wp-content\/uploads\/2014a\/11\/55\/08.jpg"]},{"plaintext":"2014\u79cb\u5b63\u5e7f\u5dde\u8f66\u5c55\u4e0a\u7684\u6e05\u7eaf\u8f66\u6a21","href":"http:\/\/www.meizitu.com\/a\/4646.html","pic_list":["http:\/\/mm.howkuai.com\/wp-content\/uploads\/2014a\/11\/53\/01.jpg","http:\/\/mm.howkuai.com\/wp-content\/uploads\/2014a\/11\/53\/02.jpg","http:\/\/mm.howkuai.com\/wp-content\/uploads\/2014a\/11\/53\/03.jpg","http:\/\/mm.howkuai.com\/wp-content\/uploads\/2014a\/11\/53\/04.jpg","http:\/\/mm.howkuai.com\/wp-content\/uploads\/2014a\/11\/53\/05.jpg","http:\/\/mm.howkuai.com\/wp-content\/uploads\/2014a\/11\/53\/06.jpg"]},{"plaintext":"\u4e16\u754c\u65c5\u6e38\u5c0f\u59d0\u4e2d\u56fd\u8d5b\u533a\u51a0\u519b\u9ec4\u8fea\u5199\u771f","href":"http:\/\/www.meizitu.com\/a\/4645.html","pic_list":["http:\/\/mm.howkuai.com\/wp-content\/uploads\/2014a\/11\/52\/01.jpg","http:\/\/mm.howkuai.com\/wp-content\/uploads\/2014a\/11\/52\/02.jpg","http:\/\/mm.howkuai.com\/wp-content\/uploads\/2014a\/11\/52\/03.jpg","http:\/\/mm.howkuai.com\/wp-content\/uploads\/2014a\/11\/52\/04.jpg","http:\/\/mm.howkuai.com\/wp-content\/uploads\/2014a\/11\/52\/05.jpg","http:\/\/mm.howkuai.com\/wp-content\/uploads\/2014a\/11\/52\/06.jpg"]},{"plaintext":"\u957f\u817f\u59b9\u7eb8\u7684\u8fd0\u52a8\u573a\u7269\u8bed","href":"http:\/\/www.meizitu.com\/a\/4644.html","pic_list":["http:\/\/mm.howkuai.com\/wp-content\/uploads\/2014a\/11\/51\/01.jpg","http:\/\/mm.howkuai.com\/wp-content\/uploads\/2014a\/11\/51\/02.jpg","http:\/\/mm.howkuai.com\/wp-content\/uploads\/2014a\/11\/51\/03.jpg","http:\/\/mm.howkuai.com\/wp-content\/uploads\/2014a\/11\/51\/04.jpg","http:\/\/mm.howkuai.com\/wp-content\/uploads\/2014a\/11\/51\/05.jpg","http:\/\/mm.howkuai.com\/wp-content\/uploads\/2014a\/11\/51\/06.jpg","http:\/\/mm.howkuai.com\/wp-content\/uploads\/2014a\/11\/51\/07.jpg"]},{"plaintext":"\u6de1\u626b\u86fe\u7709\u3002\u7709\u4f3c\u65b0\u6708\uff0c\u6e05\u7eaf\u7f8e\u5973\u7684\u7f8e\u6001","href":"http:\/\/www.meizitu.com\/a\/4643.html","pic_list":["http:\/\/mm.howkuai.com\/wp-content\/uploads\/2014a\/11\/50\/01.jpg","http:\/\/mm.howkuai.com\/wp-content\/uploads\/2014a\/11\/50\/02.jpg","http:\/\/mm.howkuai.com\/wp-content\/uploads\/2014a\/11\/50\/03.jpg","http:\/\/mm.howkuai.com\/wp-content\/uploads\/2014a\/11\/50\/04.jpg","http:\/\/mm.howkuai.com\/wp-content\/uploads\/2014a\/11\/50\/05.jpg","http:\/\/mm.howkuai.com\/wp-content\/uploads\/2014a\/11\/50\/06.jpg"]},{"plaintext":"\u6700\u65b0\u5ae9\u6a21@\u5218\u98de\u513ffaye\u53a6\u95e8\u65c5\u62cd","href":"http:\/\/www.meizitu.com\/a\/4642.html","pic_list":["http:\/\/mm.howkuai.com\/wp-content\/uploads\/2014a\/11\/49\/01.jpg","http:\/\/mm.howkuai.com\/wp-content\/uploads\/2014a\/11\/49\/02.jpg","http:\/\/mm.howkuai.com\/wp-content\/uploads\/2014a\/11\/49\/03.jpg","http:\/\/mm.howkuai.com\/wp-content\/uploads\/2014a\/11\/49\/04.jpg","http:\/\/mm.howkuai.com\/wp-content\/uploads\/2014a\/11\/49\/05.jpg","http:\/\/mm.howkuai.com\/wp-content\/uploads\/2014a\/11\/49\/06.jpg"]},{"plaintext":"\u8fd0\u52a8\u7684\u5973\u4eba\u6700\u6027\u611f\uff0c\u9999\u6c57\u6dcb\u6f13\u60f9\u4eba\u9050\u601d","href":"http:\/\/www.meizitu.com\/a\/4641.html","pic_list":["http:\/\/mm.howkuai.com\/wp-content\/uploads\/2014a\/11\/48\/01.jpg","http:\/\/mm.howkuai.com\/wp-content\/uploads\/2014a\/11\/48\/02.jpg","http:\/\/mm.howkuai.com\/wp-content\/uploads\/2014a\/11\/48\/03.jpg","http:\/\/mm.howkuai.com\/wp-content\/uploads\/2014a\/11\/48\/04.jpg","http:\/\/mm.howkuai.com\/wp-content\/uploads\/2014a\/11\/48\/05.jpg","http:\/\/mm.howkuai.com\/wp-content\/uploads\/2014a\/11\/48\/06.jpg","http:\/\/mm.howkuai.com\/wp-content\/uploads\/2014a\/11\/48\/07.jpg"]},{"plaintext":"\u5f20\u4f18Ayoyo\u7684\u6cd5\u56fd\u9762\u819c\u5e73\u9762\u5e7f\u544a\u62cd\u6444","href":"http:\/\/www.meizitu.com\/a\/4640.html","pic_list":["http:\/\/mm.howkuai.com\/wp-content\/uploads\/2014a\/11\/47\/01.jpg","http:\/\/mm.howkuai.com\/wp-content\/uploads\/2014a\/11\/47\/02.jpg","http:\/\/mm.howkuai.com\/wp-content\/uploads\/2014a\/11\/47\/03.jpg","http:\/\/mm.howkuai.com\/wp-content\/uploads\/2014a\/11\/47\/04.jpg","http:\/\/mm.howkuai.com\/wp-content\/uploads\/2014a\/11\/47\/05.jpg","http:\/\/mm.howkuai.com\/wp-content\/uploads\/2014a\/11\/47\/06.jpg"]},{"plaintext":"\u851a\u84dd\u5929\u7a7a\u6ca1\u6709\u96fe\u973e\uff0c\u59b9\u5b50\u5fc3\u60c5\u4e5f\u662f\u90a3\u4e48\u5feb\u4e50","href":"http:\/\/www.meizitu.com\/a\/4639.html","pic_list":["http:\/\/mm.howkuai.com\/wp-content\/uploads\/2014a\/11\/46\/01.jpg","http:\/\/mm.howkuai.com\/wp-content\/uploads\/2014a\/11\/46\/02.jpg","http:\/\/mm.howkuai.com\/wp-content\/uploads\/2014a\/11\/46\/03.jpg","http:\/\/mm.howkuai.com\/wp-content\/uploads\/2014a\/11\/46\/04.jpg","http:\/\/mm.howkuai.com\/wp-content\/uploads\/2014a\/11\/46\/05.jpg","http:\/\/mm.howkuai.com\/wp-content\/uploads\/2014a\/11\/46\/06.jpg"]},{"plaintext":"\u4e8c\u6b21\u5143\u767d\u5ae9\u7f8e\u817f\u5408\u96c6","href":"http:\/\/www.meizitu.com\/a\/4638.html","pic_list":["http:\/\/mm.howkuai.com\/wp-content\/uploads\/2014a\/11\/45\/01.jpg","http:\/\/mm.howkuai.com\/wp-content\/uploads\/2014a\/11\/45\/02.jpg","http:\/\/mm.howkuai.com\/wp-content\/uploads\/2014a\/11\/45\/03.jpg","http:\/\/mm.howkuai.com\/wp-content\/uploads\/2014a\/11\/45\/04.jpg","http:\/\/mm.howkuai.com\/wp-content\/uploads\/2014a\/11\/45\/05.jpg","http:\/\/mm.howkuai.com\/wp-content\/uploads\/2014a\/11\/45\/06.jpg","http:\/\/mm.howkuai.com\/wp-content\/uploads\/2014a\/11\/45\/07.jpg","http:\/\/mm.howkuai.com\/wp-content\/uploads\/2014a\/11\/45\/08.jpg","http:\/\/mm.howkuai.com\/wp-content\/uploads\/2014a\/11\/45\/09.jpg","http:\/\/mm.howkuai.com\/wp-content\/uploads\/2014a\/11\/45\/10.jpg"]},{"plaintext":"\u53ef\u7231\u7684\u5c0f\u7f8e\u5973\uff0c\u559c\u6b22\u6696\u51ac\u56e0\u4e3a\u4f9d\u7136\u53ef\u4ee5\u7f8e\u4e3d","href":"http:\/\/www.meizitu.com\/a\/4637.html","pic_list":["http:\/\/mm.howkuai.com\/wp-content\/uploads\/2014a\/11\/44\/01.jpg","http:\/\/mm.howkuai.com\/wp-content\/uploads\/2014a\/11\/44\/02.jpg","http:\/\/mm.howkuai.com\/wp-content\/uploads\/2014a\/11\/44\/03.jpg","http:\/\/mm.howkuai.com\/wp-content\/uploads\/2014a\/11\/44\/04.jpg","http:\/\/mm.howkuai.com\/wp-content\/uploads\/2014a\/11\/44\/05.jpg","http:\/\/mm.howkuai.com\/wp-content\/uploads\/2014a\/11\/44\/06.jpg","http:\/\/mm.howkuai.com\/wp-content\/uploads\/2014a\/11\/44\/07.jpg","http:\/\/mm.howkuai.com\/wp-content\/uploads\/2014a\/11\/44\/08.jpg"]},{"plaintext":"\u6c90\u6d74\u5728\u9633\u5149\u91cc\uff0c\u5377\u53d1\u6c14\u8d28\u5973\u795e\u9732\u9999\u80a9","href":"http:\/\/www.meizitu.com\/a\/4636.html","pic_list":["http:\/\/mm.howkuai.com\/wp-content\/uploads\/2014a\/11\/43\/01.jpg","http:\/\/mm.howkuai.com\/wp-content\/uploads\/2014a\/11\/43\/02.jpg","http:\/\/mm.howkuai.com\/wp-content\/uploads\/2014a\/11\/43\/03.jpg","http:\/\/mm.howkuai.com\/wp-content\/uploads\/2014a\/11\/43\/04.jpg","http:\/\/mm.howkuai.com\/wp-content\/uploads\/2014a\/11\/43\/05.jpg","http:\/\/mm.howkuai.com\/wp-content\/uploads\/2014a\/11\/43\/06.jpg","http:\/\/mm.howkuai.com\/wp-content\/uploads\/2014a\/11\/43\/07.jpg"]},{"plaintext":"\u771f\u8ba9\u4eba\u9189\u4e86\uff0c\u4e8c\u6b21\u5143\u3001\u4e09\u6b21\u5143\u7f8e\u5c11\u5973\u5408\u96c6\uff08\u4e00\uff09","href":"http:\/\/www.meizitu.com\/a\/4635.html","pic_list":["http:\/\/mm.howkuai.com\/wp-content\/uploads\/2014a\/11\/42\/01.jpg","http:\/\/mm.howkuai.com\/wp-content\/uploads\/2014a\/11\/42\/02.jpg","http:\/\/mm.howkuai.com\/wp-content\/uploads\/2014a\/11\/42\/03.jpg","http:\/\/mm.howkuai.com\/wp-content\/uploads\/2014a\/11\/42\/04.jpg","http:\/\/mm.howkuai.com\/wp-content\/uploads\/2014a\/11\/42\/05.jpg","http:\/\/mm.howkuai.com\/wp-content\/uploads\/2014a\/11\/42\/06.jpg","http:\/\/mm.howkuai.com\/wp-content\/uploads\/2014a\/11\/42\/07.jpg","http:\/\/mm.howkuai.com\/wp-content\/uploads\/2014a\/11\/42\/08.jpg","http:\/\/mm.howkuai.com\/wp-content\/uploads\/2014a\/11\/42\/09.jpg","http:\/\/mm.howkuai.com\/wp-content\/uploads\/2014a\/11\/42\/10.jpg"]},{"plaintext":"\u9165\u80f8\u534a\u63a9\u7f8e\u4eba\u59ff\u6001\uff0c\u4e30\u6ee1\u7684YOYO\u82cf\u5c0f\u82cf","href":"http:\/\/www.meizitu.com\/a\/4634.html","pic_list":["http:\/\/mm.howkuai.com\/wp-content\/uploads\/2014a\/11\/41\/01.jpg","http:\/\/mm.howkuai.com\/wp-content\/uploads\/2014a\/11\/41\/02.jpg","http:\/\/mm.howkuai.com\/wp-content\/uploads\/2014a\/11\/41\/03.jpg","http:\/\/mm.howkuai.com\/wp-content\/uploads\/2014a\/11\/41\/04.jpg","http:\/\/mm.howkuai.com\/wp-content\/uploads\/2014a\/11\/41\/05.jpg","http:\/\/mm.howkuai.com\/wp-content\/uploads\/2014a\/11\/41\/06.jpg"]}]