[{"plaintext":"\u6cbb\u6108\u7cfb\uff0c\u559c\u6b22\u81ea\u62cd\u7684\u6f02\u4eae\u957f\u53d1\u59b9\u5b50","href":"http:\/\/www.meizitu.com\/a\/4263.html","pic_list":["http:\/\/mm.howkuai.com\/wp-content\/uploads\/2014a\/06\/15\/01.jpg","http:\/\/mm.howkuai.com\/wp-content\/uploads\/2014a\/06\/15\/02.jpg","http:\/\/mm.howkuai.com\/wp-content\/uploads\/2014a\/06\/15\/03.jpg","http:\/\/mm.howkuai.com\/wp-content\/uploads\/2014a\/06\/15\/04.jpg","http:\/\/mm.howkuai.com\/wp-content\/uploads\/2014a\/06\/15\/05.jpg","http:\/\/mm.howkuai.com\/wp-content\/uploads\/2014a\/06\/15\/06.jpg","http:\/\/mm.howkuai.com\/wp-content\/uploads\/2014a\/06\/15\/07.jpg","http:\/\/mm.howkuai.com\/wp-content\/uploads\/2014a\/06\/15\/08.jpg","http:\/\/mm.howkuai.com\/wp-content\/uploads\/2014a\/06\/15\/09.jpg"]},{"plaintext":"\u5c0f\u6e05\u65b0\uff0c\u548c\u6211\u4e00\u8d77\u53bb\u65c5\u884c\u5427\u8d81\u8fd8\u6709\u73b0\u5728","href":"http:\/\/www.meizitu.com\/a\/4262.html","pic_list":["http:\/\/mm.howkuai.com\/wp-content\/uploads\/2014a\/06\/14\/01.jpg","http:\/\/mm.howkuai.com\/wp-content\/uploads\/2014a\/06\/14\/02.jpg","http:\/\/mm.howkuai.com\/wp-content\/uploads\/2014a\/06\/14\/03.jpg","http:\/\/mm.howkuai.com\/wp-content\/uploads\/2014a\/06\/14\/04.jpg"]},{"plaintext":"\u4e00\u4e2a\u50cf\u590f\u5929\u4e00\u4e2a\u50cf\u79cb\u5929\uff0c\u6f02\u4eae\u95fa\u871c\u7f8e\u62cd","href":"http:\/\/www.meizitu.com\/a\/4261.html","pic_list":["http:\/\/mm.howkuai.com\/wp-content\/uploads\/2014a\/06\/13\/01.jpg","http:\/\/mm.howkuai.com\/wp-content\/uploads\/2014a\/06\/13\/02.jpg","http:\/\/mm.howkuai.com\/wp-content\/uploads\/2014a\/06\/13\/03.jpg"]},{"plaintext":"\u5c0f\u6e05\u65b0\u7a7a\u59d0\u7684\u5e78\u798f\u65f6\u5149","href":"http:\/\/www.meizitu.com\/a\/4260.html","pic_list":["http:\/\/mm.howkuai.com\/wp-content\/uploads\/2014a\/06\/12\/01.jpg","http:\/\/mm.howkuai.com\/wp-content\/uploads\/2014a\/06\/12\/02.jpg","http:\/\/mm.howkuai.com\/wp-content\/uploads\/2014a\/06\/12\/03.jpg","http:\/\/mm.howkuai.com\/wp-content\/uploads\/2014a\/06\/12\/04.jpg","http:\/\/mm.howkuai.com\/wp-content\/uploads\/2014a\/06\/12\/05.jpg","http:\/\/mm.howkuai.com\/wp-content\/uploads\/2014a\/06\/12\/06.jpg"]},{"plaintext":"\u5b85\u7537\u7684\u6700\u7231\uff0c\u9ad8\u6027\u80fdPC\u4e0e\u6027\u611f\u6a21\u7279","href":"http:\/\/www.meizitu.com\/a\/4259.html","pic_list":["http:\/\/mm.howkuai.com\/wp-content\/uploads\/2014a\/06\/11\/01.jpg","http:\/\/mm.howkuai.com\/wp-content\/uploads\/2014a\/06\/11\/02.jpg","http:\/\/mm.howkuai.com\/wp-content\/uploads\/2014a\/06\/11\/03.jpg","http:\/\/mm.howkuai.com\/wp-content\/uploads\/2014a\/06\/11\/04.jpg","http:\/\/mm.howkuai.com\/wp-content\/uploads\/2014a\/06\/11\/05.jpg","http:\/\/mm.howkuai.com\/wp-content\/uploads\/2014a\/06\/11\/06.jpg"]},{"plaintext":"\u6821\u56ed\u9752\u6625\uff0c\u6e05\u7eaf\u51ac\u96e8\u5c0f\u65f6\u5149","href":"http:\/\/www.meizitu.com\/a\/4258.html","pic_list":["http:\/\/mm.howkuai.com\/wp-content\/uploads\/2014a\/06\/10\/01.jpg","http:\/\/mm.howkuai.com\/wp-content\/uploads\/2014a\/06\/10\/02.jpg","http:\/\/mm.howkuai.com\/wp-content\/uploads\/2014a\/06\/10\/03.jpg","http:\/\/mm.howkuai.com\/wp-content\/uploads\/2014a\/06\/10\/04.jpg","http:\/\/mm.howkuai.com\/wp-content\/uploads\/2014a\/06\/10\/05.jpg","http:\/\/mm.howkuai.com\/wp-content\/uploads\/2014a\/06\/10\/06.jpg"]},{"plaintext":"\u6821\u56ed\u6e05\u65b0\uff0c\u5c0f\u5154\u7259\u53ef\u7231\u59b9\u7eb8","href":"http:\/\/www.meizitu.com\/a\/4257.html","pic_list":["http:\/\/mm.howkuai.com\/wp-content\/uploads\/2014a\/06\/09\/01.jpg","http:\/\/mm.howkuai.com\/wp-content\/uploads\/2014a\/06\/09\/02.jpg","http:\/\/mm.howkuai.com\/wp-content\/uploads\/2014a\/06\/09\/03.jpg","http:\/\/mm.howkuai.com\/wp-content\/uploads\/2014a\/06\/09\/04.jpg","http:\/\/mm.howkuai.com\/wp-content\/uploads\/2014a\/06\/09\/05.jpg","http:\/\/mm.howkuai.com\/wp-content\/uploads\/2014a\/06\/09\/06.jpg","http:\/\/mm.howkuai.com\/wp-content\/uploads\/2014a\/06\/09\/07.jpg","http:\/\/mm.howkuai.com\/wp-content\/uploads\/2014a\/06\/09\/08.jpg"]},{"plaintext":"\u90a3\u4e9b\u6e05\u7eaf\u7684\u517b\u773c\u7f8e\u5973\u56fe\u7247\uff08\u56db\uff09","href":"http:\/\/www.meizitu.com\/a\/4256.html","pic_list":["http:\/\/mm.howkuai.com\/wp-content\/uploads\/2014a\/06\/08\/01.jpg","http:\/\/mm.howkuai.com\/wp-content\/uploads\/2014a\/06\/08\/02.jpg","http:\/\/mm.howkuai.com\/wp-content\/uploads\/2014a\/06\/08\/03.jpg","http:\/\/mm.howkuai.com\/wp-content\/uploads\/2014a\/06\/08\/04.jpg","http:\/\/mm.howkuai.com\/wp-content\/uploads\/2014a\/06\/08\/05.jpg","http:\/\/mm.howkuai.com\/wp-content\/uploads\/2014a\/06\/08\/06.jpg","http:\/\/mm.howkuai.com\/wp-content\/uploads\/2014a\/06\/08\/07.jpg","http:\/\/mm.howkuai.com\/wp-content\/uploads\/2014a\/06\/08\/08.jpg","http:\/\/mm.howkuai.com\/wp-content\/uploads\/2014a\/06\/08\/09.jpg","http:\/\/mm.howkuai.com\/wp-content\/uploads\/2014a\/06\/08\/10.jpg","http:\/\/mm.howkuai.com\/wp-content\/uploads\/2014a\/06\/08\/11.jpg","http:\/\/mm.howkuai.com\/wp-content\/uploads\/2014a\/06\/08\/12.jpg"]},{"plaintext":"\u9f50\u5218\u6d77\u6e05\u7eaf\u59b9\u5b50\u7231\u901b\u591c\u5e02","href":"http:\/\/www.meizitu.com\/a\/4255.html","pic_list":["http:\/\/mm.howkuai.com\/wp-content\/uploads\/2014a\/06\/07\/01.jpg","http:\/\/mm.howkuai.com\/wp-content\/uploads\/2014a\/06\/07\/02.jpg","http:\/\/mm.howkuai.com\/wp-content\/uploads\/2014a\/06\/07\/03.jpg","http:\/\/mm.howkuai.com\/wp-content\/uploads\/2014a\/06\/07\/04.jpg","http:\/\/mm.howkuai.com\/wp-content\/uploads\/2014a\/06\/07\/05.jpg","http:\/\/mm.howkuai.com\/wp-content\/uploads\/2014a\/06\/07\/06.jpg","http:\/\/mm.howkuai.com\/wp-content\/uploads\/2014a\/06\/07\/07.jpg"]},{"plaintext":"\u4e30\u6ee1\u53ef\u7231\u7684\u7f8e\u5c11\u5973\u6cf3\u88c5\u5199\u771f","href":"http:\/\/www.meizitu.com\/a\/4254.html","pic_list":["http:\/\/mm.howkuai.com\/wp-content\/uploads\/2014a\/06\/06\/01.jpg","http:\/\/mm.howkuai.com\/wp-content\/uploads\/2014a\/06\/06\/02.jpg","http:\/\/mm.howkuai.com\/wp-content\/uploads\/2014a\/06\/06\/03.jpg","http:\/\/mm.howkuai.com\/wp-content\/uploads\/2014a\/06\/06\/04.jpg","http:\/\/mm.howkuai.com\/wp-content\/uploads\/2014a\/06\/06\/05.jpg","http:\/\/mm.howkuai.com\/wp-content\/uploads\/2014a\/06\/06\/06.jpg","http:\/\/mm.howkuai.com\/wp-content\/uploads\/2014a\/06\/06\/07.jpg","http:\/\/mm.howkuai.com\/wp-content\/uploads\/2014a\/06\/06\/08.jpg"]},{"plaintext":"\u773c\u795e\u8ff7\u79bb\u7684\u59b9\u5b50\u5ba4\u5185\u552f\u7f8e\u5199\u771f","href":"http:\/\/www.meizitu.com\/a\/4253.html","pic_list":["http:\/\/mm.howkuai.com\/wp-content\/uploads\/2014a\/06\/05\/01.jpg","http:\/\/mm.howkuai.com\/wp-content\/uploads\/2014a\/06\/05\/02.jpg","http:\/\/mm.howkuai.com\/wp-content\/uploads\/2014a\/06\/05\/03.jpg","http:\/\/mm.howkuai.com\/wp-content\/uploads\/2014a\/06\/05\/04.jpg","http:\/\/mm.howkuai.com\/wp-content\/uploads\/2014a\/06\/05\/05.jpg","http:\/\/mm.howkuai.com\/wp-content\/uploads\/2014a\/06\/05\/06.jpg","http:\/\/mm.howkuai.com\/wp-content\/uploads\/2014a\/06\/05\/07.jpg"]},{"plaintext":"\u708e\u708e\u590f\u65e5\uff0c\u53ef\u7231\u6a21\u7279\u5927\u79c0\u8eab\u6750","href":"http:\/\/www.meizitu.com\/a\/4252.html","pic_list":["http:\/\/mm.howkuai.com\/wp-content\/uploads\/2014a\/06\/04\/01.jpg","http:\/\/mm.howkuai.com\/wp-content\/uploads\/2014a\/06\/04\/02.jpg","http:\/\/mm.howkuai.com\/wp-content\/uploads\/2014a\/06\/04\/03.jpg","http:\/\/mm.howkuai.com\/wp-content\/uploads\/2014a\/06\/04\/04.jpg","http:\/\/mm.howkuai.com\/wp-content\/uploads\/2014a\/06\/04\/05.jpg"]},{"plaintext":"\u4fcf\u76ae\u5c11\u5973\uff0c\u5176\u5b9e\u5979\u662f\u5973\u6c49\u5b50","href":"http:\/\/www.meizitu.com\/a\/4251.html","pic_list":["http:\/\/mm.howkuai.com\/wp-content\/uploads\/2014a\/06\/03\/01.jpg","http:\/\/mm.howkuai.com\/wp-content\/uploads\/2014a\/06\/03\/02.jpg","http:\/\/mm.howkuai.com\/wp-content\/uploads\/2014a\/06\/03\/03.jpg","http:\/\/mm.howkuai.com\/wp-content\/uploads\/2014a\/06\/03\/04.jpg","http:\/\/mm.howkuai.com\/wp-content\/uploads\/2014a\/06\/03\/05.jpg","http:\/\/mm.howkuai.com\/wp-content\/uploads\/2014a\/06\/03\/06.jpg","http:\/\/mm.howkuai.com\/wp-content\/uploads\/2014a\/06\/03\/07.jpg"]},{"plaintext":"\u51b0\u808c\u83b9\u5f7b\uff0c\u53c8\u89c1\u4f60\u7684\u6a31\u6843\u5c0f\u5634","href":"http:\/\/www.meizitu.com\/a\/4250.html","pic_list":["http:\/\/mm.howkuai.com\/wp-content\/uploads\/2014a\/06\/02\/01.jpg","http:\/\/mm.howkuai.com\/wp-content\/uploads\/2014a\/06\/02\/02.jpg","http:\/\/mm.howkuai.com\/wp-content\/uploads\/2014a\/06\/02\/03.jpg","http:\/\/mm.howkuai.com\/wp-content\/uploads\/2014a\/06\/02\/04.jpg","http:\/\/mm.howkuai.com\/wp-content\/uploads\/2014a\/06\/02\/05.jpg"]},{"plaintext":"\u5317\u5f71\u7f8e\u5973\u674e\u4f9d\u4f0a\u6e05\u7eaf\u5199\u771f","href":"http:\/\/www.meizitu.com\/a\/4249.html","pic_list":["http:\/\/mm.howkuai.com\/wp-content\/uploads\/2014a\/06\/01\/01.jpg","http:\/\/mm.howkuai.com\/wp-content\/uploads\/2014a\/06\/01\/02.jpg","http:\/\/mm.howkuai.com\/wp-content\/uploads\/2014a\/06\/01\/03.jpg","http:\/\/mm.howkuai.com\/wp-content\/uploads\/2014a\/06\/01\/04.jpg","http:\/\/mm.howkuai.com\/wp-content\/uploads\/2014a\/06\/01\/05.jpg"]},{"plaintext":"\u8ff7\u4eba\u957f\u817f\uff0c\u53f6\u6893\u8431\u6cf3\u6c60\u6f5c\u6cf3\u5199\u771f","href":"http:\/\/www.meizitu.com\/a\/4248.html","pic_list":["http:\/\/mm.howkuai.com\/wp-content\/uploads\/2014a\/05\/49\/01.jpg","http:\/\/mm.howkuai.com\/wp-content\/uploads\/2014a\/05\/49\/02.jpg","http:\/\/mm.howkuai.com\/wp-content\/uploads\/2014a\/05\/49\/03.jpg","http:\/\/mm.howkuai.com\/wp-content\/uploads\/2014a\/05\/49\/04.jpg","http:\/\/mm.howkuai.com\/wp-content\/uploads\/2014a\/05\/49\/05.jpg"]},{"plaintext":"\u6700\u7231\u788e\u82b1\u8fde\u8863\u88d9\uff0c\u521d\u590f\u7684\u4e00\u62b9\u6e05\u65b0","href":"http:\/\/www.meizitu.com\/a\/4247.html","pic_list":["http:\/\/mm.howkuai.com\/wp-content\/uploads\/2014a\/05\/48\/01.jpg","http:\/\/mm.howkuai.com\/wp-content\/uploads\/2014a\/05\/48\/02.jpg","http:\/\/mm.howkuai.com\/wp-content\/uploads\/2014a\/05\/48\/03.jpg","http:\/\/mm.howkuai.com\/wp-content\/uploads\/2014a\/05\/48\/04.jpg","http:\/\/mm.howkuai.com\/wp-content\/uploads\/2014a\/05\/48\/05.jpg","http:\/\/mm.howkuai.com\/wp-content\/uploads\/2014a\/05\/48\/06.jpg"]},{"plaintext":"\u5496\u5561\u9986\u91cc\u7684\u751c\u7f8e\u59b9\u5b50\uff0c\u4f60\u8981\u4e00\u76f4\u5fae\u7b11","href":"http:\/\/www.meizitu.com\/a\/4246.html","pic_list":["http:\/\/mm.howkuai.com\/wp-content\/uploads\/2014a\/05\/47\/01.jpg","http:\/\/mm.howkuai.com\/wp-content\/uploads\/2014a\/05\/47\/02.jpg","http:\/\/mm.howkuai.com\/wp-content\/uploads\/2014a\/05\/47\/03.jpg","http:\/\/mm.howkuai.com\/wp-content\/uploads\/2014a\/05\/47\/04.jpg","http:\/\/mm.howkuai.com\/wp-content\/uploads\/2014a\/05\/47\/05.jpg","http:\/\/mm.howkuai.com\/wp-content\/uploads\/2014a\/05\/47\/06.jpg"]},{"plaintext":"\u5feb\u5e26\u6211\u56de\u5bb6\u5427\uff0c\u6027\u611f\u9165\u80f8\u5973\u4ec6\u6765\u88ad","href":"http:\/\/www.meizitu.com\/a\/4245.html","pic_list":["http:\/\/mm.howkuai.com\/wp-content\/uploads\/2014a\/05\/46\/01.jpg","http:\/\/mm.howkuai.com\/wp-content\/uploads\/2014a\/05\/46\/02.jpg","http:\/\/mm.howkuai.com\/wp-content\/uploads\/2014a\/05\/46\/03.jpg","http:\/\/mm.howkuai.com\/wp-content\/uploads\/2014a\/05\/46\/04.jpg","http:\/\/mm.howkuai.com\/wp-content\/uploads\/2014a\/05\/46\/05.jpg","http:\/\/mm.howkuai.com\/wp-content\/uploads\/2014a\/05\/46\/06.jpg"]},{"plaintext":"\u4e16\u754c\u676f\u5c31\u8981\u6765\u4e86\uff0c\u7eff\u8335\u573a\u4e0a\u7684\u5c0f\u6e05\u65b0\u59b9\u5b50","href":"http:\/\/www.meizitu.com\/a\/4244.html","pic_list":["http:\/\/mm.howkuai.com\/wp-content\/uploads\/2014a\/05\/45\/01.jpg","http:\/\/mm.howkuai.com\/wp-content\/uploads\/2014a\/05\/45\/02.jpg","http:\/\/mm.howkuai.com\/wp-content\/uploads\/2014a\/05\/45\/03.jpg","http:\/\/mm.howkuai.com\/wp-content\/uploads\/2014a\/05\/45\/04.jpg","http:\/\/mm.howkuai.com\/wp-content\/uploads\/2014a\/05\/45\/05.jpg","http:\/\/mm.howkuai.com\/wp-content\/uploads\/2014a\/05\/45\/06.jpg","http:\/\/mm.howkuai.com\/wp-content\/uploads\/2014a\/05\/45\/07.jpg","http:\/\/mm.howkuai.com\/wp-content\/uploads\/2014a\/05\/45\/08.jpg"]},{"plaintext":"\u5634\u89d2\u90a3\u4e1d\u5fae\u7b11\u7684\u5f27\u7ebf\uff0c\u7a7f\u788e\u82b1\u5185\u5185\u7684\u59b9\u5b50","href":"http:\/\/www.meizitu.com\/a\/4243.html","pic_list":["http:\/\/mm.howkuai.com\/wp-content\/uploads\/2014a\/05\/44\/01.jpg","http:\/\/mm.howkuai.com\/wp-content\/uploads\/2014a\/05\/44\/02.jpg","http:\/\/mm.howkuai.com\/wp-content\/uploads\/2014a\/05\/44\/03.jpg","http:\/\/mm.howkuai.com\/wp-content\/uploads\/2014a\/05\/44\/04.jpg","http:\/\/mm.howkuai.com\/wp-content\/uploads\/2014a\/05\/44\/05.jpg","http:\/\/mm.howkuai.com\/wp-content\/uploads\/2014a\/05\/44\/06.jpg"]},{"plaintext":"\u751c\u7f8e\u53ef\u4eba\u7684\u59b9\u5b50\uff0c\u6c38\u8fdc\u4e0d\u4f1a\u54ed\u6ce3\u7684\u6843\u4e50\u4e1d","href":"http:\/\/www.meizitu.com\/a\/4242.html","pic_list":["http:\/\/mm.howkuai.com\/wp-content\/uploads\/2014a\/05\/43\/01.jpg","http:\/\/mm.howkuai.com\/wp-content\/uploads\/2014a\/05\/43\/02.jpg","http:\/\/mm.howkuai.com\/wp-content\/uploads\/2014a\/05\/43\/03.jpg","http:\/\/mm.howkuai.com\/wp-content\/uploads\/2014a\/05\/43\/04.jpg","http:\/\/mm.howkuai.com\/wp-content\/uploads\/2014a\/05\/43\/05.jpg","http:\/\/mm.howkuai.com\/wp-content\/uploads\/2014a\/05\/43\/06.jpg","http:\/\/mm.howkuai.com\/wp-content\/uploads\/2014a\/05\/43\/07.jpg"]},{"plaintext":"\u957f\u817f\u6821\u82b1\u4f53\u80b2\u5b9d\u8d1d\u674e\u9896\u829d","href":"http:\/\/www.meizitu.com\/a\/4241.html","pic_list":["http:\/\/mm.howkuai.com\/wp-content\/uploads\/2014a\/05\/42\/01.jpg","http:\/\/mm.howkuai.com\/wp-content\/uploads\/2014a\/05\/42\/02.jpg","http:\/\/mm.howkuai.com\/wp-content\/uploads\/2014a\/05\/42\/03.jpg","http:\/\/mm.howkuai.com\/wp-content\/uploads\/2014a\/05\/42\/04.jpg","http:\/\/mm.howkuai.com\/wp-content\/uploads\/2014a\/05\/42\/05.jpg","http:\/\/mm.howkuai.com\/wp-content\/uploads\/2014a\/05\/42\/06.jpg"]},{"plaintext":"\u6027\u611f\u6a21\u7279\u5c0f\u68e0\u6700\u65b0\u7f8e\u7247\uff0c\u78a7\u6c60\u5a07\u5a03","href":"http:\/\/www.meizitu.com\/a\/4240.html","pic_list":["http:\/\/mm.howkuai.com\/wp-content\/uploads\/2014a\/05\/41\/01.jpg","http:\/\/mm.howkuai.com\/wp-content\/uploads\/2014a\/05\/41\/02.jpg","http:\/\/mm.howkuai.com\/wp-content\/uploads\/2014a\/05\/41\/03.jpg","http:\/\/mm.howkuai.com\/wp-content\/uploads\/2014a\/05\/41\/04.jpg","http:\/\/mm.howkuai.com\/wp-content\/uploads\/2014a\/05\/41\/05.jpg","http:\/\/mm.howkuai.com\/wp-content\/uploads\/2014a\/05\/41\/06.jpg"]},{"plaintext":"\u5b85\u5728\u5bb6\u91cc\u53ea\u4e3a\u7f8e\u98df\u7684\u5403\u8d27\u5c11\u5973","href":"http:\/\/www.meizitu.com\/a\/4239.html","pic_list":["http:\/\/mm.howkuai.com\/wp-content\/uploads\/2014a\/05\/40\/01.jpg","http:\/\/mm.howkuai.com\/wp-content\/uploads\/2014a\/05\/40\/02.jpg","http:\/\/mm.howkuai.com\/wp-content\/uploads\/2014a\/05\/40\/03.jpg","http:\/\/mm.howkuai.com\/wp-content\/uploads\/2014a\/05\/40\/04.jpg","http:\/\/mm.howkuai.com\/wp-content\/uploads\/2014a\/05\/40\/05.jpg","http:\/\/mm.howkuai.com\/wp-content\/uploads\/2014a\/05\/40\/06.jpg","http:\/\/mm.howkuai.com\/wp-content\/uploads\/2014a\/05\/40\/07.jpg"]},{"plaintext":"\u5bb9\u8272\u6e05\u79c0\uff0c\u5f88\u6709\u5473\u9053\u7684\u6e05\u7eaf\u7f8e\u5c11\u5987","href":"http:\/\/www.meizitu.com\/a\/4238.html","pic_list":["http:\/\/mm.howkuai.com\/wp-content\/uploads\/2014a\/05\/39\/01.jpg","http:\/\/mm.howkuai.com\/wp-content\/uploads\/2014a\/05\/39\/02.jpg","http:\/\/mm.howkuai.com\/wp-content\/uploads\/2014a\/05\/39\/03.jpg","http:\/\/mm.howkuai.com\/wp-content\/uploads\/2014a\/05\/39\/04.jpg","http:\/\/mm.howkuai.com\/wp-content\/uploads\/2014a\/05\/39\/05.jpg","http:\/\/mm.howkuai.com\/wp-content\/uploads\/2014a\/05\/39\/06.jpg"]},{"plaintext":"\u7f8e\u4eba\u75e3\uff0c\u5c9b\u56fd\u7684\u6e05\u7eaf\u6027\u611f\u59b9\u7eb8","href":"http:\/\/www.meizitu.com\/a\/4237.html","pic_list":["http:\/\/mm.howkuai.com\/wp-content\/uploads\/2014a\/05\/38\/01.jpg","http:\/\/mm.howkuai.com\/wp-content\/uploads\/2014a\/05\/38\/02.jpg","http:\/\/mm.howkuai.com\/wp-content\/uploads\/2014a\/05\/38\/03.jpg","http:\/\/mm.howkuai.com\/wp-content\/uploads\/2014a\/05\/38\/04.jpg"]},{"plaintext":"\u5b85\u5973\uff0c\u6676\u83b9\u767d\u7699\u768495\u540e\u53ef\u8010\u59b9\u7eb8","href":"http:\/\/www.meizitu.com\/a\/4236.html","pic_list":["http:\/\/mm.howkuai.com\/wp-content\/uploads\/2014a\/05\/37\/01.jpg","http:\/\/mm.howkuai.com\/wp-content\/uploads\/2014a\/05\/37\/02.jpg","http:\/\/mm.howkuai.com\/wp-content\/uploads\/2014a\/05\/37\/03.jpg","http:\/\/mm.howkuai.com\/wp-content\/uploads\/2014a\/05\/37\/04.jpg","http:\/\/mm.howkuai.com\/wp-content\/uploads\/2014a\/05\/37\/05.jpg","http:\/\/mm.howkuai.com\/wp-content\/uploads\/2014a\/05\/37\/06.jpg"]},{"plaintext":"\u90a3\u4e9b\u81ea\u4fe1\u53c8\u53ef\u7231\u7684\u59b9\u5b50\u4eec\uff0c\u6027\u611f\u7531\u81ea\u672c\u80fd","href":"http:\/\/www.meizitu.com\/a\/4235.html","pic_list":["http:\/\/mm.howkuai.com\/wp-content\/uploads\/2014a\/05\/36\/01.jpg","http:\/\/mm.howkuai.com\/wp-content\/uploads\/2014a\/05\/36\/02.jpg","http:\/\/mm.howkuai.com\/wp-content\/uploads\/2014a\/05\/36\/03.jpg","http:\/\/mm.howkuai.com\/wp-content\/uploads\/2014a\/05\/36\/04.jpg","http:\/\/mm.howkuai.com\/wp-content\/uploads\/2014a\/05\/36\/05.jpg","http:\/\/mm.howkuai.com\/wp-content\/uploads\/2014a\/05\/36\/06.jpg","http:\/\/mm.howkuai.com\/wp-content\/uploads\/2014a\/05\/36\/07.jpg","http:\/\/mm.howkuai.com\/wp-content\/uploads\/2014a\/05\/36\/08.jpg"]},{"plaintext":"\u9999\u8f66\u7f8e\u5973\uff0c\u8d85\u8dd1\u5973\u795eAnna\u5199\u771f","href":"http:\/\/www.meizitu.com\/a\/4234.html","pic_list":["http:\/\/mm.howkuai.com\/wp-content\/uploads\/2014a\/05\/35\/01.jpg","http:\/\/mm.howkuai.com\/wp-content\/uploads\/2014a\/05\/35\/02.jpg","http:\/\/mm.howkuai.com\/wp-content\/uploads\/2014a\/05\/35\/03.jpg","http:\/\/mm.howkuai.com\/wp-content\/uploads\/2014a\/05\/35\/04.jpg","http:\/\/mm.howkuai.com\/wp-content\/uploads\/2014a\/05\/35\/05.jpg"]}]