[{"plaintext":"\u559c\u6b22\u7bee\u7403\u7684\u6e05\u7eaf\u5c11\u5973\uff0c\u98de\u7fd4\u5427\u6674\u5b50","href":"http:\/\/www.meizitu.com\/a\/4171.html","pic_list":["http:\/\/mm.howkuai.com\/wp-content\/uploads\/2014a\/04\/33\/01.jpg","http:\/\/mm.howkuai.com\/wp-content\/uploads\/2014a\/04\/33\/02.jpg","http:\/\/mm.howkuai.com\/wp-content\/uploads\/2014a\/04\/33\/03.jpg","http:\/\/mm.howkuai.com\/wp-content\/uploads\/2014a\/04\/33\/04.jpg","http:\/\/mm.howkuai.com\/wp-content\/uploads\/2014a\/04\/33\/05.jpg","http:\/\/mm.howkuai.com\/wp-content\/uploads\/2014a\/04\/33\/06.jpg","http:\/\/mm.howkuai.com\/wp-content\/uploads\/2014a\/04\/33\/07.jpg","http:\/\/mm.howkuai.com\/wp-content\/uploads\/2014a\/04\/33\/08.jpg"]},{"plaintext":"\u4e00\u987e\u503e\u4eba\u57ce\uff0c\u6c5f\u4f0a\u6db5\u552f\u7f8e\u53e4\u88c5\u9ad8\u6e05\u58c1\u7eb8","href":"http:\/\/www.meizitu.com\/a\/4170.html","pic_list":["http:\/\/mm.howkuai.com\/wp-content\/uploads\/2014a\/04\/32\/01.jpg","http:\/\/mm.howkuai.com\/wp-content\/uploads\/2014a\/04\/32\/02.jpg","http:\/\/mm.howkuai.com\/wp-content\/uploads\/2014a\/04\/32\/03.jpg","http:\/\/mm.howkuai.com\/wp-content\/uploads\/2014a\/04\/32\/04.jpg","http:\/\/mm.howkuai.com\/wp-content\/uploads\/2014a\/04\/32\/05.jpg","http:\/\/mm.howkuai.com\/wp-content\/uploads\/2014a\/04\/32\/06.jpg","http:\/\/mm.howkuai.com\/wp-content\/uploads\/2014a\/04\/32\/07.jpg","http:\/\/mm.howkuai.com\/wp-content\/uploads\/2014a\/04\/32\/08.jpg","http:\/\/mm.howkuai.com\/wp-content\/uploads\/2014a\/04\/32\/09.jpg"]},{"plaintext":"\u90a3\u4e9b\u6e05\u7eaf\u7684\u517b\u773c\u7f8e\u5973\u56fe\u7247","href":"http:\/\/www.meizitu.com\/a\/4169.html","pic_list":["http:\/\/mm.howkuai.com\/wp-content\/uploads\/2014a\/04\/31\/01.jpg","http:\/\/mm.howkuai.com\/wp-content\/uploads\/2014a\/04\/31\/02.jpg","http:\/\/mm.howkuai.com\/wp-content\/uploads\/2014a\/04\/31\/03.jpg","http:\/\/mm.howkuai.com\/wp-content\/uploads\/2014a\/04\/31\/04.jpg","http:\/\/mm.howkuai.com\/wp-content\/uploads\/2014a\/04\/31\/05.jpg","http:\/\/mm.howkuai.com\/wp-content\/uploads\/2014a\/04\/31\/06.jpg","http:\/\/mm.howkuai.com\/wp-content\/uploads\/2014a\/04\/31\/07.jpg","http:\/\/mm.howkuai.com\/wp-content\/uploads\/2014a\/04\/31\/08.jpg","http:\/\/mm.howkuai.com\/wp-content\/uploads\/2014a\/04\/31\/09.jpg","http:\/\/mm.howkuai.com\/wp-content\/uploads\/2014a\/04\/31\/10.jpg","http:\/\/mm.howkuai.com\/wp-content\/uploads\/2014a\/04\/31\/11.jpg","http:\/\/mm.howkuai.com\/wp-content\/uploads\/2014a\/04\/31\/12.jpg"]},{"plaintext":"\u7f8e\u817f\u7ec4\u5408\u59d0\u59b9\u5171\u540c\u6f14\u7ece\u7edd\u8272\u300a\u5927\u5c0f\u4e54\u300b","href":"http:\/\/www.meizitu.com\/a\/4168.html","pic_list":["http:\/\/mm.howkuai.com\/wp-content\/uploads\/2014a\/04\/30\/01.jpg","http:\/\/mm.howkuai.com\/wp-content\/uploads\/2014a\/04\/30\/02.jpg","http:\/\/mm.howkuai.com\/wp-content\/uploads\/2014a\/04\/30\/03.jpg","http:\/\/mm.howkuai.com\/wp-content\/uploads\/2014a\/04\/30\/04.jpg","http:\/\/mm.howkuai.com\/wp-content\/uploads\/2014a\/04\/30\/05.jpg","http:\/\/mm.howkuai.com\/wp-content\/uploads\/2014a\/04\/30\/06.jpg","http:\/\/mm.howkuai.com\/wp-content\/uploads\/2014a\/04\/30\/07.jpg","http:\/\/mm.howkuai.com\/wp-content\/uploads\/2014a\/04\/30\/08.jpg"]},{"plaintext":"\u900f\u660e\u8584\u7eb1\u7f8e\u5973\u96be\u63a9\u706b\u8fa3\u51f8\u51f9\u8eab\u6750","href":"http:\/\/www.meizitu.com\/a\/4167.html","pic_list":["http:\/\/mm.howkuai.com\/wp-content\/uploads\/2014a\/04\/29\/01.jpg","http:\/\/mm.howkuai.com\/wp-content\/uploads\/2014a\/04\/29\/02.jpg","http:\/\/mm.howkuai.com\/wp-content\/uploads\/2014a\/04\/29\/03.jpg","http:\/\/mm.howkuai.com\/wp-content\/uploads\/2014a\/04\/29\/04.jpg","http:\/\/mm.howkuai.com\/wp-content\/uploads\/2014a\/04\/29\/05.jpg","http:\/\/mm.howkuai.com\/wp-content\/uploads\/2014a\/04\/29\/06.jpg","http:\/\/mm.howkuai.com\/wp-content\/uploads\/2014a\/04\/29\/07.jpg","http:\/\/mm.howkuai.com\/wp-content\/uploads\/2014a\/04\/29\/08.jpg"]},{"plaintext":"\u9633\u5149\u4e4b\u7f8e\uff0c\u7f8e\u5973\u4e73\u795e\u5218\u7fbd\u7426\u56fe\u7247","href":"http:\/\/www.meizitu.com\/a\/4166.html","pic_list":["http:\/\/mm.howkuai.com\/wp-content\/uploads\/2014a\/04\/28\/01.jpg","http:\/\/mm.howkuai.com\/wp-content\/uploads\/2014a\/04\/28\/02.jpg","http:\/\/mm.howkuai.com\/wp-content\/uploads\/2014a\/04\/28\/03.jpg","http:\/\/mm.howkuai.com\/wp-content\/uploads\/2014a\/04\/28\/04.jpg","http:\/\/mm.howkuai.com\/wp-content\/uploads\/2014a\/04\/28\/05.jpg","http:\/\/mm.howkuai.com\/wp-content\/uploads\/2014a\/04\/28\/06.jpg","http:\/\/mm.howkuai.com\/wp-content\/uploads\/2014a\/04\/28\/07.jpg","http:\/\/mm.howkuai.com\/wp-content\/uploads\/2014a\/04\/28\/08.jpg","http:\/\/mm.howkuai.com\/wp-content\/uploads\/2014a\/04\/28\/09.jpg","http:\/\/mm.howkuai.com\/wp-content\/uploads\/2014a\/04\/28\/10.jpg"]},{"plaintext":"\u7ed9\u529b\u7684\u4e30\u6ee1\u66f2\u7ebf\uff0c\u6027\u611f\u7f8e\u599e\u90fd\u5f88\u552f\u7f8e","href":"http:\/\/www.meizitu.com\/a\/4165.html","pic_list":["http:\/\/mm.howkuai.com\/wp-content\/uploads\/2014a\/04\/27\/01.jpg","http:\/\/mm.howkuai.com\/wp-content\/uploads\/2014a\/04\/27\/02.jpg","http:\/\/mm.howkuai.com\/wp-content\/uploads\/2014a\/04\/27\/03.jpg","http:\/\/mm.howkuai.com\/wp-content\/uploads\/2014a\/04\/27\/04.jpg","http:\/\/mm.howkuai.com\/wp-content\/uploads\/2014a\/04\/27\/05.jpg","http:\/\/mm.howkuai.com\/wp-content\/uploads\/2014a\/04\/27\/06.jpg","http:\/\/mm.howkuai.com\/wp-content\/uploads\/2014a\/04\/27\/07.jpg","http:\/\/mm.howkuai.com\/wp-content\/uploads\/2014a\/04\/27\/08.jpg","http:\/\/mm.howkuai.com\/wp-content\/uploads\/2014a\/04\/27\/09.jpg","http:\/\/mm.howkuai.com\/wp-content\/uploads\/2014a\/04\/27\/10.jpg","http:\/\/mm.howkuai.com\/wp-content\/uploads\/2014a\/04\/27\/11.jpg"]},{"plaintext":"\u82b1\u7684\u5b63\u8282\uff0c90\u4faf\u540e\u6e05\u7eaf\u7f8e\u5973\u751f\u6d3b\u7167","href":"http:\/\/www.meizitu.com\/a\/4164.html","pic_list":["http:\/\/mm.howkuai.com\/wp-content\/uploads\/2014a\/04\/26\/01.jpg","http:\/\/mm.howkuai.com\/wp-content\/uploads\/2014a\/04\/26\/02.jpg","http:\/\/mm.howkuai.com\/wp-content\/uploads\/2014a\/04\/26\/03.jpg","http:\/\/mm.howkuai.com\/wp-content\/uploads\/2014a\/04\/26\/04.jpg","http:\/\/mm.howkuai.com\/wp-content\/uploads\/2014a\/04\/26\/05.jpg","http:\/\/mm.howkuai.com\/wp-content\/uploads\/2014a\/04\/26\/06.jpg","http:\/\/mm.howkuai.com\/wp-content\/uploads\/2014a\/04\/26\/07.jpg","http:\/\/mm.howkuai.com\/wp-content\/uploads\/2014a\/04\/26\/08.jpg","http:\/\/mm.howkuai.com\/wp-content\/uploads\/2014a\/04\/26\/09.jpg","http:\/\/mm.howkuai.com\/wp-content\/uploads\/2014a\/04\/26\/10.jpg","http:\/\/mm.howkuai.com\/wp-content\/uploads\/2014a\/04\/26\/11.jpg","http:\/\/mm.howkuai.com\/wp-content\/uploads\/2014a\/04\/26\/12.jpg"]},{"plaintext":"\u5507\u8272\u6731\u6a31\u4e00\u70b9\uff0c\u6c14\u8d28\u6b63\u59b9\u59a9\u5a9a\u6001","href":"http:\/\/www.meizitu.com\/a\/4163.html","pic_list":["http:\/\/mm.howkuai.com\/wp-content\/uploads\/2014a\/04\/25\/01.jpg","http:\/\/mm.howkuai.com\/wp-content\/uploads\/2014a\/04\/25\/02.jpg","http:\/\/mm.howkuai.com\/wp-content\/uploads\/2014a\/04\/25\/03.jpg","http:\/\/mm.howkuai.com\/wp-content\/uploads\/2014a\/04\/25\/04.jpg","http:\/\/mm.howkuai.com\/wp-content\/uploads\/2014a\/04\/25\/05.jpg","http:\/\/mm.howkuai.com\/wp-content\/uploads\/2014a\/04\/25\/06.jpg","http:\/\/mm.howkuai.com\/wp-content\/uploads\/2014a\/04\/25\/07.jpg","http:\/\/mm.howkuai.com\/wp-content\/uploads\/2014a\/04\/25\/08.jpg"]},{"plaintext":"\u6d74\u5ba4\u91cc\u7684\u7f8e\u4e3d\u62a4\u58eb\uff0c\u4e3d\u8389Lily\u6027\u611f\u5927\u7247","href":"http:\/\/www.meizitu.com\/a\/4162.html","pic_list":["http:\/\/mm.howkuai.com\/wp-content\/uploads\/2014a\/04\/24\/01.jpg","http:\/\/mm.howkuai.com\/wp-content\/uploads\/2014a\/04\/24\/02.jpg","http:\/\/mm.howkuai.com\/wp-content\/uploads\/2014a\/04\/24\/03.jpg","http:\/\/mm.howkuai.com\/wp-content\/uploads\/2014a\/04\/24\/04.jpg","http:\/\/mm.howkuai.com\/wp-content\/uploads\/2014a\/04\/24\/05.jpg","http:\/\/mm.howkuai.com\/wp-content\/uploads\/2014a\/04\/24\/06.jpg","http:\/\/mm.howkuai.com\/wp-content\/uploads\/2014a\/04\/24\/07.jpg"]},{"plaintext":"\u98de\u989c\u5973\u795e\uff0c\u6027\u611f\u5c24\u7269\u66f9\u5b89\u5a1c\u5199\u771f","href":"http:\/\/www.meizitu.com\/a\/4161.html","pic_list":["http:\/\/mm.howkuai.com\/wp-content\/uploads\/2014a\/04\/23\/01.jpg","http:\/\/mm.howkuai.com\/wp-content\/uploads\/2014a\/04\/23\/02.jpg","http:\/\/mm.howkuai.com\/wp-content\/uploads\/2014a\/04\/23\/03.jpg","http:\/\/mm.howkuai.com\/wp-content\/uploads\/2014a\/04\/23\/04.jpg","http:\/\/mm.howkuai.com\/wp-content\/uploads\/2014a\/04\/23\/05.jpg","http:\/\/mm.howkuai.com\/wp-content\/uploads\/2014a\/04\/23\/06.jpg","http:\/\/mm.howkuai.com\/wp-content\/uploads\/2014a\/04\/23\/07.jpg"]},{"plaintext":"\u5927\u773c\u775b\u6c14\u8d28\u7f8e\u5973\u70b9\u70b9\u96e8\u4e2d\u7f8e\u62cd","href":"http:\/\/www.meizitu.com\/a\/4160.html","pic_list":["http:\/\/mm.howkuai.com\/wp-content\/uploads\/2014a\/04\/22\/01.jpg","http:\/\/mm.howkuai.com\/wp-content\/uploads\/2014a\/04\/22\/02.jpg","http:\/\/mm.howkuai.com\/wp-content\/uploads\/2014a\/04\/22\/03.jpg","http:\/\/mm.howkuai.com\/wp-content\/uploads\/2014a\/04\/22\/04.jpg","http:\/\/mm.howkuai.com\/wp-content\/uploads\/2014a\/04\/22\/05.jpg","http:\/\/mm.howkuai.com\/wp-content\/uploads\/2014a\/04\/22\/06.jpg","http:\/\/mm.howkuai.com\/wp-content\/uploads\/2014a\/04\/22\/07.jpg","http:\/\/mm.howkuai.com\/wp-content\/uploads\/2014a\/04\/22\/08.jpg"]},{"plaintext":"\u65e9\u6668\u7684\u9633\u5149\u91cc\uff0c\u767d\u7699\u53ef\u7231\u7684\u5c11\u5973","href":"http:\/\/www.meizitu.com\/a\/4159.html","pic_list":["http:\/\/mm.howkuai.com\/wp-content\/uploads\/2014a\/04\/21\/01.jpg","http:\/\/mm.howkuai.com\/wp-content\/uploads\/2014a\/04\/21\/02.jpg","http:\/\/mm.howkuai.com\/wp-content\/uploads\/2014a\/04\/21\/03.jpg","http:\/\/mm.howkuai.com\/wp-content\/uploads\/2014a\/04\/21\/04.jpg","http:\/\/mm.howkuai.com\/wp-content\/uploads\/2014a\/04\/21\/05.jpg","http:\/\/mm.howkuai.com\/wp-content\/uploads\/2014a\/04\/21\/06.jpg","http:\/\/mm.howkuai.com\/wp-content\/uploads\/2014a\/04\/21\/07.jpg"]},{"plaintext":"\u8eab\u6750\u5f88\u597d\u7684\u6a21\u7279\u7a7f\u767d\u8272\u8fde\u4f53\u5185\u8863","href":"http:\/\/www.meizitu.com\/a\/4158.html","pic_list":["http:\/\/mm.howkuai.com\/wp-content\/uploads\/2014a\/04\/20\/01.jpg","http:\/\/mm.howkuai.com\/wp-content\/uploads\/2014a\/04\/20\/02.jpg","http:\/\/mm.howkuai.com\/wp-content\/uploads\/2014a\/04\/20\/03.jpg","http:\/\/mm.howkuai.com\/wp-content\/uploads\/2014a\/04\/20\/04.jpg","http:\/\/mm.howkuai.com\/wp-content\/uploads\/2014a\/04\/20\/05.jpg"]},{"plaintext":"\u7738\u542b\u79cb\u6c34\uff0c\u6c14\u8d28\u5c11\u5973\u6821\u56ed\u751f\u6d3b\u7167","href":"http:\/\/www.meizitu.com\/a\/4157.html","pic_list":["http:\/\/mm.howkuai.com\/wp-content\/uploads\/2014a\/04\/19\/01.jpg","http:\/\/mm.howkuai.com\/wp-content\/uploads\/2014a\/04\/19\/02.jpg","http:\/\/mm.howkuai.com\/wp-content\/uploads\/2014a\/04\/19\/03.jpg","http:\/\/mm.howkuai.com\/wp-content\/uploads\/2014a\/04\/19\/04.jpg","http:\/\/mm.howkuai.com\/wp-content\/uploads\/2014a\/04\/19\/05.jpg","http:\/\/mm.howkuai.com\/wp-content\/uploads\/2014a\/04\/19\/06.jpg","http:\/\/mm.howkuai.com\/wp-content\/uploads\/2014a\/04\/19\/07.jpg"]},{"plaintext":"\u4e30\u76c8\u7a88\u7a95\u7684\u5168\u88f8\u6027\u611f\u5c24\u7269\u593a\u4eba\u773c\u7403","href":"http:\/\/www.meizitu.com\/a\/4156.html","pic_list":["http:\/\/mm.howkuai.com\/wp-content\/uploads\/2014a\/04\/18\/01.jpg","http:\/\/mm.howkuai.com\/wp-content\/uploads\/2014a\/04\/18\/02.jpg","http:\/\/mm.howkuai.com\/wp-content\/uploads\/2014a\/04\/18\/03.jpg","http:\/\/mm.howkuai.com\/wp-content\/uploads\/2014a\/04\/18\/04.jpg","http:\/\/mm.howkuai.com\/wp-content\/uploads\/2014a\/04\/18\/05.jpg","http:\/\/mm.howkuai.com\/wp-content\/uploads\/2014a\/04\/18\/06.jpg","http:\/\/mm.howkuai.com\/wp-content\/uploads\/2014a\/04\/18\/07.jpg"]},{"plaintext":"\u4e54\u4e54\u513fSylvia\u4e0a\u6f14\u53ef\u7231\u5973\u4ec6\u88c5","href":"http:\/\/www.meizitu.com\/a\/4155.html","pic_list":["http:\/\/mm.howkuai.com\/wp-content\/uploads\/2014a\/04\/17\/01.jpg","http:\/\/mm.howkuai.com\/wp-content\/uploads\/2014a\/04\/17\/02.jpg","http:\/\/mm.howkuai.com\/wp-content\/uploads\/2014a\/04\/17\/03.jpg","http:\/\/mm.howkuai.com\/wp-content\/uploads\/2014a\/04\/17\/04.jpg","http:\/\/mm.howkuai.com\/wp-content\/uploads\/2014a\/04\/17\/05.jpg","http:\/\/mm.howkuai.com\/wp-content\/uploads\/2014a\/04\/17\/06.jpg","http:\/\/mm.howkuai.com\/wp-content\/uploads\/2014a\/04\/17\/07.jpg","http:\/\/mm.howkuai.com\/wp-content\/uploads\/2014a\/04\/17\/08.jpg","http:\/\/mm.howkuai.com\/wp-content\/uploads\/2014a\/04\/17\/09.jpg","http:\/\/mm.howkuai.com\/wp-content\/uploads\/2014a\/04\/17\/10.jpg"]},{"plaintext":"\u6c14\u8d28\u51fa\u4f17\uff0c\u9633\u6625\u91cc\u8d4f\u82b1\u8d4f\u7f8e\u4eba","href":"http:\/\/www.meizitu.com\/a\/4154.html","pic_list":["http:\/\/mm.howkuai.com\/wp-content\/uploads\/2014a\/04\/16\/01.jpg","http:\/\/mm.howkuai.com\/wp-content\/uploads\/2014a\/04\/16\/02.jpg","http:\/\/mm.howkuai.com\/wp-content\/uploads\/2014a\/04\/16\/03.jpg","http:\/\/mm.howkuai.com\/wp-content\/uploads\/2014a\/04\/16\/04.jpg","http:\/\/mm.howkuai.com\/wp-content\/uploads\/2014a\/04\/16\/05.jpg","http:\/\/mm.howkuai.com\/wp-content\/uploads\/2014a\/04\/16\/06.jpg","http:\/\/mm.howkuai.com\/wp-content\/uploads\/2014a\/04\/16\/07.jpg","http:\/\/mm.howkuai.com\/wp-content\/uploads\/2014a\/04\/16\/08.jpg"]},{"plaintext":"\u517b\u773c\uff01\u6a21\u7279\u738b\u99a8\u7476yanni\u6027\u611f\u9ad8\u6e05\u5199\u771f","href":"http:\/\/www.meizitu.com\/a\/4153.html","pic_list":["http:\/\/mm.howkuai.com\/wp-content\/uploads\/2014a\/04\/15\/01.jpg","http:\/\/mm.howkuai.com\/wp-content\/uploads\/2014a\/04\/15\/02.jpg","http:\/\/mm.howkuai.com\/wp-content\/uploads\/2014a\/04\/15\/03.jpg","http:\/\/mm.howkuai.com\/wp-content\/uploads\/2014a\/04\/15\/04.jpg","http:\/\/mm.howkuai.com\/wp-content\/uploads\/2014a\/04\/15\/05.jpg","http:\/\/mm.howkuai.com\/wp-content\/uploads\/2014a\/04\/15\/06.jpg","http:\/\/mm.howkuai.com\/wp-content\/uploads\/2014a\/04\/15\/07.jpg","http:\/\/mm.howkuai.com\/wp-content\/uploads\/2014a\/04\/15\/08.jpg","http:\/\/mm.howkuai.com\/wp-content\/uploads\/2014a\/04\/15\/09.jpg"]},{"plaintext":"\u6d77\u8fb9\u7684\u7eaf\u60c5\u957f\u817f\u6b63\u59b9\uff0c\u9752\u6625\u4e0d\u9700\u8981\u505a\u4f5c","href":"http:\/\/www.meizitu.com\/a\/4152.html","pic_list":["http:\/\/mm.howkuai.com\/wp-content\/uploads\/2014a\/04\/14\/01.jpg","http:\/\/mm.howkuai.com\/wp-content\/uploads\/2014a\/04\/14\/02.jpg","http:\/\/mm.howkuai.com\/wp-content\/uploads\/2014a\/04\/14\/03.jpg","http:\/\/mm.howkuai.com\/wp-content\/uploads\/2014a\/04\/14\/04.jpg","http:\/\/mm.howkuai.com\/wp-content\/uploads\/2014a\/04\/14\/05.jpg","http:\/\/mm.howkuai.com\/wp-content\/uploads\/2014a\/04\/14\/06.jpg","http:\/\/mm.howkuai.com\/wp-content\/uploads\/2014a\/04\/14\/07.jpg","http:\/\/mm.howkuai.com\/wp-content\/uploads\/2014a\/04\/14\/08.jpg"]},{"plaintext":"\u6de1\u96c5\u5982\u4ed9\u98ce\u5a07\u6c34\u5a9a\u3002\u68a8\u82b1\u7f8e\u8f6f\u59b9\u5b50\u66f4\u7f8e","href":"http:\/\/www.meizitu.com\/a\/4151.html","pic_list":["http:\/\/mm.howkuai.com\/wp-content\/uploads\/2014a\/04\/13\/01.jpg","http:\/\/mm.howkuai.com\/wp-content\/uploads\/2014a\/04\/13\/02.jpg","http:\/\/mm.howkuai.com\/wp-content\/uploads\/2014a\/04\/13\/03.jpg","http:\/\/mm.howkuai.com\/wp-content\/uploads\/2014a\/04\/13\/04.jpg","http:\/\/mm.howkuai.com\/wp-content\/uploads\/2014a\/04\/13\/05.jpg","http:\/\/mm.howkuai.com\/wp-content\/uploads\/2014a\/04\/13\/06.jpg","http:\/\/mm.howkuai.com\/wp-content\/uploads\/2014a\/04\/13\/07.jpg","http:\/\/mm.howkuai.com\/wp-content\/uploads\/2014a\/04\/13\/08.jpg"]},{"plaintext":"\u771f\u771f\u5047\u5047\uff0c\u8863\u88f3\u892a\u53bb\u53ea\u89c1\u6027\u611f\u4e30\u6ee1\u7684\u53cc\u4e73","href":"http:\/\/www.meizitu.com\/a\/4150.html","pic_list":["http:\/\/mm.howkuai.com\/wp-content\/uploads\/2014a\/04\/12\/01.jpg","http:\/\/mm.howkuai.com\/wp-content\/uploads\/2014a\/04\/12\/02.jpg","http:\/\/mm.howkuai.com\/wp-content\/uploads\/2014a\/04\/12\/03.jpg","http:\/\/mm.howkuai.com\/wp-content\/uploads\/2014a\/04\/12\/04.jpg","http:\/\/mm.howkuai.com\/wp-content\/uploads\/2014a\/04\/12\/05.jpg","http:\/\/mm.howkuai.com\/wp-content\/uploads\/2014a\/04\/12\/06.jpg","http:\/\/mm.howkuai.com\/wp-content\/uploads\/2014a\/04\/12\/07.jpg","http:\/\/mm.howkuai.com\/wp-content\/uploads\/2014a\/04\/12\/08.jpg","http:\/\/mm.howkuai.com\/wp-content\/uploads\/2014a\/04\/12\/09.jpg","http:\/\/mm.howkuai.com\/wp-content\/uploads\/2014a\/04\/12\/10.jpg"]},{"plaintext":"\u9500\u9b42\u8680\u9aa8\uff0c\u97e9\u5b50\u8431\u6781\u54c1\u79c1\u62cd\u5199\u771f","href":"http:\/\/www.meizitu.com\/a\/4149.html","pic_list":["http:\/\/mm.howkuai.com\/wp-content\/uploads\/2014a\/04\/11\/01.jpg","http:\/\/mm.howkuai.com\/wp-content\/uploads\/2014a\/04\/11\/02.jpg","http:\/\/mm.howkuai.com\/wp-content\/uploads\/2014a\/04\/11\/03.jpg","http:\/\/mm.howkuai.com\/wp-content\/uploads\/2014a\/04\/11\/04.jpg","http:\/\/mm.howkuai.com\/wp-content\/uploads\/2014a\/04\/11\/05.jpg","http:\/\/mm.howkuai.com\/wp-content\/uploads\/2014a\/04\/11\/06.jpg","http:\/\/mm.howkuai.com\/wp-content\/uploads\/2014a\/04\/11\/07.jpg","http:\/\/mm.howkuai.com\/wp-content\/uploads\/2014a\/04\/11\/08.jpg","http:\/\/mm.howkuai.com\/wp-content\/uploads\/2014a\/04\/11\/09.jpg"]},{"plaintext":"\u8ff7\u4eba\u7684\u77ed\u53d1\u5973\u90ce\uff0c\u9999\u8f66\u7f8e\u5973\u65e0\u9650\u9050\u601d","href":"http:\/\/www.meizitu.com\/a\/4148.html","pic_list":["http:\/\/mm.howkuai.com\/wp-content\/uploads\/2014a\/04\/10\/01.jpg","http:\/\/mm.howkuai.com\/wp-content\/uploads\/2014a\/04\/10\/02.jpg","http:\/\/mm.howkuai.com\/wp-content\/uploads\/2014a\/04\/10\/03.jpg","http:\/\/mm.howkuai.com\/wp-content\/uploads\/2014a\/04\/10\/04.jpg","http:\/\/mm.howkuai.com\/wp-content\/uploads\/2014a\/04\/10\/05.jpg","http:\/\/mm.howkuai.com\/wp-content\/uploads\/2014a\/04\/10\/06.jpg","http:\/\/mm.howkuai.com\/wp-content\/uploads\/2014a\/04\/10\/07.jpg"]},{"plaintext":"\u606c\u9759\u7684\u751f\u6d3b\uff0c\u6e05\u7eaf\u7f8e\u5973\u7684\u65e5\u672c\u98ce\u60c5\u753b","href":"http:\/\/www.meizitu.com\/a\/4147.html","pic_list":["http:\/\/mm.howkuai.com\/wp-content\/uploads\/2014a\/04\/09\/01.jpg","http:\/\/mm.howkuai.com\/wp-content\/uploads\/2014a\/04\/09\/02.jpg","http:\/\/mm.howkuai.com\/wp-content\/uploads\/2014a\/04\/09\/03.jpg","http:\/\/mm.howkuai.com\/wp-content\/uploads\/2014a\/04\/09\/04.jpg","http:\/\/mm.howkuai.com\/wp-content\/uploads\/2014a\/04\/09\/05.jpg","http:\/\/mm.howkuai.com\/wp-content\/uploads\/2014a\/04\/09\/06.jpg","http:\/\/mm.howkuai.com\/wp-content\/uploads\/2014a\/04\/09\/07.jpg"]},{"plaintext":"\u6697\u9999\u88ad\u6765\uff0c\u6e05\u7eaf\u7f8e\u5973\u8f6f\u59b9\u5b50\u4e0e\u53ef\u7231\u7f8e\u5973\u5408\u96c6","href":"http:\/\/www.meizitu.com\/a\/4146.html","pic_list":["http:\/\/mm.howkuai.com\/wp-content\/uploads\/2014a\/04\/08\/01.jpg","http:\/\/mm.howkuai.com\/wp-content\/uploads\/2014a\/04\/08\/02.jpg","http:\/\/mm.howkuai.com\/wp-content\/uploads\/2014a\/04\/08\/03.jpg","http:\/\/mm.howkuai.com\/wp-content\/uploads\/2014a\/04\/08\/04.jpg","http:\/\/mm.howkuai.com\/wp-content\/uploads\/2014a\/04\/08\/05.jpg","http:\/\/mm.howkuai.com\/wp-content\/uploads\/2014a\/04\/08\/06.jpg","http:\/\/mm.howkuai.com\/wp-content\/uploads\/2014a\/04\/08\/07.jpg","http:\/\/mm.howkuai.com\/wp-content\/uploads\/2014a\/04\/08\/08.jpg","http:\/\/mm.howkuai.com\/wp-content\/uploads\/2014a\/04\/08\/09.jpg","http:\/\/mm.howkuai.com\/wp-content\/uploads\/2014a\/04\/08\/10.jpg","http:\/\/mm.howkuai.com\/wp-content\/uploads\/2014a\/04\/08\/11.jpg","http:\/\/mm.howkuai.com\/wp-content\/uploads\/2014a\/04\/08\/12.jpg"]},{"plaintext":"\u5a07\u5ae9\u4e30\u76c8\u7684\u7f8e\u4e73\u5ae9\u6a21\u738b\u99a8\u7476yanni","href":"http:\/\/www.meizitu.com\/a\/4145.html","pic_list":["http:\/\/mm.howkuai.com\/wp-content\/uploads\/2014a\/04\/07\/01.jpg","http:\/\/mm.howkuai.com\/wp-content\/uploads\/2014a\/04\/07\/02.jpg","http:\/\/mm.howkuai.com\/wp-content\/uploads\/2014a\/04\/07\/03.jpg","http:\/\/mm.howkuai.com\/wp-content\/uploads\/2014a\/04\/07\/04.jpg","http:\/\/mm.howkuai.com\/wp-content\/uploads\/2014a\/04\/07\/05.jpg","http:\/\/mm.howkuai.com\/wp-content\/uploads\/2014a\/04\/07\/06.jpg","http:\/\/mm.howkuai.com\/wp-content\/uploads\/2014a\/04\/07\/07.jpg","http:\/\/mm.howkuai.com\/wp-content\/uploads\/2014a\/04\/07\/08.jpg","http:\/\/mm.howkuai.com\/wp-content\/uploads\/2014a\/04\/07\/09.jpg","http:\/\/mm.howkuai.com\/wp-content\/uploads\/2014a\/04\/07\/10.jpg"]},{"plaintext":"\u5c0f\u8303\u51b0\u51b0\u6768\u6dc7\u6db5\u4e4b\u6f02\u6d41\u6d74\u5ba4\u5199\u771f","href":"http:\/\/www.meizitu.com\/a\/4144.html","pic_list":["http:\/\/mm.howkuai.com\/wp-content\/uploads\/2014a\/04\/06\/01.jpg","http:\/\/mm.howkuai.com\/wp-content\/uploads\/2014a\/04\/06\/02.jpg","http:\/\/mm.howkuai.com\/wp-content\/uploads\/2014a\/04\/06\/03.jpg","http:\/\/mm.howkuai.com\/wp-content\/uploads\/2014a\/04\/06\/04.jpg","http:\/\/mm.howkuai.com\/wp-content\/uploads\/2014a\/04\/06\/05.jpg","http:\/\/mm.howkuai.com\/wp-content\/uploads\/2014a\/04\/06\/06.jpg"]},{"plaintext":"\u4eab\u53d7\u725b\u5976\u7684\u5473\u9053\uff0c\u6027\u611f\u5b9d\u8d1d\u8425\u9020\u9999\u8273\u753b\u9762","href":"http:\/\/www.meizitu.com\/a\/4143.html","pic_list":["http:\/\/mm.howkuai.com\/wp-content\/uploads\/2014a\/04\/05\/01.jpg","http:\/\/mm.howkuai.com\/wp-content\/uploads\/2014a\/04\/05\/02.jpg","http:\/\/mm.howkuai.com\/wp-content\/uploads\/2014a\/04\/05\/03.jpg","http:\/\/mm.howkuai.com\/wp-content\/uploads\/2014a\/04\/05\/04.jpg","http:\/\/mm.howkuai.com\/wp-content\/uploads\/2014a\/04\/05\/05.jpg","http:\/\/mm.howkuai.com\/wp-content\/uploads\/2014a\/04\/05\/06.jpg","http:\/\/mm.howkuai.com\/wp-content\/uploads\/2014a\/04\/05\/07.jpg","http:\/\/mm.howkuai.com\/wp-content\/uploads\/2014a\/04\/05\/08.jpg"]},{"plaintext":"\u6027\u611f\u5df4\u897f\u961f\u7f8e\u5973\u7403\u8ff7\u4e3a2014\u4e16\u754c\u676f\u52a0\u6cb9","href":"http:\/\/www.meizitu.com\/a\/4142.html","pic_list":["http:\/\/mm.howkuai.com\/wp-content\/uploads\/2014a\/04\/04\/01.jpg","http:\/\/mm.howkuai.com\/wp-content\/uploads\/2014a\/04\/04\/02.jpg","http:\/\/mm.howkuai.com\/wp-content\/uploads\/2014a\/04\/04\/03.jpg","http:\/\/mm.howkuai.com\/wp-content\/uploads\/2014a\/04\/04\/04.jpg","http:\/\/mm.howkuai.com\/wp-content\/uploads\/2014a\/04\/04\/05.jpg","http:\/\/mm.howkuai.com\/wp-content\/uploads\/2014a\/04\/04\/06.jpg","http:\/\/mm.howkuai.com\/wp-content\/uploads\/2014a\/04\/04\/07.jpg","http:\/\/mm.howkuai.com\/wp-content\/uploads\/2014a\/04\/04\/08.jpg"]}]