[{"plaintext":"\u6027\u611f\u91d1\u53d1\u7f8e\u5973\uff0c\u5728\u5bc2\u9759\u7684\u5348\u540e\u8239\u575e","href":"http:\/\/www.meizitu.com\/a\/4901.html","pic_list":["http:\/\/mm.howkuai.com\/wp-content\/uploads\/2015a\/04\/05\/01.jpg","http:\/\/mm.howkuai.com\/wp-content\/uploads\/2015a\/04\/05\/02.jpg","http:\/\/mm.howkuai.com\/wp-content\/uploads\/2015a\/04\/05\/03.jpg","http:\/\/mm.howkuai.com\/wp-content\/uploads\/2015a\/04\/05\/04.jpg","http:\/\/mm.howkuai.com\/wp-content\/uploads\/2015a\/04\/05\/05.jpg","http:\/\/mm.howkuai.com\/wp-content\/uploads\/2015a\/04\/05\/06.jpg","http:\/\/mm.howkuai.com\/wp-content\/uploads\/2015a\/04\/05\/07.jpg"]},{"plaintext":"\u5730\u94c1\u91cc\u7684\u5143\u6c14\u5c11\u5973\uff0c\u695a\u695a","href":"http:\/\/www.meizitu.com\/a\/4900.html","pic_list":["http:\/\/mm.howkuai.com\/wp-content\/uploads\/2015a\/04\/04\/01.jpg","http:\/\/mm.howkuai.com\/wp-content\/uploads\/2015a\/04\/04\/02.jpg","http:\/\/mm.howkuai.com\/wp-content\/uploads\/2015a\/04\/04\/03.jpg","http:\/\/mm.howkuai.com\/wp-content\/uploads\/2015a\/04\/04\/04.jpg","http:\/\/mm.howkuai.com\/wp-content\/uploads\/2015a\/04\/04\/05.jpg","http:\/\/mm.howkuai.com\/wp-content\/uploads\/2015a\/04\/04\/06.jpg","http:\/\/mm.howkuai.com\/wp-content\/uploads\/2015a\/04\/04\/07.jpg"]},{"plaintext":"\u8f7b\u8f7b\u62e8\u52a8\u7434\u5f26\uff0c\u821e\u52a8\u9752\u6625\u7684\u821e\u6b65","href":"http:\/\/www.meizitu.com\/a\/4899.html","pic_list":["http:\/\/mm.howkuai.com\/wp-content\/uploads\/2015a\/04\/03\/01.jpg","http:\/\/mm.howkuai.com\/wp-content\/uploads\/2015a\/04\/03\/02.jpg","http:\/\/mm.howkuai.com\/wp-content\/uploads\/2015a\/04\/03\/03.jpg","http:\/\/mm.howkuai.com\/wp-content\/uploads\/2015a\/04\/03\/04.jpg","http:\/\/mm.howkuai.com\/wp-content\/uploads\/2015a\/04\/03\/05.jpg","http:\/\/mm.howkuai.com\/wp-content\/uploads\/2015a\/04\/03\/06.jpg","http:\/\/mm.howkuai.com\/wp-content\/uploads\/2015a\/04\/03\/07.jpg"]},{"plaintext":"\u67d4\u60c5\u4f3c\u6c34\u7684\u79c1\u623f\u5199\u771f","href":"http:\/\/www.meizitu.com\/a\/4898.html","pic_list":["http:\/\/mm.howkuai.com\/wp-content\/uploads\/2015a\/04\/02\/01.jpg","http:\/\/mm.howkuai.com\/wp-content\/uploads\/2015a\/04\/02\/02.jpg","http:\/\/mm.howkuai.com\/wp-content\/uploads\/2015a\/04\/02\/03.jpg","http:\/\/mm.howkuai.com\/wp-content\/uploads\/2015a\/04\/02\/04.jpg","http:\/\/mm.howkuai.com\/wp-content\/uploads\/2015a\/04\/02\/05.jpg","http:\/\/mm.howkuai.com\/wp-content\/uploads\/2015a\/04\/02\/06.jpg","http:\/\/mm.howkuai.com\/wp-content\/uploads\/2015a\/04\/02\/07.jpg"]},{"plaintext":"\u65f6\u5c1a\u5927\u7247\uff0c\u6027\u611f\u52b2\u7206\u7684\u2018\u6728\u5076\u4eba\u2019","href":"http:\/\/www.meizitu.com\/a\/4897.html","pic_list":["http:\/\/mm.howkuai.com\/wp-content\/uploads\/2015a\/04\/01\/01.jpg","http:\/\/mm.howkuai.com\/wp-content\/uploads\/2015a\/04\/01\/02.jpg","http:\/\/mm.howkuai.com\/wp-content\/uploads\/2015a\/04\/01\/03.jpg","http:\/\/mm.howkuai.com\/wp-content\/uploads\/2015a\/04\/01\/04.jpg","http:\/\/mm.howkuai.com\/wp-content\/uploads\/2015a\/04\/01\/05.jpg","http:\/\/mm.howkuai.com\/wp-content\/uploads\/2015a\/04\/01\/06.jpg","http:\/\/mm.howkuai.com\/wp-content\/uploads\/2015a\/04\/01\/07.jpg"]},{"plaintext":"\u68d2\u7403\u5c11\u5973\u9756\u96ef\uff0c\u767d\u65e5\u68a6\u84dd","href":"http:\/\/www.meizitu.com\/a\/4896.html","pic_list":["http:\/\/mm.howkuai.com\/wp-content\/uploads\/2015a\/03\/54\/01.jpg","http:\/\/mm.howkuai.com\/wp-content\/uploads\/2015a\/03\/54\/02.jpg","http:\/\/mm.howkuai.com\/wp-content\/uploads\/2015a\/03\/54\/03.jpg","http:\/\/mm.howkuai.com\/wp-content\/uploads\/2015a\/03\/54\/04.jpg","http:\/\/mm.howkuai.com\/wp-content\/uploads\/2015a\/03\/54\/05.jpg","http:\/\/mm.howkuai.com\/wp-content\/uploads\/2015a\/03\/54\/06.jpg"]},{"plaintext":"\u542b\u82de\u5f85\u653e\u7684\u732b\u732b\u5973\uff0c\u5899\u58c1\u4e0a\u4f60\u7684\u5f71\u5b50\u591a\u4e48\u53ef\u7231","href":"http:\/\/www.meizitu.com\/a\/4895.html","pic_list":["http:\/\/mm.howkuai.com\/wp-content\/uploads\/2015a\/03\/53\/01.jpg","http:\/\/mm.howkuai.com\/wp-content\/uploads\/2015a\/03\/53\/02.jpg","http:\/\/mm.howkuai.com\/wp-content\/uploads\/2015a\/03\/53\/03.jpg","http:\/\/mm.howkuai.com\/wp-content\/uploads\/2015a\/03\/53\/04.jpg","http:\/\/mm.howkuai.com\/wp-content\/uploads\/2015a\/03\/53\/05.jpg","http:\/\/mm.howkuai.com\/wp-content\/uploads\/2015a\/03\/53\/06.jpg","http:\/\/mm.howkuai.com\/wp-content\/uploads\/2015a\/03\/53\/07.jpg"]},{"plaintext":"\u6e05\u9187\u6821\u82b1\u7f8e\u5973\u8d75\u5df2\u6668\u6027\u611f\u5199\u771f","href":"http:\/\/www.meizitu.com\/a\/4894.html","pic_list":["http:\/\/mm.howkuai.com\/wp-content\/uploads\/2015a\/03\/52\/01.jpg","http:\/\/mm.howkuai.com\/wp-content\/uploads\/2015a\/03\/52\/02.jpg","http:\/\/mm.howkuai.com\/wp-content\/uploads\/2015a\/03\/52\/03.jpg","http:\/\/mm.howkuai.com\/wp-content\/uploads\/2015a\/03\/52\/04.jpg","http:\/\/mm.howkuai.com\/wp-content\/uploads\/2015a\/03\/52\/05.jpg","http:\/\/mm.howkuai.com\/wp-content\/uploads\/2015a\/03\/52\/06.jpg","http:\/\/mm.howkuai.com\/wp-content\/uploads\/2015a\/03\/52\/07.jpg"]},{"plaintext":"\u65e5\u7cfb\u5c0f\u6e05\u65b0\uff0c\u7c89\u561f\u561f\u7684\u5c0f\u5634\u59b9\u7eb8","href":"http:\/\/www.meizitu.com\/a\/4893.html","pic_list":["http:\/\/mm.howkuai.com\/wp-content\/uploads\/2015a\/03\/51\/01.jpg","http:\/\/mm.howkuai.com\/wp-content\/uploads\/2015a\/03\/51\/02.jpg","http:\/\/mm.howkuai.com\/wp-content\/uploads\/2015a\/03\/51\/03.jpg","http:\/\/mm.howkuai.com\/wp-content\/uploads\/2015a\/03\/51\/04.jpg","http:\/\/mm.howkuai.com\/wp-content\/uploads\/2015a\/03\/51\/05.jpg"]},{"plaintext":"\u7231\u6444\u5f71\uff0c\u751c\u751c\u7684\u8349\u8393\u7cfb\u5973\u751f","href":"http:\/\/www.meizitu.com\/a\/4892.html","pic_list":["http:\/\/mm.howkuai.com\/wp-content\/uploads\/2015a\/03\/50\/01.jpg","http:\/\/mm.howkuai.com\/wp-content\/uploads\/2015a\/03\/50\/02.jpg","http:\/\/mm.howkuai.com\/wp-content\/uploads\/2015a\/03\/50\/03.jpg","http:\/\/mm.howkuai.com\/wp-content\/uploads\/2015a\/03\/50\/04.jpg","http:\/\/mm.howkuai.com\/wp-content\/uploads\/2015a\/03\/50\/05.jpg","http:\/\/mm.howkuai.com\/wp-content\/uploads\/2015a\/03\/50\/06.jpg","http:\/\/mm.howkuai.com\/wp-content\/uploads\/2015a\/03\/50\/07.jpg"]},{"plaintext":"\u6027\u611f\u5065\u8eab\u5973\u795e\u97e9\u6615\u6021\u5199\u771f","href":"http:\/\/www.meizitu.com\/a\/4891.html","pic_list":["http:\/\/mm.howkuai.com\/wp-content\/uploads\/2015a\/03\/49\/01.jpg","http:\/\/mm.howkuai.com\/wp-content\/uploads\/2015a\/03\/49\/02.jpg","http:\/\/mm.howkuai.com\/wp-content\/uploads\/2015a\/03\/49\/03.jpg","http:\/\/mm.howkuai.com\/wp-content\/uploads\/2015a\/03\/49\/04.jpg","http:\/\/mm.howkuai.com\/wp-content\/uploads\/2015a\/03\/49\/05.jpg","http:\/\/mm.howkuai.com\/wp-content\/uploads\/2015a\/03\/49\/06.jpg","http:\/\/mm.howkuai.com\/wp-content\/uploads\/2015a\/03\/49\/07.jpg","http:\/\/mm.howkuai.com\/wp-content\/uploads\/2015a\/03\/49\/08.jpg"]},{"plaintext":"\u771f\u5b9e\u7684\uff0c\u7eaf\u51c0\u7684\u7f8e\u7709\uff0c\u5982\u68a6\u5982\u5e7b","href":"http:\/\/www.meizitu.com\/a\/4890.html","pic_list":["http:\/\/mm.howkuai.com\/wp-content\/uploads\/2015a\/03\/48\/01.jpg","http:\/\/mm.howkuai.com\/wp-content\/uploads\/2015a\/03\/48\/02.jpg","http:\/\/mm.howkuai.com\/wp-content\/uploads\/2015a\/03\/48\/03.jpg","http:\/\/mm.howkuai.com\/wp-content\/uploads\/2015a\/03\/48\/04.jpg","http:\/\/mm.howkuai.com\/wp-content\/uploads\/2015a\/03\/48\/05.jpg","http:\/\/mm.howkuai.com\/wp-content\/uploads\/2015a\/03\/48\/06.jpg"]},{"plaintext":"\u725b\u5976\u59b9\u59b9\uff0c\u6d74\u5ba4\u8bf1\u60d1\u5199\u771f","href":"http:\/\/www.meizitu.com\/a\/4889.html","pic_list":["http:\/\/mm.howkuai.com\/wp-content\/uploads\/2015a\/03\/47\/01.jpg","http:\/\/mm.howkuai.com\/wp-content\/uploads\/2015a\/03\/47\/02.jpg","http:\/\/mm.howkuai.com\/wp-content\/uploads\/2015a\/03\/47\/03.jpg","http:\/\/mm.howkuai.com\/wp-content\/uploads\/2015a\/03\/47\/04.jpg","http:\/\/mm.howkuai.com\/wp-content\/uploads\/2015a\/03\/47\/05.jpg"]},{"plaintext":"\u7c89\u5ae9\u5c0f\u9c9c\u8089\u3001\u4fee\u957f\u7f8e\u817f\u8ba9\u4f60\u770b\u7684\u76ee\u4e0d\u8f6c\u775b","href":"http:\/\/www.meizitu.com\/a\/4888.html","pic_list":["http:\/\/mm.howkuai.com\/wp-content\/uploads\/2015a\/03\/46\/01.jpg","http:\/\/mm.howkuai.com\/wp-content\/uploads\/2015a\/03\/46\/02.jpg","http:\/\/mm.howkuai.com\/wp-content\/uploads\/2015a\/03\/46\/03.jpg","http:\/\/mm.howkuai.com\/wp-content\/uploads\/2015a\/03\/46\/04.jpg","http:\/\/mm.howkuai.com\/wp-content\/uploads\/2015a\/03\/46\/05.jpg","http:\/\/mm.howkuai.com\/wp-content\/uploads\/2015a\/03\/46\/06.jpg","http:\/\/mm.howkuai.com\/wp-content\/uploads\/2015a\/03\/46\/07.jpg","http:\/\/mm.howkuai.com\/wp-content\/uploads\/2015a\/03\/46\/08.jpg","http:\/\/mm.howkuai.com\/wp-content\/uploads\/2015a\/03\/46\/09.jpg","http:\/\/mm.howkuai.com\/wp-content\/uploads\/2015a\/03\/46\/10.jpg"]},{"plaintext":"\u6e05\u7eaf\u6821\u82b1\uff0c\u90a3\u5e74\u590f\u5929\uff0c\u6211\u5728\u519b\u8bad","href":"http:\/\/www.meizitu.com\/a\/4887.html","pic_list":["http:\/\/mm.howkuai.com\/wp-content\/uploads\/2015a\/03\/45\/01.jpg","http:\/\/mm.howkuai.com\/wp-content\/uploads\/2015a\/03\/45\/02.jpg","http:\/\/mm.howkuai.com\/wp-content\/uploads\/2015a\/03\/45\/03.jpg","http:\/\/mm.howkuai.com\/wp-content\/uploads\/2015a\/03\/45\/04.jpg","http:\/\/mm.howkuai.com\/wp-content\/uploads\/2015a\/03\/45\/05.jpg","http:\/\/mm.howkuai.com\/wp-content\/uploads\/2015a\/03\/45\/06.jpg"]},{"plaintext":"\u7edd\u7f8e\u65e5\u672c\u5c11\u5973\u5199\u771f\uff0c\u5439\u5f39\u53ef\u7834\u7684\u808c\u80a4","href":"http:\/\/www.meizitu.com\/a\/4886.html","pic_list":["http:\/\/mm.howkuai.com\/wp-content\/uploads\/2015a\/03\/44\/01.jpg","http:\/\/mm.howkuai.com\/wp-content\/uploads\/2015a\/03\/44\/02.jpg","http:\/\/mm.howkuai.com\/wp-content\/uploads\/2015a\/03\/44\/03.jpg","http:\/\/mm.howkuai.com\/wp-content\/uploads\/2015a\/03\/44\/04.jpg","http:\/\/mm.howkuai.com\/wp-content\/uploads\/2015a\/03\/44\/05.jpg","http:\/\/mm.howkuai.com\/wp-content\/uploads\/2015a\/03\/44\/06.jpg","http:\/\/mm.howkuai.com\/wp-content\/uploads\/2015a\/03\/44\/07.jpg","http:\/\/mm.howkuai.com\/wp-content\/uploads\/2015a\/03\/44\/08.jpg","http:\/\/mm.howkuai.com\/wp-content\/uploads\/2015a\/03\/44\/09.jpg"]},{"plaintext":"\u5fa1\u5973\u90ce\u30fb\u5c0f\u8431\u30fb\u5185\u8863\u68da\u62cd","href":"http:\/\/www.meizitu.com\/a\/4885.html","pic_list":["http:\/\/mm.howkuai.com\/wp-content\/uploads\/2015a\/03\/43\/01.jpg","http:\/\/mm.howkuai.com\/wp-content\/uploads\/2015a\/03\/43\/02.jpg","http:\/\/mm.howkuai.com\/wp-content\/uploads\/2015a\/03\/43\/03.jpg","http:\/\/mm.howkuai.com\/wp-content\/uploads\/2015a\/03\/43\/04.jpg","http:\/\/mm.howkuai.com\/wp-content\/uploads\/2015a\/03\/43\/05.jpg"]},{"plaintext":"\u81ea\u4fe1\u5300\u79f0\u7684\u7f8e\u5973\uff0c\u6726\u80e7\u7f8e\u66f4\u6709\u4e00\u756a\u6ecb\u5473","href":"http:\/\/www.meizitu.com\/a\/4884.html","pic_list":["http:\/\/mm.howkuai.com\/wp-content\/uploads\/2015a\/03\/42\/01.jpg","http:\/\/mm.howkuai.com\/wp-content\/uploads\/2015a\/03\/42\/02.jpg","http:\/\/mm.howkuai.com\/wp-content\/uploads\/2015a\/03\/42\/03.jpg","http:\/\/mm.howkuai.com\/wp-content\/uploads\/2015a\/03\/42\/04.jpg","http:\/\/mm.howkuai.com\/wp-content\/uploads\/2015a\/03\/42\/05.jpg","http:\/\/mm.howkuai.com\/wp-content\/uploads\/2015a\/03\/42\/06.jpg"]},{"plaintext":"\u7bee\u7403\u7f8e\u5973\uff0c\u53c8\u5230\u4e86\u8fd0\u52a8\u7684\u5b63\u8282","href":"http:\/\/www.meizitu.com\/a\/4883.html","pic_list":["http:\/\/mm.howkuai.com\/wp-content\/uploads\/2015a\/03\/41\/01.jpg","http:\/\/mm.howkuai.com\/wp-content\/uploads\/2015a\/03\/41\/02.jpg","http:\/\/mm.howkuai.com\/wp-content\/uploads\/2015a\/03\/41\/03.jpg","http:\/\/mm.howkuai.com\/wp-content\/uploads\/2015a\/03\/41\/04.jpg","http:\/\/mm.howkuai.com\/wp-content\/uploads\/2015a\/03\/41\/05.jpg","http:\/\/mm.howkuai.com\/wp-content\/uploads\/2015a\/03\/41\/06.jpg","http:\/\/mm.howkuai.com\/wp-content\/uploads\/2015a\/03\/41\/07.jpg"]},{"plaintext":"\u6211\u628a\u4f60\u7559\u5728\u8eab\u65c1\uff0c\u4e0d\u5141\u8bb8\u4efb\u4f55\u7684\u4fb5\u5165","href":"http:\/\/www.meizitu.com\/a\/4882.html","pic_list":["http:\/\/mm.howkuai.com\/wp-content\/uploads\/2015a\/03\/40\/01.jpg","http:\/\/mm.howkuai.com\/wp-content\/uploads\/2015a\/03\/40\/02.jpg","http:\/\/mm.howkuai.com\/wp-content\/uploads\/2015a\/03\/40\/03.jpg","http:\/\/mm.howkuai.com\/wp-content\/uploads\/2015a\/03\/40\/04.jpg","http:\/\/mm.howkuai.com\/wp-content\/uploads\/2015a\/03\/40\/05.jpg","http:\/\/mm.howkuai.com\/wp-content\/uploads\/2015a\/03\/40\/06.jpg","http:\/\/mm.howkuai.com\/wp-content\/uploads\/2015a\/03\/40\/07.jpg","http:\/\/mm.howkuai.com\/wp-content\/uploads\/2015a\/03\/40\/08.jpg","http:\/\/mm.howkuai.com\/wp-content\/uploads\/2015a\/03\/40\/09.jpg","http:\/\/mm.howkuai.com\/wp-content\/uploads\/2015a\/03\/40\/10.jpg"]},{"plaintext":"\u6321\u4e0d\u4f4f\u7684\u8bf1\u60d1\uff0c\u90a3\u4e9b\u6027\u611f\u7684\u4eba\u513f\uff0815\uff09","href":"http:\/\/www.meizitu.com\/a\/4881.html","pic_list":["http:\/\/mm.howkuai.com\/wp-content\/uploads\/2015a\/03\/39\/01.jpg","http:\/\/mm.howkuai.com\/wp-content\/uploads\/2015a\/03\/39\/02.jpg","http:\/\/mm.howkuai.com\/wp-content\/uploads\/2015a\/03\/39\/03.jpg","http:\/\/mm.howkuai.com\/wp-content\/uploads\/2015a\/03\/39\/04.jpg","http:\/\/mm.howkuai.com\/wp-content\/uploads\/2015a\/03\/39\/05.jpg","http:\/\/mm.howkuai.com\/wp-content\/uploads\/2015a\/03\/39\/06.jpg","http:\/\/mm.howkuai.com\/wp-content\/uploads\/2015a\/03\/39\/07.jpg","http:\/\/mm.howkuai.com\/wp-content\/uploads\/2015a\/03\/39\/08.jpg","http:\/\/mm.howkuai.com\/wp-content\/uploads\/2015a\/03\/39\/09.jpg","http:\/\/mm.howkuai.com\/wp-content\/uploads\/2015a\/03\/39\/10.jpg"]},{"plaintext":"\u65f6\u5c1a\u5199\u771f\uff0c\u88c5\u5728\u900f\u660e\u888b\u5b50\u91cc\u7684\u7f8e\u5973","href":"http:\/\/www.meizitu.com\/a\/4880.html","pic_list":["http:\/\/mm.howkuai.com\/wp-content\/uploads\/2015a\/03\/38\/01.jpg","http:\/\/mm.howkuai.com\/wp-content\/uploads\/2015a\/03\/38\/02.jpg","http:\/\/mm.howkuai.com\/wp-content\/uploads\/2015a\/03\/38\/03.jpg","http:\/\/mm.howkuai.com\/wp-content\/uploads\/2015a\/03\/38\/04.jpg","http:\/\/mm.howkuai.com\/wp-content\/uploads\/2015a\/03\/38\/05.jpg","http:\/\/mm.howkuai.com\/wp-content\/uploads\/2015a\/03\/38\/06.jpg"]},{"plaintext":"\u7231\u54ed\u7684\u5973\u5b69\uff0c\u5728\u8272\u5f69\u6591\u6593\u7684\u5b63\u8282\u9047\u89c1\u4e86\u4f60","href":"http:\/\/www.meizitu.com\/a\/4879.html","pic_list":["http:\/\/mm.howkuai.com\/wp-content\/uploads\/2015a\/03\/37\/01.jpg","http:\/\/mm.howkuai.com\/wp-content\/uploads\/2015a\/03\/37\/02.jpg","http:\/\/mm.howkuai.com\/wp-content\/uploads\/2015a\/03\/37\/03.jpg","http:\/\/mm.howkuai.com\/wp-content\/uploads\/2015a\/03\/37\/04.jpg","http:\/\/mm.howkuai.com\/wp-content\/uploads\/2015a\/03\/37\/05.jpg","http:\/\/mm.howkuai.com\/wp-content\/uploads\/2015a\/03\/37\/06.jpg","http:\/\/mm.howkuai.com\/wp-content\/uploads\/2015a\/03\/37\/07.jpg"]},{"plaintext":"\u6d53\u6d53\u65e5\u7cfb\u98ce\uff0c\u4f60\u6709\u4e00\u53cc\u7231\u7b11\u7684\u773c\u775b","href":"http:\/\/www.meizitu.com\/a\/4878.html","pic_list":["http:\/\/mm.howkuai.com\/wp-content\/uploads\/2015a\/03\/36\/01.jpg","http:\/\/mm.howkuai.com\/wp-content\/uploads\/2015a\/03\/36\/02.jpg","http:\/\/mm.howkuai.com\/wp-content\/uploads\/2015a\/03\/36\/03.jpg","http:\/\/mm.howkuai.com\/wp-content\/uploads\/2015a\/03\/36\/04.jpg","http:\/\/mm.howkuai.com\/wp-content\/uploads\/2015a\/03\/36\/05.jpg","http:\/\/mm.howkuai.com\/wp-content\/uploads\/2015a\/03\/36\/06.jpg","http:\/\/mm.howkuai.com\/wp-content\/uploads\/2015a\/03\/36\/07.jpg"]},{"plaintext":"\u6c14\u8d28\u7f8e\u5973\u5c45\u5bb6\u751f\u6d3b\u7167","href":"http:\/\/www.meizitu.com\/a\/4877.html","pic_list":["http:\/\/mm.howkuai.com\/wp-content\/uploads\/2015a\/03\/35\/01.jpg","http:\/\/mm.howkuai.com\/wp-content\/uploads\/2015a\/03\/35\/02.jpg","http:\/\/mm.howkuai.com\/wp-content\/uploads\/2015a\/03\/35\/03.jpg","http:\/\/mm.howkuai.com\/wp-content\/uploads\/2015a\/03\/35\/04.jpg","http:\/\/mm.howkuai.com\/wp-content\/uploads\/2015a\/03\/35\/05.jpg","http:\/\/mm.howkuai.com\/wp-content\/uploads\/2015a\/03\/35\/06.jpg","http:\/\/mm.howkuai.com\/wp-content\/uploads\/2015a\/03\/35\/07.jpg"]},{"plaintext":"\u65e5\u672c\u56fd\u6c11\u5076\u50cf\u7f8e\u5c11\u5973\u7ec4\u5408\u65e9\u5b89\u5c11\u5973\u7ec4","href":"http:\/\/www.meizitu.com\/a\/4876.html","pic_list":["http:\/\/mm.howkuai.com\/wp-content\/uploads\/2015a\/03\/34\/01.jpg","http:\/\/mm.howkuai.com\/wp-content\/uploads\/2015a\/03\/34\/02.jpg","http:\/\/mm.howkuai.com\/wp-content\/uploads\/2015a\/03\/34\/03.jpg","http:\/\/mm.howkuai.com\/wp-content\/uploads\/2015a\/03\/34\/04.jpg","http:\/\/mm.howkuai.com\/wp-content\/uploads\/2015a\/03\/34\/05.jpg","http:\/\/mm.howkuai.com\/wp-content\/uploads\/2015a\/03\/34\/06.jpg","http:\/\/mm.howkuai.com\/wp-content\/uploads\/2015a\/03\/34\/07.jpg","http:\/\/mm.howkuai.com\/wp-content\/uploads\/2015a\/03\/34\/08.jpg"]},{"plaintext":"\u7d20\u989c\u7f8e\u5973\uff0c\u6e05\u6f88\u7684\u773c\u795e\u8ba9\u4eba\u5fc3\u9189","href":"http:\/\/www.meizitu.com\/a\/4875.html","pic_list":["http:\/\/mm.howkuai.com\/wp-content\/uploads\/2015a\/03\/33\/01.jpg","http:\/\/mm.howkuai.com\/wp-content\/uploads\/2015a\/03\/33\/02.jpg","http:\/\/mm.howkuai.com\/wp-content\/uploads\/2015a\/03\/33\/03.jpg","http:\/\/mm.howkuai.com\/wp-content\/uploads\/2015a\/03\/33\/04.jpg","http:\/\/mm.howkuai.com\/wp-content\/uploads\/2015a\/03\/33\/05.jpg","http:\/\/mm.howkuai.com\/wp-content\/uploads\/2015a\/03\/33\/06.jpg"]}]