[{"plaintext":"\u81ea\u4fe1\u7684\u6bd4\u57fa\u5c3c\u7f8e\u5973\u4eab\u53d7\u7740\u6e05\u51c9\u7684\u6d77\u98ce","href":"http:\/\/www.meizitu.com\/a\/5054.html","pic_list":["http:\/\/mm.howkuai.com\/wp-content\/uploads\/2015a\/07\/05\/01.jpg","http:\/\/mm.howkuai.com\/wp-content\/uploads\/2015a\/07\/05\/02.jpg","http:\/\/mm.howkuai.com\/wp-content\/uploads\/2015a\/07\/05\/03.jpg","http:\/\/mm.howkuai.com\/wp-content\/uploads\/2015a\/07\/05\/04.jpg","http:\/\/mm.howkuai.com\/wp-content\/uploads\/2015a\/07\/05\/05.jpg","http:\/\/mm.howkuai.com\/wp-content\/uploads\/2015a\/07\/05\/06.jpg","http:\/\/mm.howkuai.com\/wp-content\/uploads\/2015a\/07\/05\/07.jpg"]},{"plaintext":"\u708e\u53ef\u53ef\u4e0a\u6f14\u53a8\u623f\u771f\u7a7a\u8bf1\u60d1","href":"http:\/\/www.meizitu.com\/a\/5053.html","pic_list":["http:\/\/mm.howkuai.com\/wp-content\/uploads\/2015a\/07\/04\/01.jpg","http:\/\/mm.howkuai.com\/wp-content\/uploads\/2015a\/07\/04\/02.jpg","http:\/\/mm.howkuai.com\/wp-content\/uploads\/2015a\/07\/04\/03.jpg","http:\/\/mm.howkuai.com\/wp-content\/uploads\/2015a\/07\/04\/04.jpg","http:\/\/mm.howkuai.com\/wp-content\/uploads\/2015a\/07\/04\/05.jpg","http:\/\/mm.howkuai.com\/wp-content\/uploads\/2015a\/07\/04\/06.jpg","http:\/\/mm.howkuai.com\/wp-content\/uploads\/2015a\/07\/04\/07.jpg"]},{"plaintext":"\u53ef\u7231\u6a21\u7279\u6881\u7f18\uff0c\u96c5\u67d4\u590f\u5b63\u5f62\u8c61\u7247","href":"http:\/\/www.meizitu.com\/a\/5052.html","pic_list":["http:\/\/mm.howkuai.com\/wp-content\/uploads\/2015a\/07\/03\/01.jpg","http:\/\/mm.howkuai.com\/wp-content\/uploads\/2015a\/07\/03\/02.jpg","http:\/\/mm.howkuai.com\/wp-content\/uploads\/2015a\/07\/03\/03.jpg","http:\/\/mm.howkuai.com\/wp-content\/uploads\/2015a\/07\/03\/04.jpg","http:\/\/mm.howkuai.com\/wp-content\/uploads\/2015a\/07\/03\/05.jpg","http:\/\/mm.howkuai.com\/wp-content\/uploads\/2015a\/07\/03\/06.jpg","http:\/\/mm.howkuai.com\/wp-content\/uploads\/2015a\/07\/03\/07.jpg"]},{"plaintext":"\u51b7\u773c\u5fa1\u59d0\u7684\u5185\u8863\u5199\u771f","href":"http:\/\/www.meizitu.com\/a\/5051.html","pic_list":["http:\/\/mm.howkuai.com\/wp-content\/uploads\/2015a\/07\/02\/01.jpg","http:\/\/mm.howkuai.com\/wp-content\/uploads\/2015a\/07\/02\/02.jpg","http:\/\/mm.howkuai.com\/wp-content\/uploads\/2015a\/07\/02\/03.jpg","http:\/\/mm.howkuai.com\/wp-content\/uploads\/2015a\/07\/02\/04.jpg","http:\/\/mm.howkuai.com\/wp-content\/uploads\/2015a\/07\/02\/05.jpg"]},{"plaintext":"\u7eaf\u7f8e\u77ed\u53d1\uff0c\u97e9\u5f0f\u739b\u4e3d\u82cf","href":"http:\/\/www.meizitu.com\/a\/5050.html","pic_list":["http:\/\/mm.howkuai.com\/wp-content\/uploads\/2015a\/07\/01\/01.jpg","http:\/\/mm.howkuai.com\/wp-content\/uploads\/2015a\/07\/01\/02.jpg","http:\/\/mm.howkuai.com\/wp-content\/uploads\/2015a\/07\/01\/03.jpg","http:\/\/mm.howkuai.com\/wp-content\/uploads\/2015a\/07\/01\/04.jpg","http:\/\/mm.howkuai.com\/wp-content\/uploads\/2015a\/07\/01\/05.jpg","http:\/\/mm.howkuai.com\/wp-content\/uploads\/2015a\/07\/01\/06.jpg","http:\/\/mm.howkuai.com\/wp-content\/uploads\/2015a\/07\/01\/07.jpg","http:\/\/mm.howkuai.com\/wp-content\/uploads\/2015a\/07\/01\/08.jpg","http:\/\/mm.howkuai.com\/wp-content\/uploads\/2015a\/07\/01\/09.jpg"]},{"plaintext":"\u5446\u5446\u840c\u840c\u7684\u59b9\u5b50\uff0c\u60f3\u89c1\u4f60\u7b11\u7684\u6a21\u6837","href":"http:\/\/www.meizitu.com\/a\/5049.html","pic_list":["http:\/\/mm.howkuai.com\/wp-content\/uploads\/2015a\/06\/42\/01.jpg","http:\/\/mm.howkuai.com\/wp-content\/uploads\/2015a\/06\/42\/02.jpg","http:\/\/mm.howkuai.com\/wp-content\/uploads\/2015a\/06\/42\/03.jpg","http:\/\/mm.howkuai.com\/wp-content\/uploads\/2015a\/06\/42\/04.jpg","http:\/\/mm.howkuai.com\/wp-content\/uploads\/2015a\/06\/42\/05.jpg","http:\/\/mm.howkuai.com\/wp-content\/uploads\/2015a\/06\/42\/06.jpg","http:\/\/mm.howkuai.com\/wp-content\/uploads\/2015a\/06\/42\/07.jpg"]},{"plaintext":"\u706b\u8fa3\u8fa3\u7684\u590f\u5929\uff0c\u90a3\u4e9b\u6027\u611f\u7684\u4eba\u513f\uff0818\uff09","href":"http:\/\/www.meizitu.com\/a\/5048.html","pic_list":["http:\/\/mm.howkuai.com\/wp-content\/uploads\/2015a\/06\/41\/01.jpg","http:\/\/mm.howkuai.com\/wp-content\/uploads\/2015a\/06\/41\/02.jpg","http:\/\/mm.howkuai.com\/wp-content\/uploads\/2015a\/06\/41\/03.jpg","http:\/\/mm.howkuai.com\/wp-content\/uploads\/2015a\/06\/41\/04.jpg","http:\/\/mm.howkuai.com\/wp-content\/uploads\/2015a\/06\/41\/05.jpg","http:\/\/mm.howkuai.com\/wp-content\/uploads\/2015a\/06\/41\/06.jpg","http:\/\/mm.howkuai.com\/wp-content\/uploads\/2015a\/06\/41\/07.jpg","http:\/\/mm.howkuai.com\/wp-content\/uploads\/2015a\/06\/41\/08.jpg","http:\/\/mm.howkuai.com\/wp-content\/uploads\/2015a\/06\/41\/09.jpg","http:\/\/mm.howkuai.com\/wp-content\/uploads\/2015a\/06\/41\/10.jpg"]},{"plaintext":"\u770b\u7684\u4f60\u76ee\u4e0d\u8f6c\u775b\uff0c\u90a3\u4e9b\u6e05\u7eaf\u7684\u517b\u773c\u7f8e\u5973\u56fe\u7247\uff0818\uff09","href":"http:\/\/www.meizitu.com\/a\/5047.html","pic_list":["http:\/\/mm.howkuai.com\/wp-content\/uploads\/2015a\/06\/40\/01.jpg","http:\/\/mm.howkuai.com\/wp-content\/uploads\/2015a\/06\/40\/02.jpg","http:\/\/mm.howkuai.com\/wp-content\/uploads\/2015a\/06\/40\/03.jpg","http:\/\/mm.howkuai.com\/wp-content\/uploads\/2015a\/06\/40\/04.jpg","http:\/\/mm.howkuai.com\/wp-content\/uploads\/2015a\/06\/40\/05.jpg","http:\/\/mm.howkuai.com\/wp-content\/uploads\/2015a\/06\/40\/06.jpg","http:\/\/mm.howkuai.com\/wp-content\/uploads\/2015a\/06\/40\/07.jpg","http:\/\/mm.howkuai.com\/wp-content\/uploads\/2015a\/06\/40\/08.jpg","http:\/\/mm.howkuai.com\/wp-content\/uploads\/2015a\/06\/40\/09.jpg","http:\/\/mm.howkuai.com\/wp-content\/uploads\/2015a\/06\/40\/10.jpg"]},{"plaintext":"\u624b\u5982\u67d4\u8351\uff0c\u80a4\u5982\u51dd\u8102\uff0c\u77ed\u53d1\u897f\u74dc\u59b9\u5b50","href":"http:\/\/www.meizitu.com\/a\/5046.html","pic_list":["http:\/\/mm.howkuai.com\/wp-content\/uploads\/2015a\/06\/39\/01.jpg","http:\/\/mm.howkuai.com\/wp-content\/uploads\/2015a\/06\/39\/02.jpg","http:\/\/mm.howkuai.com\/wp-content\/uploads\/2015a\/06\/39\/03.jpg","http:\/\/mm.howkuai.com\/wp-content\/uploads\/2015a\/06\/39\/04.jpg","http:\/\/mm.howkuai.com\/wp-content\/uploads\/2015a\/06\/39\/05.jpg","http:\/\/mm.howkuai.com\/wp-content\/uploads\/2015a\/06\/39\/06.jpg"]},{"plaintext":"\u6b7b\u5e93\u6c34\uff0c\u6cf3\u6c60\u4e2d\u7684\u53ef\u7231\u841d\u8389","href":"http:\/\/www.meizitu.com\/a\/5045.html","pic_list":["http:\/\/mm.howkuai.com\/wp-content\/uploads\/2015a\/06\/38\/01.jpg","http:\/\/mm.howkuai.com\/wp-content\/uploads\/2015a\/06\/38\/02.jpg","http:\/\/mm.howkuai.com\/wp-content\/uploads\/2015a\/06\/38\/03.jpg","http:\/\/mm.howkuai.com\/wp-content\/uploads\/2015a\/06\/38\/04.jpg","http:\/\/mm.howkuai.com\/wp-content\/uploads\/2015a\/06\/38\/05.jpg","http:\/\/mm.howkuai.com\/wp-content\/uploads\/2015a\/06\/38\/06.jpg","http:\/\/mm.howkuai.com\/wp-content\/uploads\/2015a\/06\/38\/07.jpg","http:\/\/mm.howkuai.com\/wp-content\/uploads\/2015a\/06\/38\/08.jpg","http:\/\/mm.howkuai.com\/wp-content\/uploads\/2015a\/06\/38\/09.jpg","http:\/\/mm.howkuai.com\/wp-content\/uploads\/2015a\/06\/38\/10.jpg"]},{"plaintext":"\u65e5\u7cfb\u6821\u670d\uff0c\u5c0f\u9c9c\u8089\u5c55\u73b0\u707f\u70c2\u7b11\u5bb9","href":"http:\/\/www.meizitu.com\/a\/5044.html","pic_list":["http:\/\/mm.howkuai.com\/wp-content\/uploads\/2015a\/06\/37\/01.jpg","http:\/\/mm.howkuai.com\/wp-content\/uploads\/2015a\/06\/37\/02.jpg","http:\/\/mm.howkuai.com\/wp-content\/uploads\/2015a\/06\/37\/03.jpg","http:\/\/mm.howkuai.com\/wp-content\/uploads\/2015a\/06\/37\/04.jpg","http:\/\/mm.howkuai.com\/wp-content\/uploads\/2015a\/06\/37\/05.jpg","http:\/\/mm.howkuai.com\/wp-content\/uploads\/2015a\/06\/37\/06.jpg","http:\/\/mm.howkuai.com\/wp-content\/uploads\/2015a\/06\/37\/07.jpg","http:\/\/mm.howkuai.com\/wp-content\/uploads\/2015a\/06\/37\/08.jpg","http:\/\/mm.howkuai.com\/wp-content\/uploads\/2015a\/06\/37\/09.jpg"]},{"plaintext":"\u53ef\u7231\u65e5\u672c\u7f8e\u5973SNH48\u4e0eAKB48\u6210\u5458\u5199\u771f","href":"http:\/\/www.meizitu.com\/a\/5043.html","pic_list":["http:\/\/mm.howkuai.com\/wp-content\/uploads\/2015a\/06\/36\/01.jpg","http:\/\/mm.howkuai.com\/wp-content\/uploads\/2015a\/06\/36\/02.jpg","http:\/\/mm.howkuai.com\/wp-content\/uploads\/2015a\/06\/36\/03.jpg","http:\/\/mm.howkuai.com\/wp-content\/uploads\/2015a\/06\/36\/04.jpg","http:\/\/mm.howkuai.com\/wp-content\/uploads\/2015a\/06\/36\/05.jpg","http:\/\/mm.howkuai.com\/wp-content\/uploads\/2015a\/06\/36\/06.jpg","http:\/\/mm.howkuai.com\/wp-content\/uploads\/2015a\/06\/36\/07.jpg","http:\/\/mm.howkuai.com\/wp-content\/uploads\/2015a\/06\/36\/08.jpg","http:\/\/mm.howkuai.com\/wp-content\/uploads\/2015a\/06\/36\/09.jpg","http:\/\/mm.howkuai.com\/wp-content\/uploads\/2015a\/06\/36\/10.jpg"]},{"plaintext":"\u6709\u4e00\u5929\u4f60\u4f1a\u9047\u5230\u4e00\u4e2a\u5f69\u8679\u822c\u7eda\u4e3d\u7684\u4eba","href":"http:\/\/www.meizitu.com\/a\/5042.html","pic_list":["http:\/\/mm.howkuai.com\/wp-content\/uploads\/2015a\/06\/35\/01.jpg","http:\/\/mm.howkuai.com\/wp-content\/uploads\/2015a\/06\/35\/02.jpg","http:\/\/mm.howkuai.com\/wp-content\/uploads\/2015a\/06\/35\/03.jpg","http:\/\/mm.howkuai.com\/wp-content\/uploads\/2015a\/06\/35\/04.jpg","http:\/\/mm.howkuai.com\/wp-content\/uploads\/2015a\/06\/35\/05.jpg","http:\/\/mm.howkuai.com\/wp-content\/uploads\/2015a\/06\/35\/06.jpg"]},{"plaintext":"\u6211\u4e3a\u4f60\u4ee3\u8a00\uff0c\u590f\u306e\u5348\u5f8c\u7684\u6e05\u7eaf\u5973\u5b69","href":"http:\/\/www.meizitu.com\/a\/5041.html","pic_list":["http:\/\/mm.howkuai.com\/wp-content\/uploads\/2015a\/06\/34\/01.jpg","http:\/\/mm.howkuai.com\/wp-content\/uploads\/2015a\/06\/34\/02.jpg","http:\/\/mm.howkuai.com\/wp-content\/uploads\/2015a\/06\/34\/03.jpg","http:\/\/mm.howkuai.com\/wp-content\/uploads\/2015a\/06\/34\/04.jpg","http:\/\/mm.howkuai.com\/wp-content\/uploads\/2015a\/06\/34\/05.jpg","http:\/\/mm.howkuai.com\/wp-content\/uploads\/2015a\/06\/34\/06.jpg","http:\/\/mm.howkuai.com\/wp-content\/uploads\/2015a\/06\/34\/07.jpg","http:\/\/mm.howkuai.com\/wp-content\/uploads\/2015a\/06\/34\/08.jpg"]},{"plaintext":"\u59b9\u7eb8\u6bd5\u4e1a\u5566\uff0c\u518d\u5230\u6821\u56ed\u8e29\u4e00\u8e29","href":"http:\/\/www.meizitu.com\/a\/5040.html","pic_list":["http:\/\/mm.howkuai.com\/wp-content\/uploads\/2015a\/06\/33\/01.jpg","http:\/\/mm.howkuai.com\/wp-content\/uploads\/2015a\/06\/33\/02.jpg","http:\/\/mm.howkuai.com\/wp-content\/uploads\/2015a\/06\/33\/03.jpg","http:\/\/mm.howkuai.com\/wp-content\/uploads\/2015a\/06\/33\/04.jpg","http:\/\/mm.howkuai.com\/wp-content\/uploads\/2015a\/06\/33\/05.jpg","http:\/\/mm.howkuai.com\/wp-content\/uploads\/2015a\/06\/33\/06.jpg","http:\/\/mm.howkuai.com\/wp-content\/uploads\/2015a\/06\/33\/07.jpg","http:\/\/mm.howkuai.com\/wp-content\/uploads\/2015a\/06\/33\/08.jpg","http:\/\/mm.howkuai.com\/wp-content\/uploads\/2015a\/06\/33\/09.jpg","http:\/\/mm.howkuai.com\/wp-content\/uploads\/2015a\/06\/33\/10.jpg"]},{"plaintext":"\u5438\u6c34\u6bd4\u57fa\u5c3c\uff0c\u559c\u6b22\u6e05\u7eaf\u5982\u6c34\u7684\u59d1\u5a18","href":"http:\/\/www.meizitu.com\/a\/5039.html","pic_list":["http:\/\/mm.howkuai.com\/wp-content\/uploads\/2015a\/06\/32\/01.jpg","http:\/\/mm.howkuai.com\/wp-content\/uploads\/2015a\/06\/32\/02.jpg","http:\/\/mm.howkuai.com\/wp-content\/uploads\/2015a\/06\/32\/03.jpg","http:\/\/mm.howkuai.com\/wp-content\/uploads\/2015a\/06\/32\/04.jpg","http:\/\/mm.howkuai.com\/wp-content\/uploads\/2015a\/06\/32\/05.jpg","http:\/\/mm.howkuai.com\/wp-content\/uploads\/2015a\/06\/32\/06.jpg","http:\/\/mm.howkuai.com\/wp-content\/uploads\/2015a\/06\/32\/07.jpg"]},{"plaintext":"\u8f6f\u59b9\u5b50\u5404\u79cd\u59ff\u52bf\u4fe1\u624b\u62c8\u6765","href":"http:\/\/www.meizitu.com\/a\/5038.html","pic_list":["http:\/\/mm.howkuai.com\/wp-content\/uploads\/2015a\/06\/31\/01.jpg","http:\/\/mm.howkuai.com\/wp-content\/uploads\/2015a\/06\/31\/02.jpg","http:\/\/mm.howkuai.com\/wp-content\/uploads\/2015a\/06\/31\/03.jpg","http:\/\/mm.howkuai.com\/wp-content\/uploads\/2015a\/06\/31\/04.jpg","http:\/\/mm.howkuai.com\/wp-content\/uploads\/2015a\/06\/31\/05.jpg","http:\/\/mm.howkuai.com\/wp-content\/uploads\/2015a\/06\/31\/06.jpg","http:\/\/mm.howkuai.com\/wp-content\/uploads\/2015a\/06\/31\/07.jpg"]},{"plaintext":"\u559c\u6b22\u8db3\u7403\u7684\u5c11\u5973\uff0c\u56de\u5fc6\u91cc\u7684\u90a3\u4e9b\u65f6\u5149\u3002","href":"http:\/\/www.meizitu.com\/a\/5037.html","pic_list":["http:\/\/mm.howkuai.com\/wp-content\/uploads\/2015a\/06\/30\/01.jpg","http:\/\/mm.howkuai.com\/wp-content\/uploads\/2015a\/06\/30\/02.jpg","http:\/\/mm.howkuai.com\/wp-content\/uploads\/2015a\/06\/30\/03.jpg","http:\/\/mm.howkuai.com\/wp-content\/uploads\/2015a\/06\/30\/04.jpg","http:\/\/mm.howkuai.com\/wp-content\/uploads\/2015a\/06\/30\/05.jpg","http:\/\/mm.howkuai.com\/wp-content\/uploads\/2015a\/06\/30\/06.jpg","http:\/\/mm.howkuai.com\/wp-content\/uploads\/2015a\/06\/30\/07.jpg"]},{"plaintext":"\u79c0\u9765\u8273\u6bd4\u82b1\u5a07\uff0c\u5411\u65e5\u8475\u4ece\u4e2d\u7684\u5c0f\u4ed9\u5973","href":"http:\/\/www.meizitu.com\/a\/5035.html","pic_list":["http:\/\/mm.howkuai.com\/wp-content\/uploads\/2015a\/06\/28\/01.jpg","http:\/\/mm.howkuai.com\/wp-content\/uploads\/2015a\/06\/28\/02.jpg","http:\/\/mm.howkuai.com\/wp-content\/uploads\/2015a\/06\/28\/03.jpg","http:\/\/mm.howkuai.com\/wp-content\/uploads\/2015a\/06\/28\/04.jpg","http:\/\/mm.howkuai.com\/wp-content\/uploads\/2015a\/06\/28\/05.jpg","http:\/\/mm.howkuai.com\/wp-content\/uploads\/2015a\/06\/28\/06.jpg","http:\/\/mm.howkuai.com\/wp-content\/uploads\/2015a\/06\/28\/07.jpg","http:\/\/mm.howkuai.com\/wp-content\/uploads\/2015a\/06\/28\/08.jpg"]},{"plaintext":"\u6c90\u6d74\u5728\u82b1\u6d77\u91cc\u7684\u5ae9\u6a21\u5f20\u99a8","href":"http:\/\/www.meizitu.com\/a\/5034.html","pic_list":["http:\/\/mm.howkuai.com\/wp-content\/uploads\/2015a\/06\/27\/01.jpg","http:\/\/mm.howkuai.com\/wp-content\/uploads\/2015a\/06\/27\/02.jpg","http:\/\/mm.howkuai.com\/wp-content\/uploads\/2015a\/06\/27\/03.jpg","http:\/\/mm.howkuai.com\/wp-content\/uploads\/2015a\/06\/27\/04.jpg","http:\/\/mm.howkuai.com\/wp-content\/uploads\/2015a\/06\/27\/05.jpg","http:\/\/mm.howkuai.com\/wp-content\/uploads\/2015a\/06\/27\/06.jpg"]},{"plaintext":"\u6e05\u723d\u6c14\u8d28\uff0c\u4e24\u5f2f\u4f3c\u8e59\u975e\u8e59\u7b3c\u70df\u7709","href":"http:\/\/www.meizitu.com\/a\/5033.html","pic_list":["http:\/\/mm.howkuai.com\/wp-content\/uploads\/2015a\/06\/26\/01.jpg","http:\/\/mm.howkuai.com\/wp-content\/uploads\/2015a\/06\/26\/02.jpg","http:\/\/mm.howkuai.com\/wp-content\/uploads\/2015a\/06\/26\/03.jpg","http:\/\/mm.howkuai.com\/wp-content\/uploads\/2015a\/06\/26\/04.jpg","http:\/\/mm.howkuai.com\/wp-content\/uploads\/2015a\/06\/26\/05.jpg","http:\/\/mm.howkuai.com\/wp-content\/uploads\/2015a\/06\/26\/06.jpg"]},{"plaintext":"\u6e05\u6668\u7684\u6821\u56ed\uff0c\u840c\u840c\u7684\u5973\u5b69","href":"http:\/\/www.meizitu.com\/a\/5032.html","pic_list":["http:\/\/mm.howkuai.com\/wp-content\/uploads\/2015a\/06\/25\/01.jpg","http:\/\/mm.howkuai.com\/wp-content\/uploads\/2015a\/06\/25\/02.jpg","http:\/\/mm.howkuai.com\/wp-content\/uploads\/2015a\/06\/25\/03.jpg","http:\/\/mm.howkuai.com\/wp-content\/uploads\/2015a\/06\/25\/04.jpg","http:\/\/mm.howkuai.com\/wp-content\/uploads\/2015a\/06\/25\/05.jpg"]},{"plaintext":"\u6027\u611f\u7ea2\u5507\u59b9\u5b50\u79c1\u623f\u5199\u771f","href":"http:\/\/www.meizitu.com\/a\/5031.html","pic_list":["http:\/\/mm.howkuai.com\/wp-content\/uploads\/2015a\/06\/24\/01.jpg","http:\/\/mm.howkuai.com\/wp-content\/uploads\/2015a\/06\/24\/02.jpg","http:\/\/mm.howkuai.com\/wp-content\/uploads\/2015a\/06\/24\/03.jpg","http:\/\/mm.howkuai.com\/wp-content\/uploads\/2015a\/06\/24\/04.jpg","http:\/\/mm.howkuai.com\/wp-content\/uploads\/2015a\/06\/24\/05.jpg","http:\/\/mm.howkuai.com\/wp-content\/uploads\/2015a\/06\/24\/06.jpg","http:\/\/mm.howkuai.com\/wp-content\/uploads\/2015a\/06\/24\/07.jpg"]},{"plaintext":"\u6d45\u8272\u5149\u5e74\uff0c\u5b89\u5b89\u9759\u9759\u505a\u4e00\u4e2a\u7f8e\u5c11\u5973","href":"http:\/\/www.meizitu.com\/a\/5030.html","pic_list":["http:\/\/mm.howkuai.com\/wp-content\/uploads\/2015a\/06\/23\/01.jpg","http:\/\/mm.howkuai.com\/wp-content\/uploads\/2015a\/06\/23\/02.jpg","http:\/\/mm.howkuai.com\/wp-content\/uploads\/2015a\/06\/23\/03.jpg","http:\/\/mm.howkuai.com\/wp-content\/uploads\/2015a\/06\/23\/04.jpg","http:\/\/mm.howkuai.com\/wp-content\/uploads\/2015a\/06\/23\/05.jpg","http:\/\/mm.howkuai.com\/wp-content\/uploads\/2015a\/06\/23\/06.jpg","http:\/\/mm.howkuai.com\/wp-content\/uploads\/2015a\/06\/23\/07.jpg"]},{"plaintext":"\u6211\u4eec\u7684\u8c46\u853b\u5e74\u534e \u6211\u4eec\u7684\u5c11\u5e74\u65f6\u5149","href":"http:\/\/www.meizitu.com\/a\/5029.html","pic_list":["http:\/\/mm.howkuai.com\/wp-content\/uploads\/2015a\/06\/22\/01.jpg","http:\/\/mm.howkuai.com\/wp-content\/uploads\/2015a\/06\/22\/02.jpg","http:\/\/mm.howkuai.com\/wp-content\/uploads\/2015a\/06\/22\/03.jpg","http:\/\/mm.howkuai.com\/wp-content\/uploads\/2015a\/06\/22\/04.jpg","http:\/\/mm.howkuai.com\/wp-content\/uploads\/2015a\/06\/22\/05.jpg","http:\/\/mm.howkuai.com\/wp-content\/uploads\/2015a\/06\/22\/06.jpg","http:\/\/mm.howkuai.com\/wp-content\/uploads\/2015a\/06\/22\/07.jpg","http:\/\/mm.howkuai.com\/wp-content\/uploads\/2015a\/06\/22\/08.jpg"]},{"plaintext":"\u9752\u6625\u65e0\u654c\uff0c\u6821\u670d\u7f8e\uff0c\u59b9\u5b50\u66f4\u597d\u770b","href":"http:\/\/www.meizitu.com\/a\/5028.html","pic_list":["http:\/\/mm.howkuai.com\/wp-content\/uploads\/2015a\/06\/21\/01.jpg","http:\/\/mm.howkuai.com\/wp-content\/uploads\/2015a\/06\/21\/02.jpg","http:\/\/mm.howkuai.com\/wp-content\/uploads\/2015a\/06\/21\/03.jpg","http:\/\/mm.howkuai.com\/wp-content\/uploads\/2015a\/06\/21\/04.jpg","http:\/\/mm.howkuai.com\/wp-content\/uploads\/2015a\/06\/21\/05.jpg","http:\/\/mm.howkuai.com\/wp-content\/uploads\/2015a\/06\/21\/06.jpg","http:\/\/mm.howkuai.com\/wp-content\/uploads\/2015a\/06\/21\/07.jpg","http:\/\/mm.howkuai.com\/wp-content\/uploads\/2015a\/06\/21\/08.jpg","http:\/\/mm.howkuai.com\/wp-content\/uploads\/2015a\/06\/21\/09.jpg"]},{"plaintext":"\u5e73\u9762\u6a21\u7279\u513f\u5434\u4e39\u9152\u5e97\u79c1\u62cd","href":"http:\/\/www.meizitu.com\/a\/5027.html","pic_list":["http:\/\/mm.howkuai.com\/wp-content\/uploads\/2015a\/06\/20\/01.jpg","http:\/\/mm.howkuai.com\/wp-content\/uploads\/2015a\/06\/20\/02.jpg","http:\/\/mm.howkuai.com\/wp-content\/uploads\/2015a\/06\/20\/03.jpg","http:\/\/mm.howkuai.com\/wp-content\/uploads\/2015a\/06\/20\/04.jpg","http:\/\/mm.howkuai.com\/wp-content\/uploads\/2015a\/06\/20\/05.jpg"]},{"plaintext":"\u5927\u80c6\u5ae9\u6a21\u97e9\u96e8\u83f2\uff0c\u6380\u8863\u9732\u81c0\u5f15\u4eba\u9050\u601d","href":"http:\/\/www.meizitu.com\/a\/5026.html","pic_list":["http:\/\/mm.howkuai.com\/wp-content\/uploads\/2015a\/06\/19\/01.jpg","http:\/\/mm.howkuai.com\/wp-content\/uploads\/2015a\/06\/19\/02.jpg","http:\/\/mm.howkuai.com\/wp-content\/uploads\/2015a\/06\/19\/03.jpg","http:\/\/mm.howkuai.com\/wp-content\/uploads\/2015a\/06\/19\/04.jpg","http:\/\/mm.howkuai.com\/wp-content\/uploads\/2015a\/06\/19\/05.jpg","http:\/\/mm.howkuai.com\/wp-content\/uploads\/2015a\/06\/19\/06.jpg","http:\/\/mm.howkuai.com\/wp-content\/uploads\/2015a\/06\/19\/07.jpg","http:\/\/mm.howkuai.com\/wp-content\/uploads\/2015a\/06\/19\/08.jpg","http:\/\/mm.howkuai.com\/wp-content\/uploads\/2015a\/06\/19\/09.jpg"]},{"plaintext":"\u708e\u708e\u590f\u65e5\u5c55\u73b0\u6027\u611f\u7684\u597d\u5b63\u8282","href":"http:\/\/www.meizitu.com\/a\/5025.html","pic_list":["http:\/\/mm.howkuai.com\/wp-content\/uploads\/2015a\/06\/18\/01.jpg","http:\/\/mm.howkuai.com\/wp-content\/uploads\/2015a\/06\/18\/02.jpg","http:\/\/mm.howkuai.com\/wp-content\/uploads\/2015a\/06\/18\/03.jpg","http:\/\/mm.howkuai.com\/wp-content\/uploads\/2015a\/06\/18\/04.jpg","http:\/\/mm.howkuai.com\/wp-content\/uploads\/2015a\/06\/18\/05.jpg","http:\/\/mm.howkuai.com\/wp-content\/uploads\/2015a\/06\/18\/06.jpg","http:\/\/mm.howkuai.com\/wp-content\/uploads\/2015a\/06\/18\/07.jpg","http:\/\/mm.howkuai.com\/wp-content\/uploads\/2015a\/06\/18\/08.jpg","http:\/\/mm.howkuai.com\/wp-content\/uploads\/2015a\/06\/18\/09.jpg","http:\/\/mm.howkuai.com\/wp-content\/uploads\/2015a\/06\/18\/10.jpg"]}]