[{"plaintext":"\u52a8\u6f2b\u5c55\u4e0a\u7684\u840c\u840c\u5154\u5973\u90ce\uff0c\u8868\u60c5\u53ef\u7231","href":"http:\/\/www.meizitu.com\/a\/5448.html","pic_list":["http:\/\/mm.howkuai.com\/wp-content\/uploads\/2016a\/08\/03\/01.jpg","http:\/\/mm.howkuai.com\/wp-content\/uploads\/2016a\/08\/03\/02.jpg","http:\/\/mm.howkuai.com\/wp-content\/uploads\/2016a\/08\/03\/03.jpg","http:\/\/mm.howkuai.com\/wp-content\/uploads\/2016a\/08\/03\/04.jpg","http:\/\/mm.howkuai.com\/wp-content\/uploads\/2016a\/08\/03\/05.jpg","http:\/\/mm.howkuai.com\/wp-content\/uploads\/2016a\/08\/03\/06.jpg","http:\/\/mm.howkuai.com\/wp-content\/uploads\/2016a\/08\/03\/07.jpg","http:\/\/mm.howkuai.com\/wp-content\/uploads\/2016a\/08\/03\/08.jpg","http:\/\/mm.howkuai.com\/wp-content\/uploads\/2016a\/08\/03\/09.jpg","http:\/\/mm.howkuai.com\/wp-content\/uploads\/2016a\/08\/03\/10.jpg"]},{"plaintext":"\u7f8e\u5973\u5728\u8f66\u540e\u6392\u8131\u8863\u670d\uff1f\u4ec0\u4e48\u8282\u594f","href":"http:\/\/www.meizitu.com\/a\/5447.html","pic_list":["http:\/\/mm.howkuai.com\/wp-content\/uploads\/2016a\/08\/02\/01.jpg","http:\/\/mm.howkuai.com\/wp-content\/uploads\/2016a\/08\/02\/02.jpg","http:\/\/mm.howkuai.com\/wp-content\/uploads\/2016a\/08\/02\/03.jpg","http:\/\/mm.howkuai.com\/wp-content\/uploads\/2016a\/08\/02\/04.jpg","http:\/\/mm.howkuai.com\/wp-content\/uploads\/2016a\/08\/02\/05.jpg","http:\/\/mm.howkuai.com\/wp-content\/uploads\/2016a\/08\/02\/06.jpg","http:\/\/mm.howkuai.com\/wp-content\/uploads\/2016a\/08\/02\/07.jpg","http:\/\/mm.howkuai.com\/wp-content\/uploads\/2016a\/08\/02\/08.jpg","http:\/\/mm.howkuai.com\/wp-content\/uploads\/2016a\/08\/02\/09.jpg"]},{"plaintext":"\u77e5\u6027\u5973\u4eba\u7684\u6027\u611f\u53ef\u7231\u4e00\u9762","href":"http:\/\/www.meizitu.com\/a\/5446.html","pic_list":["http:\/\/mm.howkuai.com\/wp-content\/uploads\/2016a\/08\/01\/01.jpg","http:\/\/mm.howkuai.com\/wp-content\/uploads\/2016a\/08\/01\/02.jpg","http:\/\/mm.howkuai.com\/wp-content\/uploads\/2016a\/08\/01\/03.jpg","http:\/\/mm.howkuai.com\/wp-content\/uploads\/2016a\/08\/01\/04.jpg","http:\/\/mm.howkuai.com\/wp-content\/uploads\/2016a\/08\/01\/05.jpg","http:\/\/mm.howkuai.com\/wp-content\/uploads\/2016a\/08\/01\/06.jpg","http:\/\/mm.howkuai.com\/wp-content\/uploads\/2016a\/08\/01\/07.jpg","http:\/\/mm.howkuai.com\/wp-content\/uploads\/2016a\/08\/01\/08.jpg","http:\/\/mm.howkuai.com\/wp-content\/uploads\/2016a\/08\/01\/09.jpg","http:\/\/mm.howkuai.com\/wp-content\/uploads\/2016a\/08\/01\/10.jpg"]},{"plaintext":"\u5728\u6e38\u6cf3\u6c60\u6293\u5230\u4e00\u53ea\u840c\u59b9\u5b50","href":"http:\/\/www.meizitu.com\/a\/5445.html","pic_list":["http:\/\/mm.howkuai.com\/wp-content\/uploads\/2016a\/07\/42\/01.jpg","http:\/\/mm.howkuai.com\/wp-content\/uploads\/2016a\/07\/42\/02.jpg","http:\/\/mm.howkuai.com\/wp-content\/uploads\/2016a\/07\/42\/03.jpg","http:\/\/mm.howkuai.com\/wp-content\/uploads\/2016a\/07\/42\/04.jpg","http:\/\/mm.howkuai.com\/wp-content\/uploads\/2016a\/07\/42\/05.jpg","http:\/\/mm.howkuai.com\/wp-content\/uploads\/2016a\/07\/42\/06.jpg","http:\/\/mm.howkuai.com\/wp-content\/uploads\/2016a\/07\/42\/07.jpg","http:\/\/mm.howkuai.com\/wp-content\/uploads\/2016a\/07\/42\/08.jpg"]},{"plaintext":"\u7403\u573a\u4e0a\u7387\u771f\u53ef\u7231\u59b9\u5b50\uff0c\u88ab\u5979\u7684\u5feb\u4e50\u611f\u67d3","href":"http:\/\/www.meizitu.com\/a\/5444.html","pic_list":["http:\/\/mm.howkuai.com\/wp-content\/uploads\/2016a\/07\/41\/01.jpg","http:\/\/mm.howkuai.com\/wp-content\/uploads\/2016a\/07\/41\/02.jpg","http:\/\/mm.howkuai.com\/wp-content\/uploads\/2016a\/07\/41\/03.jpg","http:\/\/mm.howkuai.com\/wp-content\/uploads\/2016a\/07\/41\/04.jpg","http:\/\/mm.howkuai.com\/wp-content\/uploads\/2016a\/07\/41\/05.jpg","http:\/\/mm.howkuai.com\/wp-content\/uploads\/2016a\/07\/41\/06.jpg","http:\/\/mm.howkuai.com\/wp-content\/uploads\/2016a\/07\/41\/07.jpg"]},{"plaintext":"\u5927\u9971\u773c\u798f\uff01\u6ee1\u5c4f\u5e55\u90fd\u662fA4\u8170","href":"http:\/\/www.meizitu.com\/a\/5443.html","pic_list":["http:\/\/mm.howkuai.com\/wp-content\/uploads\/2016a\/07\/40\/01.jpg","http:\/\/mm.howkuai.com\/wp-content\/uploads\/2016a\/07\/40\/02.jpg","http:\/\/mm.howkuai.com\/wp-content\/uploads\/2016a\/07\/40\/03.jpg","http:\/\/mm.howkuai.com\/wp-content\/uploads\/2016a\/07\/40\/04.jpg","http:\/\/mm.howkuai.com\/wp-content\/uploads\/2016a\/07\/40\/05.jpg","http:\/\/mm.howkuai.com\/wp-content\/uploads\/2016a\/07\/40\/06.jpg","http:\/\/mm.howkuai.com\/wp-content\/uploads\/2016a\/07\/40\/07.jpg","http:\/\/mm.howkuai.com\/wp-content\/uploads\/2016a\/07\/40\/08.jpg","http:\/\/mm.howkuai.com\/wp-content\/uploads\/2016a\/07\/40\/09.jpg","http:\/\/mm.howkuai.com\/wp-content\/uploads\/2016a\/07\/40\/10.jpg"]},{"plaintext":"\u5c31\u559c\u6b22\u4f60\u65e0\u5fe7\u65e0\u8651\u505a\u767d\u65e5\u68a6\u7684\u6837\u5b50","href":"http:\/\/www.meizitu.com\/a\/5442.html","pic_list":["http:\/\/mm.howkuai.com\/wp-content\/uploads\/2016a\/07\/39\/01.jpg","http:\/\/mm.howkuai.com\/wp-content\/uploads\/2016a\/07\/39\/02.jpg","http:\/\/mm.howkuai.com\/wp-content\/uploads\/2016a\/07\/39\/03.jpg","http:\/\/mm.howkuai.com\/wp-content\/uploads\/2016a\/07\/39\/04.jpg","http:\/\/mm.howkuai.com\/wp-content\/uploads\/2016a\/07\/39\/05.jpg","http:\/\/mm.howkuai.com\/wp-content\/uploads\/2016a\/07\/39\/06.jpg","http:\/\/mm.howkuai.com\/wp-content\/uploads\/2016a\/07\/39\/07.jpg","http:\/\/mm.howkuai.com\/wp-content\/uploads\/2016a\/07\/39\/08.jpg"]},{"plaintext":"\u5468\u672b\u798f\u5229\u56fe\u4e4b\u7f8e\u4e73\uff0c\u4f60\u559c\u6b22\u54ea\u79cd\uff1f","href":"http:\/\/www.meizitu.com\/a\/5441.html","pic_list":["http:\/\/mm.howkuai.com\/wp-content\/uploads\/2016a\/07\/38\/01.jpg","http:\/\/mm.howkuai.com\/wp-content\/uploads\/2016a\/07\/38\/02.jpg","http:\/\/mm.howkuai.com\/wp-content\/uploads\/2016a\/07\/38\/03.jpg","http:\/\/mm.howkuai.com\/wp-content\/uploads\/2016a\/07\/38\/04.jpg","http:\/\/mm.howkuai.com\/wp-content\/uploads\/2016a\/07\/38\/05.jpg","http:\/\/mm.howkuai.com\/wp-content\/uploads\/2016a\/07\/38\/06.jpg","http:\/\/mm.howkuai.com\/wp-content\/uploads\/2016a\/07\/38\/07.jpg","http:\/\/mm.howkuai.com\/wp-content\/uploads\/2016a\/07\/38\/08.jpg"]},{"plaintext":"\u840c\u840c\u7684\u957f\u817f\u6821\u82b1\uff0c\u7b11\u5bb9\u5f88\u80fd\u611f\u67d3\u4eba","href":"http:\/\/www.meizitu.com\/a\/5440.html","pic_list":["http:\/\/mm.howkuai.com\/wp-content\/uploads\/2016a\/07\/37\/01.jpg","http:\/\/mm.howkuai.com\/wp-content\/uploads\/2016a\/07\/37\/02.jpg","http:\/\/mm.howkuai.com\/wp-content\/uploads\/2016a\/07\/37\/03.jpg","http:\/\/mm.howkuai.com\/wp-content\/uploads\/2016a\/07\/37\/04.jpg","http:\/\/mm.howkuai.com\/wp-content\/uploads\/2016a\/07\/37\/05.jpg","http:\/\/mm.howkuai.com\/wp-content\/uploads\/2016a\/07\/37\/06.jpg","http:\/\/mm.howkuai.com\/wp-content\/uploads\/2016a\/07\/37\/07.jpg","http:\/\/mm.howkuai.com\/wp-content\/uploads\/2016a\/07\/37\/08.jpg"]},{"plaintext":"\u4e30\u6ee1\u53ef\u7231\u7684\u65e5\u672c\u59b9\u7eb8\uff0c\u663e\u5f97\u90a3\u4e48\u65e0\u5bb3","href":"http:\/\/www.meizitu.com\/a\/5439.html","pic_list":["http:\/\/mm.howkuai.com\/wp-content\/uploads\/2016a\/07\/36\/01.jpg","http:\/\/mm.howkuai.com\/wp-content\/uploads\/2016a\/07\/36\/02.jpg","http:\/\/mm.howkuai.com\/wp-content\/uploads\/2016a\/07\/36\/03.jpg","http:\/\/mm.howkuai.com\/wp-content\/uploads\/2016a\/07\/36\/04.jpg","http:\/\/mm.howkuai.com\/wp-content\/uploads\/2016a\/07\/36\/05.jpg","http:\/\/mm.howkuai.com\/wp-content\/uploads\/2016a\/07\/36\/06.jpg","http:\/\/mm.howkuai.com\/wp-content\/uploads\/2016a\/07\/36\/07.jpg","http:\/\/mm.howkuai.com\/wp-content\/uploads\/2016a\/07\/36\/08.jpg","http:\/\/mm.howkuai.com\/wp-content\/uploads\/2016a\/07\/36\/09.jpg","http:\/\/mm.howkuai.com\/wp-content\/uploads\/2016a\/07\/36\/10.jpg"]},{"plaintext":"\u7761\u773c\u60fa\u5fea\u7684\u7d20\u989c\u5973\u5b69\uff0c\u6700\u7231\u590f\u65e5","href":"http:\/\/www.meizitu.com\/a\/5438.html","pic_list":["http:\/\/mm.howkuai.com\/wp-content\/uploads\/2016a\/07\/35\/01.jpg","http:\/\/mm.howkuai.com\/wp-content\/uploads\/2016a\/07\/35\/02.jpg","http:\/\/mm.howkuai.com\/wp-content\/uploads\/2016a\/07\/35\/03.jpg","http:\/\/mm.howkuai.com\/wp-content\/uploads\/2016a\/07\/35\/04.jpg","http:\/\/mm.howkuai.com\/wp-content\/uploads\/2016a\/07\/35\/05.jpg","http:\/\/mm.howkuai.com\/wp-content\/uploads\/2016a\/07\/35\/06.jpg","http:\/\/mm.howkuai.com\/wp-content\/uploads\/2016a\/07\/35\/07.jpg"]},{"plaintext":"\u9a91\u5728\u6930\u5b50\u6811\u4e0a\u7684\u6bd4\u57fa\u5c3c\u7f8e\u5973","href":"http:\/\/www.meizitu.com\/a\/5437.html","pic_list":["http:\/\/mm.howkuai.com\/wp-content\/uploads\/2016a\/07\/34\/01.jpg","http:\/\/mm.howkuai.com\/wp-content\/uploads\/2016a\/07\/34\/02.jpg","http:\/\/mm.howkuai.com\/wp-content\/uploads\/2016a\/07\/34\/03.jpg","http:\/\/mm.howkuai.com\/wp-content\/uploads\/2016a\/07\/34\/04.jpg","http:\/\/mm.howkuai.com\/wp-content\/uploads\/2016a\/07\/34\/05.jpg","http:\/\/mm.howkuai.com\/wp-content\/uploads\/2016a\/07\/34\/06.jpg","http:\/\/mm.howkuai.com\/wp-content\/uploads\/2016a\/07\/34\/07.jpg"]},{"plaintext":"YUMI\u5c24\u7f8e\u82cf\u6885\u5c9b\u5199\u771f","href":"http:\/\/www.meizitu.com\/a\/5436.html","pic_list":["http:\/\/mm.howkuai.com\/wp-content\/uploads\/2016a\/07\/33\/01.jpg","http:\/\/mm.howkuai.com\/wp-content\/uploads\/2016a\/07\/33\/02.jpg","http:\/\/mm.howkuai.com\/wp-content\/uploads\/2016a\/07\/33\/03.jpg","http:\/\/mm.howkuai.com\/wp-content\/uploads\/2016a\/07\/33\/04.jpg","http:\/\/mm.howkuai.com\/wp-content\/uploads\/2016a\/07\/33\/05.jpg"]},{"plaintext":"\u5065\u8eab\u623f\u7684\u767d\u4f9d\u5189\u6781\u5177\u8bf1\u60d1\u529b","href":"http:\/\/www.meizitu.com\/a\/5435.html","pic_list":["http:\/\/mm.howkuai.com\/wp-content\/uploads\/2016a\/07\/32\/01.jpg","http:\/\/mm.howkuai.com\/wp-content\/uploads\/2016a\/07\/32\/02.jpg","http:\/\/mm.howkuai.com\/wp-content\/uploads\/2016a\/07\/32\/03.jpg","http:\/\/mm.howkuai.com\/wp-content\/uploads\/2016a\/07\/32\/04.jpg","http:\/\/mm.howkuai.com\/wp-content\/uploads\/2016a\/07\/32\/05.jpg","http:\/\/mm.howkuai.com\/wp-content\/uploads\/2016a\/07\/32\/06.jpg","http:\/\/mm.howkuai.com\/wp-content\/uploads\/2016a\/07\/32\/07.jpg","http:\/\/mm.howkuai.com\/wp-content\/uploads\/2016a\/07\/32\/08.jpg"]},{"plaintext":"\u504c\u5927\u4e00\u4e2a\u6d74\u7f38\uff0c\u6ca1\u6709\u8001\u53f8\u673a\u600e\u4e48\u884c","href":"http:\/\/www.meizitu.com\/a\/5434.html","pic_list":["http:\/\/mm.howkuai.com\/wp-content\/uploads\/2016a\/07\/31\/01.jpg","http:\/\/mm.howkuai.com\/wp-content\/uploads\/2016a\/07\/31\/02.jpg","http:\/\/mm.howkuai.com\/wp-content\/uploads\/2016a\/07\/31\/03.jpg","http:\/\/mm.howkuai.com\/wp-content\/uploads\/2016a\/07\/31\/04.jpg","http:\/\/mm.howkuai.com\/wp-content\/uploads\/2016a\/07\/31\/05.jpg","http:\/\/mm.howkuai.com\/wp-content\/uploads\/2016a\/07\/31\/06.jpg"]},{"plaintext":"\u6027\u611f\u7684\u5634\u5507\uff0c\u8001\u53f8\u673a\u90fd\u60f3\u4e00\u4eb2\u82b3\u6cfd","href":"http:\/\/www.meizitu.com\/a\/5433.html","pic_list":["http:\/\/mm.howkuai.com\/wp-content\/uploads\/2016a\/07\/30\/01.jpg","http:\/\/mm.howkuai.com\/wp-content\/uploads\/2016a\/07\/30\/02.jpg","http:\/\/mm.howkuai.com\/wp-content\/uploads\/2016a\/07\/30\/03.jpg","http:\/\/mm.howkuai.com\/wp-content\/uploads\/2016a\/07\/30\/04.jpg","http:\/\/mm.howkuai.com\/wp-content\/uploads\/2016a\/07\/30\/05.jpg","http:\/\/mm.howkuai.com\/wp-content\/uploads\/2016a\/07\/30\/06.jpg","http:\/\/mm.howkuai.com\/wp-content\/uploads\/2016a\/07\/30\/07.jpg","http:\/\/mm.howkuai.com\/wp-content\/uploads\/2016a\/07\/30\/08.jpg","http:\/\/mm.howkuai.com\/wp-content\/uploads\/2016a\/07\/30\/09.jpg","http:\/\/mm.howkuai.com\/wp-content\/uploads\/2016a\/07\/30\/10.jpg"]},{"plaintext":"\u8fd9\u6b3e\u5185\u8863\u6700\u8fd1\u5728\u7f51\u4e0a\u5f88\u706b","href":"http:\/\/www.meizitu.com\/a\/5432.html","pic_list":["http:\/\/mm.howkuai.com\/wp-content\/uploads\/2016a\/07\/29\/01.jpg","http:\/\/mm.howkuai.com\/wp-content\/uploads\/2016a\/07\/29\/02.jpg","http:\/\/mm.howkuai.com\/wp-content\/uploads\/2016a\/07\/29\/03.jpg","http:\/\/mm.howkuai.com\/wp-content\/uploads\/2016a\/07\/29\/04.jpg","http:\/\/mm.howkuai.com\/wp-content\/uploads\/2016a\/07\/29\/05.jpg","http:\/\/mm.howkuai.com\/wp-content\/uploads\/2016a\/07\/29\/06.jpg","http:\/\/mm.howkuai.com\/wp-content\/uploads\/2016a\/07\/29\/07.jpg","http:\/\/mm.howkuai.com\/wp-content\/uploads\/2016a\/07\/29\/08.jpg"]},{"plaintext":"\u5468\u672b\u798f\u5229\u56fe\uff0c\u64b8\u70b9\u4e0d\u591a\u4e5f\u662f\u7231","href":"http:\/\/www.meizitu.com\/a\/5431.html","pic_list":["http:\/\/mm.howkuai.com\/wp-content\/uploads\/2016a\/07\/28\/01.jpg","http:\/\/mm.howkuai.com\/wp-content\/uploads\/2016a\/07\/28\/02.jpg","http:\/\/mm.howkuai.com\/wp-content\/uploads\/2016a\/07\/28\/03.jpg","http:\/\/mm.howkuai.com\/wp-content\/uploads\/2016a\/07\/28\/04.jpg","http:\/\/mm.howkuai.com\/wp-content\/uploads\/2016a\/07\/28\/05.jpg","http:\/\/mm.howkuai.com\/wp-content\/uploads\/2016a\/07\/28\/06.jpg","http:\/\/mm.howkuai.com\/wp-content\/uploads\/2016a\/07\/28\/07.jpg","http:\/\/mm.howkuai.com\/wp-content\/uploads\/2016a\/07\/28\/08.jpg","http:\/\/mm.howkuai.com\/wp-content\/uploads\/2016a\/07\/28\/09.jpg","http:\/\/mm.howkuai.com\/wp-content\/uploads\/2016a\/07\/28\/10.jpg"]},{"plaintext":"\u770b\u9189\u4e86\uff01\u540d\u6a21\u5434\u4e39\u6d77\u8fb9\u5c55\u793a\u52a8\u4eba\u8eab\u6750","href":"http:\/\/www.meizitu.com\/a\/5430.html","pic_list":["http:\/\/mm.howkuai.com\/wp-content\/uploads\/2016a\/07\/27\/01.jpg","http:\/\/mm.howkuai.com\/wp-content\/uploads\/2016a\/07\/27\/02.jpg","http:\/\/mm.howkuai.com\/wp-content\/uploads\/2016a\/07\/27\/03.jpg","http:\/\/mm.howkuai.com\/wp-content\/uploads\/2016a\/07\/27\/04.jpg","http:\/\/mm.howkuai.com\/wp-content\/uploads\/2016a\/07\/27\/05.jpg","http:\/\/mm.howkuai.com\/wp-content\/uploads\/2016a\/07\/27\/06.jpg"]},{"plaintext":"\u989c\u503c\u7206\u8868\u5185\u5730\u201c\u5c0f\u79e6\u5c9a\u201d\u5c0f\u6e05\u65b0\u79c1\u623f","href":"http:\/\/www.meizitu.com\/a\/5429.html","pic_list":["http:\/\/mm.howkuai.com\/wp-content\/uploads\/2016a\/07\/26\/01.jpg","http:\/\/mm.howkuai.com\/wp-content\/uploads\/2016a\/07\/26\/02.jpg","http:\/\/mm.howkuai.com\/wp-content\/uploads\/2016a\/07\/26\/03.jpg","http:\/\/mm.howkuai.com\/wp-content\/uploads\/2016a\/07\/26\/04.jpg","http:\/\/mm.howkuai.com\/wp-content\/uploads\/2016a\/07\/26\/05.jpg","http:\/\/mm.howkuai.com\/wp-content\/uploads\/2016a\/07\/26\/06.jpg","http:\/\/mm.howkuai.com\/wp-content\/uploads\/2016a\/07\/26\/07.jpg"]},{"plaintext":"\u5373\u4fbf\u662f\u5927\u6691\uff0c\u7231\u8fd0\u52a8\u7684\u59d1\u5a18\u4e5f\u4e0d\u6015\u6652","href":"http:\/\/www.meizitu.com\/a\/5428.html","pic_list":["http:\/\/mm.howkuai.com\/wp-content\/uploads\/2016a\/07\/25\/01.jpg","http:\/\/mm.howkuai.com\/wp-content\/uploads\/2016a\/07\/25\/02.jpg","http:\/\/mm.howkuai.com\/wp-content\/uploads\/2016a\/07\/25\/03.jpg","http:\/\/mm.howkuai.com\/wp-content\/uploads\/2016a\/07\/25\/04.jpg","http:\/\/mm.howkuai.com\/wp-content\/uploads\/2016a\/07\/25\/05.jpg","http:\/\/mm.howkuai.com\/wp-content\/uploads\/2016a\/07\/25\/06.jpg","http:\/\/mm.howkuai.com\/wp-content\/uploads\/2016a\/07\/25\/07.jpg"]},{"plaintext":"\u7231\u5065\u8eab\u7684\u59b9\u5b50\u598d\u598d\uff0c\u5927\u957f\u817f\u8d85\u8d5e","href":"http:\/\/www.meizitu.com\/a\/5427.html","pic_list":["http:\/\/mm.howkuai.com\/wp-content\/uploads\/2016a\/07\/24\/01.jpg","http:\/\/mm.howkuai.com\/wp-content\/uploads\/2016a\/07\/24\/02.jpg","http:\/\/mm.howkuai.com\/wp-content\/uploads\/2016a\/07\/24\/03.jpg","http:\/\/mm.howkuai.com\/wp-content\/uploads\/2016a\/07\/24\/04.jpg","http:\/\/mm.howkuai.com\/wp-content\/uploads\/2016a\/07\/24\/05.jpg","http:\/\/mm.howkuai.com\/wp-content\/uploads\/2016a\/07\/24\/06.jpg"]},{"plaintext":"\u7f8e\u5973\u7684\u82b1\u74e3\u6d74\uff0c\u8fde\u2018\u8774\u8776\u2019\u90fd\u88ab\u5438\u5f15","href":"http:\/\/www.meizitu.com\/a\/5426.html","pic_list":["http:\/\/mm.howkuai.com\/wp-content\/uploads\/2016a\/07\/23\/01.jpg","http:\/\/mm.howkuai.com\/wp-content\/uploads\/2016a\/07\/23\/02.jpg","http:\/\/mm.howkuai.com\/wp-content\/uploads\/2016a\/07\/23\/03.jpg","http:\/\/mm.howkuai.com\/wp-content\/uploads\/2016a\/07\/23\/04.jpg","http:\/\/mm.howkuai.com\/wp-content\/uploads\/2016a\/07\/23\/05.jpg","http:\/\/mm.howkuai.com\/wp-content\/uploads\/2016a\/07\/23\/06.jpg"]},{"plaintext":"\u7537\u751f\u5fc3\u4e2d\u90fd\u6709\u4e00\u79cd\u673a\u8f66\u60c5\u6000","href":"http:\/\/www.meizitu.com\/a\/5425.html","pic_list":["http:\/\/mm.howkuai.com\/wp-content\/uploads\/2016a\/07\/22\/01.jpg","http:\/\/mm.howkuai.com\/wp-content\/uploads\/2016a\/07\/22\/02.jpg","http:\/\/mm.howkuai.com\/wp-content\/uploads\/2016a\/07\/22\/03.jpg","http:\/\/mm.howkuai.com\/wp-content\/uploads\/2016a\/07\/22\/04.jpg","http:\/\/mm.howkuai.com\/wp-content\/uploads\/2016a\/07\/22\/05.jpg","http:\/\/mm.howkuai.com\/wp-content\/uploads\/2016a\/07\/22\/06.jpg"]},{"plaintext":"\u53f6\u6893\u8431\u6c34\u4e2d\u8bf1\u60d1\uff0c\u518d\u663e\u50b2\u4eba\u8eab\u6750","href":"http:\/\/www.meizitu.com\/a\/5424.html","pic_list":["http:\/\/mm.howkuai.com\/wp-content\/uploads\/2016a\/07\/21\/01.jpg","http:\/\/mm.howkuai.com\/wp-content\/uploads\/2016a\/07\/21\/02.jpg","http:\/\/mm.howkuai.com\/wp-content\/uploads\/2016a\/07\/21\/03.jpg","http:\/\/mm.howkuai.com\/wp-content\/uploads\/2016a\/07\/21\/04.jpg","http:\/\/mm.howkuai.com\/wp-content\/uploads\/2016a\/07\/21\/05.jpg","http:\/\/mm.howkuai.com\/wp-content\/uploads\/2016a\/07\/21\/06.jpg","http:\/\/mm.howkuai.com\/wp-content\/uploads\/2016a\/07\/21\/07.jpg"]},{"plaintext":"\u53ef\u7231\u5973\u5b69\u6e29\u67d4\u65f6\u4f3c\u6c34\uff0c\u70ed\u60c5\u65f6\u4f3c\u706b","href":"http:\/\/www.meizitu.com\/a\/5423.html","pic_list":["http:\/\/mm.howkuai.com\/wp-content\/uploads\/2016a\/07\/20\/01.jpg","http:\/\/mm.howkuai.com\/wp-content\/uploads\/2016a\/07\/20\/02.jpg","http:\/\/mm.howkuai.com\/wp-content\/uploads\/2016a\/07\/20\/03.jpg","http:\/\/mm.howkuai.com\/wp-content\/uploads\/2016a\/07\/20\/04.jpg","http:\/\/mm.howkuai.com\/wp-content\/uploads\/2016a\/07\/20\/05.jpg","http:\/\/mm.howkuai.com\/wp-content\/uploads\/2016a\/07\/20\/06.jpg","http:\/\/mm.howkuai.com\/wp-content\/uploads\/2016a\/07\/20\/07.jpg","http:\/\/mm.howkuai.com\/wp-content\/uploads\/2016a\/07\/20\/08.jpg","http:\/\/mm.howkuai.com\/wp-content\/uploads\/2016a\/07\/20\/09.jpg"]},{"plaintext":"\u8fd9\u91cc\u7684\u59b9\u5b50\u4e2a\u4e2a\u7f8e\u3001\u767d\u3001\u5706","href":"http:\/\/www.meizitu.com\/a\/5422.html","pic_list":["http:\/\/mm.howkuai.com\/wp-content\/uploads\/2016a\/07\/19\/01.jpg","http:\/\/mm.howkuai.com\/wp-content\/uploads\/2016a\/07\/19\/02.jpg","http:\/\/mm.howkuai.com\/wp-content\/uploads\/2016a\/07\/19\/03.jpg","http:\/\/mm.howkuai.com\/wp-content\/uploads\/2016a\/07\/19\/04.jpg","http:\/\/mm.howkuai.com\/wp-content\/uploads\/2016a\/07\/19\/05.jpg","http:\/\/mm.howkuai.com\/wp-content\/uploads\/2016a\/07\/19\/06.jpg","http:\/\/mm.howkuai.com\/wp-content\/uploads\/2016a\/07\/19\/07.jpg","http:\/\/mm.howkuai.com\/wp-content\/uploads\/2016a\/07\/19\/08.jpg","http:\/\/mm.howkuai.com\/wp-content\/uploads\/2016a\/07\/19\/09.jpg","http:\/\/mm.howkuai.com\/wp-content\/uploads\/2016a\/07\/19\/10.jpg"]},{"plaintext":"\u6c14\u8d28\u7f8e\u5973\u8ff7\u4eba\u7684\u5fae\u7b11\uff0c\u53ea\u56e0\u4eab\u53d7\u9633\u5149\u4e0e\u6d77","href":"http:\/\/www.meizitu.com\/a\/5421.html","pic_list":["http:\/\/mm.howkuai.com\/wp-content\/uploads\/2016a\/07\/18\/01.jpg","http:\/\/mm.howkuai.com\/wp-content\/uploads\/2016a\/07\/18\/02.jpg","http:\/\/mm.howkuai.com\/wp-content\/uploads\/2016a\/07\/18\/03.jpg","http:\/\/mm.howkuai.com\/wp-content\/uploads\/2016a\/07\/18\/04.jpg","http:\/\/mm.howkuai.com\/wp-content\/uploads\/2016a\/07\/18\/05.jpg","http:\/\/mm.howkuai.com\/wp-content\/uploads\/2016a\/07\/18\/06.jpg","http:\/\/mm.howkuai.com\/wp-content\/uploads\/2016a\/07\/18\/07.jpg","http:\/\/mm.howkuai.com\/wp-content\/uploads\/2016a\/07\/18\/08.jpg","http:\/\/mm.howkuai.com\/wp-content\/uploads\/2016a\/07\/18\/09.jpg"]},{"plaintext":"\u5ae9\u7684\u51fa\u6c34\u7684\u808c\u80a4\uff0c\u4f60\u7684\u6a21\u6837\u96be\u4ee5\u5fd8\u8bb0","href":"http:\/\/www.meizitu.com\/a\/5420.html","pic_list":["http:\/\/mm.howkuai.com\/wp-content\/uploads\/2016a\/07\/17\/01.jpg","http:\/\/mm.howkuai.com\/wp-content\/uploads\/2016a\/07\/17\/02.jpg","http:\/\/mm.howkuai.com\/wp-content\/uploads\/2016a\/07\/17\/03.jpg","http:\/\/mm.howkuai.com\/wp-content\/uploads\/2016a\/07\/17\/04.jpg","http:\/\/mm.howkuai.com\/wp-content\/uploads\/2016a\/07\/17\/05.jpg","http:\/\/mm.howkuai.com\/wp-content\/uploads\/2016a\/07\/17\/06.jpg","http:\/\/mm.howkuai.com\/wp-content\/uploads\/2016a\/07\/17\/07.jpg","http:\/\/mm.howkuai.com\/wp-content\/uploads\/2016a\/07\/17\/08.jpg","http:\/\/mm.howkuai.com\/wp-content\/uploads\/2016a\/07\/17\/09.jpg","http:\/\/mm.howkuai.com\/wp-content\/uploads\/2016a\/07\/17\/10.jpg"]},{"plaintext":"\u4f20\u8bf4\u4e2d\u7684\u65e5\u7cfb\u59b9\u5b50\u5230\u5e95\u662f\u4ec0\u4e48\u6837\u5b50\uff1f","href":"http:\/\/www.meizitu.com\/a\/5419.html","pic_list":["http:\/\/mm.howkuai.com\/wp-content\/uploads\/2016a\/07\/16\/01.jpg","http:\/\/mm.howkuai.com\/wp-content\/uploads\/2016a\/07\/16\/02.jpg","http:\/\/mm.howkuai.com\/wp-content\/uploads\/2016a\/07\/16\/03.jpg","http:\/\/mm.howkuai.com\/wp-content\/uploads\/2016a\/07\/16\/04.jpg","http:\/\/mm.howkuai.com\/wp-content\/uploads\/2016a\/07\/16\/05.jpg","http:\/\/mm.howkuai.com\/wp-content\/uploads\/2016a\/07\/16\/06.jpg","http:\/\/mm.howkuai.com\/wp-content\/uploads\/2016a\/07\/16\/07.jpg","http:\/\/mm.howkuai.com\/wp-content\/uploads\/2016a\/07\/16\/08.jpg","http:\/\/mm.howkuai.com\/wp-content\/uploads\/2016a\/07\/16\/09.jpg","http:\/\/mm.howkuai.com\/wp-content\/uploads\/2016a\/07\/16\/10.jpg"]}]