[{"plaintext":"\u597d\u4e00\u6735\u5f00\u5728\u5e8a\u4e0a\u7684\u5a07\u82b1","href":"http:\/\/www.meizitu.com\/a\/5356.html","pic_list":["http:\/\/mm.howkuai.com\/wp-content\/uploads\/2016a\/04\/16\/01.jpg","http:\/\/mm.howkuai.com\/wp-content\/uploads\/2016a\/04\/16\/02.jpg","http:\/\/mm.howkuai.com\/wp-content\/uploads\/2016a\/04\/16\/03.jpg","http:\/\/mm.howkuai.com\/wp-content\/uploads\/2016a\/04\/16\/04.jpg","http:\/\/mm.howkuai.com\/wp-content\/uploads\/2016a\/04\/16\/05.jpg","http:\/\/mm.howkuai.com\/wp-content\/uploads\/2016a\/04\/16\/06.jpg","http:\/\/mm.howkuai.com\/wp-content\/uploads\/2016a\/04\/16\/07.jpg","http:\/\/mm.howkuai.com\/wp-content\/uploads\/2016a\/04\/16\/08.jpg"]},{"plaintext":"\u767d\u7699\u5ae9\u6a21\u8c79\u7eb9\u5185\u8863\u79c1\u623f\u79c0","href":"http:\/\/www.meizitu.com\/a\/5355.html","pic_list":["http:\/\/mm.howkuai.com\/wp-content\/uploads\/2016a\/04\/15\/01.jpg","http:\/\/mm.howkuai.com\/wp-content\/uploads\/2016a\/04\/15\/02.jpg","http:\/\/mm.howkuai.com\/wp-content\/uploads\/2016a\/04\/15\/03.jpg","http:\/\/mm.howkuai.com\/wp-content\/uploads\/2016a\/04\/15\/04.jpg","http:\/\/mm.howkuai.com\/wp-content\/uploads\/2016a\/04\/15\/05.jpg","http:\/\/mm.howkuai.com\/wp-content\/uploads\/2016a\/04\/15\/06.jpg","http:\/\/mm.howkuai.com\/wp-content\/uploads\/2016a\/04\/15\/07.jpg"]},{"plaintext":"\u53ef\u4ee5\u505a\u624b\u673a\u684c\u9762\u7684\u7eaf\u7f8e\u5973\u795e\u7167","href":"http:\/\/www.meizitu.com\/a\/5354.html","pic_list":["http:\/\/mm.howkuai.com\/wp-content\/uploads\/2016a\/04\/14\/01.jpg","http:\/\/mm.howkuai.com\/wp-content\/uploads\/2016a\/04\/14\/02.jpg","http:\/\/mm.howkuai.com\/wp-content\/uploads\/2016a\/04\/14\/03.jpg","http:\/\/mm.howkuai.com\/wp-content\/uploads\/2016a\/04\/14\/04.jpg","http:\/\/mm.howkuai.com\/wp-content\/uploads\/2016a\/04\/14\/05.jpg","http:\/\/mm.howkuai.com\/wp-content\/uploads\/2016a\/04\/14\/06.jpg","http:\/\/mm.howkuai.com\/wp-content\/uploads\/2016a\/04\/14\/07.jpg"]},{"plaintext":"\u65e5\u7cfb\u6bd4\u57fa\u5c3c\u7f8e\u5973\u51fa\u6f142016\u5e74\u53f0\u5386","href":"http:\/\/www.meizitu.com\/a\/5353.html","pic_list":["http:\/\/mm.howkuai.com\/wp-content\/uploads\/2016a\/04\/13\/01.jpg","http:\/\/mm.howkuai.com\/wp-content\/uploads\/2016a\/04\/13\/02.jpg","http:\/\/mm.howkuai.com\/wp-content\/uploads\/2016a\/04\/13\/03.jpg","http:\/\/mm.howkuai.com\/wp-content\/uploads\/2016a\/04\/13\/04.jpg","http:\/\/mm.howkuai.com\/wp-content\/uploads\/2016a\/04\/13\/05.jpg","http:\/\/mm.howkuai.com\/wp-content\/uploads\/2016a\/04\/13\/06.jpg","http:\/\/mm.howkuai.com\/wp-content\/uploads\/2016a\/04\/13\/07.jpg","http:\/\/mm.howkuai.com\/wp-content\/uploads\/2016a\/04\/13\/08.jpg","http:\/\/mm.howkuai.com\/wp-content\/uploads\/2016a\/04\/13\/09.jpg","http:\/\/mm.howkuai.com\/wp-content\/uploads\/2016a\/04\/13\/10.jpg"]},{"plaintext":"\u6e05\u7eaf\u7f8e\u5973\u4e0d\u60e7\u5bd2\u51b7\u6ed1\u96ea\u573a\u5185\u6bd4\u57fa\u5c3c\u5199\u771f","href":"http:\/\/www.meizitu.com\/a\/5352.html","pic_list":["http:\/\/mm.howkuai.com\/wp-content\/uploads\/2016a\/04\/12\/01.jpg","http:\/\/mm.howkuai.com\/wp-content\/uploads\/2016a\/04\/12\/02.jpg","http:\/\/mm.howkuai.com\/wp-content\/uploads\/2016a\/04\/12\/03.jpg","http:\/\/mm.howkuai.com\/wp-content\/uploads\/2016a\/04\/12\/04.jpg","http:\/\/mm.howkuai.com\/wp-content\/uploads\/2016a\/04\/12\/05.jpg","http:\/\/mm.howkuai.com\/wp-content\/uploads\/2016a\/04\/12\/06.jpg","http:\/\/mm.howkuai.com\/wp-content\/uploads\/2016a\/04\/12\/07.jpg","http:\/\/mm.howkuai.com\/wp-content\/uploads\/2016a\/04\/12\/08.jpg","http:\/\/mm.howkuai.com\/wp-content\/uploads\/2016a\/04\/12\/09.jpg"]},{"plaintext":"\u7206\u7ea2\u6e05\u7eaf\u6821\u82b1\u751f\u6d3b\u7167\uff0c\u5ae3\u7136\u5de7\u7b11\u8ba8\u4eba\u7231","href":"http:\/\/www.meizitu.com\/a\/5351.html","pic_list":["http:\/\/mm.howkuai.com\/wp-content\/uploads\/2016a\/04\/11\/01.jpg","http:\/\/mm.howkuai.com\/wp-content\/uploads\/2016a\/04\/11\/02.jpg","http:\/\/mm.howkuai.com\/wp-content\/uploads\/2016a\/04\/11\/03.jpg","http:\/\/mm.howkuai.com\/wp-content\/uploads\/2016a\/04\/11\/04.jpg","http:\/\/mm.howkuai.com\/wp-content\/uploads\/2016a\/04\/11\/05.jpg","http:\/\/mm.howkuai.com\/wp-content\/uploads\/2016a\/04\/11\/06.jpg","http:\/\/mm.howkuai.com\/wp-content\/uploads\/2016a\/04\/11\/07.jpg"]},{"plaintext":"\u59b9\u5b50\u4f60\u662f\u5496\u5561\u9986\u91cc\u6700\u7f8e\u7684\u98ce\u666f\u7ebf","href":"http:\/\/www.meizitu.com\/a\/5350.html","pic_list":["http:\/\/mm.howkuai.com\/wp-content\/uploads\/2016a\/04\/10\/01.jpg","http:\/\/mm.howkuai.com\/wp-content\/uploads\/2016a\/04\/10\/02.jpg","http:\/\/mm.howkuai.com\/wp-content\/uploads\/2016a\/04\/10\/03.jpg","http:\/\/mm.howkuai.com\/wp-content\/uploads\/2016a\/04\/10\/04.jpg","http:\/\/mm.howkuai.com\/wp-content\/uploads\/2016a\/04\/10\/05.jpg","http:\/\/mm.howkuai.com\/wp-content\/uploads\/2016a\/04\/10\/06.jpg","http:\/\/mm.howkuai.com\/wp-content\/uploads\/2016a\/04\/10\/07.jpg"]},{"plaintext":"\u5e74\u8f7b\u5bcc\u6709\u6d3b\u529b\u7684\u5154\u5973\u90ce\u4e30\u6ee1\u5199\u771f","href":"http:\/\/www.meizitu.com\/a\/5349.html","pic_list":["http:\/\/mm.howkuai.com\/wp-content\/uploads\/2016a\/04\/09\/01.jpg","http:\/\/mm.howkuai.com\/wp-content\/uploads\/2016a\/04\/09\/02.jpg","http:\/\/mm.howkuai.com\/wp-content\/uploads\/2016a\/04\/09\/03.jpg","http:\/\/mm.howkuai.com\/wp-content\/uploads\/2016a\/04\/09\/04.jpg","http:\/\/mm.howkuai.com\/wp-content\/uploads\/2016a\/04\/09\/05.jpg","http:\/\/mm.howkuai.com\/wp-content\/uploads\/2016a\/04\/09\/06.jpg","http:\/\/mm.howkuai.com\/wp-content\/uploads\/2016a\/04\/09\/07.jpg","http:\/\/mm.howkuai.com\/wp-content\/uploads\/2016a\/04\/09\/08.jpg"]},{"plaintext":"\u7f8e\u5973\u8bf1\u4eba\u59ff\u6001\u62cd\u6444\u79c1\u623f\u5185\u8863\u5199\u771f","href":"http:\/\/www.meizitu.com\/a\/5348.html","pic_list":["http:\/\/mm.howkuai.com\/wp-content\/uploads\/2016a\/04\/08\/01.jpg","http:\/\/mm.howkuai.com\/wp-content\/uploads\/2016a\/04\/08\/02.jpg","http:\/\/mm.howkuai.com\/wp-content\/uploads\/2016a\/04\/08\/03.jpg","http:\/\/mm.howkuai.com\/wp-content\/uploads\/2016a\/04\/08\/04.jpg","http:\/\/mm.howkuai.com\/wp-content\/uploads\/2016a\/04\/08\/05.jpg","http:\/\/mm.howkuai.com\/wp-content\/uploads\/2016a\/04\/08\/06.jpg","http:\/\/mm.howkuai.com\/wp-content\/uploads\/2016a\/04\/08\/07.jpg"]},{"plaintext":"\u6709\u6c14\u8d28\u3001\u6709\u8eab\u6750\uff0c\u8ba9\u4eba\u5927\u9971\u773c\u798f\u7684\u7f8e\u5973","href":"http:\/\/www.meizitu.com\/a\/5347.html","pic_list":["http:\/\/mm.howkuai.com\/wp-content\/uploads\/2016a\/04\/07\/01.jpg","http:\/\/mm.howkuai.com\/wp-content\/uploads\/2016a\/04\/07\/02.jpg","http:\/\/mm.howkuai.com\/wp-content\/uploads\/2016a\/04\/07\/03.jpg","http:\/\/mm.howkuai.com\/wp-content\/uploads\/2016a\/04\/07\/04.jpg","http:\/\/mm.howkuai.com\/wp-content\/uploads\/2016a\/04\/07\/05.jpg","http:\/\/mm.howkuai.com\/wp-content\/uploads\/2016a\/04\/07\/06.jpg","http:\/\/mm.howkuai.com\/wp-content\/uploads\/2016a\/04\/07\/07.jpg","http:\/\/mm.howkuai.com\/wp-content\/uploads\/2016a\/04\/07\/08.jpg","http:\/\/mm.howkuai.com\/wp-content\/uploads\/2016a\/04\/07\/09.jpg"]},{"plaintext":"\u5468\u672b\u798f\u5229\u65f6\u95f4\uff0c\u6027\u611f\u7f8e\u81c0\u5c0f\u86ee\u8170\u9f50\u6b23\u8d4f","href":"http:\/\/www.meizitu.com\/a\/5346.html","pic_list":["http:\/\/mm.howkuai.com\/wp-content\/uploads\/2016a\/04\/06\/01.jpg","http:\/\/mm.howkuai.com\/wp-content\/uploads\/2016a\/04\/06\/02.jpg","http:\/\/mm.howkuai.com\/wp-content\/uploads\/2016a\/04\/06\/03.jpg","http:\/\/mm.howkuai.com\/wp-content\/uploads\/2016a\/04\/06\/04.jpg","http:\/\/mm.howkuai.com\/wp-content\/uploads\/2016a\/04\/06\/05.jpg","http:\/\/mm.howkuai.com\/wp-content\/uploads\/2016a\/04\/06\/06.jpg","http:\/\/mm.howkuai.com\/wp-content\/uploads\/2016a\/04\/06\/07.jpg","http:\/\/mm.howkuai.com\/wp-content\/uploads\/2016a\/04\/06\/08.jpg","http:\/\/mm.howkuai.com\/wp-content\/uploads\/2016a\/04\/06\/09.jpg"]},{"plaintext":"\u57ce\u4f1a\u73a9\uff01\u95fa\u871c\u4e92\u76f8\u9017\u8ba9\u4eba\u771f\u53d7\u4e0d\u4e86","href":"http:\/\/www.meizitu.com\/a\/5344.html","pic_list":["http:\/\/mm.howkuai.com\/wp-content\/uploads\/2016a\/04\/04\/01.jpg","http:\/\/mm.howkuai.com\/wp-content\/uploads\/2016a\/04\/04\/02.jpg","http:\/\/mm.howkuai.com\/wp-content\/uploads\/2016a\/04\/04\/03.jpg","http:\/\/mm.howkuai.com\/wp-content\/uploads\/2016a\/04\/04\/04.jpg","http:\/\/mm.howkuai.com\/wp-content\/uploads\/2016a\/04\/04\/05.jpg","http:\/\/mm.howkuai.com\/wp-content\/uploads\/2016a\/04\/04\/06.jpg","http:\/\/mm.howkuai.com\/wp-content\/uploads\/2016a\/04\/04\/07.jpg","http:\/\/mm.howkuai.com\/wp-content\/uploads\/2016a\/04\/04\/08.jpg"]},{"plaintext":"\u767d\u7699\u6a21\u7279\u7a7f\u9ed1\u8272\u5236\u670d\uff0c\u66f4\u663e\u808c\u80a4\u8bf1\u4eba","href":"http:\/\/www.meizitu.com\/a\/5343.html","pic_list":["http:\/\/mm.howkuai.com\/wp-content\/uploads\/2016a\/04\/03\/01.jpg","http:\/\/mm.howkuai.com\/wp-content\/uploads\/2016a\/04\/03\/02.jpg","http:\/\/mm.howkuai.com\/wp-content\/uploads\/2016a\/04\/03\/03.jpg","http:\/\/mm.howkuai.com\/wp-content\/uploads\/2016a\/04\/03\/04.jpg","http:\/\/mm.howkuai.com\/wp-content\/uploads\/2016a\/04\/03\/05.jpg","http:\/\/mm.howkuai.com\/wp-content\/uploads\/2016a\/04\/03\/06.jpg","http:\/\/mm.howkuai.com\/wp-content\/uploads\/2016a\/04\/03\/07.jpg","http:\/\/mm.howkuai.com\/wp-content\/uploads\/2016a\/04\/03\/08.jpg","http:\/\/mm.howkuai.com\/wp-content\/uploads\/2016a\/04\/03\/09.jpg","http:\/\/mm.howkuai.com\/wp-content\/uploads\/2016a\/04\/03\/10.jpg"]},{"plaintext":"\u5a07\u5c0f\u53ef\u7231\u7684\u59b9\u5b50\u5e26\u6765\u5973\u4ec6\u7684\u8bf1\u60d1","href":"http:\/\/www.meizitu.com\/a\/5342.html","pic_list":["http:\/\/mm.howkuai.com\/wp-content\/uploads\/2016a\/04\/02\/01.jpg","http:\/\/mm.howkuai.com\/wp-content\/uploads\/2016a\/04\/02\/02.jpg","http:\/\/mm.howkuai.com\/wp-content\/uploads\/2016a\/04\/02\/03.jpg","http:\/\/mm.howkuai.com\/wp-content\/uploads\/2016a\/04\/02\/04.jpg","http:\/\/mm.howkuai.com\/wp-content\/uploads\/2016a\/04\/02\/05.jpg","http:\/\/mm.howkuai.com\/wp-content\/uploads\/2016a\/04\/02\/06.jpg","http:\/\/mm.howkuai.com\/wp-content\/uploads\/2016a\/04\/02\/07.jpg","http:\/\/mm.howkuai.com\/wp-content\/uploads\/2016a\/04\/02\/08.jpg","http:\/\/mm.howkuai.com\/wp-content\/uploads\/2016a\/04\/02\/09.jpg"]},{"plaintext":"\u7ae5\u989c\u5de8\u4e73\u65e5\u672c\u5973\u661f\u6d77\u6ee9\u5c55\u73b0\u4e30\u6ee1\u8eab\u6750","href":"http:\/\/www.meizitu.com\/a\/5341.html","pic_list":["http:\/\/mm.howkuai.com\/wp-content\/uploads\/2016a\/04\/01\/01.jpg","http:\/\/mm.howkuai.com\/wp-content\/uploads\/2016a\/04\/01\/02.jpg","http:\/\/mm.howkuai.com\/wp-content\/uploads\/2016a\/04\/01\/03.jpg","http:\/\/mm.howkuai.com\/wp-content\/uploads\/2016a\/04\/01\/04.jpg","http:\/\/mm.howkuai.com\/wp-content\/uploads\/2016a\/04\/01\/05.jpg","http:\/\/mm.howkuai.com\/wp-content\/uploads\/2016a\/04\/01\/06.jpg","http:\/\/mm.howkuai.com\/wp-content\/uploads\/2016a\/04\/01\/07.jpg","http:\/\/mm.howkuai.com\/wp-content\/uploads\/2016a\/04\/01\/08.jpg","http:\/\/mm.howkuai.com\/wp-content\/uploads\/2016a\/04\/01\/09.jpg"]},{"plaintext":"\u6e05\u51c9\u4e00\u590f\u7684\u7edd\u7f8e\u59b9\u5b50\u4e3a\u4f60\u732e\u4e0a\u98de\u543b","href":"http:\/\/www.meizitu.com\/a\/5340.html","pic_list":["http:\/\/mm.howkuai.com\/wp-content\/uploads\/2016a\/03\/20\/01.jpg","http:\/\/mm.howkuai.com\/wp-content\/uploads\/2016a\/03\/20\/02.jpg","http:\/\/mm.howkuai.com\/wp-content\/uploads\/2016a\/03\/20\/03.jpg","http:\/\/mm.howkuai.com\/wp-content\/uploads\/2016a\/03\/20\/04.jpg","http:\/\/mm.howkuai.com\/wp-content\/uploads\/2016a\/03\/20\/05.jpg","http:\/\/mm.howkuai.com\/wp-content\/uploads\/2016a\/03\/20\/06.jpg","http:\/\/mm.howkuai.com\/wp-content\/uploads\/2016a\/03\/20\/07.jpg","http:\/\/mm.howkuai.com\/wp-content\/uploads\/2016a\/03\/20\/08.jpg","http:\/\/mm.howkuai.com\/wp-content\/uploads\/2016a\/03\/20\/09.jpg","http:\/\/mm.howkuai.com\/wp-content\/uploads\/2016a\/03\/20\/10.jpg"]},{"plaintext":"\u6c14\u8d28\u8eab\u6750\u4ff1\u4f73\u7684\u5973\u795e\uff0c\u7b11\u8d77\u6765\u975e\u5e38\u8ff7\u4eba","href":"http:\/\/www.meizitu.com\/a\/5339.html","pic_list":["http:\/\/mm.howkuai.com\/wp-content\/uploads\/2016a\/03\/19\/01.jpg","http:\/\/mm.howkuai.com\/wp-content\/uploads\/2016a\/03\/19\/02.jpg","http:\/\/mm.howkuai.com\/wp-content\/uploads\/2016a\/03\/19\/03.jpg","http:\/\/mm.howkuai.com\/wp-content\/uploads\/2016a\/03\/19\/04.jpg","http:\/\/mm.howkuai.com\/wp-content\/uploads\/2016a\/03\/19\/05.jpg","http:\/\/mm.howkuai.com\/wp-content\/uploads\/2016a\/03\/19\/06.jpg","http:\/\/mm.howkuai.com\/wp-content\/uploads\/2016a\/03\/19\/07.jpg","http:\/\/mm.howkuai.com\/wp-content\/uploads\/2016a\/03\/19\/08.jpg","http:\/\/mm.howkuai.com\/wp-content\/uploads\/2016a\/03\/19\/09.jpg"]},{"plaintext":"\u9752\u6625\u7684\u5473\u9053\uff0c\u590f\u5929\u91cc\u6821\u670d\u548c\u7eaf\u59b9\u5b50\u66f4\u914d\u5662","href":"http:\/\/www.meizitu.com\/a\/5338.html","pic_list":["http:\/\/mm.howkuai.com\/wp-content\/uploads\/2016a\/03\/18\/01.jpg","http:\/\/mm.howkuai.com\/wp-content\/uploads\/2016a\/03\/18\/02.jpg","http:\/\/mm.howkuai.com\/wp-content\/uploads\/2016a\/03\/18\/03.jpg","http:\/\/mm.howkuai.com\/wp-content\/uploads\/2016a\/03\/18\/04.jpg","http:\/\/mm.howkuai.com\/wp-content\/uploads\/2016a\/03\/18\/05.jpg","http:\/\/mm.howkuai.com\/wp-content\/uploads\/2016a\/03\/18\/06.jpg","http:\/\/mm.howkuai.com\/wp-content\/uploads\/2016a\/03\/18\/07.jpg","http:\/\/mm.howkuai.com\/wp-content\/uploads\/2016a\/03\/18\/08.jpg","http:\/\/mm.howkuai.com\/wp-content\/uploads\/2016a\/03\/18\/09.jpg"]},{"plaintext":"\u725b\u4ed4\u80cc\u5e26\u88e4\uff0c\u4e30\u6ee1\u767d\u7699\u5ae9\u6a21\u7684\u4e00\u9897\u5c11\u5973\u5fc3","href":"http:\/\/www.meizitu.com\/a\/5337.html","pic_list":["http:\/\/mm.howkuai.com\/wp-content\/uploads\/2016a\/03\/17\/01.jpg","http:\/\/mm.howkuai.com\/wp-content\/uploads\/2016a\/03\/17\/02.jpg","http:\/\/mm.howkuai.com\/wp-content\/uploads\/2016a\/03\/17\/03.jpg","http:\/\/mm.howkuai.com\/wp-content\/uploads\/2016a\/03\/17\/04.jpg","http:\/\/mm.howkuai.com\/wp-content\/uploads\/2016a\/03\/17\/05.jpg","http:\/\/mm.howkuai.com\/wp-content\/uploads\/2016a\/03\/17\/06.jpg","http:\/\/mm.howkuai.com\/wp-content\/uploads\/2016a\/03\/17\/07.jpg","http:\/\/mm.howkuai.com\/wp-content\/uploads\/2016a\/03\/17\/08.jpg","http:\/\/mm.howkuai.com\/wp-content\/uploads\/2016a\/03\/17\/09.jpg"]},{"plaintext":"\u4e00\u6ce2\u65e5\u672c\u59b9\u5b50\u6df1\u591c\u6765\u88ad\uff0c\u5c9b\u56fd\u59b9\u5b50\u989c\u503c\u9ad8","href":"http:\/\/www.meizitu.com\/a\/5336.html","pic_list":["http:\/\/mm.howkuai.com\/wp-content\/uploads\/2016a\/03\/16\/01.jpg","http:\/\/mm.howkuai.com\/wp-content\/uploads\/2016a\/03\/16\/02.jpg","http:\/\/mm.howkuai.com\/wp-content\/uploads\/2016a\/03\/16\/03.jpg","http:\/\/mm.howkuai.com\/wp-content\/uploads\/2016a\/03\/16\/04.jpg","http:\/\/mm.howkuai.com\/wp-content\/uploads\/2016a\/03\/16\/05.jpg","http:\/\/mm.howkuai.com\/wp-content\/uploads\/2016a\/03\/16\/06.jpg","http:\/\/mm.howkuai.com\/wp-content\/uploads\/2016a\/03\/16\/07.jpg","http:\/\/mm.howkuai.com\/wp-content\/uploads\/2016a\/03\/16\/08.jpg","http:\/\/mm.howkuai.com\/wp-content\/uploads\/2016a\/03\/16\/09.jpg"]},{"plaintext":"\u6df1\u591c\u7545\u804a\uff0c\u54ea\u5f20\u56fe\u6700\u80fd\u60f9\u4f60\u9050\u601d\uff1f","href":"http:\/\/www.meizitu.com\/a\/5335.html","pic_list":["http:\/\/mm.howkuai.com\/wp-content\/uploads\/2016a\/03\/15\/01.jpg","http:\/\/mm.howkuai.com\/wp-content\/uploads\/2016a\/03\/15\/02.jpg","http:\/\/mm.howkuai.com\/wp-content\/uploads\/2016a\/03\/15\/03.jpg","http:\/\/mm.howkuai.com\/wp-content\/uploads\/2016a\/03\/15\/04.jpg","http:\/\/mm.howkuai.com\/wp-content\/uploads\/2016a\/03\/15\/05.jpg","http:\/\/mm.howkuai.com\/wp-content\/uploads\/2016a\/03\/15\/06.jpg","http:\/\/mm.howkuai.com\/wp-content\/uploads\/2016a\/03\/15\/07.jpg","http:\/\/mm.howkuai.com\/wp-content\/uploads\/2016a\/03\/15\/08.jpg","http:\/\/mm.howkuai.com\/wp-content\/uploads\/2016a\/03\/15\/09.jpg","http:\/\/mm.howkuai.com\/wp-content\/uploads\/2016a\/03\/15\/10.jpg","http:\/\/mm.howkuai.com\/wp-content\/uploads\/2016a\/03\/15\/11.jpg"]},{"plaintext":"\u7c89\u8272\u7cfb\u7684\u5154\u5973\u90ce\uff0c\u522b\u81f4\u7684\u7f8e\u4e3d","href":"http:\/\/www.meizitu.com\/a\/5333.html","pic_list":["http:\/\/mm.howkuai.com\/wp-content\/uploads\/2016a\/03\/13\/01.jpg","http:\/\/mm.howkuai.com\/wp-content\/uploads\/2016a\/03\/13\/02.jpg","http:\/\/mm.howkuai.com\/wp-content\/uploads\/2016a\/03\/13\/03.jpg","http:\/\/mm.howkuai.com\/wp-content\/uploads\/2016a\/03\/13\/04.jpg","http:\/\/mm.howkuai.com\/wp-content\/uploads\/2016a\/03\/13\/05.jpg","http:\/\/mm.howkuai.com\/wp-content\/uploads\/2016a\/03\/13\/06.jpg","http:\/\/mm.howkuai.com\/wp-content\/uploads\/2016a\/03\/13\/07.jpg","http:\/\/mm.howkuai.com\/wp-content\/uploads\/2016a\/03\/13\/08.jpg","http:\/\/mm.howkuai.com\/wp-content\/uploads\/2016a\/03\/13\/09.jpg"]},{"plaintext":"\u7f8e\uff08bao\uff09\u80f8\uff08ru\uff09\u5973\u738b\u5e26\u6765\u5236\u670d\u8bf1\u60d1","href":"http:\/\/www.meizitu.com\/a\/5332.html","pic_list":["http:\/\/mm.howkuai.com\/wp-content\/uploads\/2016a\/03\/12\/01.jpg","http:\/\/mm.howkuai.com\/wp-content\/uploads\/2016a\/03\/12\/02.jpg","http:\/\/mm.howkuai.com\/wp-content\/uploads\/2016a\/03\/12\/03.jpg","http:\/\/mm.howkuai.com\/wp-content\/uploads\/2016a\/03\/12\/04.jpg","http:\/\/mm.howkuai.com\/wp-content\/uploads\/2016a\/03\/12\/05.jpg","http:\/\/mm.howkuai.com\/wp-content\/uploads\/2016a\/03\/12\/06.jpg","http:\/\/mm.howkuai.com\/wp-content\/uploads\/2016a\/03\/12\/07.jpg","http:\/\/mm.howkuai.com\/wp-content\/uploads\/2016a\/03\/12\/08.jpg","http:\/\/mm.howkuai.com\/wp-content\/uploads\/2016a\/03\/12\/09.jpg"]},{"plaintext":"\u957f\u817f\u5ae9\u6a21\u7a97\u53f0\u524d\u64a9\u52a8\u79c0\u53d1\uff0c\u5b9b\u5982\u7f8e\u4eba\u9c7c","href":"http:\/\/www.meizitu.com\/a\/5331.html","pic_list":["http:\/\/mm.howkuai.com\/wp-content\/uploads\/2016a\/03\/11\/01.jpg","http:\/\/mm.howkuai.com\/wp-content\/uploads\/2016a\/03\/11\/02.jpg","http:\/\/mm.howkuai.com\/wp-content\/uploads\/2016a\/03\/11\/03.jpg","http:\/\/mm.howkuai.com\/wp-content\/uploads\/2016a\/03\/11\/04.jpg","http:\/\/mm.howkuai.com\/wp-content\/uploads\/2016a\/03\/11\/05.jpg","http:\/\/mm.howkuai.com\/wp-content\/uploads\/2016a\/03\/11\/06.jpg","http:\/\/mm.howkuai.com\/wp-content\/uploads\/2016a\/03\/11\/07.jpg","http:\/\/mm.howkuai.com\/wp-content\/uploads\/2016a\/03\/11\/08.jpg"]},{"plaintext":"\u5b85\u7537\u5973\u795e\u53f6\u6893\u8431\u8fd1\u65e5\u62cd\u6444\u4e00\u7ec4\u706b\u7206\u5199\u771f","href":"http:\/\/www.meizitu.com\/a\/5330.html","pic_list":["http:\/\/mm.howkuai.com\/wp-content\/uploads\/2016a\/03\/10\/01.jpg","http:\/\/mm.howkuai.com\/wp-content\/uploads\/2016a\/03\/10\/02.jpg","http:\/\/mm.howkuai.com\/wp-content\/uploads\/2016a\/03\/10\/03.jpg","http:\/\/mm.howkuai.com\/wp-content\/uploads\/2016a\/03\/10\/04.jpg","http:\/\/mm.howkuai.com\/wp-content\/uploads\/2016a\/03\/10\/05.jpg"]},{"plaintext":"\u8eab\u6750\u6bd4\u4f8b\u5b8c\u7f8e\u7684\u65f6\u88c5\u6a21\u7279\u5434\u4e39","href":"http:\/\/www.meizitu.com\/a\/5329.html","pic_list":["http:\/\/mm.howkuai.com\/wp-content\/uploads\/2016a\/03\/09\/01.jpg","http:\/\/mm.howkuai.com\/wp-content\/uploads\/2016a\/03\/09\/02.jpg","http:\/\/mm.howkuai.com\/wp-content\/uploads\/2016a\/03\/09\/03.jpg","http:\/\/mm.howkuai.com\/wp-content\/uploads\/2016a\/03\/09\/04.jpg","http:\/\/mm.howkuai.com\/wp-content\/uploads\/2016a\/03\/09\/05.jpg","http:\/\/mm.howkuai.com\/wp-content\/uploads\/2016a\/03\/09\/06.jpg","http:\/\/mm.howkuai.com\/wp-content\/uploads\/2016a\/03\/09\/07.jpg"]},{"plaintext":"\u6709\u989c\u503c\u53c8\u6709\u6599\uff0c\u5927\u9971\u773c\u798f\uff0c\u6709\u798f\u5229","href":"http:\/\/www.meizitu.com\/a\/5328.html","pic_list":["http:\/\/mm.howkuai.com\/wp-content\/uploads\/2016a\/03\/08\/01.jpg","http:\/\/mm.howkuai.com\/wp-content\/uploads\/2016a\/03\/08\/02.jpg","http:\/\/mm.howkuai.com\/wp-content\/uploads\/2016a\/03\/08\/03.jpg","http:\/\/mm.howkuai.com\/wp-content\/uploads\/2016a\/03\/08\/04.jpg","http:\/\/mm.howkuai.com\/wp-content\/uploads\/2016a\/03\/08\/05.jpg","http:\/\/mm.howkuai.com\/wp-content\/uploads\/2016a\/03\/08\/06.jpg","http:\/\/mm.howkuai.com\/wp-content\/uploads\/2016a\/03\/08\/07.jpg","http:\/\/mm.howkuai.com\/wp-content\/uploads\/2016a\/03\/08\/08.jpg","http:\/\/mm.howkuai.com\/wp-content\/uploads\/2016a\/03\/08\/09.jpg","http:\/\/mm.howkuai.com\/wp-content\/uploads\/2016a\/03\/08\/10.jpg","http:\/\/mm.howkuai.com\/wp-content\/uploads\/2016a\/03\/08\/11.jpg"]},{"plaintext":"\u8bdd\u9898\u4e4b\u2015\u2015\u5bfb\u627eNBA\u6700\u7f8e\u62c9\u62c9\u961f\u5458","href":"http:\/\/www.meizitu.com\/a\/5327.html","pic_list":["http:\/\/mm.howkuai.com\/wp-content\/uploads\/2016a\/03\/07\/01.jpg","http:\/\/mm.howkuai.com\/wp-content\/uploads\/2016a\/03\/07\/02.jpg","http:\/\/mm.howkuai.com\/wp-content\/uploads\/2016a\/03\/07\/03.jpg","http:\/\/mm.howkuai.com\/wp-content\/uploads\/2016a\/03\/07\/04.jpg","http:\/\/mm.howkuai.com\/wp-content\/uploads\/2016a\/03\/07\/05.jpg","http:\/\/mm.howkuai.com\/wp-content\/uploads\/2016a\/03\/07\/06.jpg","http:\/\/mm.howkuai.com\/wp-content\/uploads\/2016a\/03\/07\/07.jpg","http:\/\/mm.howkuai.com\/wp-content\/uploads\/2016a\/03\/07\/08.jpg","http:\/\/mm.howkuai.com\/wp-content\/uploads\/2016a\/03\/07\/09.jpg","http:\/\/mm.howkuai.com\/wp-content\/uploads\/2016a\/03\/07\/10.jpg","http:\/\/mm.howkuai.com\/wp-content\/uploads\/2016a\/03\/07\/11.jpg","http:\/\/mm.howkuai.com\/wp-content\/uploads\/2016a\/03\/07\/12.jpg"]}]