[{"plaintext":"\u6211\u613f\u505a\u4e00\u4e2a\u732b\u5973\uff0c\u6709\u591a\u59ff\u591a\u5f69\u7684\u751f\u6d3b","href":"http:\/\/www.meizitu.com\/a\/4874.html","pic_list":["http:\/\/mm.howkuai.com\/wp-content\/uploads\/2015a\/03\/32\/01.jpg","http:\/\/mm.howkuai.com\/wp-content\/uploads\/2015a\/03\/32\/02.jpg","http:\/\/mm.howkuai.com\/wp-content\/uploads\/2015a\/03\/32\/03.jpg","http:\/\/mm.howkuai.com\/wp-content\/uploads\/2015a\/03\/32\/04.jpg","http:\/\/mm.howkuai.com\/wp-content\/uploads\/2015a\/03\/32\/05.jpg","http:\/\/mm.howkuai.com\/wp-content\/uploads\/2015a\/03\/32\/06.jpg"]},{"plaintext":"G\u5976\u5996\u7cbe\u5218\u98de\u513ffaye\u6700\u65b0\u5199\u771f","href":"http:\/\/www.meizitu.com\/a\/4873.html","pic_list":["http:\/\/mm.howkuai.com\/wp-content\/uploads\/2015a\/03\/31\/01.jpg","http:\/\/mm.howkuai.com\/wp-content\/uploads\/2015a\/03\/31\/02.jpg","http:\/\/mm.howkuai.com\/wp-content\/uploads\/2015a\/03\/31\/03.jpg","http:\/\/mm.howkuai.com\/wp-content\/uploads\/2015a\/03\/31\/04.jpg","http:\/\/mm.howkuai.com\/wp-content\/uploads\/2015a\/03\/31\/05.jpg","http:\/\/mm.howkuai.com\/wp-content\/uploads\/2015a\/03\/31\/06.jpg"]},{"plaintext":"\u53ef\u7231\u5973\u751f\u56fe\u7247\uff0c\u7b49\u5f85\u4eba\u7684\u65f6\u523b\u6211\u4e5f\u5f88\u53ef\u7231","href":"http:\/\/www.meizitu.com\/a\/4872.html","pic_list":["http:\/\/mm.howkuai.com\/wp-content\/uploads\/2015a\/03\/30\/01.jpg","http:\/\/mm.howkuai.com\/wp-content\/uploads\/2015a\/03\/30\/02.jpg","http:\/\/mm.howkuai.com\/wp-content\/uploads\/2015a\/03\/30\/03.jpg","http:\/\/mm.howkuai.com\/wp-content\/uploads\/2015a\/03\/30\/04.jpg","http:\/\/mm.howkuai.com\/wp-content\/uploads\/2015a\/03\/30\/05.jpg","http:\/\/mm.howkuai.com\/wp-content\/uploads\/2015a\/03\/30\/06.jpg"]},{"plaintext":"\u6bd4\u57fa\u5c3c\u7f8e\u5973\u56fe\u7247\uff0c\u5b89\u9759\u7684\u6f2b\u6b65\u5728\u6c99\u6ee9","href":"http:\/\/www.meizitu.com\/a\/4871.html","pic_list":["http:\/\/mm.howkuai.com\/wp-content\/uploads\/2015a\/03\/29\/01.jpg","http:\/\/mm.howkuai.com\/wp-content\/uploads\/2015a\/03\/29\/02.jpg","http:\/\/mm.howkuai.com\/wp-content\/uploads\/2015a\/03\/29\/03.jpg","http:\/\/mm.howkuai.com\/wp-content\/uploads\/2015a\/03\/29\/04.jpg","http:\/\/mm.howkuai.com\/wp-content\/uploads\/2015a\/03\/29\/05.jpg","http:\/\/mm.howkuai.com\/wp-content\/uploads\/2015a\/03\/29\/06.jpg","http:\/\/mm.howkuai.com\/wp-content\/uploads\/2015a\/03\/29\/07.jpg","http:\/\/mm.howkuai.com\/wp-content\/uploads\/2015a\/03\/29\/08.jpg"]},{"plaintext":"\u5b85\u5973\u590f\u5c0f\u79cb\u7684\u4efb\u6027\u79c1\u623f\u79c0","href":"http:\/\/www.meizitu.com\/a\/4870.html","pic_list":["http:\/\/mm.howkuai.com\/wp-content\/uploads\/2015a\/03\/28\/01.jpg","http:\/\/mm.howkuai.com\/wp-content\/uploads\/2015a\/03\/28\/02.jpg","http:\/\/mm.howkuai.com\/wp-content\/uploads\/2015a\/03\/28\/03.jpg","http:\/\/mm.howkuai.com\/wp-content\/uploads\/2015a\/03\/28\/04.jpg"]},{"plaintext":"\u59b9\u7eb8\u7684\u8ffd\u5149\u751f\u6d3b\uff0c\u606c\u9759\u800c\u53c8\u5929\u771f","href":"http:\/\/www.meizitu.com\/a\/4869.html","pic_list":["http:\/\/mm.howkuai.com\/wp-content\/uploads\/2015a\/03\/27\/01.jpg","http:\/\/mm.howkuai.com\/wp-content\/uploads\/2015a\/03\/27\/02.jpg","http:\/\/mm.howkuai.com\/wp-content\/uploads\/2015a\/03\/27\/03.jpg","http:\/\/mm.howkuai.com\/wp-content\/uploads\/2015a\/03\/27\/04.jpg","http:\/\/mm.howkuai.com\/wp-content\/uploads\/2015a\/03\/27\/05.jpg"]},{"plaintext":"\u6027\u611f\u5c24\u7269\uff0c\u5b85\u7537\u5973\u795e\u53f6\u6893\u8431\u6700\u65b0\u7167\u7247","href":"http:\/\/www.meizitu.com\/a\/4868.html","pic_list":["http:\/\/mm.howkuai.com\/wp-content\/uploads\/2015a\/03\/26\/01.jpg","http:\/\/mm.howkuai.com\/wp-content\/uploads\/2015a\/03\/26\/02.jpg","http:\/\/mm.howkuai.com\/wp-content\/uploads\/2015a\/03\/26\/03.jpg","http:\/\/mm.howkuai.com\/wp-content\/uploads\/2015a\/03\/26\/04.jpg","http:\/\/mm.howkuai.com\/wp-content\/uploads\/2015a\/03\/26\/05.jpg"]},{"plaintext":"\u53f0\u7403\u7f8e\u5973\u7684\u8bf1\u60d1\uff0c\u5e73\u9762\u6a21\u7279\u513f\u677e\u679c\u513f","href":"http:\/\/www.meizitu.com\/a\/4867.html","pic_list":["http:\/\/mm.howkuai.com\/wp-content\/uploads\/2015a\/03\/25\/01.jpg","http:\/\/mm.howkuai.com\/wp-content\/uploads\/2015a\/03\/25\/02.jpg","http:\/\/mm.howkuai.com\/wp-content\/uploads\/2015a\/03\/25\/03.jpg","http:\/\/mm.howkuai.com\/wp-content\/uploads\/2015a\/03\/25\/04.jpg"]},{"plaintext":"\u6e05\u7eaf\u59b9\u5b50\u7684\u8eab\u5f71,\u968f\u65f6\u5149\u5954\u8dd1","href":"http:\/\/www.meizitu.com\/a\/4866.html","pic_list":["http:\/\/mm.howkuai.com\/wp-content\/uploads\/2015a\/03\/24\/01.jpg","http:\/\/mm.howkuai.com\/wp-content\/uploads\/2015a\/03\/24\/02.jpg","http:\/\/mm.howkuai.com\/wp-content\/uploads\/2015a\/03\/24\/03.jpg","http:\/\/mm.howkuai.com\/wp-content\/uploads\/2015a\/03\/24\/04.jpg","http:\/\/mm.howkuai.com\/wp-content\/uploads\/2015a\/03\/24\/05.jpg","http:\/\/mm.howkuai.com\/wp-content\/uploads\/2015a\/03\/24\/06.jpg","http:\/\/mm.howkuai.com\/wp-content\/uploads\/2015a\/03\/24\/07.jpg","http:\/\/mm.howkuai.com\/wp-content\/uploads\/2015a\/03\/24\/08.jpg","http:\/\/mm.howkuai.com\/wp-content\/uploads\/2015a\/03\/24\/09.jpg"]},{"plaintext":"\u732b\u5973\u64a9\u60c5\uff0c\u7528\u6bdb\u53d1\u89e6\u52a8\u4f60\u67d4\u8f6f\u5fc3\u5f26","href":"http:\/\/www.meizitu.com\/a\/4865.html","pic_list":["http:\/\/mm.howkuai.com\/wp-content\/uploads\/2015a\/03\/23\/01.jpg","http:\/\/mm.howkuai.com\/wp-content\/uploads\/2015a\/03\/23\/02.jpg","http:\/\/mm.howkuai.com\/wp-content\/uploads\/2015a\/03\/23\/03.jpg","http:\/\/mm.howkuai.com\/wp-content\/uploads\/2015a\/03\/23\/04.jpg","http:\/\/mm.howkuai.com\/wp-content\/uploads\/2015a\/03\/23\/05.jpg","http:\/\/mm.howkuai.com\/wp-content\/uploads\/2015a\/03\/23\/06.jpg","http:\/\/mm.howkuai.com\/wp-content\/uploads\/2015a\/03\/23\/07.jpg","http:\/\/mm.howkuai.com\/wp-content\/uploads\/2015a\/03\/23\/08.jpg","http:\/\/mm.howkuai.com\/wp-content\/uploads\/2015a\/03\/23\/09.jpg"]},{"plaintext":"\u7f8e\u5973\u79c1\u623f\u7167\uff0c\u7ec6\u7ec6\u7684\u8bc9\u8bf4\u7740\u4f60\u7684\u6545\u4e8b","href":"http:\/\/www.meizitu.com\/a\/4864.html","pic_list":["http:\/\/mm.howkuai.com\/wp-content\/uploads\/2015a\/03\/22\/01.jpg","http:\/\/mm.howkuai.com\/wp-content\/uploads\/2015a\/03\/22\/02.jpg","http:\/\/mm.howkuai.com\/wp-content\/uploads\/2015a\/03\/22\/03.jpg","http:\/\/mm.howkuai.com\/wp-content\/uploads\/2015a\/03\/22\/04.jpg","http:\/\/mm.howkuai.com\/wp-content\/uploads\/2015a\/03\/22\/05.jpg","http:\/\/mm.howkuai.com\/wp-content\/uploads\/2015a\/03\/22\/06.jpg"]},{"plaintext":"\u5c0f\u6e05\u65b0\u7f8e\u5973\uff0c\u5982\u679c\u7b49\u5f85\u662f\u6700\u521d\u7684\u8bb0\u5fc6","href":"http:\/\/www.meizitu.com\/a\/4863.html","pic_list":["http:\/\/mm.howkuai.com\/wp-content\/uploads\/2015a\/03\/21\/01.jpg","http:\/\/mm.howkuai.com\/wp-content\/uploads\/2015a\/03\/21\/02.jpg","http:\/\/mm.howkuai.com\/wp-content\/uploads\/2015a\/03\/21\/03.jpg","http:\/\/mm.howkuai.com\/wp-content\/uploads\/2015a\/03\/21\/04.jpg","http:\/\/mm.howkuai.com\/wp-content\/uploads\/2015a\/03\/21\/05.jpg","http:\/\/mm.howkuai.com\/wp-content\/uploads\/2015a\/03\/21\/06.jpg","http:\/\/mm.howkuai.com\/wp-content\/uploads\/2015a\/03\/21\/07.jpg","http:\/\/mm.howkuai.com\/wp-content\/uploads\/2015a\/03\/21\/08.jpg","http:\/\/mm.howkuai.com\/wp-content\/uploads\/2015a\/03\/21\/09.jpg"]},{"plaintext":"\u6b27\u7f8e\u98ce\u60c5\u7684\u6027\u611f\u5c24\u7269\u738b\u4e38\u4e38\u5185\u8863\u5199\u771f","href":"http:\/\/www.meizitu.com\/a\/4862.html","pic_list":["http:\/\/mm.howkuai.com\/wp-content\/uploads\/2015a\/03\/20\/01.jpg","http:\/\/mm.howkuai.com\/wp-content\/uploads\/2015a\/03\/20\/02.jpg","http:\/\/mm.howkuai.com\/wp-content\/uploads\/2015a\/03\/20\/03.jpg","http:\/\/mm.howkuai.com\/wp-content\/uploads\/2015a\/03\/20\/04.jpg","http:\/\/mm.howkuai.com\/wp-content\/uploads\/2015a\/03\/20\/05.jpg","http:\/\/mm.howkuai.com\/wp-content\/uploads\/2015a\/03\/20\/06.jpg","http:\/\/mm.howkuai.com\/wp-content\/uploads\/2015a\/03\/20\/07.jpg","http:\/\/mm.howkuai.com\/wp-content\/uploads\/2015a\/03\/20\/08.jpg","http:\/\/mm.howkuai.com\/wp-content\/uploads\/2015a\/03\/20\/09.jpg","http:\/\/mm.howkuai.com\/wp-content\/uploads\/2015a\/03\/20\/10.jpg"]},{"plaintext":"\u6027\u611f\u7f8e\u4e73\u5468\u598d\u5e0c\u79c1\u623f\u7167","href":"http:\/\/www.meizitu.com\/a\/4861.html","pic_list":["http:\/\/mm.howkuai.com\/wp-content\/uploads\/2015a\/03\/19\/01.jpg","http:\/\/mm.howkuai.com\/wp-content\/uploads\/2015a\/03\/19\/02.jpg","http:\/\/mm.howkuai.com\/wp-content\/uploads\/2015a\/03\/19\/03.jpg","http:\/\/mm.howkuai.com\/wp-content\/uploads\/2015a\/03\/19\/04.jpg","http:\/\/mm.howkuai.com\/wp-content\/uploads\/2015a\/03\/19\/05.jpg","http:\/\/mm.howkuai.com\/wp-content\/uploads\/2015a\/03\/19\/06.jpg","http:\/\/mm.howkuai.com\/wp-content\/uploads\/2015a\/03\/19\/07.jpg"]},{"plaintext":"\u989c\u503c\u8d85\u9ad8\u7684\u5e05\u6c14\u6b63\u59b9DUDU","href":"http:\/\/www.meizitu.com\/a\/4860.html","pic_list":["http:\/\/mm.howkuai.com\/wp-content\/uploads\/2015a\/03\/18\/01.jpg","http:\/\/mm.howkuai.com\/wp-content\/uploads\/2015a\/03\/18\/02.jpg","http:\/\/mm.howkuai.com\/wp-content\/uploads\/2015a\/03\/18\/03.jpg","http:\/\/mm.howkuai.com\/wp-content\/uploads\/2015a\/03\/18\/04.jpg","http:\/\/mm.howkuai.com\/wp-content\/uploads\/2015a\/03\/18\/05.jpg","http:\/\/mm.howkuai.com\/wp-content\/uploads\/2015a\/03\/18\/06.jpg","http:\/\/mm.howkuai.com\/wp-content\/uploads\/2015a\/03\/18\/07.jpg","http:\/\/mm.howkuai.com\/wp-content\/uploads\/2015a\/03\/18\/08.jpg","http:\/\/mm.howkuai.com\/wp-content\/uploads\/2015a\/03\/18\/09.jpg"]},{"plaintext":"\u6a21\u7279\u56fe\u7247\uff0c\u65e9\u6668\u7684\u9633\u5149","href":"http:\/\/www.meizitu.com\/a\/4859.html","pic_list":["http:\/\/mm.howkuai.com\/wp-content\/uploads\/2015a\/03\/17\/01.jpg","http:\/\/mm.howkuai.com\/wp-content\/uploads\/2015a\/03\/17\/02.jpg","http:\/\/mm.howkuai.com\/wp-content\/uploads\/2015a\/03\/17\/03.jpg","http:\/\/mm.howkuai.com\/wp-content\/uploads\/2015a\/03\/17\/04.jpg","http:\/\/mm.howkuai.com\/wp-content\/uploads\/2015a\/03\/17\/05.jpg","http:\/\/mm.howkuai.com\/wp-content\/uploads\/2015a\/03\/17\/06.jpg","http:\/\/mm.howkuai.com\/wp-content\/uploads\/2015a\/03\/17\/07.jpg"]},{"plaintext":"\u7eaf\u60c5\u5b9d\u8d1d\u4f60\u5c31\u5982\u5723\u5973\u679c\u822c","href":"http:\/\/www.meizitu.com\/a\/4858.html","pic_list":["http:\/\/mm.howkuai.com\/wp-content\/uploads\/2015a\/03\/16\/01.jpg","http:\/\/mm.howkuai.com\/wp-content\/uploads\/2015a\/03\/16\/02.jpg","http:\/\/mm.howkuai.com\/wp-content\/uploads\/2015a\/03\/16\/03.jpg","http:\/\/mm.howkuai.com\/wp-content\/uploads\/2015a\/03\/16\/04.jpg","http:\/\/mm.howkuai.com\/wp-content\/uploads\/2015a\/03\/16\/05.jpg"]},{"plaintext":"\u7c89\u5986\u7389\u7422\u7684\u8d3a\u5c0f\u68e0\uff0c2014\u5e74\u7cbe\u5199\u771f\u5408\u96c6","href":"http:\/\/www.meizitu.com\/a\/4857.html","pic_list":["http:\/\/mm.howkuai.com\/wp-content\/uploads\/2015a\/03\/15\/01.jpg","http:\/\/mm.howkuai.com\/wp-content\/uploads\/2015a\/03\/15\/02.jpg","http:\/\/mm.howkuai.com\/wp-content\/uploads\/2015a\/03\/15\/03.jpg","http:\/\/mm.howkuai.com\/wp-content\/uploads\/2015a\/03\/15\/04.jpg","http:\/\/mm.howkuai.com\/wp-content\/uploads\/2015a\/03\/15\/05.jpg","http:\/\/mm.howkuai.com\/wp-content\/uploads\/2015a\/03\/15\/06.jpg","http:\/\/mm.howkuai.com\/wp-content\/uploads\/2015a\/03\/15\/07.jpg","http:\/\/mm.howkuai.com\/wp-content\/uploads\/2015a\/03\/15\/08.jpg","http:\/\/mm.howkuai.com\/wp-content\/uploads\/2015a\/03\/15\/09.jpg"]},{"plaintext":"\u53ef\u7231\u59b9\u5b50\u7684\u65e5\u7cfb\u4e8c\u6b21\u5143\u98ce","href":"http:\/\/www.meizitu.com\/a\/4856.html","pic_list":["http:\/\/mm.howkuai.com\/wp-content\/uploads\/2015a\/03\/14\/01.jpg","http:\/\/mm.howkuai.com\/wp-content\/uploads\/2015a\/03\/14\/02.jpg","http:\/\/mm.howkuai.com\/wp-content\/uploads\/2015a\/03\/14\/03.jpg","http:\/\/mm.howkuai.com\/wp-content\/uploads\/2015a\/03\/14\/04.jpg","http:\/\/mm.howkuai.com\/wp-content\/uploads\/2015a\/03\/14\/05.jpg","http:\/\/mm.howkuai.com\/wp-content\/uploads\/2015a\/03\/14\/06.jpg"]},{"plaintext":"\u5e9f\u589f\u4e4b\u4e0a\uff0c\u59a9\u5a9a\u52a8\u4eba","href":"http:\/\/www.meizitu.com\/a\/4855.html","pic_list":["http:\/\/mm.howkuai.com\/wp-content\/uploads\/2015a\/03\/13\/01.jpg","http:\/\/mm.howkuai.com\/wp-content\/uploads\/2015a\/03\/13\/02.jpg","http:\/\/mm.howkuai.com\/wp-content\/uploads\/2015a\/03\/13\/03.jpg","http:\/\/mm.howkuai.com\/wp-content\/uploads\/2015a\/03\/13\/04.jpg","http:\/\/mm.howkuai.com\/wp-content\/uploads\/2015a\/03\/13\/05.jpg","http:\/\/mm.howkuai.com\/wp-content\/uploads\/2015a\/03\/13\/06.jpg"]},{"plaintext":"\u6027\u611f\u8d35\u5987\u5168\u88f8\u5199\u771f","href":"http:\/\/www.meizitu.com\/a\/4854.html","pic_list":["http:\/\/mm.howkuai.com\/wp-content\/uploads\/2015a\/03\/12\/01.jpg","http:\/\/mm.howkuai.com\/wp-content\/uploads\/2015a\/03\/12\/02.jpg","http:\/\/mm.howkuai.com\/wp-content\/uploads\/2015a\/03\/12\/03.jpg","http:\/\/mm.howkuai.com\/wp-content\/uploads\/2015a\/03\/12\/04.jpg","http:\/\/mm.howkuai.com\/wp-content\/uploads\/2015a\/03\/12\/05.jpg"]},{"plaintext":"\u53ef\u7231\u7684\u5c0f\u672b\u5e26\u7ed9\u4eba\u6e29\u6696\u7684\u611f\u89c9","href":"http:\/\/www.meizitu.com\/a\/4853.html","pic_list":["http:\/\/mm.howkuai.com\/wp-content\/uploads\/2015a\/03\/11\/01.jpg","http:\/\/mm.howkuai.com\/wp-content\/uploads\/2015a\/03\/11\/02.jpg","http:\/\/mm.howkuai.com\/wp-content\/uploads\/2015a\/03\/11\/03.jpg","http:\/\/mm.howkuai.com\/wp-content\/uploads\/2015a\/03\/11\/04.jpg","http:\/\/mm.howkuai.com\/wp-content\/uploads\/2015a\/03\/11\/05.jpg","http:\/\/mm.howkuai.com\/wp-content\/uploads\/2015a\/03\/11\/06.jpg","http:\/\/mm.howkuai.com\/wp-content\/uploads\/2015a\/03\/11\/07.jpg","http:\/\/mm.howkuai.com\/wp-content\/uploads\/2015a\/03\/11\/08.jpg"]},{"plaintext":"\u53c8\u5230\u6a31\u82b1\u6f2b\u5f00\u65f6\uff0c\u6a31\u82b1\u7f8e\uff0c\u59b9\u7eb8\u66f4\u7f8e\u3002","href":"http:\/\/www.meizitu.com\/a\/4852.html","pic_list":["http:\/\/mm.howkuai.com\/wp-content\/uploads\/2015a\/03\/10\/01.jpg","http:\/\/mm.howkuai.com\/wp-content\/uploads\/2015a\/03\/10\/02.jpg","http:\/\/mm.howkuai.com\/wp-content\/uploads\/2015a\/03\/10\/03.jpg","http:\/\/mm.howkuai.com\/wp-content\/uploads\/2015a\/03\/10\/04.jpg","http:\/\/mm.howkuai.com\/wp-content\/uploads\/2015a\/03\/10\/05.jpg","http:\/\/mm.howkuai.com\/wp-content\/uploads\/2015a\/03\/10\/06.jpg","http:\/\/mm.howkuai.com\/wp-content\/uploads\/2015a\/03\/10\/07.jpg"]},{"plaintext":"\u4e00\u88ad\u7ea2\u8272\u6bdb\u8863\u4e0b\uff0c\u662f\u7d27\u81f4\u4f18\u96c5\u7684\u8eab\u6750","href":"http:\/\/www.meizitu.com\/a\/4850.html","pic_list":["http:\/\/mm.howkuai.com\/wp-content\/uploads\/2015a\/03\/08\/01.jpg","http:\/\/mm.howkuai.com\/wp-content\/uploads\/2015a\/03\/08\/02.jpg","http:\/\/mm.howkuai.com\/wp-content\/uploads\/2015a\/03\/08\/03.jpg","http:\/\/mm.howkuai.com\/wp-content\/uploads\/2015a\/03\/08\/04.jpg","http:\/\/mm.howkuai.com\/wp-content\/uploads\/2015a\/03\/08\/05.jpg","http:\/\/mm.howkuai.com\/wp-content\/uploads\/2015a\/03\/08\/06.jpg"]},{"plaintext":"\u5e73\u80f8\u59b9\u7eb8\u4e5f\u53ef\u4ee5\u5f88\u59a9\u5a9a","href":"http:\/\/www.meizitu.com\/a\/4848.html","pic_list":["http:\/\/mm.howkuai.com\/wp-content\/uploads\/2015a\/03\/06\/01.jpg","http:\/\/mm.howkuai.com\/wp-content\/uploads\/2015a\/03\/06\/02.jpg","http:\/\/mm.howkuai.com\/wp-content\/uploads\/2015a\/03\/06\/03.jpg","http:\/\/mm.howkuai.com\/wp-content\/uploads\/2015a\/03\/06\/04.jpg","http:\/\/mm.howkuai.com\/wp-content\/uploads\/2015a\/03\/06\/05.jpg","http:\/\/mm.howkuai.com\/wp-content\/uploads\/2015a\/03\/06\/06.jpg","http:\/\/mm.howkuai.com\/wp-content\/uploads\/2015a\/03\/06\/07.jpg","http:\/\/mm.howkuai.com\/wp-content\/uploads\/2015a\/03\/06\/08.jpg","http:\/\/mm.howkuai.com\/wp-content\/uploads\/2015a\/03\/06\/09.jpg"]},{"plaintext":"\u7f8e\u8273\u7684\u610f\u5927\u5229\u8db3\u7403\u5b9d\u8d1d","href":"http:\/\/www.meizitu.com\/a\/4847.html","pic_list":["http:\/\/mm.howkuai.com\/wp-content\/uploads\/2015a\/03\/05\/01.jpg","http:\/\/mm.howkuai.com\/wp-content\/uploads\/2015a\/03\/05\/02.jpg","http:\/\/mm.howkuai.com\/wp-content\/uploads\/2015a\/03\/05\/03.jpg","http:\/\/mm.howkuai.com\/wp-content\/uploads\/2015a\/03\/05\/04.jpg","http:\/\/mm.howkuai.com\/wp-content\/uploads\/2015a\/03\/05\/05.jpg","http:\/\/mm.howkuai.com\/wp-content\/uploads\/2015a\/03\/05\/06.jpg","http:\/\/mm.howkuai.com\/wp-content\/uploads\/2015a\/03\/05\/07.jpg"]},{"plaintext":"\u6027\u611f\u5c24\u7269\u6731\u5fc6\u97f3\u79c1\u623f\u5199\u771f","href":"http:\/\/www.meizitu.com\/a\/4846.html","pic_list":["http:\/\/mm.howkuai.com\/wp-content\/uploads\/2015a\/03\/04\/01.jpg","http:\/\/mm.howkuai.com\/wp-content\/uploads\/2015a\/03\/04\/02.jpg","http:\/\/mm.howkuai.com\/wp-content\/uploads\/2015a\/03\/04\/03.jpg","http:\/\/mm.howkuai.com\/wp-content\/uploads\/2015a\/03\/04\/04.jpg"]},{"plaintext":"\uff02\u96ea\u56fd\u7684\u5929\u4f7f\uff02\u7f8e\u4e3d\u51bb\u4eba \u767d\u91cc\u900f\u7ea2","href":"http:\/\/www.meizitu.com\/a\/4845.html","pic_list":["http:\/\/mm.howkuai.com\/wp-content\/uploads\/2015a\/03\/03\/01.jpg","http:\/\/mm.howkuai.com\/wp-content\/uploads\/2015a\/03\/03\/02.jpg","http:\/\/mm.howkuai.com\/wp-content\/uploads\/2015a\/03\/03\/03.jpg","http:\/\/mm.howkuai.com\/wp-content\/uploads\/2015a\/03\/03\/04.jpg","http:\/\/mm.howkuai.com\/wp-content\/uploads\/2015a\/03\/03\/05.jpg","http:\/\/mm.howkuai.com\/wp-content\/uploads\/2015a\/03\/03\/06.jpg","http:\/\/mm.howkuai.com\/wp-content\/uploads\/2015a\/03\/03\/07.jpg"]}]