[{"plaintext":"\u5fa1\u5973\u90ce\u30fb\u5c0f\u68e0\uff0c\u6027\u611f\u5361\u8f66\u5973\u90ce","href":"http:\/\/www.meizitu.com\/a\/4444.html","pic_list":["http:\/\/mm.howkuai.com\/wp-content\/uploads\/2014a\/08\/58\/01.jpg","http:\/\/mm.howkuai.com\/wp-content\/uploads\/2014a\/08\/58\/02.jpg","http:\/\/mm.howkuai.com\/wp-content\/uploads\/2014a\/08\/58\/03.jpg","http:\/\/mm.howkuai.com\/wp-content\/uploads\/2014a\/08\/58\/04.jpg","http:\/\/mm.howkuai.com\/wp-content\/uploads\/2014a\/08\/58\/05.jpg","http:\/\/mm.howkuai.com\/wp-content\/uploads\/2014a\/08\/58\/06.jpg"]},{"plaintext":"\u5b9b\u5982\u6f2b\u753b\u91cc\u7684\u5c11\u5973\uff0c\u7279\u522b\u7684\u6cf3\u8863\u7279\u522b\u7684\u989c\u8272","href":"http:\/\/www.meizitu.com\/a\/4443.html","pic_list":["http:\/\/mm.howkuai.com\/wp-content\/uploads\/2014a\/08\/57\/01.jpg","http:\/\/mm.howkuai.com\/wp-content\/uploads\/2014a\/08\/57\/02.jpg","http:\/\/mm.howkuai.com\/wp-content\/uploads\/2014a\/08\/57\/03.jpg","http:\/\/mm.howkuai.com\/wp-content\/uploads\/2014a\/08\/57\/04.jpg","http:\/\/mm.howkuai.com\/wp-content\/uploads\/2014a\/08\/57\/05.jpg","http:\/\/mm.howkuai.com\/wp-content\/uploads\/2014a\/08\/57\/06.jpg"]},{"plaintext":"\u897f\u74dc\u5927\u4f5c\u6218\uff0c\u590f\u5929\u5feb\u8fc7\u53bb\u4e86\uff0c\u59b9\u5b50\u6293\u7d27\u5403","href":"http:\/\/www.meizitu.com\/a\/4442.html","pic_list":["http:\/\/mm.howkuai.com\/wp-content\/uploads\/2014a\/08\/56\/01.jpg","http:\/\/mm.howkuai.com\/wp-content\/uploads\/2014a\/08\/56\/02.jpg","http:\/\/mm.howkuai.com\/wp-content\/uploads\/2014a\/08\/56\/03.jpg","http:\/\/mm.howkuai.com\/wp-content\/uploads\/2014a\/08\/56\/04.jpg","http:\/\/mm.howkuai.com\/wp-content\/uploads\/2014a\/08\/56\/05.jpg","http:\/\/mm.howkuai.com\/wp-content\/uploads\/2014a\/08\/56\/06.jpg","http:\/\/mm.howkuai.com\/wp-content\/uploads\/2014a\/08\/56\/07.jpg","http:\/\/mm.howkuai.com\/wp-content\/uploads\/2014a\/08\/56\/08.jpg"]},{"plaintext":"\u4fee\u957f\u7684\u7389\u6307\u767d\u7699\u7684\u808c\u80a4\uff0c\u6e05\u65b0\u98ce\u4f53\u64cd\u670d\u59b9\u5b50","href":"http:\/\/www.meizitu.com\/a\/4441.html","pic_list":["http:\/\/mm.howkuai.com\/wp-content\/uploads\/2014a\/08\/55\/01.jpg","http:\/\/mm.howkuai.com\/wp-content\/uploads\/2014a\/08\/55\/02.jpg","http:\/\/mm.howkuai.com\/wp-content\/uploads\/2014a\/08\/55\/03.jpg","http:\/\/mm.howkuai.com\/wp-content\/uploads\/2014a\/08\/55\/04.jpg","http:\/\/mm.howkuai.com\/wp-content\/uploads\/2014a\/08\/55\/05.jpg","http:\/\/mm.howkuai.com\/wp-content\/uploads\/2014a\/08\/55\/06.jpg"]},{"plaintext":"\u62f3\u51fb\u53f0\u4e0a\u7684\u6027\u611f\uff0cMMA\u5973\u795e\u6e29\u59ae\u6bd4\u57fa\u5c3c\u5199\u771f","href":"http:\/\/www.meizitu.com\/a\/4440.html","pic_list":["http:\/\/mm.howkuai.com\/wp-content\/uploads\/2014a\/08\/54\/01.jpg","http:\/\/mm.howkuai.com\/wp-content\/uploads\/2014a\/08\/54\/02.jpg","http:\/\/mm.howkuai.com\/wp-content\/uploads\/2014a\/08\/54\/03.jpg","http:\/\/mm.howkuai.com\/wp-content\/uploads\/2014a\/08\/54\/04.jpg","http:\/\/mm.howkuai.com\/wp-content\/uploads\/2014a\/08\/54\/05.jpg","http:\/\/mm.howkuai.com\/wp-content\/uploads\/2014a\/08\/54\/06.jpg","http:\/\/mm.howkuai.com\/wp-content\/uploads\/2014a\/08\/54\/07.jpg","http:\/\/mm.howkuai.com\/wp-content\/uploads\/2014a\/08\/54\/08.jpg","http:\/\/mm.howkuai.com\/wp-content\/uploads\/2014a\/08\/54\/09.jpg"]},{"plaintext":"\u4fca\u7709\u4fee\u773c\uff0c\u987e\u76fc\u795e\u98de\uff0c\u6e05\u7eaf\u7f8e\u5973\u773c\u775b\u4f1a\u8bf4\u8bdd","href":"http:\/\/www.meizitu.com\/a\/4439.html","pic_list":["http:\/\/mm.howkuai.com\/wp-content\/uploads\/2014a\/08\/53\/01.jpg","http:\/\/mm.howkuai.com\/wp-content\/uploads\/2014a\/08\/53\/02.jpg","http:\/\/mm.howkuai.com\/wp-content\/uploads\/2014a\/08\/53\/03.jpg","http:\/\/mm.howkuai.com\/wp-content\/uploads\/2014a\/08\/53\/04.jpg","http:\/\/mm.howkuai.com\/wp-content\/uploads\/2014a\/08\/53\/05.jpg","http:\/\/mm.howkuai.com\/wp-content\/uploads\/2014a\/08\/53\/06.jpg","http:\/\/mm.howkuai.com\/wp-content\/uploads\/2014a\/08\/53\/07.jpg","http:\/\/mm.howkuai.com\/wp-content\/uploads\/2014a\/08\/53\/08.jpg"]},{"plaintext":"\u8138\u82e5\u94f6\u76d8,\u773c\u4f3c\u6c34\u674f\uff0c\u6d74\u7f38\u4e2d\u7684\u65b9\u8212\u9716","href":"http:\/\/www.meizitu.com\/a\/4438.html","pic_list":["http:\/\/mm.howkuai.com\/wp-content\/uploads\/2014a\/08\/52\/01.jpg","http:\/\/mm.howkuai.com\/wp-content\/uploads\/2014a\/08\/52\/02.jpg","http:\/\/mm.howkuai.com\/wp-content\/uploads\/2014a\/08\/52\/03.jpg","http:\/\/mm.howkuai.com\/wp-content\/uploads\/2014a\/08\/52\/04.jpg","http:\/\/mm.howkuai.com\/wp-content\/uploads\/2014a\/08\/52\/05.jpg"]},{"plaintext":"\u6a21\u7279\u4e03\u559c\uff0c\u5149\u5f71\u9b45\u529b\uff0c\u6027\u611f\u4e0e\u552f\u7f8e","href":"http:\/\/www.meizitu.com\/a\/4437.html","pic_list":["http:\/\/mm.howkuai.com\/wp-content\/uploads\/2014a\/08\/51\/01.jpg","http:\/\/mm.howkuai.com\/wp-content\/uploads\/2014a\/08\/51\/02.jpg","http:\/\/mm.howkuai.com\/wp-content\/uploads\/2014a\/08\/51\/03.jpg","http:\/\/mm.howkuai.com\/wp-content\/uploads\/2014a\/08\/51\/04.jpg","http:\/\/mm.howkuai.com\/wp-content\/uploads\/2014a\/08\/51\/05.jpg","http:\/\/mm.howkuai.com\/wp-content\/uploads\/2014a\/08\/51\/06.jpg","http:\/\/mm.howkuai.com\/wp-content\/uploads\/2014a\/08\/51\/07.jpg","http:\/\/mm.howkuai.com\/wp-content\/uploads\/2014a\/08\/51\/08.jpg","http:\/\/mm.howkuai.com\/wp-content\/uploads\/2014a\/08\/51\/09.jpg"]},{"plaintext":"\u751c\u7f8e\u5c0f\u6e05\u65b0\uff0c\u6293\u4f4f\u590f\u5929\u7684\u5c3e\u5df4","href":"http:\/\/www.meizitu.com\/a\/4436.html","pic_list":["http:\/\/mm.howkuai.com\/wp-content\/uploads\/2014a\/08\/50\/01.jpg","http:\/\/mm.howkuai.com\/wp-content\/uploads\/2014a\/08\/50\/02.jpg","http:\/\/mm.howkuai.com\/wp-content\/uploads\/2014a\/08\/50\/03.jpg","http:\/\/mm.howkuai.com\/wp-content\/uploads\/2014a\/08\/50\/04.jpg","http:\/\/mm.howkuai.com\/wp-content\/uploads\/2014a\/08\/50\/05.jpg","http:\/\/mm.howkuai.com\/wp-content\/uploads\/2014a\/08\/50\/06.jpg","http:\/\/mm.howkuai.com\/wp-content\/uploads\/2014a\/08\/50\/07.jpg"]},{"plaintext":"\u8ba9\u6211\u5728\u8fd9\u6837\u7684\u5c0f\u5c4b\u91cc\u6d88\u78e8\u65f6\u5149","href":"http:\/\/www.meizitu.com\/a\/4435.html","pic_list":["http:\/\/mm.howkuai.com\/wp-content\/uploads\/2014a\/08\/49\/01.jpg","http:\/\/mm.howkuai.com\/wp-content\/uploads\/2014a\/08\/49\/02.jpg","http:\/\/mm.howkuai.com\/wp-content\/uploads\/2014a\/08\/49\/03.jpg","http:\/\/mm.howkuai.com\/wp-content\/uploads\/2014a\/08\/49\/04.jpg","http:\/\/mm.howkuai.com\/wp-content\/uploads\/2014a\/08\/49\/05.jpg","http:\/\/mm.howkuai.com\/wp-content\/uploads\/2014a\/08\/49\/06.jpg","http:\/\/mm.howkuai.com\/wp-content\/uploads\/2014a\/08\/49\/07.jpg"]},{"plaintext":"\u70bd\u70ed\u7684\u60c5\u7eea\uff0c\u6027\u611f\u59b9\u5b50\u5728\u9177\u70ed\u673a\u8231\u5199\u771f","href":"http:\/\/www.meizitu.com\/a\/4434.html","pic_list":["http:\/\/mm.howkuai.com\/wp-content\/uploads\/2014a\/08\/48\/01.jpg","http:\/\/mm.howkuai.com\/wp-content\/uploads\/2014a\/08\/48\/02.jpg","http:\/\/mm.howkuai.com\/wp-content\/uploads\/2014a\/08\/48\/03.jpg","http:\/\/mm.howkuai.com\/wp-content\/uploads\/2014a\/08\/48\/04.jpg","http:\/\/mm.howkuai.com\/wp-content\/uploads\/2014a\/08\/48\/05.jpg","http:\/\/mm.howkuai.com\/wp-content\/uploads\/2014a\/08\/48\/06.jpg"]},{"plaintext":"\u590f\u65e5\u6e05\u51c9\u897f\u74dc\u6bd4\u57fa\u5c3c\uff0c\u7eee\u91cc\u5609\u6027\u611f\u79c1\u623f\u7167","href":"http:\/\/www.meizitu.com\/a\/4433.html","pic_list":["http:\/\/mm.howkuai.com\/wp-content\/uploads\/2014a\/08\/47\/01.jpg","http:\/\/mm.howkuai.com\/wp-content\/uploads\/2014a\/08\/47\/02.jpg","http:\/\/mm.howkuai.com\/wp-content\/uploads\/2014a\/08\/47\/03.jpg","http:\/\/mm.howkuai.com\/wp-content\/uploads\/2014a\/08\/47\/04.jpg","http:\/\/mm.howkuai.com\/wp-content\/uploads\/2014a\/08\/47\/05.jpg","http:\/\/mm.howkuai.com\/wp-content\/uploads\/2014a\/08\/47\/06.jpg"]},{"plaintext":"\u94bb\u77f3\u5973\u4e3b\u6301\u590f\u5c0f\u8587\uff0c\u524d\u51f8\u540e\u7fd8\u7684\u6781\u81f4","href":"http:\/\/www.meizitu.com\/a\/4432.html","pic_list":["http:\/\/mm.howkuai.com\/wp-content\/uploads\/2014a\/08\/46\/01.jpg","http:\/\/mm.howkuai.com\/wp-content\/uploads\/2014a\/08\/46\/02.jpg","http:\/\/mm.howkuai.com\/wp-content\/uploads\/2014a\/08\/46\/03.jpg","http:\/\/mm.howkuai.com\/wp-content\/uploads\/2014a\/08\/46\/04.jpg","http:\/\/mm.howkuai.com\/wp-content\/uploads\/2014a\/08\/46\/05.jpg"]},{"plaintext":"\u6e7f\u8eab\u6b63\u59b9\u886c\u8863\u6253\u5e95\uff0c\u7535\u773c\u8ff7\u4eba\u4f3c\u6709\u5343\u8a00\u4e07\u8bed","href":"http:\/\/www.meizitu.com\/a\/4431.html","pic_list":["http:\/\/mm.howkuai.com\/wp-content\/uploads\/2014a\/08\/45\/01.jpg","http:\/\/mm.howkuai.com\/wp-content\/uploads\/2014a\/08\/45\/02.jpg","http:\/\/mm.howkuai.com\/wp-content\/uploads\/2014a\/08\/45\/03.jpg","http:\/\/mm.howkuai.com\/wp-content\/uploads\/2014a\/08\/45\/04.jpg","http:\/\/mm.howkuai.com\/wp-content\/uploads\/2014a\/08\/45\/05.jpg","http:\/\/mm.howkuai.com\/wp-content\/uploads\/2014a\/08\/45\/06.jpg","http:\/\/mm.howkuai.com\/wp-content\/uploads\/2014a\/08\/45\/07.jpg"]},{"plaintext":"\u6e05\u7eaf\u9ebb\u8c46\uff0c\u7a97\u5916\u7684\u7ec6\u8bed\uff0c\u8f7b\u8f7b\u5524\u9192\u505a\u68a6\u7684\u4f60","href":"http:\/\/www.meizitu.com\/a\/4430.html","pic_list":["http:\/\/mm.howkuai.com\/wp-content\/uploads\/2014a\/08\/44\/01.jpg","http:\/\/mm.howkuai.com\/wp-content\/uploads\/2014a\/08\/44\/02.jpg","http:\/\/mm.howkuai.com\/wp-content\/uploads\/2014a\/08\/44\/03.jpg","http:\/\/mm.howkuai.com\/wp-content\/uploads\/2014a\/08\/44\/04.jpg","http:\/\/mm.howkuai.com\/wp-content\/uploads\/2014a\/08\/44\/05.jpg","http:\/\/mm.howkuai.com\/wp-content\/uploads\/2014a\/08\/44\/06.jpg","http:\/\/mm.howkuai.com\/wp-content\/uploads\/2014a\/08\/44\/07.jpg","http:\/\/mm.howkuai.com\/wp-content\/uploads\/2014a\/08\/44\/08.jpg","http:\/\/mm.howkuai.com\/wp-content\/uploads\/2014a\/08\/44\/09.jpg","http:\/\/mm.howkuai.com\/wp-content\/uploads\/2014a\/08\/44\/10.jpg"]},{"plaintext":"\u9165\u80f8\u7f8e\u5973\uff0c\u6781\u81f4\u6027\u611f\u7cbe\u81f4\u5199\u771f","href":"http:\/\/www.meizitu.com\/a\/4429.html","pic_list":["http:\/\/mm.howkuai.com\/wp-content\/uploads\/2014a\/08\/43\/01.jpg","http:\/\/mm.howkuai.com\/wp-content\/uploads\/2014a\/08\/43\/02.jpg","http:\/\/mm.howkuai.com\/wp-content\/uploads\/2014a\/08\/43\/03.jpg","http:\/\/mm.howkuai.com\/wp-content\/uploads\/2014a\/08\/43\/04.jpg","http:\/\/mm.howkuai.com\/wp-content\/uploads\/2014a\/08\/43\/05.jpg"]},{"plaintext":"\u7d20\u989c\u7684\u7f8e\uff0c\u90a3\u4e9b\u6e05\u7eaf\u7684\u517b\u773c\u7f8e\u5973\u56fe\u7247\uff089\uff09","href":"http:\/\/www.meizitu.com\/a\/4428.html","pic_list":["http:\/\/mm.howkuai.com\/wp-content\/uploads\/2014a\/08\/42\/01.jpg","http:\/\/mm.howkuai.com\/wp-content\/uploads\/2014a\/08\/42\/02.jpg","http:\/\/mm.howkuai.com\/wp-content\/uploads\/2014a\/08\/42\/03.jpg","http:\/\/mm.howkuai.com\/wp-content\/uploads\/2014a\/08\/42\/04.jpg","http:\/\/mm.howkuai.com\/wp-content\/uploads\/2014a\/08\/42\/05.jpg","http:\/\/mm.howkuai.com\/wp-content\/uploads\/2014a\/08\/42\/06.jpg","http:\/\/mm.howkuai.com\/wp-content\/uploads\/2014a\/08\/42\/07.jpg","http:\/\/mm.howkuai.com\/wp-content\/uploads\/2014a\/08\/42\/08.jpg","http:\/\/mm.howkuai.com\/wp-content\/uploads\/2014a\/08\/42\/09.jpg","http:\/\/mm.howkuai.com\/wp-content\/uploads\/2014a\/08\/42\/10.jpg","http:\/\/mm.howkuai.com\/wp-content\/uploads\/2014a\/08\/42\/11.jpg","http:\/\/mm.howkuai.com\/wp-content\/uploads\/2014a\/08\/42\/12.jpg"]},{"plaintext":"\u6b27\u7f8e\u6f02\u4eae\u8d85\u6a21\uff0c\u5f20\u5f20\u90fd\u53ef\u4ee5\u5f53\u684c\u9762","href":"http:\/\/www.meizitu.com\/a\/4427.html","pic_list":["http:\/\/mm.howkuai.com\/wp-content\/uploads\/2014a\/08\/41\/01.jpg","http:\/\/mm.howkuai.com\/wp-content\/uploads\/2014a\/08\/41\/02.jpg","http:\/\/mm.howkuai.com\/wp-content\/uploads\/2014a\/08\/41\/03.jpg","http:\/\/mm.howkuai.com\/wp-content\/uploads\/2014a\/08\/41\/04.jpg","http:\/\/mm.howkuai.com\/wp-content\/uploads\/2014a\/08\/41\/05.jpg","http:\/\/mm.howkuai.com\/wp-content\/uploads\/2014a\/08\/41\/06.jpg","http:\/\/mm.howkuai.com\/wp-content\/uploads\/2014a\/08\/41\/07.jpg","http:\/\/mm.howkuai.com\/wp-content\/uploads\/2014a\/08\/41\/08.jpg","http:\/\/mm.howkuai.com\/wp-content\/uploads\/2014a\/08\/41\/09.jpg","http:\/\/mm.howkuai.com\/wp-content\/uploads\/2014a\/08\/41\/10.jpg","http:\/\/mm.howkuai.com\/wp-content\/uploads\/2014a\/08\/41\/11.jpg","http:\/\/mm.howkuai.com\/wp-content\/uploads\/2014a\/08\/41\/12.jpg"]},{"plaintext":"\u5c0f\u68e0\u7684\u6bd4\u57fa\u5c3c\u4e4b\u65c5\uff0c\u6709\u90a3\u8ff7\u4eba\u7684\u65e5\u51fa\u548c\u5947\u77f3","href":"http:\/\/www.meizitu.com\/a\/4426.html","pic_list":["http:\/\/mm.howkuai.com\/wp-content\/uploads\/2014a\/08\/40\/01.jpg","http:\/\/mm.howkuai.com\/wp-content\/uploads\/2014a\/08\/40\/02.jpg","http:\/\/mm.howkuai.com\/wp-content\/uploads\/2014a\/08\/40\/03.jpg","http:\/\/mm.howkuai.com\/wp-content\/uploads\/2014a\/08\/40\/04.jpg","http:\/\/mm.howkuai.com\/wp-content\/uploads\/2014a\/08\/40\/05.jpg","http:\/\/mm.howkuai.com\/wp-content\/uploads\/2014a\/08\/40\/06.jpg","http:\/\/mm.howkuai.com\/wp-content\/uploads\/2014a\/08\/40\/07.jpg"]},{"plaintext":"\u65e0\u5c3d\u7684\u65f7\u91ce\uff0c\u53ea\u6709\u5fe7\u6101\u7684\u51b7\u8273\u5973\u795e","href":"http:\/\/www.meizitu.com\/a\/4425.html","pic_list":["http:\/\/mm.howkuai.com\/wp-content\/uploads\/2014a\/08\/39\/01.jpg","http:\/\/mm.howkuai.com\/wp-content\/uploads\/2014a\/08\/39\/02.jpg","http:\/\/mm.howkuai.com\/wp-content\/uploads\/2014a\/08\/39\/03.jpg","http:\/\/mm.howkuai.com\/wp-content\/uploads\/2014a\/08\/39\/04.jpg","http:\/\/mm.howkuai.com\/wp-content\/uploads\/2014a\/08\/39\/05.jpg","http:\/\/mm.howkuai.com\/wp-content\/uploads\/2014a\/08\/39\/06.jpg","http:\/\/mm.howkuai.com\/wp-content\/uploads\/2014a\/08\/39\/07.jpg"]},{"plaintext":"\u6f02\u4eae\u7684\u8001\u677f\u5a18\uff0c\u77ed\u53d1\u6f14\u7ece\u4e0d\u4e00\u822c\u7684\u5fc3\u52a8","href":"http:\/\/www.meizitu.com\/a\/4424.html","pic_list":["http:\/\/mm.howkuai.com\/wp-content\/uploads\/2014a\/08\/38\/01.jpg","http:\/\/mm.howkuai.com\/wp-content\/uploads\/2014a\/08\/38\/02.jpg","http:\/\/mm.howkuai.com\/wp-content\/uploads\/2014a\/08\/38\/03.jpg","http:\/\/mm.howkuai.com\/wp-content\/uploads\/2014a\/08\/38\/04.jpg","http:\/\/mm.howkuai.com\/wp-content\/uploads\/2014a\/08\/38\/05.jpg","http:\/\/mm.howkuai.com\/wp-content\/uploads\/2014a\/08\/38\/06.jpg","http:\/\/mm.howkuai.com\/wp-content\/uploads\/2014a\/08\/38\/07.jpg"]},{"plaintext":"\u900f\u660e\u7684\u8863\u88f3\u3001\u900f\u660e\u7684\u5305\u5305\uff0c\u6b23\u8d4f\u7684\u662f\u7f8e\u5973","href":"http:\/\/www.meizitu.com\/a\/4423.html","pic_list":["http:\/\/mm.howkuai.com\/wp-content\/uploads\/2014a\/08\/37\/01.jpg","http:\/\/mm.howkuai.com\/wp-content\/uploads\/2014a\/08\/37\/02.jpg","http:\/\/mm.howkuai.com\/wp-content\/uploads\/2014a\/08\/37\/03.jpg","http:\/\/mm.howkuai.com\/wp-content\/uploads\/2014a\/08\/37\/04.jpg","http:\/\/mm.howkuai.com\/wp-content\/uploads\/2014a\/08\/37\/05.jpg"]},{"plaintext":"\u590f\u5929\u7684\u98ce\uff0c\u4f9d\u7136\u8ba9\u4eba\u61d2\u61d2\u4e0d\u60f3\u52a8","href":"http:\/\/www.meizitu.com\/a\/4422.html","pic_list":["http:\/\/mm.howkuai.com\/wp-content\/uploads\/2014a\/08\/36\/01.jpg","http:\/\/mm.howkuai.com\/wp-content\/uploads\/2014a\/08\/36\/02.jpg","http:\/\/mm.howkuai.com\/wp-content\/uploads\/2014a\/08\/36\/03.jpg","http:\/\/mm.howkuai.com\/wp-content\/uploads\/2014a\/08\/36\/04.jpg","http:\/\/mm.howkuai.com\/wp-content\/uploads\/2014a\/08\/36\/05.jpg","http:\/\/mm.howkuai.com\/wp-content\/uploads\/2014a\/08\/36\/06.jpg"]},{"plaintext":"\u597d\u8eab\u6750\u4e0d\u4f5c\u5047\uff0c\u6709\u4e00\u5f20\u5a03\u5a03\u8138\u7684\u7f8e\u5973","href":"http:\/\/www.meizitu.com\/a\/4421.html","pic_list":["http:\/\/mm.howkuai.com\/wp-content\/uploads\/2014a\/08\/35\/01.jpg","http:\/\/mm.howkuai.com\/wp-content\/uploads\/2014a\/08\/35\/02.jpg","http:\/\/mm.howkuai.com\/wp-content\/uploads\/2014a\/08\/35\/03.jpg","http:\/\/mm.howkuai.com\/wp-content\/uploads\/2014a\/08\/35\/04.jpg","http:\/\/mm.howkuai.com\/wp-content\/uploads\/2014a\/08\/35\/05.jpg","http:\/\/mm.howkuai.com\/wp-content\/uploads\/2014a\/08\/35\/06.jpg"]},{"plaintext":"2014CJ \u5b85\u7537\u798f\u5229\uff0c\u7f8e\u56fe\u6b23\u8d4f","href":"http:\/\/www.meizitu.com\/a\/4420.html","pic_list":["http:\/\/mm.howkuai.com\/wp-content\/uploads\/2014a\/08\/34\/01.jpg","http:\/\/mm.howkuai.com\/wp-content\/uploads\/2014a\/08\/34\/02.jpg","http:\/\/mm.howkuai.com\/wp-content\/uploads\/2014a\/08\/34\/03.jpg","http:\/\/mm.howkuai.com\/wp-content\/uploads\/2014a\/08\/34\/04.jpg","http:\/\/mm.howkuai.com\/wp-content\/uploads\/2014a\/08\/34\/05.jpg","http:\/\/mm.howkuai.com\/wp-content\/uploads\/2014a\/08\/34\/06.jpg","http:\/\/mm.howkuai.com\/wp-content\/uploads\/2014a\/08\/34\/07.jpg","http:\/\/mm.howkuai.com\/wp-content\/uploads\/2014a\/08\/34\/08.jpg","http:\/\/mm.howkuai.com\/wp-content\/uploads\/2014a\/08\/34\/09.jpg","http:\/\/mm.howkuai.com\/wp-content\/uploads\/2014a\/08\/34\/10.jpg","http:\/\/mm.howkuai.com\/wp-content\/uploads\/2014a\/08\/34\/11.jpg","http:\/\/mm.howkuai.com\/wp-content\/uploads\/2014a\/08\/34\/12.jpg","http:\/\/mm.howkuai.com\/wp-content\/uploads\/2014a\/08\/34\/13.jpg","http:\/\/mm.howkuai.com\/wp-content\/uploads\/2014a\/08\/34\/14.jpg","http:\/\/mm.howkuai.com\/wp-content\/uploads\/2014a\/08\/34\/15.jpg"]},{"plaintext":"\u9ed1\u4e1d\u7f8e\u817f\u9753\u5973\u5b9d\u9a6c\u8f66\u524d\u5927\u6446pose","href":"http:\/\/www.meizitu.com\/a\/4419.html","pic_list":["http:\/\/mm.howkuai.com\/wp-content\/uploads\/2014a\/08\/33\/01.jpg","http:\/\/mm.howkuai.com\/wp-content\/uploads\/2014a\/08\/33\/02.jpg","http:\/\/mm.howkuai.com\/wp-content\/uploads\/2014a\/08\/33\/03.jpg","http:\/\/mm.howkuai.com\/wp-content\/uploads\/2014a\/08\/33\/04.jpg","http:\/\/mm.howkuai.com\/wp-content\/uploads\/2014a\/08\/33\/05.jpg","http:\/\/mm.howkuai.com\/wp-content\/uploads\/2014a\/08\/33\/06.jpg"]},{"plaintext":"\u840c\u59b9\u5b50\uff0c\u53ef\u7231\u5c0f\u5b66\u59b9\u7684\u81ea\u62cd\u7167","href":"http:\/\/www.meizitu.com\/a\/4418.html","pic_list":["http:\/\/mm.howkuai.com\/wp-content\/uploads\/2014a\/08\/32\/01.jpg","http:\/\/mm.howkuai.com\/wp-content\/uploads\/2014a\/08\/32\/02.jpg","http:\/\/mm.howkuai.com\/wp-content\/uploads\/2014a\/08\/32\/03.jpg","http:\/\/mm.howkuai.com\/wp-content\/uploads\/2014a\/08\/32\/04.jpg","http:\/\/mm.howkuai.com\/wp-content\/uploads\/2014a\/08\/32\/05.jpg","http:\/\/mm.howkuai.com\/wp-content\/uploads\/2014a\/08\/32\/06.jpg","http:\/\/mm.howkuai.com\/wp-content\/uploads\/2014a\/08\/32\/07.jpg"]},{"plaintext":"\u6027\u611f\u6a31\u6843\u5c0f\u5634\u7f8e\u5973\u9752\u6625\u6d3b\u529b\u5341\u8db3","href":"http:\/\/www.meizitu.com\/a\/4417.html","pic_list":["http:\/\/mm.howkuai.com\/wp-content\/uploads\/2014a\/08\/31\/01.jpg","http:\/\/mm.howkuai.com\/wp-content\/uploads\/2014a\/08\/31\/02.jpg","http:\/\/mm.howkuai.com\/wp-content\/uploads\/2014a\/08\/31\/03.jpg","http:\/\/mm.howkuai.com\/wp-content\/uploads\/2014a\/08\/31\/04.jpg","http:\/\/mm.howkuai.com\/wp-content\/uploads\/2014a\/08\/31\/05.jpg","http:\/\/mm.howkuai.com\/wp-content\/uploads\/2014a\/08\/31\/06.jpg"]},{"plaintext":"\u773c\u795e\u52fe\u9b42\uff0c\u2018\u9ed1\u4e1d\u2019\u6321\u4e0d\u4f4f\u6b63\u59b9\u7684\u597d\u8eab\u6750","href":"http:\/\/www.meizitu.com\/a\/4416.html","pic_list":["http:\/\/mm.howkuai.com\/wp-content\/uploads\/2014a\/08\/30\/01.jpg","http:\/\/mm.howkuai.com\/wp-content\/uploads\/2014a\/08\/30\/02.jpg","http:\/\/mm.howkuai.com\/wp-content\/uploads\/2014a\/08\/30\/03.jpg","http:\/\/mm.howkuai.com\/wp-content\/uploads\/2014a\/08\/30\/04.jpg","http:\/\/mm.howkuai.com\/wp-content\/uploads\/2014a\/08\/30\/05.jpg","http:\/\/mm.howkuai.com\/wp-content\/uploads\/2014a\/08\/30\/06.jpg","http:\/\/mm.howkuai.com\/wp-content\/uploads\/2014a\/08\/30\/07.jpg"]},{"plaintext":"\u7bee\u7403\u5b9d\u8d1d\u590f\u5c0f\u8587\uff0c\u6a31\u6728fans\uff0cSHOHOKU#10","href":"http:\/\/www.meizitu.com\/a\/4415.html","pic_list":["http:\/\/mm.howkuai.com\/wp-content\/uploads\/2014a\/08\/28\/01.jpg","http:\/\/mm.howkuai.com\/wp-content\/uploads\/2014a\/08\/28\/02.jpg","http:\/\/mm.howkuai.com\/wp-content\/uploads\/2014a\/08\/28\/03.jpg","http:\/\/mm.howkuai.com\/wp-content\/uploads\/2014a\/08\/28\/04.jpg"]}]