[{"plaintext":"\u534a\u906e\u534a\u9732\uff0c\u603b\u662f\u66f4\u6709\u5473\u9053","href":"http:\/\/www.meizitu.com\/a\/5386.html","pic_list":["http:\/\/mm.howkuai.com\/wp-content\/uploads\/2016a\/06\/01\/01.jpg","http:\/\/mm.howkuai.com\/wp-content\/uploads\/2016a\/06\/01\/02.jpg","http:\/\/mm.howkuai.com\/wp-content\/uploads\/2016a\/06\/01\/03.jpg","http:\/\/mm.howkuai.com\/wp-content\/uploads\/2016a\/06\/01\/04.jpg","http:\/\/mm.howkuai.com\/wp-content\/uploads\/2016a\/06\/01\/05.jpg","http:\/\/mm.howkuai.com\/wp-content\/uploads\/2016a\/06\/01\/06.jpg","http:\/\/mm.howkuai.com\/wp-content\/uploads\/2016a\/06\/01\/07.jpg"]},{"plaintext":"\u7f51\u53cb\u770b\u5446\u4e86\uff01\u59b9\u5b50\uff0c\u597d\u4e00\u5bf9\u8ff7\u4eba\u7684\u7389\u5154","href":"http:\/\/www.meizitu.com\/a\/5385.html","pic_list":["http:\/\/mm.howkuai.com\/wp-content\/uploads\/2016a\/05\/23\/01.jpg","http:\/\/mm.howkuai.com\/wp-content\/uploads\/2016a\/05\/23\/02.jpg","http:\/\/mm.howkuai.com\/wp-content\/uploads\/2016a\/05\/23\/03.jpg","http:\/\/mm.howkuai.com\/wp-content\/uploads\/2016a\/05\/23\/04.jpg","http:\/\/mm.howkuai.com\/wp-content\/uploads\/2016a\/05\/23\/05.jpg","http:\/\/mm.howkuai.com\/wp-content\/uploads\/2016a\/05\/23\/06.jpg","http:\/\/mm.howkuai.com\/wp-content\/uploads\/2016a\/05\/23\/07.jpg","http:\/\/mm.howkuai.com\/wp-content\/uploads\/2016a\/05\/23\/08.jpg"]},{"plaintext":"\u5468\u672b\u5185\u6db5\u56fe \u6700\u540e\u4e00\u5f20\u6709\u4eae\u70b9","href":"http:\/\/www.meizitu.com\/a\/5383.html","pic_list":["http:\/\/mm.howkuai.com\/wp-content\/uploads\/2016a\/05\/21\/01.jpg","http:\/\/mm.howkuai.com\/wp-content\/uploads\/2016a\/05\/21\/02.jpg","http:\/\/mm.howkuai.com\/wp-content\/uploads\/2016a\/05\/21\/03.jpg","http:\/\/mm.howkuai.com\/wp-content\/uploads\/2016a\/05\/21\/04.jpg","http:\/\/mm.howkuai.com\/wp-content\/uploads\/2016a\/05\/21\/05.jpg","http:\/\/mm.howkuai.com\/wp-content\/uploads\/2016a\/05\/21\/06.jpg","http:\/\/mm.howkuai.com\/wp-content\/uploads\/2016a\/05\/21\/07.jpg","http:\/\/mm.howkuai.com\/wp-content\/uploads\/2016a\/05\/21\/08.jpg","http:\/\/mm.howkuai.com\/wp-content\/uploads\/2016a\/05\/21\/09.jpg","http:\/\/mm.howkuai.com\/wp-content\/uploads\/2016a\/05\/21\/10.jpg"]},{"plaintext":"\u808c\u80a4\u4f3c\u96ea\uff0c\u957f\u53d1\u5c11\u5973\u79c1\u623f\u7167","href":"http:\/\/www.meizitu.com\/a\/5382.html","pic_list":["http:\/\/mm.howkuai.com\/wp-content\/uploads\/2016a\/05\/20\/01.jpg","http:\/\/mm.howkuai.com\/wp-content\/uploads\/2016a\/05\/20\/02.jpg","http:\/\/mm.howkuai.com\/wp-content\/uploads\/2016a\/05\/20\/03.jpg","http:\/\/mm.howkuai.com\/wp-content\/uploads\/2016a\/05\/20\/04.jpg","http:\/\/mm.howkuai.com\/wp-content\/uploads\/2016a\/05\/20\/05.jpg","http:\/\/mm.howkuai.com\/wp-content\/uploads\/2016a\/05\/20\/06.jpg"]},{"plaintext":"\u6559\u5ba4\u91cc\u59b9\u7eb8\u4efb\u6027\u6446\u62cd \u7f51\u53cb\uff1a\u6709\u540c\u5b66\u65f6\u6562\u5417\uff1f","href":"http:\/\/www.meizitu.com\/a\/5381.html","pic_list":["http:\/\/mm.howkuai.com\/wp-content\/uploads\/2016a\/05\/19\/01.jpg","http:\/\/mm.howkuai.com\/wp-content\/uploads\/2016a\/05\/19\/02.jpg","http:\/\/mm.howkuai.com\/wp-content\/uploads\/2016a\/05\/19\/03.jpg","http:\/\/mm.howkuai.com\/wp-content\/uploads\/2016a\/05\/19\/04.jpg","http:\/\/mm.howkuai.com\/wp-content\/uploads\/2016a\/05\/19\/05.jpg","http:\/\/mm.howkuai.com\/wp-content\/uploads\/2016a\/05\/19\/06.jpg","http:\/\/mm.howkuai.com\/wp-content\/uploads\/2016a\/05\/19\/07.jpg","http:\/\/mm.howkuai.com\/wp-content\/uploads\/2016a\/05\/19\/08.jpg","http:\/\/mm.howkuai.com\/wp-content\/uploads\/2016a\/05\/19\/09.jpg"]},{"plaintext":"\u517b\u773c\uff01\u90a3\u4e9b\u6e05\u7eaf\u7684\u7f8e\u5973\u56fe\u7247-24","href":"http:\/\/www.meizitu.com\/a\/5380.html","pic_list":["http:\/\/mm.howkuai.com\/wp-content\/uploads\/2016a\/05\/18\/01.jpg","http:\/\/mm.howkuai.com\/wp-content\/uploads\/2016a\/05\/18\/02.jpg","http:\/\/mm.howkuai.com\/wp-content\/uploads\/2016a\/05\/18\/03.jpg","http:\/\/mm.howkuai.com\/wp-content\/uploads\/2016a\/05\/18\/04.jpg","http:\/\/mm.howkuai.com\/wp-content\/uploads\/2016a\/05\/18\/05.jpg","http:\/\/mm.howkuai.com\/wp-content\/uploads\/2016a\/05\/18\/06.jpg","http:\/\/mm.howkuai.com\/wp-content\/uploads\/2016a\/05\/18\/07.jpg","http:\/\/mm.howkuai.com\/wp-content\/uploads\/2016a\/05\/18\/08.jpg","http:\/\/mm.howkuai.com\/wp-content\/uploads\/2016a\/05\/18\/09.jpg"]},{"plaintext":"\u77ed\u53d1\u6c14\u8d28\u6a21\u7279\uff0c\u4e3e\u624b\u6295\u8db3\u95f4\u6563\u53d1\u5973\u4eba\u5473","href":"http:\/\/www.meizitu.com\/a\/5379.html","pic_list":["http:\/\/mm.howkuai.com\/wp-content\/uploads\/2016a\/05\/17\/01.jpg","http:\/\/mm.howkuai.com\/wp-content\/uploads\/2016a\/05\/17\/02.jpg","http:\/\/mm.howkuai.com\/wp-content\/uploads\/2016a\/05\/17\/03.jpg","http:\/\/mm.howkuai.com\/wp-content\/uploads\/2016a\/05\/17\/04.jpg","http:\/\/mm.howkuai.com\/wp-content\/uploads\/2016a\/05\/17\/05.jpg","http:\/\/mm.howkuai.com\/wp-content\/uploads\/2016a\/05\/17\/06.jpg","http:\/\/mm.howkuai.com\/wp-content\/uploads\/2016a\/05\/17\/07.jpg"]},{"plaintext":"\u7c89\u8272\u5973\u5b69\u840c\u840c\u54d2\uff0c\u6027\u611f\u5199\u771f\u79c0\u8eab\u6750","href":"http:\/\/www.meizitu.com\/a\/5378.html","pic_list":["http:\/\/mm.howkuai.com\/wp-content\/uploads\/2016a\/05\/16\/01.jpg","http:\/\/mm.howkuai.com\/wp-content\/uploads\/2016a\/05\/16\/02.jpg","http:\/\/mm.howkuai.com\/wp-content\/uploads\/2016a\/05\/16\/03.jpg","http:\/\/mm.howkuai.com\/wp-content\/uploads\/2016a\/05\/16\/04.jpg","http:\/\/mm.howkuai.com\/wp-content\/uploads\/2016a\/05\/16\/05.jpg"]},{"plaintext":"\u6bd4\u57fa\u5c3c\u5973\u795e\u6e38\u8247\uff0c\u7537\u4eba\u5fc3\u4e2d\u7684\u4e00\u4e2a\u68a6","href":"http:\/\/www.meizitu.com\/a\/5377.html","pic_list":["http:\/\/mm.howkuai.com\/wp-content\/uploads\/2016a\/05\/15\/01.jpg","http:\/\/mm.howkuai.com\/wp-content\/uploads\/2016a\/05\/15\/02.jpg","http:\/\/mm.howkuai.com\/wp-content\/uploads\/2016a\/05\/15\/03.jpg","http:\/\/mm.howkuai.com\/wp-content\/uploads\/2016a\/05\/15\/04.jpg","http:\/\/mm.howkuai.com\/wp-content\/uploads\/2016a\/05\/15\/05.jpg","http:\/\/mm.howkuai.com\/wp-content\/uploads\/2016a\/05\/15\/06.jpg","http:\/\/mm.howkuai.com\/wp-content\/uploads\/2016a\/05\/15\/07.jpg"]},{"plaintext":"\u90a3\u4e9b\u6027\u611f\u7684\u4eba\u513f\uff0822\uff09","href":"http:\/\/www.meizitu.com\/a\/5376.html","pic_list":["http:\/\/mm.howkuai.com\/wp-content\/uploads\/2016a\/05\/14\/01.jpg","http:\/\/mm.howkuai.com\/wp-content\/uploads\/2016a\/05\/14\/02.jpg","http:\/\/mm.howkuai.com\/wp-content\/uploads\/2016a\/05\/14\/03.jpg","http:\/\/mm.howkuai.com\/wp-content\/uploads\/2016a\/05\/14\/04.jpg","http:\/\/mm.howkuai.com\/wp-content\/uploads\/2016a\/05\/14\/05.jpg","http:\/\/mm.howkuai.com\/wp-content\/uploads\/2016a\/05\/14\/06.jpg","http:\/\/mm.howkuai.com\/wp-content\/uploads\/2016a\/05\/14\/07.jpg","http:\/\/mm.howkuai.com\/wp-content\/uploads\/2016a\/05\/14\/08.jpg","http:\/\/mm.howkuai.com\/wp-content\/uploads\/2016a\/05\/14\/09.jpg","http:\/\/mm.howkuai.com\/wp-content\/uploads\/2016a\/05\/14\/10.jpg"]},{"plaintext":"\u6e05\u7eaf\u7f8e\u5973\u767e\u770b\u4e0d\u817b\uff0c\u989c\u503c\u662f\u5173\u952e","href":"http:\/\/www.meizitu.com\/a\/5375.html","pic_list":["http:\/\/mm.howkuai.com\/wp-content\/uploads\/2016a\/05\/13\/01.jpg","http:\/\/mm.howkuai.com\/wp-content\/uploads\/2016a\/05\/13\/02.jpg","http:\/\/mm.howkuai.com\/wp-content\/uploads\/2016a\/05\/13\/03.jpg","http:\/\/mm.howkuai.com\/wp-content\/uploads\/2016a\/05\/13\/04.jpg","http:\/\/mm.howkuai.com\/wp-content\/uploads\/2016a\/05\/13\/05.jpg","http:\/\/mm.howkuai.com\/wp-content\/uploads\/2016a\/05\/13\/06.jpg","http:\/\/mm.howkuai.com\/wp-content\/uploads\/2016a\/05\/13\/07.jpg","http:\/\/mm.howkuai.com\/wp-content\/uploads\/2016a\/05\/13\/08.jpg","http:\/\/mm.howkuai.com\/wp-content\/uploads\/2016a\/05\/13\/09.jpg","http:\/\/mm.howkuai.com\/wp-content\/uploads\/2016a\/05\/13\/10.jpg"]},{"plaintext":"\u56fd\u9645\u80f8\u6a21\u5927\u8d5b\u51a0\u519b\u738b\u660e\u660e\u9753\u7167","href":"http:\/\/www.meizitu.com\/a\/5374.html","pic_list":["http:\/\/mm.howkuai.com\/wp-content\/uploads\/2016a\/05\/12\/01.jpg","http:\/\/mm.howkuai.com\/wp-content\/uploads\/2016a\/05\/12\/02.jpg","http:\/\/mm.howkuai.com\/wp-content\/uploads\/2016a\/05\/12\/03.jpg","http:\/\/mm.howkuai.com\/wp-content\/uploads\/2016a\/05\/12\/04.jpg","http:\/\/mm.howkuai.com\/wp-content\/uploads\/2016a\/05\/12\/05.jpg","http:\/\/mm.howkuai.com\/wp-content\/uploads\/2016a\/05\/12\/06.jpg","http:\/\/mm.howkuai.com\/wp-content\/uploads\/2016a\/05\/12\/07.jpg","http:\/\/mm.howkuai.com\/wp-content\/uploads\/2016a\/05\/12\/08.jpg","http:\/\/mm.howkuai.com\/wp-content\/uploads\/2016a\/05\/12\/09.jpg"]},{"plaintext":"\u4e2d\u5c71\u533b\u5b66\u5927\u5b66\u7684\u6821\u82b1\uff0c\u6e05\u79c0\u7684\u5bb9\u989c\u8ba9\u4eba\u96be\u5fd8","href":"http:\/\/www.meizitu.com\/a\/5373.html","pic_list":["http:\/\/mm.howkuai.com\/wp-content\/uploads\/2016a\/05\/11\/01.jpg","http:\/\/mm.howkuai.com\/wp-content\/uploads\/2016a\/05\/11\/02.jpg","http:\/\/mm.howkuai.com\/wp-content\/uploads\/2016a\/05\/11\/03.jpg","http:\/\/mm.howkuai.com\/wp-content\/uploads\/2016a\/05\/11\/04.jpg","http:\/\/mm.howkuai.com\/wp-content\/uploads\/2016a\/05\/11\/05.jpg","http:\/\/mm.howkuai.com\/wp-content\/uploads\/2016a\/05\/11\/06.jpg","http:\/\/mm.howkuai.com\/wp-content\/uploads\/2016a\/05\/11\/07.jpg","http:\/\/mm.howkuai.com\/wp-content\/uploads\/2016a\/05\/11\/08.jpg","http:\/\/mm.howkuai.com\/wp-content\/uploads\/2016a\/05\/11\/09.jpg","http:\/\/mm.howkuai.com\/wp-content\/uploads\/2016a\/05\/11\/10.jpg"]},{"plaintext":"\u97e9\u56fd\u5973\u4e3b\u64ad\u517c\u804c\u4e0a\u53f0\u8bb2\u8bfe \u7f51\u53cb\u76f4\u547c\uff1a\u4e0d\u6de1\u5b9a","href":"http:\/\/www.meizitu.com\/a\/5372.html","pic_list":["http:\/\/mm.howkuai.com\/wp-content\/uploads\/2016a\/05\/10\/01.jpg","http:\/\/mm.howkuai.com\/wp-content\/uploads\/2016a\/05\/10\/02.jpg","http:\/\/mm.howkuai.com\/wp-content\/uploads\/2016a\/05\/10\/03.jpg","http:\/\/mm.howkuai.com\/wp-content\/uploads\/2016a\/05\/10\/04.jpg","http:\/\/mm.howkuai.com\/wp-content\/uploads\/2016a\/05\/10\/05.jpg","http:\/\/mm.howkuai.com\/wp-content\/uploads\/2016a\/05\/10\/06.jpg","http:\/\/mm.howkuai.com\/wp-content\/uploads\/2016a\/05\/10\/07.jpg","http:\/\/mm.howkuai.com\/wp-content\/uploads\/2016a\/05\/10\/08.jpg","http:\/\/mm.howkuai.com\/wp-content\/uploads\/2016a\/05\/10\/09.jpg","http:\/\/mm.howkuai.com\/wp-content\/uploads\/2016a\/05\/10\/10.jpg"]},{"plaintext":"\u77ed\u53d1\u59b9\u5b50\u81ea\u6709\u4e00\u756a\u72c2\u91ce\u5473\u9053","href":"http:\/\/www.meizitu.com\/a\/5371.html","pic_list":["http:\/\/mm.howkuai.com\/wp-content\/uploads\/2016a\/05\/09\/01.jpg","http:\/\/mm.howkuai.com\/wp-content\/uploads\/2016a\/05\/09\/02.jpg","http:\/\/mm.howkuai.com\/wp-content\/uploads\/2016a\/05\/09\/03.jpg","http:\/\/mm.howkuai.com\/wp-content\/uploads\/2016a\/05\/09\/04.jpg","http:\/\/mm.howkuai.com\/wp-content\/uploads\/2016a\/05\/09\/05.jpg","http:\/\/mm.howkuai.com\/wp-content\/uploads\/2016a\/05\/09\/06.jpg"]},{"plaintext":"\u751c\u7f8e\u5973\u5b69\u6e05\u7eaf\u5982\u6c34\uff0c\u8bb0\u5f55\u751f\u6d3b\u7684\u70b9\u70b9\u6ef4\u6ef4","href":"http:\/\/www.meizitu.com\/a\/5370.html","pic_list":["http:\/\/mm.howkuai.com\/wp-content\/uploads\/2016a\/05\/08\/01.jpg","http:\/\/mm.howkuai.com\/wp-content\/uploads\/2016a\/05\/08\/02.jpg","http:\/\/mm.howkuai.com\/wp-content\/uploads\/2016a\/05\/08\/03.jpg","http:\/\/mm.howkuai.com\/wp-content\/uploads\/2016a\/05\/08\/04.jpg","http:\/\/mm.howkuai.com\/wp-content\/uploads\/2016a\/05\/08\/05.jpg","http:\/\/mm.howkuai.com\/wp-content\/uploads\/2016a\/05\/08\/06.jpg","http:\/\/mm.howkuai.com\/wp-content\/uploads\/2016a\/05\/08\/07.jpg"]},{"plaintext":"\u6a21\u7279\u513f\u738b\u6893\u7ae5\u5927\u80c6\u51fa\u955c\uff0c\u957f\u53d1\u62ab\u80a9\u5973\u795e\u8303","href":"http:\/\/www.meizitu.com\/a\/5369.html","pic_list":["http:\/\/mm.howkuai.com\/wp-content\/uploads\/2016a\/05\/07\/01.jpg","http:\/\/mm.howkuai.com\/wp-content\/uploads\/2016a\/05\/07\/02.jpg","http:\/\/mm.howkuai.com\/wp-content\/uploads\/2016a\/05\/07\/03.jpg","http:\/\/mm.howkuai.com\/wp-content\/uploads\/2016a\/05\/07\/04.jpg","http:\/\/mm.howkuai.com\/wp-content\/uploads\/2016a\/05\/07\/05.jpg","http:\/\/mm.howkuai.com\/wp-content\/uploads\/2016a\/05\/07\/06.jpg","http:\/\/mm.howkuai.com\/wp-content\/uploads\/2016a\/05\/07\/07.jpg","http:\/\/mm.howkuai.com\/wp-content\/uploads\/2016a\/05\/07\/08.jpg","http:\/\/mm.howkuai.com\/wp-content\/uploads\/2016a\/05\/07\/09.jpg"]},{"plaintext":"\u6c99\u6ee9\u4e0a\u7684\u80cc\u5f71\uff0c\u5468\u672b\u64a9\u4eba\u56fe","href":"http:\/\/www.meizitu.com\/a\/5368.html","pic_list":["http:\/\/mm.howkuai.com\/wp-content\/uploads\/2016a\/05\/06\/01.jpg","http:\/\/mm.howkuai.com\/wp-content\/uploads\/2016a\/05\/06\/02.jpg","http:\/\/mm.howkuai.com\/wp-content\/uploads\/2016a\/05\/06\/03.jpg","http:\/\/mm.howkuai.com\/wp-content\/uploads\/2016a\/05\/06\/04.jpg","http:\/\/mm.howkuai.com\/wp-content\/uploads\/2016a\/05\/06\/05.jpg","http:\/\/mm.howkuai.com\/wp-content\/uploads\/2016a\/05\/06\/06.jpg","http:\/\/mm.howkuai.com\/wp-content\/uploads\/2016a\/05\/06\/07.jpg","http:\/\/mm.howkuai.com\/wp-content\/uploads\/2016a\/05\/06\/08.jpg","http:\/\/mm.howkuai.com\/wp-content\/uploads\/2016a\/05\/06\/09.jpg","http:\/\/mm.howkuai.com\/wp-content\/uploads\/2016a\/05\/06\/10.jpg"]},{"plaintext":"\u957f\u817f\u5236\u670dMM\u4ee4\u4eba\u8ff7\u9189","href":"http:\/\/www.meizitu.com\/a\/5367.html","pic_list":["http:\/\/mm.howkuai.com\/wp-content\/uploads\/2016a\/05\/05\/01.jpg","http:\/\/mm.howkuai.com\/wp-content\/uploads\/2016a\/05\/05\/02.jpg","http:\/\/mm.howkuai.com\/wp-content\/uploads\/2016a\/05\/05\/03.jpg","http:\/\/mm.howkuai.com\/wp-content\/uploads\/2016a\/05\/05\/04.jpg","http:\/\/mm.howkuai.com\/wp-content\/uploads\/2016a\/05\/05\/05.jpg","http:\/\/mm.howkuai.com\/wp-content\/uploads\/2016a\/05\/05\/06.jpg","http:\/\/mm.howkuai.com\/wp-content\/uploads\/2016a\/05\/05\/07.jpg","http:\/\/mm.howkuai.com\/wp-content\/uploads\/2016a\/05\/05\/08.jpg","http:\/\/mm.howkuai.com\/wp-content\/uploads\/2016a\/05\/05\/09.jpg"]},{"plaintext":"\u989c\u503c\u7206\u68da\u7684\u9999\u6e2f\u6821\u82b1\u6797\u6c81\u56ed","href":"http:\/\/www.meizitu.com\/a\/5366.html","pic_list":["http:\/\/mm.howkuai.com\/wp-content\/uploads\/2016a\/05\/04\/01.jpg","http:\/\/mm.howkuai.com\/wp-content\/uploads\/2016a\/05\/04\/02.jpg","http:\/\/mm.howkuai.com\/wp-content\/uploads\/2016a\/05\/04\/03.jpg","http:\/\/mm.howkuai.com\/wp-content\/uploads\/2016a\/05\/04\/04.jpg","http:\/\/mm.howkuai.com\/wp-content\/uploads\/2016a\/05\/04\/05.jpg","http:\/\/mm.howkuai.com\/wp-content\/uploads\/2016a\/05\/04\/06.jpg","http:\/\/mm.howkuai.com\/wp-content\/uploads\/2016a\/05\/04\/07.jpg","http:\/\/mm.howkuai.com\/wp-content\/uploads\/2016a\/05\/04\/08.jpg","http:\/\/mm.howkuai.com\/wp-content\/uploads\/2016a\/05\/04\/09.jpg","http:\/\/mm.howkuai.com\/wp-content\/uploads\/2016a\/05\/04\/10.jpg"]},{"plaintext":"\u80f8\u6a21\u5927\u8d5b\u51a0\u519b\u6d77\u91cf\u5199\u771f","href":"http:\/\/www.meizitu.com\/a\/5364.html","pic_list":["http:\/\/mm.howkuai.com\/wp-content\/uploads\/2016a\/05\/02\/01.jpg","http:\/\/mm.howkuai.com\/wp-content\/uploads\/2016a\/05\/02\/02.jpg","http:\/\/mm.howkuai.com\/wp-content\/uploads\/2016a\/05\/02\/03.jpg","http:\/\/mm.howkuai.com\/wp-content\/uploads\/2016a\/05\/02\/04.jpg","http:\/\/mm.howkuai.com\/wp-content\/uploads\/2016a\/05\/02\/05.jpg","http:\/\/mm.howkuai.com\/wp-content\/uploads\/2016a\/05\/02\/06.jpg","http:\/\/mm.howkuai.com\/wp-content\/uploads\/2016a\/05\/02\/07.jpg","http:\/\/mm.howkuai.com\/wp-content\/uploads\/2016a\/05\/02\/08.jpg","http:\/\/mm.howkuai.com\/wp-content\/uploads\/2016a\/05\/02\/09.jpg","http:\/\/mm.howkuai.com\/wp-content\/uploads\/2016a\/05\/02\/10.jpg"]},{"plaintext":"\u7eaf\u60c5\u5973\u751f\u6709\u4e00\u4e2a\u5c5e\u4e8e\u81ea\u5df1\u7684\u552f\u7f8e\u89d2\u843d","href":"http:\/\/www.meizitu.com\/a\/5363.html","pic_list":["http:\/\/mm.howkuai.com\/wp-content\/uploads\/2016a\/05\/01\/01.jpg","http:\/\/mm.howkuai.com\/wp-content\/uploads\/2016a\/05\/01\/02.jpg","http:\/\/mm.howkuai.com\/wp-content\/uploads\/2016a\/05\/01\/03.jpg","http:\/\/mm.howkuai.com\/wp-content\/uploads\/2016a\/05\/01\/04.jpg","http:\/\/mm.howkuai.com\/wp-content\/uploads\/2016a\/05\/01\/05.jpg","http:\/\/mm.howkuai.com\/wp-content\/uploads\/2016a\/05\/01\/06.jpg","http:\/\/mm.howkuai.com\/wp-content\/uploads\/2016a\/05\/01\/07.jpg","http:\/\/mm.howkuai.com\/wp-content\/uploads\/2016a\/05\/01\/08.jpg","http:\/\/mm.howkuai.com\/wp-content\/uploads\/2016a\/05\/01\/09.jpg"]},{"plaintext":"\u5468\u672b\u64b8\u70b9\u56fe\uff0c\u64a9\u8d77\u5355\u8eab\u72d7\u8106\u5f31\u7684\u5c0f\u5fc3\u7075","href":"http:\/\/www.meizitu.com\/a\/5362.html","pic_list":["http:\/\/mm.howkuai.com\/wp-content\/uploads\/2016a\/04\/22\/01.jpg","http:\/\/mm.howkuai.com\/wp-content\/uploads\/2016a\/04\/22\/02.jpg","http:\/\/mm.howkuai.com\/wp-content\/uploads\/2016a\/04\/22\/03.jpg","http:\/\/mm.howkuai.com\/wp-content\/uploads\/2016a\/04\/22\/04.jpg","http:\/\/mm.howkuai.com\/wp-content\/uploads\/2016a\/04\/22\/05.jpg","http:\/\/mm.howkuai.com\/wp-content\/uploads\/2016a\/04\/22\/06.jpg","http:\/\/mm.howkuai.com\/wp-content\/uploads\/2016a\/04\/22\/07.jpg","http:\/\/mm.howkuai.com\/wp-content\/uploads\/2016a\/04\/22\/08.jpg","http:\/\/mm.howkuai.com\/wp-content\/uploads\/2016a\/04\/22\/09.jpg","http:\/\/mm.howkuai.com\/wp-content\/uploads\/2016a\/04\/22\/10.jpg"]},{"plaintext":"\u9633\u5149\u4e2d\u5e26\u70b9\u91ce\u6027\uff0c\u6ed1\u677f\u5973\u5b69\u4e3aCK\u4ee3\u8a00","href":"http:\/\/www.meizitu.com\/a\/5361.html","pic_list":["http:\/\/mm.howkuai.com\/wp-content\/uploads\/2016a\/04\/21\/01.jpg","http:\/\/mm.howkuai.com\/wp-content\/uploads\/2016a\/04\/21\/02.jpg","http:\/\/mm.howkuai.com\/wp-content\/uploads\/2016a\/04\/21\/03.jpg","http:\/\/mm.howkuai.com\/wp-content\/uploads\/2016a\/04\/21\/04.jpg","http:\/\/mm.howkuai.com\/wp-content\/uploads\/2016a\/04\/21\/05.jpg","http:\/\/mm.howkuai.com\/wp-content\/uploads\/2016a\/04\/21\/06.jpg","http:\/\/mm.howkuai.com\/wp-content\/uploads\/2016a\/04\/21\/07.jpg","http:\/\/mm.howkuai.com\/wp-content\/uploads\/2016a\/04\/21\/08.jpg"]},{"plaintext":"\u8eab\u6750\u8d85\u6709\u6599\uff0c\u6a21\u7279\u70ed\u8fa3\u77ed\u88e4\u5199\u771f","href":"http:\/\/www.meizitu.com\/a\/5360.html","pic_list":["http:\/\/mm.howkuai.com\/wp-content\/uploads\/2016a\/04\/20\/01.jpg","http:\/\/mm.howkuai.com\/wp-content\/uploads\/2016a\/04\/20\/02.jpg","http:\/\/mm.howkuai.com\/wp-content\/uploads\/2016a\/04\/20\/03.jpg","http:\/\/mm.howkuai.com\/wp-content\/uploads\/2016a\/04\/20\/04.jpg","http:\/\/mm.howkuai.com\/wp-content\/uploads\/2016a\/04\/20\/05.jpg","http:\/\/mm.howkuai.com\/wp-content\/uploads\/2016a\/04\/20\/06.jpg","http:\/\/mm.howkuai.com\/wp-content\/uploads\/2016a\/04\/20\/07.jpg","http:\/\/mm.howkuai.com\/wp-content\/uploads\/2016a\/04\/20\/08.jpg"]},{"plaintext":"\u770b\u7684\u5b85\u7537\u5fc3\u90fd\u878d\u5316\u4e86\uff0c\u6361\u6765\u7684\u6700\u7f8e\u732b\u54aa","href":"http:\/\/www.meizitu.com\/a\/5359.html","pic_list":["http:\/\/mm.howkuai.com\/wp-content\/uploads\/2016a\/04\/19\/01.jpg","http:\/\/mm.howkuai.com\/wp-content\/uploads\/2016a\/04\/19\/02.jpg","http:\/\/mm.howkuai.com\/wp-content\/uploads\/2016a\/04\/19\/03.jpg","http:\/\/mm.howkuai.com\/wp-content\/uploads\/2016a\/04\/19\/04.jpg","http:\/\/mm.howkuai.com\/wp-content\/uploads\/2016a\/04\/19\/05.jpg","http:\/\/mm.howkuai.com\/wp-content\/uploads\/2016a\/04\/19\/06.jpg","http:\/\/mm.howkuai.com\/wp-content\/uploads\/2016a\/04\/19\/07.jpg","http:\/\/mm.howkuai.com\/wp-content\/uploads\/2016a\/04\/19\/08.jpg","http:\/\/mm.howkuai.com\/wp-content\/uploads\/2016a\/04\/19\/09.jpg"]},{"plaintext":"\u674e\u7389\u6d01\u2015\u6700\u5177\u6c14\u8d28\u76842016 CJ show girl","href":"http:\/\/www.meizitu.com\/a\/5358.html","pic_list":["http:\/\/mm.howkuai.com\/wp-content\/uploads\/2016a\/04\/18\/01.jpg","http:\/\/mm.howkuai.com\/wp-content\/uploads\/2016a\/04\/18\/02.jpg","http:\/\/mm.howkuai.com\/wp-content\/uploads\/2016a\/04\/18\/03.jpg","http:\/\/mm.howkuai.com\/wp-content\/uploads\/2016a\/04\/18\/04.jpg","http:\/\/mm.howkuai.com\/wp-content\/uploads\/2016a\/04\/18\/05.jpg","http:\/\/mm.howkuai.com\/wp-content\/uploads\/2016a\/04\/18\/06.jpg","http:\/\/mm.howkuai.com\/wp-content\/uploads\/2016a\/04\/18\/07.jpg","http:\/\/mm.howkuai.com\/wp-content\/uploads\/2016a\/04\/18\/08.jpg","http:\/\/mm.howkuai.com\/wp-content\/uploads\/2016a\/04\/18\/09.jpg"]}]