[{"plaintext":"\u9752\u6625\u6709\u6d3b\u529b\u7684\u5c11\u5973\uff0c\u70ed\u7231\u7bee\u7403\u7684\u79d1\u5bc6","href":"http:\/\/www.meizitu.com\/a\/4293.html","pic_list":["http:\/\/mm.howkuai.com\/wp-content\/uploads\/2014a\/06\/45\/01.jpg","http:\/\/mm.howkuai.com\/wp-content\/uploads\/2014a\/06\/45\/02.jpg","http:\/\/mm.howkuai.com\/wp-content\/uploads\/2014a\/06\/45\/03.jpg","http:\/\/mm.howkuai.com\/wp-content\/uploads\/2014a\/06\/45\/04.jpg","http:\/\/mm.howkuai.com\/wp-content\/uploads\/2014a\/06\/45\/05.jpg","http:\/\/mm.howkuai.com\/wp-content\/uploads\/2014a\/06\/45\/06.jpg","http:\/\/mm.howkuai.com\/wp-content\/uploads\/2014a\/06\/45\/07.jpg","http:\/\/mm.howkuai.com\/wp-content\/uploads\/2014a\/06\/45\/08.jpg"]},{"plaintext":"\u767d\u7699\u7684\u77e5\u6027\u7f8e\u5973\u5ba4\u5185\u5199\u771f\u56fe\u7247","href":"http:\/\/www.meizitu.com\/a\/4292.html","pic_list":["http:\/\/mm.howkuai.com\/wp-content\/uploads\/2014a\/06\/44\/01.jpg","http:\/\/mm.howkuai.com\/wp-content\/uploads\/2014a\/06\/44\/02.jpg","http:\/\/mm.howkuai.com\/wp-content\/uploads\/2014a\/06\/44\/03.jpg","http:\/\/mm.howkuai.com\/wp-content\/uploads\/2014a\/06\/44\/04.jpg","http:\/\/mm.howkuai.com\/wp-content\/uploads\/2014a\/06\/44\/05.jpg"]},{"plaintext":"2014\u8f66\u5c55\u9753\u4e3d\u8f66\u6a21\u6b23\u8d4f","href":"http:\/\/www.meizitu.com\/a\/4291.html","pic_list":["http:\/\/mm.howkuai.com\/wp-content\/uploads\/2014a\/06\/43\/01.jpg","http:\/\/mm.howkuai.com\/wp-content\/uploads\/2014a\/06\/43\/02.jpg","http:\/\/mm.howkuai.com\/wp-content\/uploads\/2014a\/06\/43\/03.jpg","http:\/\/mm.howkuai.com\/wp-content\/uploads\/2014a\/06\/43\/04.jpg","http:\/\/mm.howkuai.com\/wp-content\/uploads\/2014a\/06\/43\/05.jpg","http:\/\/mm.howkuai.com\/wp-content\/uploads\/2014a\/06\/43\/06.jpg","http:\/\/mm.howkuai.com\/wp-content\/uploads\/2014a\/06\/43\/07.jpg","http:\/\/mm.howkuai.com\/wp-content\/uploads\/2014a\/06\/43\/08.jpg","http:\/\/mm.howkuai.com\/wp-content\/uploads\/2014a\/06\/43\/09.jpg"]},{"plaintext":"\u90a3\u4e9b\u9057\u5931\u7684\u7f8e\u597d\uff0c\u53e4\u5178\u7f8e\u5c11\u5973\u60c5\u6000","href":"http:\/\/www.meizitu.com\/a\/4290.html","pic_list":["http:\/\/mm.howkuai.com\/wp-content\/uploads\/2014a\/06\/42\/01.jpg","http:\/\/mm.howkuai.com\/wp-content\/uploads\/2014a\/06\/42\/02.jpg","http:\/\/mm.howkuai.com\/wp-content\/uploads\/2014a\/06\/42\/03.jpg","http:\/\/mm.howkuai.com\/wp-content\/uploads\/2014a\/06\/42\/04.jpg","http:\/\/mm.howkuai.com\/wp-content\/uploads\/2014a\/06\/42\/05.jpg","http:\/\/mm.howkuai.com\/wp-content\/uploads\/2014a\/06\/42\/06.jpg","http:\/\/mm.howkuai.com\/wp-content\/uploads\/2014a\/06\/42\/07.jpg","http:\/\/mm.howkuai.com\/wp-content\/uploads\/2014a\/06\/42\/08.jpg","http:\/\/mm.howkuai.com\/wp-content\/uploads\/2014a\/06\/42\/09.jpg","http:\/\/mm.howkuai.com\/wp-content\/uploads\/2014a\/06\/42\/10.jpg"]},{"plaintext":"\u6eaa\u8fb9\u7684\u6e05\u7eaf\u5973\u795e\uff0c\u7ea4\u7ea4\u7389\u624b\u64a9\u6eaa\u6c34","href":"http:\/\/www.meizitu.com\/a\/4289.html","pic_list":["http:\/\/mm.howkuai.com\/wp-content\/uploads\/2014a\/06\/41\/01.jpg","http:\/\/mm.howkuai.com\/wp-content\/uploads\/2014a\/06\/41\/02.jpg","http:\/\/mm.howkuai.com\/wp-content\/uploads\/2014a\/06\/41\/03.jpg","http:\/\/mm.howkuai.com\/wp-content\/uploads\/2014a\/06\/41\/04.jpg","http:\/\/mm.howkuai.com\/wp-content\/uploads\/2014a\/06\/41\/05.jpg","http:\/\/mm.howkuai.com\/wp-content\/uploads\/2014a\/06\/41\/06.jpg","http:\/\/mm.howkuai.com\/wp-content\/uploads\/2014a\/06\/41\/07.jpg"]},{"plaintext":"\u8ff7\u4eba\u5a07\u5a03\uff0c\u6b27\u7f8e\u7f8e\u5973Kenza Fourati","href":"http:\/\/www.meizitu.com\/a\/4288.html","pic_list":["http:\/\/mm.howkuai.com\/wp-content\/uploads\/2014a\/06\/40\/01.jpg","http:\/\/mm.howkuai.com\/wp-content\/uploads\/2014a\/06\/40\/02.jpg","http:\/\/mm.howkuai.com\/wp-content\/uploads\/2014a\/06\/40\/03.jpg","http:\/\/mm.howkuai.com\/wp-content\/uploads\/2014a\/06\/40\/04.jpg","http:\/\/mm.howkuai.com\/wp-content\/uploads\/2014a\/06\/40\/05.jpg","http:\/\/mm.howkuai.com\/wp-content\/uploads\/2014a\/06\/40\/06.jpg","http:\/\/mm.howkuai.com\/wp-content\/uploads\/2014a\/06\/40\/07.jpg","http:\/\/mm.howkuai.com\/wp-content\/uploads\/2014a\/06\/40\/08.jpg"]},{"plaintext":"\u6e05\u51c9\u590f\u5929\uff0c\u6765\u770b\u9752\u6625\u5145\u6ee1\u6d3b\u529b\u7684\u6027\u611f\u59b9\u5b50","href":"http:\/\/www.meizitu.com\/a\/4287.html","pic_list":["http:\/\/mm.howkuai.com\/wp-content\/uploads\/2014a\/06\/39\/01.jpg","http:\/\/mm.howkuai.com\/wp-content\/uploads\/2014a\/06\/39\/02.jpg","http:\/\/mm.howkuai.com\/wp-content\/uploads\/2014a\/06\/39\/03.jpg","http:\/\/mm.howkuai.com\/wp-content\/uploads\/2014a\/06\/39\/04.jpg","http:\/\/mm.howkuai.com\/wp-content\/uploads\/2014a\/06\/39\/05.jpg","http:\/\/mm.howkuai.com\/wp-content\/uploads\/2014a\/06\/39\/06.jpg","http:\/\/mm.howkuai.com\/wp-content\/uploads\/2014a\/06\/39\/07.jpg","http:\/\/mm.howkuai.com\/wp-content\/uploads\/2014a\/06\/39\/08.jpg","http:\/\/mm.howkuai.com\/wp-content\/uploads\/2014a\/06\/39\/09.jpg","http:\/\/mm.howkuai.com\/wp-content\/uploads\/2014a\/06\/39\/10.jpg"]},{"plaintext":"\u98ce\u82b1\u96ea\u6708\uff0cchina girl\u5236\u670d\u7ec4","href":"http:\/\/www.meizitu.com\/a\/4286.html","pic_list":["http:\/\/mm.howkuai.com\/wp-content\/uploads\/2014a\/06\/38\/01.jpg","http:\/\/mm.howkuai.com\/wp-content\/uploads\/2014a\/06\/38\/02.jpg","http:\/\/mm.howkuai.com\/wp-content\/uploads\/2014a\/06\/38\/03.jpg","http:\/\/mm.howkuai.com\/wp-content\/uploads\/2014a\/06\/38\/04.jpg","http:\/\/mm.howkuai.com\/wp-content\/uploads\/2014a\/06\/38\/05.jpg","http:\/\/mm.howkuai.com\/wp-content\/uploads\/2014a\/06\/38\/06.jpg"]},{"plaintext":"\u90bb\u5bb6\u59b9\u59b9\u4e00\u88ad\u957f\u88d9\u9759\u9759\u7684\u7ad9\u5728\u5df7\u5b50\u524d","href":"http:\/\/www.meizitu.com\/a\/4285.html","pic_list":["http:\/\/mm.howkuai.com\/wp-content\/uploads\/2014a\/06\/37\/01.jpg","http:\/\/mm.howkuai.com\/wp-content\/uploads\/2014a\/06\/37\/02.jpg","http:\/\/mm.howkuai.com\/wp-content\/uploads\/2014a\/06\/37\/03.jpg","http:\/\/mm.howkuai.com\/wp-content\/uploads\/2014a\/06\/37\/04.jpg","http:\/\/mm.howkuai.com\/wp-content\/uploads\/2014a\/06\/37\/05.jpg","http:\/\/mm.howkuai.com\/wp-content\/uploads\/2014a\/06\/37\/06.jpg","http:\/\/mm.howkuai.com\/wp-content\/uploads\/2014a\/06\/37\/07.jpg"]},{"plaintext":"[\u6e05\u7eaf\u7f8e\u5973]\u957f\u76f8\u751c\u7f8e\u53ef\u7231\u7684\u5c0f\u5973\u751f","href":"http:\/\/www.meizitu.com\/a\/4284.html","pic_list":["http:\/\/mm.howkuai.com\/wp-content\/uploads\/2014a\/06\/36\/01.jpg","http:\/\/mm.howkuai.com\/wp-content\/uploads\/2014a\/06\/36\/02.jpg","http:\/\/mm.howkuai.com\/wp-content\/uploads\/2014a\/06\/36\/03.jpg","http:\/\/mm.howkuai.com\/wp-content\/uploads\/2014a\/06\/36\/04.jpg","http:\/\/mm.howkuai.com\/wp-content\/uploads\/2014a\/06\/36\/05.jpg","http:\/\/mm.howkuai.com\/wp-content\/uploads\/2014a\/06\/36\/06.jpg"]},{"plaintext":"\u5bcc\u6709\u6fc0\u60c5\u76842014\u4e16\u754c\u676f\u8db3\u7403\u5b9d\u8d1d\u6b23\u8d4f","href":"http:\/\/www.meizitu.com\/a\/4283.html","pic_list":["http:\/\/mm.howkuai.com\/wp-content\/uploads\/2014a\/06\/35\/01.jpg","http:\/\/mm.howkuai.com\/wp-content\/uploads\/2014a\/06\/35\/02.jpg","http:\/\/mm.howkuai.com\/wp-content\/uploads\/2014a\/06\/35\/03.jpg","http:\/\/mm.howkuai.com\/wp-content\/uploads\/2014a\/06\/35\/04.jpg","http:\/\/mm.howkuai.com\/wp-content\/uploads\/2014a\/06\/35\/05.jpg","http:\/\/mm.howkuai.com\/wp-content\/uploads\/2014a\/06\/35\/06.jpg","http:\/\/mm.howkuai.com\/wp-content\/uploads\/2014a\/06\/35\/07.jpg","http:\/\/mm.howkuai.com\/wp-content\/uploads\/2014a\/06\/35\/08.jpg","http:\/\/mm.howkuai.com\/wp-content\/uploads\/2014a\/06\/35\/09.jpg","http:\/\/mm.howkuai.com\/wp-content\/uploads\/2014a\/06\/35\/10.jpg"]},{"plaintext":"\u98d8\u7136\u957f\u53d1\uff0c\u4e1d\u4e1d\u7f15\u7f15\u5e26\u7740\u6027\u611f\u7684\u6b63\u59b9","href":"http:\/\/www.meizitu.com\/a\/4282.html","pic_list":["http:\/\/mm.howkuai.com\/wp-content\/uploads\/2014a\/06\/34\/01.jpg","http:\/\/mm.howkuai.com\/wp-content\/uploads\/2014a\/06\/34\/02.jpg","http:\/\/mm.howkuai.com\/wp-content\/uploads\/2014a\/06\/34\/03.jpg","http:\/\/mm.howkuai.com\/wp-content\/uploads\/2014a\/06\/34\/04.jpg","http:\/\/mm.howkuai.com\/wp-content\/uploads\/2014a\/06\/34\/05.jpg","http:\/\/mm.howkuai.com\/wp-content\/uploads\/2014a\/06\/34\/06.jpg"]},{"plaintext":"[\u5c0f\u6e05\u65b0]\u9047\u5230\u4e86\u6709\u7740\u707f\u70c2\u7b11\u5bb9\u7684\u4f60","href":"http:\/\/www.meizitu.com\/a\/4281.html","pic_list":["http:\/\/mm.howkuai.com\/wp-content\/uploads\/2014a\/06\/33\/01.jpg","http:\/\/mm.howkuai.com\/wp-content\/uploads\/2014a\/06\/33\/02.jpg","http:\/\/mm.howkuai.com\/wp-content\/uploads\/2014a\/06\/33\/03.jpg","http:\/\/mm.howkuai.com\/wp-content\/uploads\/2014a\/06\/33\/04.jpg","http:\/\/mm.howkuai.com\/wp-content\/uploads\/2014a\/06\/33\/05.jpg","http:\/\/mm.howkuai.com\/wp-content\/uploads\/2014a\/06\/33\/06.jpg"]},{"plaintext":"\u6e05\u6f88\u7684\u773c\u775b\uff0c\u90a3\u4e9b\u6e05\u7eaf\u7684\u517b\u773c\u7f8e\u5973\u56fe\u7247\uff08\u4e94\uff09","href":"http:\/\/www.meizitu.com\/a\/4280.html","pic_list":["http:\/\/mm.howkuai.com\/wp-content\/uploads\/2014a\/06\/32\/01.jpg","http:\/\/mm.howkuai.com\/wp-content\/uploads\/2014a\/06\/32\/02.jpg","http:\/\/mm.howkuai.com\/wp-content\/uploads\/2014a\/06\/32\/03.jpg","http:\/\/mm.howkuai.com\/wp-content\/uploads\/2014a\/06\/32\/04.jpg","http:\/\/mm.howkuai.com\/wp-content\/uploads\/2014a\/06\/32\/05.jpg","http:\/\/mm.howkuai.com\/wp-content\/uploads\/2014a\/06\/32\/06.jpg","http:\/\/mm.howkuai.com\/wp-content\/uploads\/2014a\/06\/32\/07.jpg","http:\/\/mm.howkuai.com\/wp-content\/uploads\/2014a\/06\/32\/08.jpg","http:\/\/mm.howkuai.com\/wp-content\/uploads\/2014a\/06\/32\/09.jpg","http:\/\/mm.howkuai.com\/wp-content\/uploads\/2014a\/06\/32\/10.jpg"]},{"plaintext":"\u5973\u4eba\u5982\u6c34\uff0c\u90a3\u4e9b\u6027\u611f\u7684\u4eba\u513f\uff08\u56db\uff09","href":"http:\/\/www.meizitu.com\/a\/4279.html","pic_list":["http:\/\/mm.howkuai.com\/wp-content\/uploads\/2014a\/06\/31\/01.jpg","http:\/\/mm.howkuai.com\/wp-content\/uploads\/2014a\/06\/31\/02.jpg","http:\/\/mm.howkuai.com\/wp-content\/uploads\/2014a\/06\/31\/03.jpg","http:\/\/mm.howkuai.com\/wp-content\/uploads\/2014a\/06\/31\/04.jpg","http:\/\/mm.howkuai.com\/wp-content\/uploads\/2014a\/06\/31\/05.jpg","http:\/\/mm.howkuai.com\/wp-content\/uploads\/2014a\/06\/31\/06.jpg","http:\/\/mm.howkuai.com\/wp-content\/uploads\/2014a\/06\/31\/07.jpg","http:\/\/mm.howkuai.com\/wp-content\/uploads\/2014a\/06\/31\/08.jpg"]},{"plaintext":"\u8eab\u6750\u975e\u5e38\u706b\u8fa3\u7684\u6a21\u7279\u738b\u660e\u660e","href":"http:\/\/www.meizitu.com\/a\/4278.html","pic_list":["http:\/\/mm.howkuai.com\/wp-content\/uploads\/2014a\/06\/30\/01.jpg","http:\/\/mm.howkuai.com\/wp-content\/uploads\/2014a\/06\/30\/02.jpg","http:\/\/mm.howkuai.com\/wp-content\/uploads\/2014a\/06\/30\/03.jpg","http:\/\/mm.howkuai.com\/wp-content\/uploads\/2014a\/06\/30\/04.jpg"]},{"plaintext":"\u753b\u822b\u91cc\u4f0a\u4eba\u8c01\u4f9d\uff0c\u5fd8\u4e0d\u4e86\u4f60\u7684\u5bb9\u989c","href":"http:\/\/www.meizitu.com\/a\/4277.html","pic_list":["http:\/\/mm.howkuai.com\/wp-content\/uploads\/2014a\/06\/29\/01.jpg","http:\/\/mm.howkuai.com\/wp-content\/uploads\/2014a\/06\/29\/02.jpg","http:\/\/mm.howkuai.com\/wp-content\/uploads\/2014a\/06\/29\/03.jpg","http:\/\/mm.howkuai.com\/wp-content\/uploads\/2014a\/06\/29\/04.jpg","http:\/\/mm.howkuai.com\/wp-content\/uploads\/2014a\/06\/29\/05.jpg","http:\/\/mm.howkuai.com\/wp-content\/uploads\/2014a\/06\/29\/06.jpg","http:\/\/mm.howkuai.com\/wp-content\/uploads\/2014a\/06\/29\/07.jpg","http:\/\/mm.howkuai.com\/wp-content\/uploads\/2014a\/06\/29\/08.jpg","http:\/\/mm.howkuai.com\/wp-content\/uploads\/2014a\/06\/29\/09.jpg","http:\/\/mm.howkuai.com\/wp-content\/uploads\/2014a\/06\/29\/10.jpg"]},{"plaintext":"\u8eab\u7a7f\u6027\u611f\u900f\u660e\u9ed1\u4e1d\u7684\u90bb\u5bb6\u59b9\u59b9","href":"http:\/\/www.meizitu.com\/a\/4276.html","pic_list":["http:\/\/mm.howkuai.com\/wp-content\/uploads\/2014a\/06\/28\/01.jpg","http:\/\/mm.howkuai.com\/wp-content\/uploads\/2014a\/06\/28\/02.jpg","http:\/\/mm.howkuai.com\/wp-content\/uploads\/2014a\/06\/28\/03.jpg","http:\/\/mm.howkuai.com\/wp-content\/uploads\/2014a\/06\/28\/04.jpg","http:\/\/mm.howkuai.com\/wp-content\/uploads\/2014a\/06\/28\/05.jpg","http:\/\/mm.howkuai.com\/wp-content\/uploads\/2014a\/06\/28\/06.jpg","http:\/\/mm.howkuai.com\/wp-content\/uploads\/2014a\/06\/28\/07.jpg"]},{"plaintext":"2014\u4e16\u754c\u676f\u8db3\u7403\u5b9d\u8d1d\u590f\u5c0f\u8587","href":"http:\/\/www.meizitu.com\/a\/4275.html","pic_list":["http:\/\/mm.howkuai.com\/wp-content\/uploads\/2014a\/06\/27\/01.jpg","http:\/\/mm.howkuai.com\/wp-content\/uploads\/2014a\/06\/27\/02.jpg","http:\/\/mm.howkuai.com\/wp-content\/uploads\/2014a\/06\/27\/03.jpg","http:\/\/mm.howkuai.com\/wp-content\/uploads\/2014a\/06\/27\/04.jpg","http:\/\/mm.howkuai.com\/wp-content\/uploads\/2014a\/06\/27\/05.jpg","http:\/\/mm.howkuai.com\/wp-content\/uploads\/2014a\/06\/27\/06.jpg"]},{"plaintext":"\u590f\u65e5\u6c99\u6ee9\u4e0a\u7684\u4e00\u9053\u98ce\u666f\u7ebf\uff0c\u5ae9\u6a21nina","href":"http:\/\/www.meizitu.com\/a\/4274.html","pic_list":["http:\/\/mm.howkuai.com\/wp-content\/uploads\/2014a\/06\/26\/01.jpg","http:\/\/mm.howkuai.com\/wp-content\/uploads\/2014a\/06\/26\/02.jpg","http:\/\/mm.howkuai.com\/wp-content\/uploads\/2014a\/06\/26\/03.jpg","http:\/\/mm.howkuai.com\/wp-content\/uploads\/2014a\/06\/26\/04.jpg","http:\/\/mm.howkuai.com\/wp-content\/uploads\/2014a\/06\/26\/05.jpg","http:\/\/mm.howkuai.com\/wp-content\/uploads\/2014a\/06\/26\/06.jpg","http:\/\/mm.howkuai.com\/wp-content\/uploads\/2014a\/06\/26\/07.jpg","http:\/\/mm.howkuai.com\/wp-content\/uploads\/2014a\/06\/26\/08.jpg"]},{"plaintext":"\u7cbe\u81f4\u7ea4\u5de7\u7684\u7f8e\u5973\u6709\u4e00\u53cc\u6027\u611f\u7f8e\u817f","href":"http:\/\/www.meizitu.com\/a\/4273.html","pic_list":["http:\/\/mm.howkuai.com\/wp-content\/uploads\/2014a\/06\/25\/01.jpg","http:\/\/mm.howkuai.com\/wp-content\/uploads\/2014a\/06\/25\/02.jpg","http:\/\/mm.howkuai.com\/wp-content\/uploads\/2014a\/06\/25\/03.jpg","http:\/\/mm.howkuai.com\/wp-content\/uploads\/2014a\/06\/25\/04.jpg","http:\/\/mm.howkuai.com\/wp-content\/uploads\/2014a\/06\/25\/05.jpg"]},{"plaintext":"\u8eab\u6750\u5a07\u5c0f\u7684\u53ef\u7231\u841d\u8389\u6c99\u6ee9\u5199\u771f","href":"http:\/\/www.meizitu.com\/a\/4272.html","pic_list":["http:\/\/mm.howkuai.com\/wp-content\/uploads\/2014a\/06\/24\/01.jpg","http:\/\/mm.howkuai.com\/wp-content\/uploads\/2014a\/06\/24\/02.jpg","http:\/\/mm.howkuai.com\/wp-content\/uploads\/2014a\/06\/24\/03.jpg","http:\/\/mm.howkuai.com\/wp-content\/uploads\/2014a\/06\/24\/04.jpg","http:\/\/mm.howkuai.com\/wp-content\/uploads\/2014a\/06\/24\/05.jpg"]},{"plaintext":"\u6211\u7231\u5403\u897f\u74dc\uff01\u4e0d\u52a0\u4fee\u9970\u7684\u9633\u5149\u5c11\u5973","href":"http:\/\/www.meizitu.com\/a\/4271.html","pic_list":["http:\/\/mm.howkuai.com\/wp-content\/uploads\/2014a\/06\/23\/01.jpg","http:\/\/mm.howkuai.com\/wp-content\/uploads\/2014a\/06\/23\/02.jpg","http:\/\/mm.howkuai.com\/wp-content\/uploads\/2014a\/06\/23\/03.jpg","http:\/\/mm.howkuai.com\/wp-content\/uploads\/2014a\/06\/23\/04.jpg","http:\/\/mm.howkuai.com\/wp-content\/uploads\/2014a\/06\/23\/05.jpg","http:\/\/mm.howkuai.com\/wp-content\/uploads\/2014a\/06\/23\/06.jpg","http:\/\/mm.howkuai.com\/wp-content\/uploads\/2014a\/06\/23\/07.jpg"]},{"plaintext":"\u53ef\u7231\u6027\u611f\u7684\u5e73\u9762\u6a21\u7279\u857e\u62c9","href":"http:\/\/www.meizitu.com\/a\/4270.html","pic_list":["http:\/\/mm.howkuai.com\/wp-content\/uploads\/2014a\/06\/22\/01.jpg","http:\/\/mm.howkuai.com\/wp-content\/uploads\/2014a\/06\/22\/02.jpg","http:\/\/mm.howkuai.com\/wp-content\/uploads\/2014a\/06\/22\/03.jpg","http:\/\/mm.howkuai.com\/wp-content\/uploads\/2014a\/06\/22\/04.jpg","http:\/\/mm.howkuai.com\/wp-content\/uploads\/2014a\/06\/22\/05.jpg","http:\/\/mm.howkuai.com\/wp-content\/uploads\/2014a\/06\/22\/06.jpg"]},{"plaintext":"\u7f8e\u4e3d\u7684\u77ed\u53d1\u5973\u5b69DUDU\uff0c\u773c\u795e\u592a\u7f8e\u4e0d\u6562\u770b","href":"http:\/\/www.meizitu.com\/a\/4269.html","pic_list":["http:\/\/mm.howkuai.com\/wp-content\/uploads\/2014a\/06\/21\/01.jpg","http:\/\/mm.howkuai.com\/wp-content\/uploads\/2014a\/06\/21\/02.jpg","http:\/\/mm.howkuai.com\/wp-content\/uploads\/2014a\/06\/21\/03.jpg","http:\/\/mm.howkuai.com\/wp-content\/uploads\/2014a\/06\/21\/04.jpg","http:\/\/mm.howkuai.com\/wp-content\/uploads\/2014a\/06\/21\/05.jpg","http:\/\/mm.howkuai.com\/wp-content\/uploads\/2014a\/06\/21\/06.jpg","http:\/\/mm.howkuai.com\/wp-content\/uploads\/2014a\/06\/21\/07.jpg","http:\/\/mm.howkuai.com\/wp-content\/uploads\/2014a\/06\/21\/08.jpg"]},{"plaintext":"\u9ad8\u8003\u7684\u840c\u59b9\u5b50\u52a0\u6cb9\u5440","href":"http:\/\/www.meizitu.com\/a\/4268.html","pic_list":["http:\/\/mm.howkuai.com\/wp-content\/uploads\/2014a\/06\/20\/01.jpg","http:\/\/mm.howkuai.com\/wp-content\/uploads\/2014a\/06\/20\/02.jpg","http:\/\/mm.howkuai.com\/wp-content\/uploads\/2014a\/06\/20\/03.jpg","http:\/\/mm.howkuai.com\/wp-content\/uploads\/2014a\/06\/20\/04.jpg","http:\/\/mm.howkuai.com\/wp-content\/uploads\/2014a\/06\/20\/05.jpg"]},{"plaintext":"\u5fc3\u788e\u4e86\u5c31\u6df1\u547c\u5438\uff0c\u6027\u611f\u4f73\u4eba\u5ba4\u5185\u5c0f\u79c1\u623f","href":"http:\/\/www.meizitu.com\/a\/4267.html","pic_list":["http:\/\/mm.howkuai.com\/wp-content\/uploads\/2014a\/06\/19\/01.jpg","http:\/\/mm.howkuai.com\/wp-content\/uploads\/2014a\/06\/19\/02.jpg","http:\/\/mm.howkuai.com\/wp-content\/uploads\/2014a\/06\/19\/03.jpg","http:\/\/mm.howkuai.com\/wp-content\/uploads\/2014a\/06\/19\/04.jpg","http:\/\/mm.howkuai.com\/wp-content\/uploads\/2014a\/06\/19\/05.jpg","http:\/\/mm.howkuai.com\/wp-content\/uploads\/2014a\/06\/19\/06.jpg","http:\/\/mm.howkuai.com\/wp-content\/uploads\/2014a\/06\/19\/07.jpg","http:\/\/mm.howkuai.com\/wp-content\/uploads\/2014a\/06\/19\/08.jpg"]},{"plaintext":"\u8db3\u7403\u5b9d\u8d1d\u4eec\uff0c\u4f60\u4eec\u529b\u633a\u54ea\u652f\u961f\u4f0d","href":"http:\/\/www.meizitu.com\/a\/4266.html","pic_list":["http:\/\/mm.howkuai.com\/wp-content\/uploads\/2014a\/06\/18\/01.jpg","http:\/\/mm.howkuai.com\/wp-content\/uploads\/2014a\/06\/18\/02.jpg","http:\/\/mm.howkuai.com\/wp-content\/uploads\/2014a\/06\/18\/03.jpg","http:\/\/mm.howkuai.com\/wp-content\/uploads\/2014a\/06\/18\/04.jpg","http:\/\/mm.howkuai.com\/wp-content\/uploads\/2014a\/06\/18\/05.jpg","http:\/\/mm.howkuai.com\/wp-content\/uploads\/2014a\/06\/18\/06.jpg"]},{"plaintext":"\u7f8e\u8273\u7684\u753b\u9762\uff0c\u90a3\u4e9b\u6027\u611f\u7684\u4eba\u513f\uff08\u4e09\uff09","href":"http:\/\/www.meizitu.com\/a\/4265.html","pic_list":["http:\/\/mm.howkuai.com\/wp-content\/uploads\/2014a\/06\/17\/01.jpg","http:\/\/mm.howkuai.com\/wp-content\/uploads\/2014a\/06\/17\/02.jpg","http:\/\/mm.howkuai.com\/wp-content\/uploads\/2014a\/06\/17\/03.jpg","http:\/\/mm.howkuai.com\/wp-content\/uploads\/2014a\/06\/17\/04.jpg","http:\/\/mm.howkuai.com\/wp-content\/uploads\/2014a\/06\/17\/05.jpg","http:\/\/mm.howkuai.com\/wp-content\/uploads\/2014a\/06\/17\/06.jpg","http:\/\/mm.howkuai.com\/wp-content\/uploads\/2014a\/06\/17\/07.jpg","http:\/\/mm.howkuai.com\/wp-content\/uploads\/2014a\/06\/17\/08.jpg"]},{"plaintext":"\u6bcf\u4e2a\u5973\u5b69\u90fd\u6709\u5c5e\u4e8e\u81ea\u5df1\u7eaf\u767d\u7684\u68a6","href":"http:\/\/www.meizitu.com\/a\/4264.html","pic_list":["http:\/\/mm.howkuai.com\/wp-content\/uploads\/2014a\/06\/16\/01.jpg","http:\/\/mm.howkuai.com\/wp-content\/uploads\/2014a\/06\/16\/02.jpg","http:\/\/mm.howkuai.com\/wp-content\/uploads\/2014a\/06\/16\/03.jpg","http:\/\/mm.howkuai.com\/wp-content\/uploads\/2014a\/06\/16\/04.jpg","http:\/\/mm.howkuai.com\/wp-content\/uploads\/2014a\/06\/16\/05.jpg"]}]