[{"plaintext":"\u5c0f\u8288\u6708\u5218\u695a\u606c\u53c8\u51fa\u840c\u7167\uff0c\u8d85\u53ef\u7231","href":"http:\/\/www.meizitu.com\/a\/5266.html","pic_list":["http:\/\/mm.howkuai.com\/wp-content\/uploads\/2016a\/01\/03\/01.jpg","http:\/\/mm.howkuai.com\/wp-content\/uploads\/2016a\/01\/03\/02.jpg","http:\/\/mm.howkuai.com\/wp-content\/uploads\/2016a\/01\/03\/03.jpg","http:\/\/mm.howkuai.com\/wp-content\/uploads\/2016a\/01\/03\/04.jpg","http:\/\/mm.howkuai.com\/wp-content\/uploads\/2016a\/01\/03\/05.jpg","http:\/\/mm.howkuai.com\/wp-content\/uploads\/2016a\/01\/03\/06.jpg","http:\/\/mm.howkuai.com\/wp-content\/uploads\/2016a\/01\/03\/07.jpg","http:\/\/mm.howkuai.com\/wp-content\/uploads\/2016a\/01\/03\/08.jpg","http:\/\/mm.howkuai.com\/wp-content\/uploads\/2016a\/01\/03\/09.jpg"]},{"plaintext":"\u65f6\u5c1a\u7f8e\u5973\u7684\u8fd0\u52a8\u8303\uff0c\u5c0f\u86ee\u8170\u7fd8\u81c0\u6837\u6837\u90fd\u6709","href":"http:\/\/www.meizitu.com\/a\/5265.html","pic_list":["http:\/\/mm.howkuai.com\/wp-content\/uploads\/2016a\/01\/02\/01.jpg","http:\/\/mm.howkuai.com\/wp-content\/uploads\/2016a\/01\/02\/02.jpg","http:\/\/mm.howkuai.com\/wp-content\/uploads\/2016a\/01\/02\/03.jpg","http:\/\/mm.howkuai.com\/wp-content\/uploads\/2016a\/01\/02\/04.jpg","http:\/\/mm.howkuai.com\/wp-content\/uploads\/2016a\/01\/02\/05.jpg","http:\/\/mm.howkuai.com\/wp-content\/uploads\/2016a\/01\/02\/06.jpg","http:\/\/mm.howkuai.com\/wp-content\/uploads\/2016a\/01\/02\/07.jpg"]},{"plaintext":"\u62e5\u6709\u5065\u5eb7\u80a4\u8272\u7684\u6a21\u7279\u5728\u5c9b\u4e0a\u6bd4\u57fa\u5c3c\u5199\u771f","href":"http:\/\/www.meizitu.com\/a\/5264.html","pic_list":["http:\/\/mm.howkuai.com\/wp-content\/uploads\/2016a\/01\/01\/01.jpg","http:\/\/mm.howkuai.com\/wp-content\/uploads\/2016a\/01\/01\/02.jpg","http:\/\/mm.howkuai.com\/wp-content\/uploads\/2016a\/01\/01\/03.jpg","http:\/\/mm.howkuai.com\/wp-content\/uploads\/2016a\/01\/01\/04.jpg","http:\/\/mm.howkuai.com\/wp-content\/uploads\/2016a\/01\/01\/05.jpg","http:\/\/mm.howkuai.com\/wp-content\/uploads\/2016a\/01\/01\/06.jpg","http:\/\/mm.howkuai.com\/wp-content\/uploads\/2016a\/01\/01\/07.jpg","http:\/\/mm.howkuai.com\/wp-content\/uploads\/2016a\/01\/01\/08.jpg","http:\/\/mm.howkuai.com\/wp-content\/uploads\/2016a\/01\/01\/09.jpg"]},{"plaintext":"\u5f53\u9633\u5149\u6d12\u5728\u4f60\u8eab\u4e0a\uff0c\u6210\u4e3a\u540e\u82b1\u56ed\u4e2d\u7684\u65d6\u65ce\u98ce\u5149","href":"http:\/\/www.meizitu.com\/a\/5263.html","pic_list":["http:\/\/mm.howkuai.com\/wp-content\/uploads\/2015a\/12\/28\/01.jpg","http:\/\/mm.howkuai.com\/wp-content\/uploads\/2015a\/12\/28\/02.jpg","http:\/\/mm.howkuai.com\/wp-content\/uploads\/2015a\/12\/28\/03.jpg","http:\/\/mm.howkuai.com\/wp-content\/uploads\/2015a\/12\/28\/04.jpg","http:\/\/mm.howkuai.com\/wp-content\/uploads\/2015a\/12\/28\/05.jpg","http:\/\/mm.howkuai.com\/wp-content\/uploads\/2015a\/12\/28\/06.jpg","http:\/\/mm.howkuai.com\/wp-content\/uploads\/2015a\/12\/28\/07.jpg"]},{"plaintext":"\u5feb\u4e50\u7684\u5c0f\u4f19\u4f34\uff0c\u5c11\u5973\u767b\u767b\u4e0e\u5c0f\u732b\u7b28\u7b28","href":"http:\/\/www.meizitu.com\/a\/5262.html","pic_list":["http:\/\/mm.howkuai.com\/wp-content\/uploads\/2015a\/12\/27\/01.jpg","http:\/\/mm.howkuai.com\/wp-content\/uploads\/2015a\/12\/27\/02.jpg","http:\/\/mm.howkuai.com\/wp-content\/uploads\/2015a\/12\/27\/03.jpg","http:\/\/mm.howkuai.com\/wp-content\/uploads\/2015a\/12\/27\/04.jpg","http:\/\/mm.howkuai.com\/wp-content\/uploads\/2015a\/12\/27\/05.jpg","http:\/\/mm.howkuai.com\/wp-content\/uploads\/2015a\/12\/27\/06.jpg","http:\/\/mm.howkuai.com\/wp-content\/uploads\/2015a\/12\/27\/07.jpg","http:\/\/mm.howkuai.com\/wp-content\/uploads\/2015a\/12\/27\/08.jpg"]},{"plaintext":"\u989c\u503c\u8d85\u9ad8\u7684\u6a21\u7279\uff0c\u5b89\u9759\u7eaf\u7f8e\u6709\u5473\u9053","href":"http:\/\/www.meizitu.com\/a\/5261.html","pic_list":["http:\/\/mm.howkuai.com\/wp-content\/uploads\/2015a\/12\/26\/01.jpg","http:\/\/mm.howkuai.com\/wp-content\/uploads\/2015a\/12\/26\/02.jpg","http:\/\/mm.howkuai.com\/wp-content\/uploads\/2015a\/12\/26\/03.jpg","http:\/\/mm.howkuai.com\/wp-content\/uploads\/2015a\/12\/26\/04.jpg","http:\/\/mm.howkuai.com\/wp-content\/uploads\/2015a\/12\/26\/05.jpg","http:\/\/mm.howkuai.com\/wp-content\/uploads\/2015a\/12\/26\/06.jpg","http:\/\/mm.howkuai.com\/wp-content\/uploads\/2015a\/12\/26\/07.jpg"]},{"plaintext":"\u770b\u5230\u4f60\u5c31\u5feb\u4e50\uff0c\u6f02\u4eae\u7684\u5723\u8bde\u8282\u5973\u5b69","href":"http:\/\/www.meizitu.com\/a\/5260.html","pic_list":["http:\/\/mm.howkuai.com\/wp-content\/uploads\/2015a\/12\/25\/01.jpg","http:\/\/mm.howkuai.com\/wp-content\/uploads\/2015a\/12\/25\/02.jpg","http:\/\/mm.howkuai.com\/wp-content\/uploads\/2015a\/12\/25\/03.jpg","http:\/\/mm.howkuai.com\/wp-content\/uploads\/2015a\/12\/25\/04.jpg","http:\/\/mm.howkuai.com\/wp-content\/uploads\/2015a\/12\/25\/05.jpg","http:\/\/mm.howkuai.com\/wp-content\/uploads\/2015a\/12\/25\/06.jpg","http:\/\/mm.howkuai.com\/wp-content\/uploads\/2015a\/12\/25\/07.jpg"]},{"plaintext":"\u7231\u7a7f\u6bdb\u8863\u7684\u5973\u795e\uff0c\u8c2d\u6e58\u541b\u306e\u5199\u771f\u96c6","href":"http:\/\/www.meizitu.com\/a\/5259.html","pic_list":["http:\/\/mm.howkuai.com\/wp-content\/uploads\/2015a\/12\/24\/01.jpg","http:\/\/mm.howkuai.com\/wp-content\/uploads\/2015a\/12\/24\/02.jpg","http:\/\/mm.howkuai.com\/wp-content\/uploads\/2015a\/12\/24\/03.jpg","http:\/\/mm.howkuai.com\/wp-content\/uploads\/2015a\/12\/24\/04.jpg","http:\/\/mm.howkuai.com\/wp-content\/uploads\/2015a\/12\/24\/05.jpg","http:\/\/mm.howkuai.com\/wp-content\/uploads\/2015a\/12\/24\/06.jpg","http:\/\/mm.howkuai.com\/wp-content\/uploads\/2015a\/12\/24\/07.jpg","http:\/\/mm.howkuai.com\/wp-content\/uploads\/2015a\/12\/24\/08.jpg","http:\/\/mm.howkuai.com\/wp-content\/uploads\/2015a\/12\/24\/09.jpg"]},{"plaintext":"\u6bcf\u5468\u4e00\u6b21\u64b8\u70b9\u56fe\uff0c\u603b\u6709\u4f60\u7684\u83dc","href":"http:\/\/www.meizitu.com\/a\/5257.html","pic_list":["http:\/\/mm.howkuai.com\/wp-content\/uploads\/2015a\/12\/22\/01.jpg","http:\/\/mm.howkuai.com\/wp-content\/uploads\/2015a\/12\/22\/02.jpg","http:\/\/mm.howkuai.com\/wp-content\/uploads\/2015a\/12\/22\/03.jpg","http:\/\/mm.howkuai.com\/wp-content\/uploads\/2015a\/12\/22\/04.jpg","http:\/\/mm.howkuai.com\/wp-content\/uploads\/2015a\/12\/22\/05.jpg","http:\/\/mm.howkuai.com\/wp-content\/uploads\/2015a\/12\/22\/06.jpg","http:\/\/mm.howkuai.com\/wp-content\/uploads\/2015a\/12\/22\/07.jpg","http:\/\/mm.howkuai.com\/wp-content\/uploads\/2015a\/12\/22\/08.jpg","http:\/\/mm.howkuai.com\/wp-content\/uploads\/2015a\/12\/22\/09.jpg"]},{"plaintext":"\u65e5\u672c\u65b0\u751f\u4ee3\u4eba\u6c14\u5076\u50cf\u4f50\u91ce\u96cf\u5b50\u6e05\u7eaf\u56fe\u7247\u96c6","href":"http:\/\/www.meizitu.com\/a\/5256.html","pic_list":["http:\/\/mm.howkuai.com\/wp-content\/uploads\/2015a\/12\/21\/01.jpg","http:\/\/mm.howkuai.com\/wp-content\/uploads\/2015a\/12\/21\/02.jpg","http:\/\/mm.howkuai.com\/wp-content\/uploads\/2015a\/12\/21\/03.jpg","http:\/\/mm.howkuai.com\/wp-content\/uploads\/2015a\/12\/21\/04.jpg","http:\/\/mm.howkuai.com\/wp-content\/uploads\/2015a\/12\/21\/05.jpg","http:\/\/mm.howkuai.com\/wp-content\/uploads\/2015a\/12\/21\/06.jpg","http:\/\/mm.howkuai.com\/wp-content\/uploads\/2015a\/12\/21\/07.jpg","http:\/\/mm.howkuai.com\/wp-content\/uploads\/2015a\/12\/21\/08.jpg","http:\/\/mm.howkuai.com\/wp-content\/uploads\/2015a\/12\/21\/09.jpg"]},{"plaintext":"\u773c\u795e\u6740\u4f24\u529b\u592a\u5927\uff0c\u8f66\u6a21\u5434\u4e39\u6cf3\u6c60\u8fb9\u5199\u771f","href":"http:\/\/www.meizitu.com\/a\/5255.html","pic_list":["http:\/\/mm.howkuai.com\/wp-content\/uploads\/2015a\/12\/20\/01.jpg","http:\/\/mm.howkuai.com\/wp-content\/uploads\/2015a\/12\/20\/02.jpg","http:\/\/mm.howkuai.com\/wp-content\/uploads\/2015a\/12\/20\/03.jpg","http:\/\/mm.howkuai.com\/wp-content\/uploads\/2015a\/12\/20\/04.jpg","http:\/\/mm.howkuai.com\/wp-content\/uploads\/2015a\/12\/20\/05.jpg","http:\/\/mm.howkuai.com\/wp-content\/uploads\/2015a\/12\/20\/06.jpg"]},{"plaintext":"\u4e3b\u8981\u770b\u6c14\u8d28\uff0c\u90a3\u4e9b\u6e05\u7eaf\u7684\u59b9\u5b50\u300a21\u300b","href":"http:\/\/www.meizitu.com\/a\/5254.html","pic_list":["http:\/\/mm.howkuai.com\/wp-content\/uploads\/2015a\/12\/19\/01.jpg","http:\/\/mm.howkuai.com\/wp-content\/uploads\/2015a\/12\/19\/02.jpg","http:\/\/mm.howkuai.com\/wp-content\/uploads\/2015a\/12\/19\/03.jpg","http:\/\/mm.howkuai.com\/wp-content\/uploads\/2015a\/12\/19\/04.jpg","http:\/\/mm.howkuai.com\/wp-content\/uploads\/2015a\/12\/19\/05.jpg","http:\/\/mm.howkuai.com\/wp-content\/uploads\/2015a\/12\/19\/06.jpg","http:\/\/mm.howkuai.com\/wp-content\/uploads\/2015a\/12\/19\/07.jpg","http:\/\/mm.howkuai.com\/wp-content\/uploads\/2015a\/12\/19\/08.jpg","http:\/\/mm.howkuai.com\/wp-content\/uploads\/2015a\/12\/19\/09.jpg","http:\/\/mm.howkuai.com\/wp-content\/uploads\/2015a\/12\/19\/10.jpg"]},{"plaintext":"\u9897\u7c92\u5e26\u6765\u7684\u6027\u611f\uff0c\u6a21\u7279\u8587\u62c9\u8d1d\u513f\u5199\u771f","href":"http:\/\/www.meizitu.com\/a\/5253.html","pic_list":["http:\/\/mm.howkuai.com\/wp-content\/uploads\/2015a\/12\/18\/01.jpg","http:\/\/mm.howkuai.com\/wp-content\/uploads\/2015a\/12\/18\/02.jpg","http:\/\/mm.howkuai.com\/wp-content\/uploads\/2015a\/12\/18\/03.jpg","http:\/\/mm.howkuai.com\/wp-content\/uploads\/2015a\/12\/18\/04.jpg","http:\/\/mm.howkuai.com\/wp-content\/uploads\/2015a\/12\/18\/05.jpg"]},{"plaintext":"\u8c01\u662f\u8fd9\u957f\u53d1\u5973\u5b69\u5fc3\u4e2d\u7684\u767d\u9a6c\u738b\u5b50","href":"http:\/\/www.meizitu.com\/a\/5252.html","pic_list":["http:\/\/mm.howkuai.com\/wp-content\/uploads\/2015a\/12\/17\/01.jpg","http:\/\/mm.howkuai.com\/wp-content\/uploads\/2015a\/12\/17\/02.jpg","http:\/\/mm.howkuai.com\/wp-content\/uploads\/2015a\/12\/17\/03.jpg","http:\/\/mm.howkuai.com\/wp-content\/uploads\/2015a\/12\/17\/04.jpg","http:\/\/mm.howkuai.com\/wp-content\/uploads\/2015a\/12\/17\/05.jpg","http:\/\/mm.howkuai.com\/wp-content\/uploads\/2015a\/12\/17\/06.jpg","http:\/\/mm.howkuai.com\/wp-content\/uploads\/2015a\/12\/17\/07.jpg","http:\/\/mm.howkuai.com\/wp-content\/uploads\/2015a\/12\/17\/08.jpg","http:\/\/mm.howkuai.com\/wp-content\/uploads\/2015a\/12\/17\/09.jpg","http:\/\/mm.howkuai.com\/wp-content\/uploads\/2015a\/12\/17\/10.jpg"]},{"plaintext":"\u5236\u670d\u59b9\u7eb8\u6697\u85cf\u4e00\u9897\u9a7f\u52a8\u7684\u5fc3","href":"http:\/\/www.meizitu.com\/a\/5251.html","pic_list":["http:\/\/mm.howkuai.com\/wp-content\/uploads\/2015a\/12\/16\/01.jpg","http:\/\/mm.howkuai.com\/wp-content\/uploads\/2015a\/12\/16\/02.jpg","http:\/\/mm.howkuai.com\/wp-content\/uploads\/2015a\/12\/16\/03.jpg","http:\/\/mm.howkuai.com\/wp-content\/uploads\/2015a\/12\/16\/04.jpg","http:\/\/mm.howkuai.com\/wp-content\/uploads\/2015a\/12\/16\/05.jpg","http:\/\/mm.howkuai.com\/wp-content\/uploads\/2015a\/12\/16\/06.jpg","http:\/\/mm.howkuai.com\/wp-content\/uploads\/2015a\/12\/16\/07.jpg","http:\/\/mm.howkuai.com\/wp-content\/uploads\/2015a\/12\/16\/08.jpg","http:\/\/mm.howkuai.com\/wp-content\/uploads\/2015a\/12\/16\/09.jpg"]},{"plaintext":"\u5728\u5bd2\u51b7\u51ac\u5b63\u70ed\u5496\u5561\u4e0e\u7f8e\u5973\u66f4\u914d\u54e6","href":"http:\/\/www.meizitu.com\/a\/5250.html","pic_list":["http:\/\/mm.howkuai.com\/wp-content\/uploads\/2015a\/12\/15\/01.jpg","http:\/\/mm.howkuai.com\/wp-content\/uploads\/2015a\/12\/15\/02.jpg","http:\/\/mm.howkuai.com\/wp-content\/uploads\/2015a\/12\/15\/03.jpg","http:\/\/mm.howkuai.com\/wp-content\/uploads\/2015a\/12\/15\/04.jpg","http:\/\/mm.howkuai.com\/wp-content\/uploads\/2015a\/12\/15\/05.jpg","http:\/\/mm.howkuai.com\/wp-content\/uploads\/2015a\/12\/15\/06.jpg","http:\/\/mm.howkuai.com\/wp-content\/uploads\/2015a\/12\/15\/07.jpg"]},{"plaintext":"\u4e2a\u4e2a\u6709\u6599\uff0c\u9ad8\u6e05\u7f8e\u5973\u5408\u96c6","href":"http:\/\/www.meizitu.com\/a\/5249.html","pic_list":["http:\/\/mm.howkuai.com\/wp-content\/uploads\/2015a\/12\/14\/01.jpg","http:\/\/mm.howkuai.com\/wp-content\/uploads\/2015a\/12\/14\/02.jpg","http:\/\/mm.howkuai.com\/wp-content\/uploads\/2015a\/12\/14\/03.jpg","http:\/\/mm.howkuai.com\/wp-content\/uploads\/2015a\/12\/14\/04.jpg","http:\/\/mm.howkuai.com\/wp-content\/uploads\/2015a\/12\/14\/05.jpg","http:\/\/mm.howkuai.com\/wp-content\/uploads\/2015a\/12\/14\/06.jpg","http:\/\/mm.howkuai.com\/wp-content\/uploads\/2015a\/12\/14\/07.jpg","http:\/\/mm.howkuai.com\/wp-content\/uploads\/2015a\/12\/14\/08.jpg","http:\/\/mm.howkuai.com\/wp-content\/uploads\/2015a\/12\/14\/09.jpg"]},{"plaintext":"\u5a07\u5ae9\u4e30\u76c8\uff0c\u5a40\u5a1c\u5c0f\u86ee\u8170\u7ec4\u56fe\u6b23\u8d4f","href":"http:\/\/www.meizitu.com\/a\/5248.html","pic_list":["http:\/\/mm.howkuai.com\/wp-content\/uploads\/2015a\/12\/13\/01.jpg","http:\/\/mm.howkuai.com\/wp-content\/uploads\/2015a\/12\/13\/02.jpg","http:\/\/mm.howkuai.com\/wp-content\/uploads\/2015a\/12\/13\/03.jpg","http:\/\/mm.howkuai.com\/wp-content\/uploads\/2015a\/12\/13\/04.jpg","http:\/\/mm.howkuai.com\/wp-content\/uploads\/2015a\/12\/13\/05.jpg","http:\/\/mm.howkuai.com\/wp-content\/uploads\/2015a\/12\/13\/06.jpg","http:\/\/mm.howkuai.com\/wp-content\/uploads\/2015a\/12\/13\/07.jpg","http:\/\/mm.howkuai.com\/wp-content\/uploads\/2015a\/12\/13\/08.jpg","http:\/\/mm.howkuai.com\/wp-content\/uploads\/2015a\/12\/13\/09.jpg"]},{"plaintext":"\u5065\u8eab\u623f\u91cc\u7684\u9633\u5149\u6e05\u7eaf\u5973\u5b69","href":"http:\/\/www.meizitu.com\/a\/5247.html","pic_list":["http:\/\/mm.howkuai.com\/wp-content\/uploads\/2015a\/12\/12\/01.jpg","http:\/\/mm.howkuai.com\/wp-content\/uploads\/2015a\/12\/12\/02.jpg","http:\/\/mm.howkuai.com\/wp-content\/uploads\/2015a\/12\/12\/03.jpg","http:\/\/mm.howkuai.com\/wp-content\/uploads\/2015a\/12\/12\/04.jpg","http:\/\/mm.howkuai.com\/wp-content\/uploads\/2015a\/12\/12\/05.jpg","http:\/\/mm.howkuai.com\/wp-content\/uploads\/2015a\/12\/12\/06.jpg"]},{"plaintext":"\u840c\u7206\u4e86\uff0c\u8f6f\u59b9\u5b50\u6f14\u7ece\u82b1\u59ec","href":"http:\/\/www.meizitu.com\/a\/5246.html","pic_list":["http:\/\/mm.howkuai.com\/wp-content\/uploads\/2015a\/12\/11\/01.jpg","http:\/\/mm.howkuai.com\/wp-content\/uploads\/2015a\/12\/11\/02.jpg","http:\/\/mm.howkuai.com\/wp-content\/uploads\/2015a\/12\/11\/03.jpg","http:\/\/mm.howkuai.com\/wp-content\/uploads\/2015a\/12\/11\/04.jpg","http:\/\/mm.howkuai.com\/wp-content\/uploads\/2015a\/12\/11\/05.jpg","http:\/\/mm.howkuai.com\/wp-content\/uploads\/2015a\/12\/11\/06.jpg"]},{"plaintext":"\u559c\u6b22\u6258\u7740\u816e\u5e2e\u5b50\u5fae\u7b11\u7684\u77ed\u53d1\u5973\u5b69","href":"http:\/\/www.meizitu.com\/a\/5245.html","pic_list":["http:\/\/mm.howkuai.com\/wp-content\/uploads\/2015a\/12\/10\/01.jpg","http:\/\/mm.howkuai.com\/wp-content\/uploads\/2015a\/12\/10\/02.jpg","http:\/\/mm.howkuai.com\/wp-content\/uploads\/2015a\/12\/10\/03.jpg","http:\/\/mm.howkuai.com\/wp-content\/uploads\/2015a\/12\/10\/04.jpg","http:\/\/mm.howkuai.com\/wp-content\/uploads\/2015a\/12\/10\/05.jpg","http:\/\/mm.howkuai.com\/wp-content\/uploads\/2015a\/12\/10\/06.jpg","http:\/\/mm.howkuai.com\/wp-content\/uploads\/2015a\/12\/10\/07.jpg","http:\/\/mm.howkuai.com\/wp-content\/uploads\/2015a\/12\/10\/08.jpg"]},{"plaintext":"\u522b\u628a\u60c5\u8272\u4e0d\u5f53\u827a\u672f \u522b\u628a\u9ed1\u767d\u4e0d\u5f53\u6027\u611f","href":"http:\/\/www.meizitu.com\/a\/5243.html","pic_list":["http:\/\/mm.howkuai.com\/wp-content\/uploads\/2015a\/12\/08\/01.jpg","http:\/\/mm.howkuai.com\/wp-content\/uploads\/2015a\/12\/08\/02.jpg","http:\/\/mm.howkuai.com\/wp-content\/uploads\/2015a\/12\/08\/03.jpg","http:\/\/mm.howkuai.com\/wp-content\/uploads\/2015a\/12\/08\/04.jpg","http:\/\/mm.howkuai.com\/wp-content\/uploads\/2015a\/12\/08\/05.jpg","http:\/\/mm.howkuai.com\/wp-content\/uploads\/2015a\/12\/08\/06.jpg","http:\/\/mm.howkuai.com\/wp-content\/uploads\/2015a\/12\/08\/07.jpg","http:\/\/mm.howkuai.com\/wp-content\/uploads\/2015a\/12\/08\/08.jpg"]},{"plaintext":"\u5feb\u4e50\u9752\u6625\u5c0f\u65f6\u5149\uff0c\u957f\u817f\u5b66\u59b9\u6821\u56ed\u968f\u62cd","href":"http:\/\/www.meizitu.com\/a\/5241.html","pic_list":["http:\/\/mm.howkuai.com\/wp-content\/uploads\/2015a\/12\/07\/01.jpg","http:\/\/mm.howkuai.com\/wp-content\/uploads\/2015a\/12\/07\/02.jpg","http:\/\/mm.howkuai.com\/wp-content\/uploads\/2015a\/12\/07\/03.jpg","http:\/\/mm.howkuai.com\/wp-content\/uploads\/2015a\/12\/07\/04.jpg","http:\/\/mm.howkuai.com\/wp-content\/uploads\/2015a\/12\/07\/05.jpg","http:\/\/mm.howkuai.com\/wp-content\/uploads\/2015a\/12\/07\/06.jpg","http:\/\/mm.howkuai.com\/wp-content\/uploads\/2015a\/12\/07\/07.jpg","http:\/\/mm.howkuai.com\/wp-content\/uploads\/2015a\/12\/07\/08.jpg","http:\/\/mm.howkuai.com\/wp-content\/uploads\/2015a\/12\/07\/09.jpg","http:\/\/mm.howkuai.com\/wp-content\/uploads\/2015a\/12\/07\/10.jpg"]},{"plaintext":"\u5b89\u9759\u7eaf\u7f8e\u5c0f\u79c1\u623f\uff0c\u5c06\u6211\u5fc3\u513f\u90fd\u878d\u5316","href":"http:\/\/www.meizitu.com\/a\/5240.html","pic_list":["http:\/\/mm.howkuai.com\/wp-content\/uploads\/2015a\/12\/06\/01.jpg","http:\/\/mm.howkuai.com\/wp-content\/uploads\/2015a\/12\/06\/02.jpg","http:\/\/mm.howkuai.com\/wp-content\/uploads\/2015a\/12\/06\/03.jpg","http:\/\/mm.howkuai.com\/wp-content\/uploads\/2015a\/12\/06\/04.jpg","http:\/\/mm.howkuai.com\/wp-content\/uploads\/2015a\/12\/06\/05.jpg","http:\/\/mm.howkuai.com\/wp-content\/uploads\/2015a\/12\/06\/06.jpg","http:\/\/mm.howkuai.com\/wp-content\/uploads\/2015a\/12\/06\/07.jpg","http:\/\/mm.howkuai.com\/wp-content\/uploads\/2015a\/12\/06\/08.jpg","http:\/\/mm.howkuai.com\/wp-content\/uploads\/2015a\/12\/06\/09.jpg","http:\/\/mm.howkuai.com\/wp-content\/uploads\/2015a\/12\/06\/10.jpg"]},{"plaintext":"\u6700\u6e29\u6696\u4e0d\u8fc7\u4f60\u7684\u5fae\u7b11 \u90a3\u4e2a\u660e\u6717\u7684\u5c11\u5973","href":"http:\/\/www.meizitu.com\/a\/5239.html","pic_list":["http:\/\/mm.howkuai.com\/wp-content\/uploads\/2015a\/12\/05\/01.jpg","http:\/\/mm.howkuai.com\/wp-content\/uploads\/2015a\/12\/05\/02.jpg","http:\/\/mm.howkuai.com\/wp-content\/uploads\/2015a\/12\/05\/03.jpg","http:\/\/mm.howkuai.com\/wp-content\/uploads\/2015a\/12\/05\/04.jpg","http:\/\/mm.howkuai.com\/wp-content\/uploads\/2015a\/12\/05\/05.jpg","http:\/\/mm.howkuai.com\/wp-content\/uploads\/2015a\/12\/05\/06.jpg","http:\/\/mm.howkuai.com\/wp-content\/uploads\/2015a\/12\/05\/07.jpg","http:\/\/mm.howkuai.com\/wp-content\/uploads\/2015a\/12\/05\/08.jpg"]},{"plaintext":"\u4e00\u7ec4\u6765\u81ea\u7f51\u7edc\u7684\u59b9\u5b50\u7f8e\u56fe","href":"http:\/\/www.meizitu.com\/a\/5238.html","pic_list":["http:\/\/mm.howkuai.com\/wp-content\/uploads\/2015a\/12\/04\/01.jpg","http:\/\/mm.howkuai.com\/wp-content\/uploads\/2015a\/12\/04\/02.jpg","http:\/\/mm.howkuai.com\/wp-content\/uploads\/2015a\/12\/04\/03.jpg","http:\/\/mm.howkuai.com\/wp-content\/uploads\/2015a\/12\/04\/04.jpg","http:\/\/mm.howkuai.com\/wp-content\/uploads\/2015a\/12\/04\/05.jpg","http:\/\/mm.howkuai.com\/wp-content\/uploads\/2015a\/12\/04\/06.jpg","http:\/\/mm.howkuai.com\/wp-content\/uploads\/2015a\/12\/04\/07.jpg","http:\/\/mm.howkuai.com\/wp-content\/uploads\/2015a\/12\/04\/08.jpg","http:\/\/mm.howkuai.com\/wp-content\/uploads\/2015a\/12\/04\/09.jpg","http:\/\/mm.howkuai.com\/wp-content\/uploads\/2015a\/12\/04\/10.jpg"]},{"plaintext":"\u9ec4\u660f\u540e\uff0c\u5145\u6ee1\u5f02\u57df\u98ce\u60c5\u7684\u5199\u771f","href":"http:\/\/www.meizitu.com\/a\/5236.html","pic_list":["http:\/\/mm.howkuai.com\/wp-content\/uploads\/2015a\/12\/02\/01.jpg","http:\/\/mm.howkuai.com\/wp-content\/uploads\/2015a\/12\/02\/02.jpg","http:\/\/mm.howkuai.com\/wp-content\/uploads\/2015a\/12\/02\/03.jpg","http:\/\/mm.howkuai.com\/wp-content\/uploads\/2015a\/12\/02\/04.jpg","http:\/\/mm.howkuai.com\/wp-content\/uploads\/2015a\/12\/02\/05.jpg","http:\/\/mm.howkuai.com\/wp-content\/uploads\/2015a\/12\/02\/06.jpg","http:\/\/mm.howkuai.com\/wp-content\/uploads\/2015a\/12\/02\/07.jpg","http:\/\/mm.howkuai.com\/wp-content\/uploads\/2015a\/12\/02\/08.jpg"]}]