[{"plaintext":"\u7b80\u76f4\u840c\u7ffb\u4e86\uff0c\u6cf3\u6c60\u4e2d\u7684\u53ef\u7231\u5c11\u5973","href":"http:\/\/www.meizitu.com\/a\/5478.html","pic_list":["http:\/\/mm.howkuai.com\/wp-content\/uploads\/2016a\/09\/02\/01.jpg","http:\/\/mm.howkuai.com\/wp-content\/uploads\/2016a\/09\/02\/02.jpg","http:\/\/mm.howkuai.com\/wp-content\/uploads\/2016a\/09\/02\/03.jpg","http:\/\/mm.howkuai.com\/wp-content\/uploads\/2016a\/09\/02\/04.jpg","http:\/\/mm.howkuai.com\/wp-content\/uploads\/2016a\/09\/02\/05.jpg","http:\/\/mm.howkuai.com\/wp-content\/uploads\/2016a\/09\/02\/06.jpg","http:\/\/mm.howkuai.com\/wp-content\/uploads\/2016a\/09\/02\/07.jpg","http:\/\/mm.howkuai.com\/wp-content\/uploads\/2016a\/09\/02\/08.jpg"]},{"plaintext":"\u4f53\u64cd\u670d\uff0c\u4e0b\u8bfe\u540e\uff0c\u6765\u4e00\u53d1","href":"http:\/\/www.meizitu.com\/a\/5477.html","pic_list":["http:\/\/mm.howkuai.com\/wp-content\/uploads\/2016a\/09\/01\/01.jpg","http:\/\/mm.howkuai.com\/wp-content\/uploads\/2016a\/09\/01\/02.jpg","http:\/\/mm.howkuai.com\/wp-content\/uploads\/2016a\/09\/01\/03.jpg","http:\/\/mm.howkuai.com\/wp-content\/uploads\/2016a\/09\/01\/04.jpg","http:\/\/mm.howkuai.com\/wp-content\/uploads\/2016a\/09\/01\/05.jpg","http:\/\/mm.howkuai.com\/wp-content\/uploads\/2016a\/09\/01\/06.jpg"]},{"plaintext":"\u7b80\u76f4\u8fa3\u773c\u775b\uff0c\u6765\u4e00\u53d1\u5468\u672b\u798f\u5229\u56fe","href":"http:\/\/www.meizitu.com\/a\/5476.html","pic_list":["http:\/\/mm.howkuai.com\/wp-content\/uploads\/2016a\/08\/31\/01.jpg","http:\/\/mm.howkuai.com\/wp-content\/uploads\/2016a\/08\/31\/02.jpg","http:\/\/mm.howkuai.com\/wp-content\/uploads\/2016a\/08\/31\/03.jpg","http:\/\/mm.howkuai.com\/wp-content\/uploads\/2016a\/08\/31\/04.jpg","http:\/\/mm.howkuai.com\/wp-content\/uploads\/2016a\/08\/31\/05.jpg","http:\/\/mm.howkuai.com\/wp-content\/uploads\/2016a\/08\/31\/06.jpg","http:\/\/mm.howkuai.com\/wp-content\/uploads\/2016a\/08\/31\/07.jpg","http:\/\/mm.howkuai.com\/wp-content\/uploads\/2016a\/08\/31\/08.jpg","http:\/\/mm.howkuai.com\/wp-content\/uploads\/2016a\/08\/31\/09.jpg","http:\/\/mm.howkuai.com\/wp-content\/uploads\/2016a\/08\/31\/10.jpg","http:\/\/mm.howkuai.com\/wp-content\/uploads\/2016a\/08\/31\/11.jpg","http:\/\/mm.howkuai.com\/wp-content\/uploads\/2016a\/08\/31\/12.jpg"]},{"plaintext":"\u6cf3\u6c60\u5185\u7684\u82b1\u5b63\u5c11\u5973\u6765\u4e00\u6ce2\u6e05\u51c9\u8865","href":"http:\/\/www.meizitu.com\/a\/5475.html","pic_list":["http:\/\/mm.howkuai.com\/wp-content\/uploads\/2016a\/08\/30\/01.jpg","http:\/\/mm.howkuai.com\/wp-content\/uploads\/2016a\/08\/30\/02.jpg","http:\/\/mm.howkuai.com\/wp-content\/uploads\/2016a\/08\/30\/03.jpg","http:\/\/mm.howkuai.com\/wp-content\/uploads\/2016a\/08\/30\/04.jpg","http:\/\/mm.howkuai.com\/wp-content\/uploads\/2016a\/08\/30\/05.jpg","http:\/\/mm.howkuai.com\/wp-content\/uploads\/2016a\/08\/30\/06.jpg","http:\/\/mm.howkuai.com\/wp-content\/uploads\/2016a\/08\/30\/07.jpg","http:\/\/mm.howkuai.com\/wp-content\/uploads\/2016a\/08\/30\/08.jpg","http:\/\/mm.howkuai.com\/wp-content\/uploads\/2016a\/08\/30\/09.jpg"]},{"plaintext":"\u6cf3\u6c60\u8fb9\u6027\u611f\u8ff7\u4eba\u7684\u65e5\u672c\u59d1\u5a18","href":"http:\/\/www.meizitu.com\/a\/5474.html","pic_list":["http:\/\/mm.howkuai.com\/wp-content\/uploads\/2016a\/08\/29\/01.jpg","http:\/\/mm.howkuai.com\/wp-content\/uploads\/2016a\/08\/29\/02.jpg","http:\/\/mm.howkuai.com\/wp-content\/uploads\/2016a\/08\/29\/03.jpg","http:\/\/mm.howkuai.com\/wp-content\/uploads\/2016a\/08\/29\/04.jpg","http:\/\/mm.howkuai.com\/wp-content\/uploads\/2016a\/08\/29\/05.jpg","http:\/\/mm.howkuai.com\/wp-content\/uploads\/2016a\/08\/29\/06.jpg","http:\/\/mm.howkuai.com\/wp-content\/uploads\/2016a\/08\/29\/07.jpg","http:\/\/mm.howkuai.com\/wp-content\/uploads\/2016a\/08\/29\/08.jpg","http:\/\/mm.howkuai.com\/wp-content\/uploads\/2016a\/08\/29\/09.jpg"]},{"plaintext":"\u8bb0\u5f55\u5e74\u8f7b\u65f6\u7684\u66fc\u5999\u8eab\u59ff","href":"http:\/\/www.meizitu.com\/a\/5473.html","pic_list":["http:\/\/mm.howkuai.com\/wp-content\/uploads\/2016a\/08\/28\/01.jpg","http:\/\/mm.howkuai.com\/wp-content\/uploads\/2016a\/08\/28\/02.jpg","http:\/\/mm.howkuai.com\/wp-content\/uploads\/2016a\/08\/28\/03.jpg","http:\/\/mm.howkuai.com\/wp-content\/uploads\/2016a\/08\/28\/04.jpg","http:\/\/mm.howkuai.com\/wp-content\/uploads\/2016a\/08\/28\/05.jpg","http:\/\/mm.howkuai.com\/wp-content\/uploads\/2016a\/08\/28\/06.jpg","http:\/\/mm.howkuai.com\/wp-content\/uploads\/2016a\/08\/28\/07.jpg","http:\/\/mm.howkuai.com\/wp-content\/uploads\/2016a\/08\/28\/08.jpg","http:\/\/mm.howkuai.com\/wp-content\/uploads\/2016a\/08\/28\/09.jpg"]},{"plaintext":"\u957f\u53d1MM\u6f14\u7ece\u590d\u53e4\u6027\u611f\u5927\u7247","href":"http:\/\/www.meizitu.com\/a\/5472.html","pic_list":["http:\/\/mm.howkuai.com\/wp-content\/uploads\/2016a\/08\/27\/01.jpg","http:\/\/mm.howkuai.com\/wp-content\/uploads\/2016a\/08\/27\/02.jpg","http:\/\/mm.howkuai.com\/wp-content\/uploads\/2016a\/08\/27\/03.jpg","http:\/\/mm.howkuai.com\/wp-content\/uploads\/2016a\/08\/27\/04.jpg","http:\/\/mm.howkuai.com\/wp-content\/uploads\/2016a\/08\/27\/05.jpg","http:\/\/mm.howkuai.com\/wp-content\/uploads\/2016a\/08\/27\/06.jpg","http:\/\/mm.howkuai.com\/wp-content\/uploads\/2016a\/08\/27\/07.jpg"]},{"plaintext":"\u6570\u6570\u90a3\u4e9b\u5c06\u6027\u611f\u5185\u655b\u7684\u59d1\u5a18","href":"http:\/\/www.meizitu.com\/a\/5471.html","pic_list":["http:\/\/mm.howkuai.com\/wp-content\/uploads\/2016a\/08\/26\/01.jpg","http:\/\/mm.howkuai.com\/wp-content\/uploads\/2016a\/08\/26\/02.jpg","http:\/\/mm.howkuai.com\/wp-content\/uploads\/2016a\/08\/26\/03.jpg","http:\/\/mm.howkuai.com\/wp-content\/uploads\/2016a\/08\/26\/04.jpg","http:\/\/mm.howkuai.com\/wp-content\/uploads\/2016a\/08\/26\/05.jpg","http:\/\/mm.howkuai.com\/wp-content\/uploads\/2016a\/08\/26\/06.jpg","http:\/\/mm.howkuai.com\/wp-content\/uploads\/2016a\/08\/26\/07.jpg","http:\/\/mm.howkuai.com\/wp-content\/uploads\/2016a\/08\/26\/08.jpg"]},{"plaintext":"\u4e00\u53ea\u840c\u59b9\u5b50\u7684\u8d77\u5e8a\u5168\u8fc7\u7a0b","href":"http:\/\/www.meizitu.com\/a\/5470.html","pic_list":["http:\/\/mm.howkuai.com\/wp-content\/uploads\/2016a\/08\/25\/01.jpg","http:\/\/mm.howkuai.com\/wp-content\/uploads\/2016a\/08\/25\/02.jpg","http:\/\/mm.howkuai.com\/wp-content\/uploads\/2016a\/08\/25\/03.jpg","http:\/\/mm.howkuai.com\/wp-content\/uploads\/2016a\/08\/25\/04.jpg","http:\/\/mm.howkuai.com\/wp-content\/uploads\/2016a\/08\/25\/05.jpg","http:\/\/mm.howkuai.com\/wp-content\/uploads\/2016a\/08\/25\/06.jpg","http:\/\/mm.howkuai.com\/wp-content\/uploads\/2016a\/08\/25\/07.jpg","http:\/\/mm.howkuai.com\/wp-content\/uploads\/2016a\/08\/25\/08.jpg"]},{"plaintext":"\u5c0f\u6e05\u65b0\u5973\u795e\uff0c\u4f60\u6700\u559c\u6b22\u54ea\u4e00\u4e2a\uff1f","href":"http:\/\/www.meizitu.com\/a\/5469.html","pic_list":["http:\/\/mm.howkuai.com\/wp-content\/uploads\/2016a\/08\/24\/01.jpg","http:\/\/mm.howkuai.com\/wp-content\/uploads\/2016a\/08\/24\/02.jpg","http:\/\/mm.howkuai.com\/wp-content\/uploads\/2016a\/08\/24\/03.jpg","http:\/\/mm.howkuai.com\/wp-content\/uploads\/2016a\/08\/24\/04.jpg","http:\/\/mm.howkuai.com\/wp-content\/uploads\/2016a\/08\/24\/05.jpg","http:\/\/mm.howkuai.com\/wp-content\/uploads\/2016a\/08\/24\/06.jpg","http:\/\/mm.howkuai.com\/wp-content\/uploads\/2016a\/08\/24\/07.jpg","http:\/\/mm.howkuai.com\/wp-content\/uploads\/2016a\/08\/24\/08.jpg","http:\/\/mm.howkuai.com\/wp-content\/uploads\/2016a\/08\/24\/09.jpg","http:\/\/mm.howkuai.com\/wp-content\/uploads\/2016a\/08\/24\/10.jpg","http:\/\/mm.howkuai.com\/wp-content\/uploads\/2016a\/08\/24\/11.jpg"]},{"plaintext":"\u59b9\u5b50\u80f8\u8d77\u6765\uff0c\u8fde\u81ea\u5df1\u90fd\u6c89\u9189","href":"http:\/\/www.meizitu.com\/a\/5468.html","pic_list":["http:\/\/mm.howkuai.com\/wp-content\/uploads\/2016a\/08\/23\/01.jpg","http:\/\/mm.howkuai.com\/wp-content\/uploads\/2016a\/08\/23\/02.jpg","http:\/\/mm.howkuai.com\/wp-content\/uploads\/2016a\/08\/23\/03.jpg","http:\/\/mm.howkuai.com\/wp-content\/uploads\/2016a\/08\/23\/04.jpg","http:\/\/mm.howkuai.com\/wp-content\/uploads\/2016a\/08\/23\/05.jpg","http:\/\/mm.howkuai.com\/wp-content\/uploads\/2016a\/08\/23\/06.jpg","http:\/\/mm.howkuai.com\/wp-content\/uploads\/2016a\/08\/23\/07.jpg","http:\/\/mm.howkuai.com\/wp-content\/uploads\/2016a\/08\/23\/08.jpg","http:\/\/mm.howkuai.com\/wp-content\/uploads\/2016a\/08\/23\/09.jpg"]},{"plaintext":"\u8fd9\u6837\u7684\u59b9\u5b50\uff0c\u5c31\u95ee\u4f60\u559c\u6b22\u4e0d\u559c\u6b22","href":"http:\/\/www.meizitu.com\/a\/5467.html","pic_list":["http:\/\/mm.howkuai.com\/wp-content\/uploads\/2016a\/08\/22\/01.jpg","http:\/\/mm.howkuai.com\/wp-content\/uploads\/2016a\/08\/22\/02.jpg","http:\/\/mm.howkuai.com\/wp-content\/uploads\/2016a\/08\/22\/03.jpg","http:\/\/mm.howkuai.com\/wp-content\/uploads\/2016a\/08\/22\/04.jpg","http:\/\/mm.howkuai.com\/wp-content\/uploads\/2016a\/08\/22\/05.jpg","http:\/\/mm.howkuai.com\/wp-content\/uploads\/2016a\/08\/22\/06.jpg","http:\/\/mm.howkuai.com\/wp-content\/uploads\/2016a\/08\/22\/07.jpg","http:\/\/mm.howkuai.com\/wp-content\/uploads\/2016a\/08\/22\/08.jpg"]},{"plaintext":"\u6df1\u591c\u7545\u804a - \u59b9\u5b50\u7ed9\u4f60\u6f14\u793a\u5e73\u677f\u652f\u6491\u7684\u59ff\u52bf","href":"http:\/\/www.meizitu.com\/a\/5466.html","pic_list":["http:\/\/mm.howkuai.com\/wp-content\/uploads\/2016a\/08\/21\/01.jpg","http:\/\/mm.howkuai.com\/wp-content\/uploads\/2016a\/08\/21\/02.jpg","http:\/\/mm.howkuai.com\/wp-content\/uploads\/2016a\/08\/21\/03.jpg","http:\/\/mm.howkuai.com\/wp-content\/uploads\/2016a\/08\/21\/04.jpg","http:\/\/mm.howkuai.com\/wp-content\/uploads\/2016a\/08\/21\/05.jpg","http:\/\/mm.howkuai.com\/wp-content\/uploads\/2016a\/08\/21\/06.jpg","http:\/\/mm.howkuai.com\/wp-content\/uploads\/2016a\/08\/21\/07.jpg","http:\/\/mm.howkuai.com\/wp-content\/uploads\/2016a\/08\/21\/08.jpg","http:\/\/mm.howkuai.com\/wp-content\/uploads\/2016a\/08\/21\/09.jpg","http:\/\/mm.howkuai.com\/wp-content\/uploads\/2016a\/08\/21\/10.jpg","http:\/\/mm.howkuai.com\/wp-content\/uploads\/2016a\/08\/21\/11.jpg","http:\/\/mm.howkuai.com\/wp-content\/uploads\/2016a\/08\/21\/12.jpg","http:\/\/mm.howkuai.com\/wp-content\/uploads\/2016a\/08\/21\/13.jpg","http:\/\/mm.howkuai.com\/wp-content\/uploads\/2016a\/08\/21\/14.gif","http:\/\/mm.howkuai.com\/wp-content\/uploads\/2016a\/08\/21\/15.jpg","http:\/\/mm.howkuai.com\/wp-content\/uploads\/2016a\/08\/21\/16.jpg"]},{"plaintext":"\u53c8\u8650\u72d7\uff0c\u5c11\u7537\u5c11\u5973\u82b1\u6837\u79c0\u6069\u7231","href":"http:\/\/www.meizitu.com\/a\/5465.html","pic_list":["http:\/\/mm.howkuai.com\/wp-content\/uploads\/2016a\/08\/20\/01.jpg","http:\/\/mm.howkuai.com\/wp-content\/uploads\/2016a\/08\/20\/02.jpg","http:\/\/mm.howkuai.com\/wp-content\/uploads\/2016a\/08\/20\/03.jpg","http:\/\/mm.howkuai.com\/wp-content\/uploads\/2016a\/08\/20\/04.jpg","http:\/\/mm.howkuai.com\/wp-content\/uploads\/2016a\/08\/20\/05.jpg","http:\/\/mm.howkuai.com\/wp-content\/uploads\/2016a\/08\/20\/06.jpg","http:\/\/mm.howkuai.com\/wp-content\/uploads\/2016a\/08\/20\/07.jpg","http:\/\/mm.howkuai.com\/wp-content\/uploads\/2016a\/08\/20\/08.jpg","http:\/\/mm.howkuai.com\/wp-content\/uploads\/2016a\/08\/20\/09.jpg"]},{"plaintext":"\u5b66\u798f\u539f\u7231\u5410\u820c\u5934\uff0c\u4e5f\u8d85\u7f8e","href":"http:\/\/www.meizitu.com\/a\/5464.html","pic_list":["http:\/\/mm.howkuai.com\/wp-content\/uploads\/2016a\/08\/19\/01.jpg","http:\/\/mm.howkuai.com\/wp-content\/uploads\/2016a\/08\/19\/02.jpg","http:\/\/mm.howkuai.com\/wp-content\/uploads\/2016a\/08\/19\/03.jpg","http:\/\/mm.howkuai.com\/wp-content\/uploads\/2016a\/08\/19\/04.jpg","http:\/\/mm.howkuai.com\/wp-content\/uploads\/2016a\/08\/19\/05.jpg","http:\/\/mm.howkuai.com\/wp-content\/uploads\/2016a\/08\/19\/06.jpg","http:\/\/mm.howkuai.com\/wp-content\/uploads\/2016a\/08\/19\/07.jpg","http:\/\/mm.howkuai.com\/wp-content\/uploads\/2016a\/08\/19\/08.jpg"]},{"plaintext":"\u8eba\u5728\u8349\u4e1b\u91cc\u7684\u6e05\u7eaf\u5c24\u7269\uff0c\u8c01\u6765\u6361","href":"http:\/\/www.meizitu.com\/a\/5463.html","pic_list":["http:\/\/mm.howkuai.com\/wp-content\/uploads\/2016a\/08\/18\/01.jpg","http:\/\/mm.howkuai.com\/wp-content\/uploads\/2016a\/08\/18\/02.jpg","http:\/\/mm.howkuai.com\/wp-content\/uploads\/2016a\/08\/18\/03.jpg","http:\/\/mm.howkuai.com\/wp-content\/uploads\/2016a\/08\/18\/04.jpg","http:\/\/mm.howkuai.com\/wp-content\/uploads\/2016a\/08\/18\/05.jpg","http:\/\/mm.howkuai.com\/wp-content\/uploads\/2016a\/08\/18\/06.jpg","http:\/\/mm.howkuai.com\/wp-content\/uploads\/2016a\/08\/18\/07.jpg","http:\/\/mm.howkuai.com\/wp-content\/uploads\/2016a\/08\/18\/08.jpg","http:\/\/mm.howkuai.com\/wp-content\/uploads\/2016a\/08\/18\/09.jpg"]},{"plaintext":"\u6d74\u7f38\u91cc\u7684\u5b66\u751f\u59b9\uff0c\u77ed\u53d1\u695a\u695a\u52a8\u4eba","href":"http:\/\/www.meizitu.com\/a\/5462.html","pic_list":["http:\/\/mm.howkuai.com\/wp-content\/uploads\/2016a\/08\/17\/01.jpg","http:\/\/mm.howkuai.com\/wp-content\/uploads\/2016a\/08\/17\/02.jpg","http:\/\/mm.howkuai.com\/wp-content\/uploads\/2016a\/08\/17\/03.jpg","http:\/\/mm.howkuai.com\/wp-content\/uploads\/2016a\/08\/17\/04.jpg","http:\/\/mm.howkuai.com\/wp-content\/uploads\/2016a\/08\/17\/05.jpg","http:\/\/mm.howkuai.com\/wp-content\/uploads\/2016a\/08\/17\/06.jpg"]},{"plaintext":"\u6c27\u6c14\u7f8e\u5973\uff0c\u5439\u5f39\u53ef\u7834\u7684\u76ae\u80a4","href":"http:\/\/www.meizitu.com\/a\/5461.html","pic_list":["http:\/\/mm.howkuai.com\/wp-content\/uploads\/2016a\/08\/16\/01.jpg","http:\/\/mm.howkuai.com\/wp-content\/uploads\/2016a\/08\/16\/02.jpg","http:\/\/mm.howkuai.com\/wp-content\/uploads\/2016a\/08\/16\/03.jpg","http:\/\/mm.howkuai.com\/wp-content\/uploads\/2016a\/08\/16\/04.jpg","http:\/\/mm.howkuai.com\/wp-content\/uploads\/2016a\/08\/16\/05.jpg","http:\/\/mm.howkuai.com\/wp-content\/uploads\/2016a\/08\/16\/06.jpg"]},{"plaintext":"\u602a\u8700\u9ecd\u7684\u6700\u7231\uff0c\u5c0f\u6e05\u65b0\u98ce","href":"http:\/\/www.meizitu.com\/a\/5460.html","pic_list":["http:\/\/mm.howkuai.com\/wp-content\/uploads\/2016a\/08\/15\/01.jpg","http:\/\/mm.howkuai.com\/wp-content\/uploads\/2016a\/08\/15\/02.jpg","http:\/\/mm.howkuai.com\/wp-content\/uploads\/2016a\/08\/15\/03.jpg","http:\/\/mm.howkuai.com\/wp-content\/uploads\/2016a\/08\/15\/04.jpg","http:\/\/mm.howkuai.com\/wp-content\/uploads\/2016a\/08\/15\/05.jpg","http:\/\/mm.howkuai.com\/wp-content\/uploads\/2016a\/08\/15\/06.jpg","http:\/\/mm.howkuai.com\/wp-content\/uploads\/2016a\/08\/15\/07.jpg","http:\/\/mm.howkuai.com\/wp-content\/uploads\/2016a\/08\/15\/08.jpg","http:\/\/mm.howkuai.com\/wp-content\/uploads\/2016a\/08\/15\/09.jpg"]},{"plaintext":"\u59b9\u5b50\u620f\u6c34\u56fe\uff0c\u6676\u83b9\u767d\u7699\u597d\u6709feel","href":"http:\/\/www.meizitu.com\/a\/5459.html","pic_list":["http:\/\/mm.howkuai.com\/wp-content\/uploads\/2016a\/08\/14\/01.jpg","http:\/\/mm.howkuai.com\/wp-content\/uploads\/2016a\/08\/14\/02.jpg","http:\/\/mm.howkuai.com\/wp-content\/uploads\/2016a\/08\/14\/03.jpg","http:\/\/mm.howkuai.com\/wp-content\/uploads\/2016a\/08\/14\/04.jpg","http:\/\/mm.howkuai.com\/wp-content\/uploads\/2016a\/08\/14\/05.jpg","http:\/\/mm.howkuai.com\/wp-content\/uploads\/2016a\/08\/14\/06.jpg","http:\/\/mm.howkuai.com\/wp-content\/uploads\/2016a\/08\/14\/07.jpg","http:\/\/mm.howkuai.com\/wp-content\/uploads\/2016a\/08\/14\/08.jpg","http:\/\/mm.howkuai.com\/wp-content\/uploads\/2016a\/08\/14\/09.jpg"]},{"plaintext":"chinajoy\u4e0a\u8fd9\u9ed1\u4e1d\u6709\u70b9\u5996\u5b7d","href":"http:\/\/www.meizitu.com\/a\/5458.html","pic_list":["http:\/\/mm.howkuai.com\/wp-content\/uploads\/2016a\/08\/13\/01.jpg","http:\/\/mm.howkuai.com\/wp-content\/uploads\/2016a\/08\/13\/02.jpg","http:\/\/mm.howkuai.com\/wp-content\/uploads\/2016a\/08\/13\/03.jpg","http:\/\/mm.howkuai.com\/wp-content\/uploads\/2016a\/08\/13\/04.jpg","http:\/\/mm.howkuai.com\/wp-content\/uploads\/2016a\/08\/13\/05.jpg","http:\/\/mm.howkuai.com\/wp-content\/uploads\/2016a\/08\/13\/06.jpg","http:\/\/mm.howkuai.com\/wp-content\/uploads\/2016a\/08\/13\/07.jpg"]},{"plaintext":"\u6cbb\u6108\u7cfb\uff0c\u559c\u6b22\u4f60\u7684\u5c0f\u9152\u7a9d","href":"http:\/\/www.meizitu.com\/a\/5457.html","pic_list":["http:\/\/mm.howkuai.com\/wp-content\/uploads\/2016a\/08\/12\/01.jpg","http:\/\/mm.howkuai.com\/wp-content\/uploads\/2016a\/08\/12\/02.jpg","http:\/\/mm.howkuai.com\/wp-content\/uploads\/2016a\/08\/12\/03.jpg","http:\/\/mm.howkuai.com\/wp-content\/uploads\/2016a\/08\/12\/04.jpg","http:\/\/mm.howkuai.com\/wp-content\/uploads\/2016a\/08\/12\/05.jpg","http:\/\/mm.howkuai.com\/wp-content\/uploads\/2016a\/08\/12\/06.jpg"]},{"plaintext":"\u957f\u7740\u4e00\u5f20\u7f51\u7ea2\u8138\uff0c\u5374\u4e0d\u9760\u8138\u5403\u996d","href":"http:\/\/www.meizitu.com\/a\/5456.html","pic_list":["http:\/\/mm.howkuai.com\/wp-content\/uploads\/2016a\/08\/11\/01.jpg","http:\/\/mm.howkuai.com\/wp-content\/uploads\/2016a\/08\/11\/02.jpg","http:\/\/mm.howkuai.com\/wp-content\/uploads\/2016a\/08\/11\/03.jpg","http:\/\/mm.howkuai.com\/wp-content\/uploads\/2016a\/08\/11\/04.jpg","http:\/\/mm.howkuai.com\/wp-content\/uploads\/2016a\/08\/11\/05.jpg"]},{"plaintext":"\u5404\u79cd\u60c5\u8da3\u5185\u8863\uff0c\u8bf7\u95ee\u54ea\u91cc\u4e70\u7684\u5230\uff1f","href":"http:\/\/www.meizitu.com\/a\/5454.html","pic_list":["http:\/\/mm.howkuai.com\/wp-content\/uploads\/2016a\/08\/09\/01.jpg","http:\/\/mm.howkuai.com\/wp-content\/uploads\/2016a\/08\/09\/02.jpg","http:\/\/mm.howkuai.com\/wp-content\/uploads\/2016a\/08\/09\/03.jpg","http:\/\/mm.howkuai.com\/wp-content\/uploads\/2016a\/08\/09\/04.jpg","http:\/\/mm.howkuai.com\/wp-content\/uploads\/2016a\/08\/09\/05.jpg","http:\/\/mm.howkuai.com\/wp-content\/uploads\/2016a\/08\/09\/06.jpg","http:\/\/mm.howkuai.com\/wp-content\/uploads\/2016a\/08\/09\/07.jpg"]},{"plaintext":"\u7f8e\u5973\u6175\u61d2\u7684\u5475\u6b20\uff0c\u795e\u6001\u597d\u4f3c\u8212\u6dc7","href":"http:\/\/www.meizitu.com\/a\/5453.html","pic_list":["http:\/\/mm.howkuai.com\/wp-content\/uploads\/2016a\/08\/08\/01.jpg","http:\/\/mm.howkuai.com\/wp-content\/uploads\/2016a\/08\/08\/02.jpg","http:\/\/mm.howkuai.com\/wp-content\/uploads\/2016a\/08\/08\/03.jpg","http:\/\/mm.howkuai.com\/wp-content\/uploads\/2016a\/08\/08\/04.jpg","http:\/\/mm.howkuai.com\/wp-content\/uploads\/2016a\/08\/08\/05.jpg","http:\/\/mm.howkuai.com\/wp-content\/uploads\/2016a\/08\/08\/06.jpg"]},{"plaintext":"\u6d74\u5ba4\u91cc\u7684\u7f8e\u5c11\u5973\uff0c\u4f1a\u8de8\u4e00\u5b57\u9a6c","href":"http:\/\/www.meizitu.com\/a\/5452.html","pic_list":["http:\/\/mm.howkuai.com\/wp-content\/uploads\/2016a\/08\/07\/01.jpg","http:\/\/mm.howkuai.com\/wp-content\/uploads\/2016a\/08\/07\/02.jpg","http:\/\/mm.howkuai.com\/wp-content\/uploads\/2016a\/08\/07\/03.jpg","http:\/\/mm.howkuai.com\/wp-content\/uploads\/2016a\/08\/07\/04.jpg","http:\/\/mm.howkuai.com\/wp-content\/uploads\/2016a\/08\/07\/05.jpg","http:\/\/mm.howkuai.com\/wp-content\/uploads\/2016a\/08\/07\/06.jpg","http:\/\/mm.howkuai.com\/wp-content\/uploads\/2016a\/08\/07\/07.jpg"]},{"plaintext":"\u7f8e\u5973\u5f81\u670d\u4eba\u4e5f\u8bb8\u53ea\u9700\u8981\u4e00\u77ac\u95f4","href":"http:\/\/www.meizitu.com\/a\/5451.html","pic_list":["http:\/\/mm.howkuai.com\/wp-content\/uploads\/2016a\/08\/06\/01.jpg","http:\/\/mm.howkuai.com\/wp-content\/uploads\/2016a\/08\/06\/02.jpg","http:\/\/mm.howkuai.com\/wp-content\/uploads\/2016a\/08\/06\/03.jpg","http:\/\/mm.howkuai.com\/wp-content\/uploads\/2016a\/08\/06\/04.jpg","http:\/\/mm.howkuai.com\/wp-content\/uploads\/2016a\/08\/06\/05.jpg","http:\/\/mm.howkuai.com\/wp-content\/uploads\/2016a\/08\/06\/06.jpg","http:\/\/mm.howkuai.com\/wp-content\/uploads\/2016a\/08\/06\/07.jpg","http:\/\/mm.howkuai.com\/wp-content\/uploads\/2016a\/08\/06\/08.jpg","http:\/\/mm.howkuai.com\/wp-content\/uploads\/2016a\/08\/06\/09.jpg","http:\/\/mm.howkuai.com\/wp-content\/uploads\/2016a\/08\/06\/10.jpg"]},{"plaintext":"\u65e5\u7cfb\u5c0f\u79c1\u623f\uff0c\u8bf1\u4eba\u66f2\u7ebf\u5c3d\u663e\u65e0\u7591","href":"http:\/\/www.meizitu.com\/a\/5450.html","pic_list":["http:\/\/mm.howkuai.com\/wp-content\/uploads\/2016a\/08\/05\/01.jpg","http:\/\/mm.howkuai.com\/wp-content\/uploads\/2016a\/08\/05\/02.jpg","http:\/\/mm.howkuai.com\/wp-content\/uploads\/2016a\/08\/05\/03.jpg","http:\/\/mm.howkuai.com\/wp-content\/uploads\/2016a\/08\/05\/04.jpg","http:\/\/mm.howkuai.com\/wp-content\/uploads\/2016a\/08\/05\/05.jpg","http:\/\/mm.howkuai.com\/wp-content\/uploads\/2016a\/08\/05\/06.jpg"]},{"plaintext":"\u597d\u8eab\u6750\u66f4\u5e94\u591a\u7a7f\u65d7\u888d\uff0c\u5c55\u793a\u4e2d\u534e\u53e4\u5178\u7f8e","href":"http:\/\/www.meizitu.com\/a\/5449.html","pic_list":["http:\/\/mm.howkuai.com\/wp-content\/uploads\/2016a\/08\/04\/01.jpg","http:\/\/mm.howkuai.com\/wp-content\/uploads\/2016a\/08\/04\/02.jpg","http:\/\/mm.howkuai.com\/wp-content\/uploads\/2016a\/08\/04\/03.jpg","http:\/\/mm.howkuai.com\/wp-content\/uploads\/2016a\/08\/04\/04.jpg","http:\/\/mm.howkuai.com\/wp-content\/uploads\/2016a\/08\/04\/05.jpg","http:\/\/mm.howkuai.com\/wp-content\/uploads\/2016a\/08\/04\/06.jpg","http:\/\/mm.howkuai.com\/wp-content\/uploads\/2016a\/08\/04\/07.jpg","http:\/\/mm.howkuai.com\/wp-content\/uploads\/2016a\/08\/04\/08.jpg"]}]