[{"plaintext":"\u6709\u7740\u5065\u5eb7\u80a4\u8272\u7684\u6a21\u7279\u5434\u4e39","href":"http:\/\/www.meizitu.com\/a\/5084.html","pic_list":["http:\/\/mm.howkuai.com\/wp-content\/uploads\/2015a\/07\/35\/01.jpg","http:\/\/mm.howkuai.com\/wp-content\/uploads\/2015a\/07\/35\/02.jpg","http:\/\/mm.howkuai.com\/wp-content\/uploads\/2015a\/07\/35\/03.jpg","http:\/\/mm.howkuai.com\/wp-content\/uploads\/2015a\/07\/35\/04.jpg","http:\/\/mm.howkuai.com\/wp-content\/uploads\/2015a\/07\/35\/05.jpg","http:\/\/mm.howkuai.com\/wp-content\/uploads\/2015a\/07\/35\/06.jpg"]},{"plaintext":"\u590f\u5929\u6765\u4e86\uff0c\u6e7f\u6f09\u6f09\u7684\u59b9\u5b50\u5f88\u6027\u611f","href":"http:\/\/www.meizitu.com\/a\/5083.html","pic_list":["http:\/\/mm.howkuai.com\/wp-content\/uploads\/2015a\/07\/34\/01.jpg","http:\/\/mm.howkuai.com\/wp-content\/uploads\/2015a\/07\/34\/02.jpg","http:\/\/mm.howkuai.com\/wp-content\/uploads\/2015a\/07\/34\/03.jpg","http:\/\/mm.howkuai.com\/wp-content\/uploads\/2015a\/07\/34\/04.jpg","http:\/\/mm.howkuai.com\/wp-content\/uploads\/2015a\/07\/34\/05.jpg","http:\/\/mm.howkuai.com\/wp-content\/uploads\/2015a\/07\/34\/06.jpg","http:\/\/mm.howkuai.com\/wp-content\/uploads\/2015a\/07\/34\/07.jpg","http:\/\/mm.howkuai.com\/wp-content\/uploads\/2015a\/07\/34\/08.jpg"]},{"plaintext":"\u52b2\u7206\u7684\u81ea\u884c\u8f66\u7f8e\u5973\uff0c\u9633\u5149\u5065\u7f8e\u8eab\u6750\u597d","href":"http:\/\/www.meizitu.com\/a\/5082.html","pic_list":["http:\/\/mm.howkuai.com\/wp-content\/uploads\/2015a\/07\/33\/01.jpg","http:\/\/mm.howkuai.com\/wp-content\/uploads\/2015a\/07\/33\/02.jpg","http:\/\/mm.howkuai.com\/wp-content\/uploads\/2015a\/07\/33\/03.jpg","http:\/\/mm.howkuai.com\/wp-content\/uploads\/2015a\/07\/33\/04.jpg","http:\/\/mm.howkuai.com\/wp-content\/uploads\/2015a\/07\/33\/05.jpg","http:\/\/mm.howkuai.com\/wp-content\/uploads\/2015a\/07\/33\/06.jpg","http:\/\/mm.howkuai.com\/wp-content\/uploads\/2015a\/07\/33\/07.jpg","http:\/\/mm.howkuai.com\/wp-content\/uploads\/2015a\/07\/33\/08.jpg"]},{"plaintext":"\u7fd8\u81c0\u59b9\u5b50\u7684\u6bd4\u57fa\u5c3c\u5199\u771f","href":"http:\/\/www.meizitu.com\/a\/5081.html","pic_list":["http:\/\/mm.howkuai.com\/wp-content\/uploads\/2015a\/07\/32\/01.jpg","http:\/\/mm.howkuai.com\/wp-content\/uploads\/2015a\/07\/32\/02.jpg","http:\/\/mm.howkuai.com\/wp-content\/uploads\/2015a\/07\/32\/03.jpg","http:\/\/mm.howkuai.com\/wp-content\/uploads\/2015a\/07\/32\/04.jpg","http:\/\/mm.howkuai.com\/wp-content\/uploads\/2015a\/07\/32\/05.jpg","http:\/\/mm.howkuai.com\/wp-content\/uploads\/2015a\/07\/32\/06.jpg"]},{"plaintext":"\u6e7f\u6f09\u6d74\u7f38\u5199\u771f\uff0c\u80a2\u4f53\u4e0e\u795e\u6001\u5c55\u73b0\u51fa\u6765\u7684\u6027\u611f\u7f8e","href":"http:\/\/www.meizitu.com\/a\/5080.html","pic_list":["http:\/\/mm.howkuai.com\/wp-content\/uploads\/2015a\/07\/31\/01.jpg","http:\/\/mm.howkuai.com\/wp-content\/uploads\/2015a\/07\/31\/02.jpg","http:\/\/mm.howkuai.com\/wp-content\/uploads\/2015a\/07\/31\/03.jpg","http:\/\/mm.howkuai.com\/wp-content\/uploads\/2015a\/07\/31\/04.jpg","http:\/\/mm.howkuai.com\/wp-content\/uploads\/2015a\/07\/31\/05.jpg","http:\/\/mm.howkuai.com\/wp-content\/uploads\/2015a\/07\/31\/06.jpg","http:\/\/mm.howkuai.com\/wp-content\/uploads\/2015a\/07\/31\/07.jpg","http:\/\/mm.howkuai.com\/wp-content\/uploads\/2015a\/07\/31\/08.jpg"]},{"plaintext":"\u6697\u9001\u79cb\u6ce2\uff0c\u6e05\u7738\u6d41\u76fc\uff0c\u767d\u5ae9\u4e30\u6ee1\u7684\u5973\u751f\u4eec","href":"http:\/\/www.meizitu.com\/a\/5079.html","pic_list":["http:\/\/mm.howkuai.com\/wp-content\/uploads\/2015a\/07\/30\/01.jpg","http:\/\/mm.howkuai.com\/wp-content\/uploads\/2015a\/07\/30\/02.jpg","http:\/\/mm.howkuai.com\/wp-content\/uploads\/2015a\/07\/30\/03.jpg","http:\/\/mm.howkuai.com\/wp-content\/uploads\/2015a\/07\/30\/04.jpg","http:\/\/mm.howkuai.com\/wp-content\/uploads\/2015a\/07\/30\/05.jpg","http:\/\/mm.howkuai.com\/wp-content\/uploads\/2015a\/07\/30\/06.jpg","http:\/\/mm.howkuai.com\/wp-content\/uploads\/2015a\/07\/30\/07.jpg","http:\/\/mm.howkuai.com\/wp-content\/uploads\/2015a\/07\/30\/08.jpg"]},{"plaintext":"\u6d77\u98ce\uff0c\u957f\u53d1\uff0c\u6c81\u5fc3\u7684\u84dd","href":"http:\/\/www.meizitu.com\/a\/5078.html","pic_list":["http:\/\/mm.howkuai.com\/wp-content\/uploads\/2015a\/07\/29\/01.jpg","http:\/\/mm.howkuai.com\/wp-content\/uploads\/2015a\/07\/29\/02.jpg","http:\/\/mm.howkuai.com\/wp-content\/uploads\/2015a\/07\/29\/03.jpg","http:\/\/mm.howkuai.com\/wp-content\/uploads\/2015a\/07\/29\/04.jpg","http:\/\/mm.howkuai.com\/wp-content\/uploads\/2015a\/07\/29\/05.jpg","http:\/\/mm.howkuai.com\/wp-content\/uploads\/2015a\/07\/29\/06.jpg"]},{"plaintext":"\u6c7d\u914d\u5e97\u91cc\u7684\u70ed\u8fa3\u6b63\u59b9","href":"http:\/\/www.meizitu.com\/a\/5077.html","pic_list":["http:\/\/mm.howkuai.com\/wp-content\/uploads\/2015a\/07\/28\/01.jpg","http:\/\/mm.howkuai.com\/wp-content\/uploads\/2015a\/07\/28\/02.jpg","http:\/\/mm.howkuai.com\/wp-content\/uploads\/2015a\/07\/28\/03.jpg","http:\/\/mm.howkuai.com\/wp-content\/uploads\/2015a\/07\/28\/04.jpg","http:\/\/mm.howkuai.com\/wp-content\/uploads\/2015a\/07\/28\/05.jpg","http:\/\/mm.howkuai.com\/wp-content\/uploads\/2015a\/07\/28\/06.jpg","http:\/\/mm.howkuai.com\/wp-content\/uploads\/2015a\/07\/28\/07.jpg"]},{"plaintext":"\u597d\u95fa\u871c\uff0c\u4e00\u4e2a\u50cf\u590f\u5929\uff0c\u4e00\u4e2a\u50cf\u79cb\u5929\u3002","href":"http:\/\/www.meizitu.com\/a\/5076.html","pic_list":["http:\/\/mm.howkuai.com\/wp-content\/uploads\/2015a\/07\/27\/01.jpg","http:\/\/mm.howkuai.com\/wp-content\/uploads\/2015a\/07\/27\/02.jpg","http:\/\/mm.howkuai.com\/wp-content\/uploads\/2015a\/07\/27\/03.jpg","http:\/\/mm.howkuai.com\/wp-content\/uploads\/2015a\/07\/27\/04.jpg","http:\/\/mm.howkuai.com\/wp-content\/uploads\/2015a\/07\/27\/05.jpg","http:\/\/mm.howkuai.com\/wp-content\/uploads\/2015a\/07\/27\/06.jpg","http:\/\/mm.howkuai.com\/wp-content\/uploads\/2015a\/07\/27\/07.jpg","http:\/\/mm.howkuai.com\/wp-content\/uploads\/2015a\/07\/27\/08.jpg","http:\/\/mm.howkuai.com\/wp-content\/uploads\/2015a\/07\/27\/09.jpg","http:\/\/mm.howkuai.com\/wp-content\/uploads\/2015a\/07\/27\/10.jpg"]},{"plaintext":"\u5a07\u5c0f\u53ef\u7231\u7f8e\u5973\u8bd5\u7a7f\u6027\u611f\u5185\u8863","href":"http:\/\/www.meizitu.com\/a\/5075.html","pic_list":["http:\/\/mm.howkuai.com\/wp-content\/uploads\/2015a\/07\/26\/01.jpg","http:\/\/mm.howkuai.com\/wp-content\/uploads\/2015a\/07\/26\/02.jpg","http:\/\/mm.howkuai.com\/wp-content\/uploads\/2015a\/07\/26\/03.jpg","http:\/\/mm.howkuai.com\/wp-content\/uploads\/2015a\/07\/26\/04.jpg","http:\/\/mm.howkuai.com\/wp-content\/uploads\/2015a\/07\/26\/05.jpg","http:\/\/mm.howkuai.com\/wp-content\/uploads\/2015a\/07\/26\/06.jpg","http:\/\/mm.howkuai.com\/wp-content\/uploads\/2015a\/07\/26\/07.jpg","http:\/\/mm.howkuai.com\/wp-content\/uploads\/2015a\/07\/26\/08.jpg","http:\/\/mm.howkuai.com\/wp-content\/uploads\/2015a\/07\/26\/09.jpg"]},{"plaintext":"\u957f\u817f\u3001\u7f8e\u817f\u7f8e\u5973\u56fe\u7247\u5408\u96c6\uff087\uff09","href":"http:\/\/www.meizitu.com\/a\/5074.html","pic_list":["http:\/\/mm.howkuai.com\/wp-content\/uploads\/2015a\/07\/25\/01.jpg","http:\/\/mm.howkuai.com\/wp-content\/uploads\/2015a\/07\/25\/02.jpg","http:\/\/mm.howkuai.com\/wp-content\/uploads\/2015a\/07\/25\/03.jpg","http:\/\/mm.howkuai.com\/wp-content\/uploads\/2015a\/07\/25\/04.jpg","http:\/\/mm.howkuai.com\/wp-content\/uploads\/2015a\/07\/25\/05.jpg","http:\/\/mm.howkuai.com\/wp-content\/uploads\/2015a\/07\/25\/06.jpg","http:\/\/mm.howkuai.com\/wp-content\/uploads\/2015a\/07\/25\/07.jpg","http:\/\/mm.howkuai.com\/wp-content\/uploads\/2015a\/07\/25\/08.jpg","http:\/\/mm.howkuai.com\/wp-content\/uploads\/2015a\/07\/25\/09.jpg","http:\/\/mm.howkuai.com\/wp-content\/uploads\/2015a\/07\/25\/10.jpg"]},{"plaintext":"\u7f8e\u672f\u7cfb\u5973\u751f\u6027\u683c\u6587\u9759\u4eba\u7f8e\u5982\u753b","href":"http:\/\/www.meizitu.com\/a\/5073.html","pic_list":["http:\/\/mm.howkuai.com\/wp-content\/uploads\/2015a\/07\/24\/01.jpg","http:\/\/mm.howkuai.com\/wp-content\/uploads\/2015a\/07\/24\/02.jpg","http:\/\/mm.howkuai.com\/wp-content\/uploads\/2015a\/07\/24\/03.jpg","http:\/\/mm.howkuai.com\/wp-content\/uploads\/2015a\/07\/24\/04.jpg","http:\/\/mm.howkuai.com\/wp-content\/uploads\/2015a\/07\/24\/05.jpg","http:\/\/mm.howkuai.com\/wp-content\/uploads\/2015a\/07\/24\/06.jpg","http:\/\/mm.howkuai.com\/wp-content\/uploads\/2015a\/07\/24\/07.jpg","http:\/\/mm.howkuai.com\/wp-content\/uploads\/2015a\/07\/24\/08.jpg","http:\/\/mm.howkuai.com\/wp-content\/uploads\/2015a\/07\/24\/09.jpg","http:\/\/mm.howkuai.com\/wp-content\/uploads\/2015a\/07\/24\/10.jpg"]},{"plaintext":"\u6d74\u5ba4\u91cc\u7684\u957f\u53d1\u4f73\u4eba\uff0c\u4e3e\u624b\u6295\u8db3\u95f4\u5145\u6ee1\u8bf1\u60d1","href":"http:\/\/www.meizitu.com\/a\/5072.html","pic_list":["http:\/\/mm.howkuai.com\/wp-content\/uploads\/2015a\/07\/23\/01.jpg","http:\/\/mm.howkuai.com\/wp-content\/uploads\/2015a\/07\/23\/02.jpg","http:\/\/mm.howkuai.com\/wp-content\/uploads\/2015a\/07\/23\/03.jpg","http:\/\/mm.howkuai.com\/wp-content\/uploads\/2015a\/07\/23\/04.jpg","http:\/\/mm.howkuai.com\/wp-content\/uploads\/2015a\/07\/23\/05.jpg","http:\/\/mm.howkuai.com\/wp-content\/uploads\/2015a\/07\/23\/06.jpg","http:\/\/mm.howkuai.com\/wp-content\/uploads\/2015a\/07\/23\/07.jpg"]},{"plaintext":"\u5fae\u5149\u89e6\u6478\u6bcf\u4e00\u5bf8\u808c\u80a4","href":"http:\/\/www.meizitu.com\/a\/5071.html","pic_list":["http:\/\/mm.howkuai.com\/wp-content\/uploads\/2015a\/07\/22\/01.jpg","http:\/\/mm.howkuai.com\/wp-content\/uploads\/2015a\/07\/22\/02.jpg","http:\/\/mm.howkuai.com\/wp-content\/uploads\/2015a\/07\/22\/03.jpg","http:\/\/mm.howkuai.com\/wp-content\/uploads\/2015a\/07\/22\/04.jpg","http:\/\/mm.howkuai.com\/wp-content\/uploads\/2015a\/07\/22\/05.jpg","http:\/\/mm.howkuai.com\/wp-content\/uploads\/2015a\/07\/22\/06.jpg"]},{"plaintext":"\u7f8e\u4eba\u7684\u5962\u534e\u751f\u6d3b\uff0c\u522b\u5885\u91cc\u7684\u6027\u611f\u5b9d\u8d1d","href":"http:\/\/www.meizitu.com\/a\/5070.html","pic_list":["http:\/\/mm.howkuai.com\/wp-content\/uploads\/2015a\/07\/21\/01.jpg","http:\/\/mm.howkuai.com\/wp-content\/uploads\/2015a\/07\/21\/02.jpg","http:\/\/mm.howkuai.com\/wp-content\/uploads\/2015a\/07\/21\/03.jpg","http:\/\/mm.howkuai.com\/wp-content\/uploads\/2015a\/07\/21\/04.jpg","http:\/\/mm.howkuai.com\/wp-content\/uploads\/2015a\/07\/21\/05.jpg","http:\/\/mm.howkuai.com\/wp-content\/uploads\/2015a\/07\/21\/06.jpg","http:\/\/mm.howkuai.com\/wp-content\/uploads\/2015a\/07\/21\/07.jpg","http:\/\/mm.howkuai.com\/wp-content\/uploads\/2015a\/07\/21\/08.jpg"]},{"plaintext":"\u773c\u775b\u987e\u76fc\u751f\u8f89\uff0c\u6f02\u4eae\u5973\u5b69\u9152\u5427\u968f\u62cd","href":"http:\/\/www.meizitu.com\/a\/5069.html","pic_list":["http:\/\/mm.howkuai.com\/wp-content\/uploads\/2015a\/07\/20\/01.jpg","http:\/\/mm.howkuai.com\/wp-content\/uploads\/2015a\/07\/20\/02.jpg","http:\/\/mm.howkuai.com\/wp-content\/uploads\/2015a\/07\/20\/03.jpg","http:\/\/mm.howkuai.com\/wp-content\/uploads\/2015a\/07\/20\/04.jpg","http:\/\/mm.howkuai.com\/wp-content\/uploads\/2015a\/07\/20\/05.jpg","http:\/\/mm.howkuai.com\/wp-content\/uploads\/2015a\/07\/20\/06.jpg","http:\/\/mm.howkuai.com\/wp-content\/uploads\/2015a\/07\/20\/07.jpg","http:\/\/mm.howkuai.com\/wp-content\/uploads\/2015a\/07\/20\/08.jpg"]},{"plaintext":"\u5927\u5b66\u8fd0\u52a8\u573a\u4e0a\u7684\u9ad8\u6311\u5973\u5b69\uff0c\u8eab\u6750\u597d\u989c\u503c\u9ad8","href":"http:\/\/www.meizitu.com\/a\/5068.html","pic_list":["http:\/\/mm.howkuai.com\/wp-content\/uploads\/2015a\/07\/19\/01.jpg","http:\/\/mm.howkuai.com\/wp-content\/uploads\/2015a\/07\/19\/02.jpg","http:\/\/mm.howkuai.com\/wp-content\/uploads\/2015a\/07\/19\/03.jpg","http:\/\/mm.howkuai.com\/wp-content\/uploads\/2015a\/07\/19\/04.jpg","http:\/\/mm.howkuai.com\/wp-content\/uploads\/2015a\/07\/19\/05.jpg","http:\/\/mm.howkuai.com\/wp-content\/uploads\/2015a\/07\/19\/06.jpg","http:\/\/mm.howkuai.com\/wp-content\/uploads\/2015a\/07\/19\/07.jpg","http:\/\/mm.howkuai.com\/wp-content\/uploads\/2015a\/07\/19\/08.jpg","http:\/\/mm.howkuai.com\/wp-content\/uploads\/2015a\/07\/19\/09.jpg","http:\/\/mm.howkuai.com\/wp-content\/uploads\/2015a\/07\/19\/10.jpg"]},{"plaintext":"\u590f\u5348\u53ef\u7231\u5973\u5b69\u7684\u5c0f\u61a9\uff0c\u5e26\u7740\u4e00\u4e1d\u4e1d\u6027\u611f","href":"http:\/\/www.meizitu.com\/a\/5067.html","pic_list":["http:\/\/mm.howkuai.com\/wp-content\/uploads\/2015a\/07\/18\/01.jpg","http:\/\/mm.howkuai.com\/wp-content\/uploads\/2015a\/07\/18\/02.jpg","http:\/\/mm.howkuai.com\/wp-content\/uploads\/2015a\/07\/18\/03.jpg","http:\/\/mm.howkuai.com\/wp-content\/uploads\/2015a\/07\/18\/04.jpg","http:\/\/mm.howkuai.com\/wp-content\/uploads\/2015a\/07\/18\/05.jpg","http:\/\/mm.howkuai.com\/wp-content\/uploads\/2015a\/07\/18\/06.jpg","http:\/\/mm.howkuai.com\/wp-content\/uploads\/2015a\/07\/18\/07.jpg","http:\/\/mm.howkuai.com\/wp-content\/uploads\/2015a\/07\/18\/08.jpg","http:\/\/mm.howkuai.com\/wp-content\/uploads\/2015a\/07\/18\/09.jpg","http:\/\/mm.howkuai.com\/wp-content\/uploads\/2015a\/07\/18\/10.jpg"]},{"plaintext":"\u591c\u8272\u4e0b\u7684\u59a9\u5a9a\u7f8e\u5973\uff0c\u51fa\u4f4d\u52a8\u4f5c\u8ba9\u4eba\u60c5\u8ff7\u610f\u4e71","href":"http:\/\/www.meizitu.com\/a\/5066.html","pic_list":["http:\/\/mm.howkuai.com\/wp-content\/uploads\/2015a\/07\/17\/01.jpg","http:\/\/mm.howkuai.com\/wp-content\/uploads\/2015a\/07\/17\/02.jpg","http:\/\/mm.howkuai.com\/wp-content\/uploads\/2015a\/07\/17\/03.jpg","http:\/\/mm.howkuai.com\/wp-content\/uploads\/2015a\/07\/17\/04.jpg","http:\/\/mm.howkuai.com\/wp-content\/uploads\/2015a\/07\/17\/05.jpg","http:\/\/mm.howkuai.com\/wp-content\/uploads\/2015a\/07\/17\/06.jpg","http:\/\/mm.howkuai.com\/wp-content\/uploads\/2015a\/07\/17\/07.jpg","http:\/\/mm.howkuai.com\/wp-content\/uploads\/2015a\/07\/17\/08.jpg","http:\/\/mm.howkuai.com\/wp-content\/uploads\/2015a\/07\/17\/09.jpg"]},{"plaintext":"\u5377\u53d1\u59b9\u5b50\u6536\u62fe\u597d\u5fc3\u60c5\uff0c\u51c6\u5907\u51fa\u822a","href":"http:\/\/www.meizitu.com\/a\/5065.html","pic_list":["http:\/\/mm.howkuai.com\/wp-content\/uploads\/2015a\/07\/16\/01.jpg","http:\/\/mm.howkuai.com\/wp-content\/uploads\/2015a\/07\/16\/02.jpg","http:\/\/mm.howkuai.com\/wp-content\/uploads\/2015a\/07\/16\/03.jpg","http:\/\/mm.howkuai.com\/wp-content\/uploads\/2015a\/07\/16\/04.jpg","http:\/\/mm.howkuai.com\/wp-content\/uploads\/2015a\/07\/16\/05.jpg","http:\/\/mm.howkuai.com\/wp-content\/uploads\/2015a\/07\/16\/06.jpg","http:\/\/mm.howkuai.com\/wp-content\/uploads\/2015a\/07\/16\/07.jpg","http:\/\/mm.howkuai.com\/wp-content\/uploads\/2015a\/07\/16\/08.jpg"]},{"plaintext":"\u660e\u7738\u7693\u9f7f\u7684\u767d\u7699\u59b9\u5b50\u4eab\u53d7\u51c9\u723d\u7684\u6e05\u6668","href":"http:\/\/www.meizitu.com\/a\/5064.html","pic_list":["http:\/\/mm.howkuai.com\/wp-content\/uploads\/2015a\/07\/15\/01.jpg","http:\/\/mm.howkuai.com\/wp-content\/uploads\/2015a\/07\/15\/02.jpg","http:\/\/mm.howkuai.com\/wp-content\/uploads\/2015a\/07\/15\/03.jpg","http:\/\/mm.howkuai.com\/wp-content\/uploads\/2015a\/07\/15\/04.jpg","http:\/\/mm.howkuai.com\/wp-content\/uploads\/2015a\/07\/15\/05.jpg","http:\/\/mm.howkuai.com\/wp-content\/uploads\/2015a\/07\/15\/06.jpg","http:\/\/mm.howkuai.com\/wp-content\/uploads\/2015a\/07\/15\/07.jpg"]},{"plaintext":"\u4e56\u5de7\u53ef\u7231\u7684\u5973\u5b69\uff0c\u4e0e\u9c7c\u4e0e\u6a31\u6843\u7684\u590f\u65e5\u53cb\u60c5","href":"http:\/\/www.meizitu.com\/a\/5063.html","pic_list":["http:\/\/mm.howkuai.com\/wp-content\/uploads\/2015a\/07\/14\/01.jpg","http:\/\/mm.howkuai.com\/wp-content\/uploads\/2015a\/07\/14\/02.jpg","http:\/\/mm.howkuai.com\/wp-content\/uploads\/2015a\/07\/14\/03.jpg","http:\/\/mm.howkuai.com\/wp-content\/uploads\/2015a\/07\/14\/04.jpg","http:\/\/mm.howkuai.com\/wp-content\/uploads\/2015a\/07\/14\/05.jpg","http:\/\/mm.howkuai.com\/wp-content\/uploads\/2015a\/07\/14\/06.jpg","http:\/\/mm.howkuai.com\/wp-content\/uploads\/2015a\/07\/14\/07.jpg","http:\/\/mm.howkuai.com\/wp-content\/uploads\/2015a\/07\/14\/08.jpg"]},{"plaintext":"\u6708\u5149\u4e0b\u8361\u6f3e\u7684\u6e56\u9762\uff0c\u6bd4\u57fa\u5c3c\u59d1\u5a18\u5982\u51fa\u6c34\u4eba\u9c7c","href":"http:\/\/www.meizitu.com\/a\/5062.html","pic_list":["http:\/\/mm.howkuai.com\/wp-content\/uploads\/2015a\/07\/13\/01.jpg","http:\/\/mm.howkuai.com\/wp-content\/uploads\/2015a\/07\/13\/02.jpg","http:\/\/mm.howkuai.com\/wp-content\/uploads\/2015a\/07\/13\/03.jpg","http:\/\/mm.howkuai.com\/wp-content\/uploads\/2015a\/07\/13\/04.jpg","http:\/\/mm.howkuai.com\/wp-content\/uploads\/2015a\/07\/13\/05.jpg","http:\/\/mm.howkuai.com\/wp-content\/uploads\/2015a\/07\/13\/06.jpg","http:\/\/mm.howkuai.com\/wp-content\/uploads\/2015a\/07\/13\/07.jpg","http:\/\/mm.howkuai.com\/wp-content\/uploads\/2015a\/07\/13\/08.jpg"]},{"plaintext":"\u65e5\u672c\u6027\u611f\u6a21\u7279\u9ebb\u4ed3\u7f8e\u5a1c\u5199\u771f","href":"http:\/\/www.meizitu.com\/a\/5061.html","pic_list":["http:\/\/mm.howkuai.com\/wp-content\/uploads\/2015a\/07\/12\/01.jpg","http:\/\/mm.howkuai.com\/wp-content\/uploads\/2015a\/07\/12\/02.jpg","http:\/\/mm.howkuai.com\/wp-content\/uploads\/2015a\/07\/12\/03.jpg","http:\/\/mm.howkuai.com\/wp-content\/uploads\/2015a\/07\/12\/04.jpg","http:\/\/mm.howkuai.com\/wp-content\/uploads\/2015a\/07\/12\/05.jpg","http:\/\/mm.howkuai.com\/wp-content\/uploads\/2015a\/07\/12\/06.jpg","http:\/\/mm.howkuai.com\/wp-content\/uploads\/2015a\/07\/12\/07.jpg","http:\/\/mm.howkuai.com\/wp-content\/uploads\/2015a\/07\/12\/08.jpg","http:\/\/mm.howkuai.com\/wp-content\/uploads\/2015a\/07\/12\/09.jpg"]},{"plaintext":"\u6eaa\u6c34\u8fb9\u7684\u9ed1\u8272\u6bd4\u57fa\u5c3c\u8bf1\u60d1","href":"http:\/\/www.meizitu.com\/a\/5060.html","pic_list":["http:\/\/mm.howkuai.com\/wp-content\/uploads\/2015a\/07\/11\/01.jpg","http:\/\/mm.howkuai.com\/wp-content\/uploads\/2015a\/07\/11\/02.jpg","http:\/\/mm.howkuai.com\/wp-content\/uploads\/2015a\/07\/11\/03.jpg","http:\/\/mm.howkuai.com\/wp-content\/uploads\/2015a\/07\/11\/04.jpg","http:\/\/mm.howkuai.com\/wp-content\/uploads\/2015a\/07\/11\/05.jpg","http:\/\/mm.howkuai.com\/wp-content\/uploads\/2015a\/07\/11\/06.jpg"]},{"plaintext":"\u6697\u9999\u6b8b\u7559\uff0c\u591c\u8272\u4e2d\u4f73\u4eba\u5230\u4f4d\u7684\u8868\u60c5","href":"http:\/\/www.meizitu.com\/a\/5059.html","pic_list":["http:\/\/mm.howkuai.com\/wp-content\/uploads\/2015a\/07\/10\/01.jpg","http:\/\/mm.howkuai.com\/wp-content\/uploads\/2015a\/07\/10\/02.jpg","http:\/\/mm.howkuai.com\/wp-content\/uploads\/2015a\/07\/10\/03.jpg","http:\/\/mm.howkuai.com\/wp-content\/uploads\/2015a\/07\/10\/04.jpg","http:\/\/mm.howkuai.com\/wp-content\/uploads\/2015a\/07\/10\/05.jpg","http:\/\/mm.howkuai.com\/wp-content\/uploads\/2015a\/07\/10\/06.jpg"]},{"plaintext":"\u8ff7\u4eba\u7f8e\u817f\u59b9\u7eb8\u60c5\u7eea\u5c0f\u79c1\u623f","href":"http:\/\/www.meizitu.com\/a\/5058.html","pic_list":["http:\/\/mm.howkuai.com\/wp-content\/uploads\/2015a\/07\/09\/01.jpg","http:\/\/mm.howkuai.com\/wp-content\/uploads\/2015a\/07\/09\/02.jpg","http:\/\/mm.howkuai.com\/wp-content\/uploads\/2015a\/07\/09\/03.jpg","http:\/\/mm.howkuai.com\/wp-content\/uploads\/2015a\/07\/09\/04.jpg","http:\/\/mm.howkuai.com\/wp-content\/uploads\/2015a\/07\/09\/05.jpg","http:\/\/mm.howkuai.com\/wp-content\/uploads\/2015a\/07\/09\/06.jpg","http:\/\/mm.howkuai.com\/wp-content\/uploads\/2015a\/07\/09\/07.jpg","http:\/\/mm.howkuai.com\/wp-content\/uploads\/2015a\/07\/09\/08.jpg"]},{"plaintext":"\u95f2\u9759\u4f3c\u5a07\u82b1\u7167\u6c34\uff0c\u6e05\u7eaf\u59b9\u59b9\u5728\u96e8\u5929","href":"http:\/\/www.meizitu.com\/a\/5056.html","pic_list":["http:\/\/mm.howkuai.com\/wp-content\/uploads\/2015a\/07\/07\/01.jpg","http:\/\/mm.howkuai.com\/wp-content\/uploads\/2015a\/07\/07\/02.jpg","http:\/\/mm.howkuai.com\/wp-content\/uploads\/2015a\/07\/07\/03.jpg","http:\/\/mm.howkuai.com\/wp-content\/uploads\/2015a\/07\/07\/04.jpg","http:\/\/mm.howkuai.com\/wp-content\/uploads\/2015a\/07\/07\/05.jpg","http:\/\/mm.howkuai.com\/wp-content\/uploads\/2015a\/07\/07\/06.jpg"]},{"plaintext":"\u751c\u7f8e\u6c14\u8d28\u59b9\u7eb8\u6821\u56ed\u968f\u62cd","href":"http:\/\/www.meizitu.com\/a\/5055.html","pic_list":["http:\/\/mm.howkuai.com\/wp-content\/uploads\/2015a\/07\/06\/01.jpg","http:\/\/mm.howkuai.com\/wp-content\/uploads\/2015a\/07\/06\/02.jpg","http:\/\/mm.howkuai.com\/wp-content\/uploads\/2015a\/07\/06\/03.jpg","http:\/\/mm.howkuai.com\/wp-content\/uploads\/2015a\/07\/06\/04.jpg","http:\/\/mm.howkuai.com\/wp-content\/uploads\/2015a\/07\/06\/05.jpg","http:\/\/mm.howkuai.com\/wp-content\/uploads\/2015a\/07\/06\/06.jpg","http:\/\/mm.howkuai.com\/wp-content\/uploads\/2015a\/07\/06\/07.jpg","http:\/\/mm.howkuai.com\/wp-content\/uploads\/2015a\/07\/06\/08.jpg","http:\/\/mm.howkuai.com\/wp-content\/uploads\/2015a\/07\/06\/09.jpg","http:\/\/mm.howkuai.com\/wp-content\/uploads\/2015a\/07\/06\/10.jpg"]}]