[{"plaintext":"\u7d20\u7ea2\u503e\u57ce\uff0c\u7f8e\u4eba\u81ea\u659f\u81ea\u996e","href":"http:\/\/www.meizitu.com\/a\/4784.html","pic_list":["http:\/\/mm.howkuai.com\/wp-content\/uploads\/2015a\/01\/41\/01.jpg","http:\/\/mm.howkuai.com\/wp-content\/uploads\/2015a\/01\/41\/02.jpg","http:\/\/mm.howkuai.com\/wp-content\/uploads\/2015a\/01\/41\/03.jpg","http:\/\/mm.howkuai.com\/wp-content\/uploads\/2015a\/01\/41\/04.jpg","http:\/\/mm.howkuai.com\/wp-content\/uploads\/2015a\/01\/41\/05.jpg","http:\/\/mm.howkuai.com\/wp-content\/uploads\/2015a\/01\/41\/06.jpg"]},{"plaintext":"\u6027\u611f\u5c0f\u767d\u5154\u5374\u88ab\u8584\u7eb1\u906e\u63a9","href":"http:\/\/www.meizitu.com\/a\/4783.html","pic_list":["http:\/\/mm.howkuai.com\/wp-content\/uploads\/2015a\/01\/40\/01.jpg","http:\/\/mm.howkuai.com\/wp-content\/uploads\/2015a\/01\/40\/02.jpg","http:\/\/mm.howkuai.com\/wp-content\/uploads\/2015a\/01\/40\/03.jpg","http:\/\/mm.howkuai.com\/wp-content\/uploads\/2015a\/01\/40\/04.jpg","http:\/\/mm.howkuai.com\/wp-content\/uploads\/2015a\/01\/40\/05.jpg","http:\/\/mm.howkuai.com\/wp-content\/uploads\/2015a\/01\/40\/06.jpg"]},{"plaintext":"\u5377\u53d1\u6b63\u59b9\u62e5\u6709\u6027\u611f\u597d\u8eab\u6750","href":"http:\/\/www.meizitu.com\/a\/4782.html","pic_list":["http:\/\/mm.howkuai.com\/wp-content\/uploads\/2015a\/01\/39\/01.jpg","http:\/\/mm.howkuai.com\/wp-content\/uploads\/2015a\/01\/39\/02.jpg","http:\/\/mm.howkuai.com\/wp-content\/uploads\/2015a\/01\/39\/03.jpg","http:\/\/mm.howkuai.com\/wp-content\/uploads\/2015a\/01\/39\/04.jpg","http:\/\/mm.howkuai.com\/wp-content\/uploads\/2015a\/01\/39\/05.jpg","http:\/\/mm.howkuai.com\/wp-content\/uploads\/2015a\/01\/39\/06.jpg","http:\/\/mm.howkuai.com\/wp-content\/uploads\/2015a\/01\/39\/07.jpg"]},{"plaintext":"\u989c\u503c\u8d85\u9ad8\u7684\u7d20\u989c\u59b9\u7eb8\u7231\u5403\u8fa3\u6761","href":"http:\/\/www.meizitu.com\/a\/4781.html","pic_list":["http:\/\/mm.howkuai.com\/wp-content\/uploads\/2015a\/01\/38\/01.jpg","http:\/\/mm.howkuai.com\/wp-content\/uploads\/2015a\/01\/38\/02.jpg","http:\/\/mm.howkuai.com\/wp-content\/uploads\/2015a\/01\/38\/03.jpg","http:\/\/mm.howkuai.com\/wp-content\/uploads\/2015a\/01\/38\/04.jpg","http:\/\/mm.howkuai.com\/wp-content\/uploads\/2015a\/01\/38\/05.jpg","http:\/\/mm.howkuai.com\/wp-content\/uploads\/2015a\/01\/38\/06.jpg"]},{"plaintext":"\u6027\u611f\u6a21\u7279\uff0c\u5728\u6d77\u6d6a\u4e2d\u8fce\u63a5\u4e0b\u4e00\u6b21\u51b2\u51fb","href":"http:\/\/www.meizitu.com\/a\/4780.html","pic_list":["http:\/\/mm.howkuai.com\/wp-content\/uploads\/2015a\/01\/37\/01.jpg","http:\/\/mm.howkuai.com\/wp-content\/uploads\/2015a\/01\/37\/02.jpg","http:\/\/mm.howkuai.com\/wp-content\/uploads\/2015a\/01\/37\/03.jpg","http:\/\/mm.howkuai.com\/wp-content\/uploads\/2015a\/01\/37\/04.jpg","http:\/\/mm.howkuai.com\/wp-content\/uploads\/2015a\/01\/37\/05.jpg","http:\/\/mm.howkuai.com\/wp-content\/uploads\/2015a\/01\/37\/06.jpg"]},{"plaintext":"\u68a6\u7684\u6cb3\u6d41\uff0c\u5728\u53e6\u4e00\u4e2a\u65f6\u7a7a\u4e2d\u8f7b\u541f","href":"http:\/\/www.meizitu.com\/a\/4779.html","pic_list":["http:\/\/mm.howkuai.com\/wp-content\/uploads\/2015a\/01\/36\/01.jpg","http:\/\/mm.howkuai.com\/wp-content\/uploads\/2015a\/01\/36\/02.jpg","http:\/\/mm.howkuai.com\/wp-content\/uploads\/2015a\/01\/36\/03.jpg","http:\/\/mm.howkuai.com\/wp-content\/uploads\/2015a\/01\/36\/04.jpg","http:\/\/mm.howkuai.com\/wp-content\/uploads\/2015a\/01\/36\/05.jpg","http:\/\/mm.howkuai.com\/wp-content\/uploads\/2015a\/01\/36\/06.jpg","http:\/\/mm.howkuai.com\/wp-content\/uploads\/2015a\/01\/36\/07.jpg"]},{"plaintext":"\u6e05\u7eaf\u59b9\u5b50\uff0c\u5fd8\u4e0d\u4e86\u4f60\u6e05\u6f88\u7684\u773c\u795e","href":"http:\/\/www.meizitu.com\/a\/4778.html","pic_list":["http:\/\/mm.howkuai.com\/wp-content\/uploads\/2015a\/01\/35\/01.jpg","http:\/\/mm.howkuai.com\/wp-content\/uploads\/2015a\/01\/35\/02.jpg","http:\/\/mm.howkuai.com\/wp-content\/uploads\/2015a\/01\/35\/03.jpg","http:\/\/mm.howkuai.com\/wp-content\/uploads\/2015a\/01\/35\/04.jpg","http:\/\/mm.howkuai.com\/wp-content\/uploads\/2015a\/01\/35\/05.jpg","http:\/\/mm.howkuai.com\/wp-content\/uploads\/2015a\/01\/35\/06.jpg","http:\/\/mm.howkuai.com\/wp-content\/uploads\/2015a\/01\/35\/07.jpg"]},{"plaintext":"\u4e30\u6ee1\u7f8e\u5973\u8fce\u7740\u6d77\u98ce\u8e29\u5728\u6c99\u6ee9\u4e0a","href":"http:\/\/www.meizitu.com\/a\/4777.html","pic_list":["http:\/\/mm.howkuai.com\/wp-content\/uploads\/2015a\/01\/34\/01.jpg","http:\/\/mm.howkuai.com\/wp-content\/uploads\/2015a\/01\/34\/02.jpg","http:\/\/mm.howkuai.com\/wp-content\/uploads\/2015a\/01\/34\/03.jpg","http:\/\/mm.howkuai.com\/wp-content\/uploads\/2015a\/01\/34\/04.jpg","http:\/\/mm.howkuai.com\/wp-content\/uploads\/2015a\/01\/34\/05.jpg","http:\/\/mm.howkuai.com\/wp-content\/uploads\/2015a\/01\/34\/06.jpg","http:\/\/mm.howkuai.com\/wp-content\/uploads\/2015a\/01\/34\/07.jpg","http:\/\/mm.howkuai.com\/wp-content\/uploads\/2015a\/01\/34\/08.jpg"]},{"plaintext":"\u77ed\u53d1\u7f8e\u5973\uff0c\u6e9c\u51b0\u978b\u4e0a\u7684\u7f8e\u4e3d\u821e\u8e48","href":"http:\/\/www.meizitu.com\/a\/4776.html","pic_list":["http:\/\/mm.howkuai.com\/wp-content\/uploads\/2015a\/01\/33\/01.jpg","http:\/\/mm.howkuai.com\/wp-content\/uploads\/2015a\/01\/33\/02.jpg","http:\/\/mm.howkuai.com\/wp-content\/uploads\/2015a\/01\/33\/03.jpg","http:\/\/mm.howkuai.com\/wp-content\/uploads\/2015a\/01\/33\/04.jpg","http:\/\/mm.howkuai.com\/wp-content\/uploads\/2015a\/01\/33\/05.jpg"]},{"plaintext":"\u5f20\u5df2\u68422014\u5723\u8bde\u6027\u611f\u79c1\u623f","href":"http:\/\/www.meizitu.com\/a\/4775.html","pic_list":["http:\/\/mm.howkuai.com\/wp-content\/uploads\/2015a\/01\/32\/01.jpg","http:\/\/mm.howkuai.com\/wp-content\/uploads\/2015a\/01\/32\/02.jpg","http:\/\/mm.howkuai.com\/wp-content\/uploads\/2015a\/01\/32\/03.jpg","http:\/\/mm.howkuai.com\/wp-content\/uploads\/2015a\/01\/32\/04.jpg","http:\/\/mm.howkuai.com\/wp-content\/uploads\/2015a\/01\/32\/05.jpg","http:\/\/mm.howkuai.com\/wp-content\/uploads\/2015a\/01\/32\/06.jpg"]},{"plaintext":"\u6e05\u7eaf\u5c11\u5973\uff0c\u51ac\u5929\u91cc\u7684\u7cd6\u6c34\u5c0f\u7247","href":"http:\/\/www.meizitu.com\/a\/4774.html","pic_list":["http:\/\/mm.howkuai.com\/wp-content\/uploads\/2015a\/01\/31\/01.jpg","http:\/\/mm.howkuai.com\/wp-content\/uploads\/2015a\/01\/31\/02.jpg","http:\/\/mm.howkuai.com\/wp-content\/uploads\/2015a\/01\/31\/03.jpg","http:\/\/mm.howkuai.com\/wp-content\/uploads\/2015a\/01\/31\/04.jpg","http:\/\/mm.howkuai.com\/wp-content\/uploads\/2015a\/01\/31\/05.jpg","http:\/\/mm.howkuai.com\/wp-content\/uploads\/2015a\/01\/31\/06.jpg","http:\/\/mm.howkuai.com\/wp-content\/uploads\/2015a\/01\/31\/07.jpg"]},{"plaintext":"\u59a9\u5a9a\u5c0f\u5973\u4eba\uff0c\u90a3\u4e9b\u6027\u611f\u7684\u4eba\u513f\uff0812\uff09","href":"http:\/\/www.meizitu.com\/a\/4773.html","pic_list":["http:\/\/mm.howkuai.com\/wp-content\/uploads\/2015a\/01\/30\/01.jpg","http:\/\/mm.howkuai.com\/wp-content\/uploads\/2015a\/01\/30\/02.jpg","http:\/\/mm.howkuai.com\/wp-content\/uploads\/2015a\/01\/30\/03.jpg","http:\/\/mm.howkuai.com\/wp-content\/uploads\/2015a\/01\/30\/04.jpg","http:\/\/mm.howkuai.com\/wp-content\/uploads\/2015a\/01\/30\/05.jpg","http:\/\/mm.howkuai.com\/wp-content\/uploads\/2015a\/01\/30\/06.jpg","http:\/\/mm.howkuai.com\/wp-content\/uploads\/2015a\/01\/30\/07.jpg","http:\/\/mm.howkuai.com\/wp-content\/uploads\/2015a\/01\/30\/08.jpg","http:\/\/mm.howkuai.com\/wp-content\/uploads\/2015a\/01\/30\/09.jpg","http:\/\/mm.howkuai.com\/wp-content\/uploads\/2015a\/01\/30\/10.jpg"]},{"plaintext":"\u4eba\u4f53\u5f69\u7ed8\uff0c\u4e3a\u4e2d\u56fd\u8db3\u7403\u80dc\u5229\u591c\u559d\u5f69","href":"http:\/\/www.meizitu.com\/a\/4772.html","pic_list":["http:\/\/mm.howkuai.com\/wp-content\/uploads\/2015a\/01\/29\/01.jpg","http:\/\/mm.howkuai.com\/wp-content\/uploads\/2015a\/01\/29\/02.jpg","http:\/\/mm.howkuai.com\/wp-content\/uploads\/2015a\/01\/29\/03.jpg","http:\/\/mm.howkuai.com\/wp-content\/uploads\/2015a\/01\/29\/04.jpg","http:\/\/mm.howkuai.com\/wp-content\/uploads\/2015a\/01\/29\/05.jpg"]},{"plaintext":"\u6709\u4e38\u5b50\u541b\u7684\u95f2\u6563\u4e0b\u5348\uff0c\u6e05\u7eaf\u7f8e\u7709\u4e0e\u53ef\u7231\u72d7\u72d7","href":"http:\/\/www.meizitu.com\/a\/4771.html","pic_list":["http:\/\/mm.howkuai.com\/wp-content\/uploads\/2015a\/01\/28\/01.jpg","http:\/\/mm.howkuai.com\/wp-content\/uploads\/2015a\/01\/28\/02.jpg","http:\/\/mm.howkuai.com\/wp-content\/uploads\/2015a\/01\/28\/03.jpg","http:\/\/mm.howkuai.com\/wp-content\/uploads\/2015a\/01\/28\/04.jpg","http:\/\/mm.howkuai.com\/wp-content\/uploads\/2015a\/01\/28\/05.jpg","http:\/\/mm.howkuai.com\/wp-content\/uploads\/2015a\/01\/28\/06.jpg","http:\/\/mm.howkuai.com\/wp-content\/uploads\/2015a\/01\/28\/07.jpg","http:\/\/mm.howkuai.com\/wp-content\/uploads\/2015a\/01\/28\/08.jpg"]},{"plaintext":"\u4e30\u81c0\u6a21\u7279\u77d7\u7acb\u7a97\u524d\uff0c\u7559\u4e0b\u592a\u591a\u56de\u5473","href":"http:\/\/www.meizitu.com\/a\/4770.html","pic_list":["http:\/\/mm.howkuai.com\/wp-content\/uploads\/2015a\/01\/27\/01.jpg","http:\/\/mm.howkuai.com\/wp-content\/uploads\/2015a\/01\/27\/02.jpg","http:\/\/mm.howkuai.com\/wp-content\/uploads\/2015a\/01\/27\/03.jpg","http:\/\/mm.howkuai.com\/wp-content\/uploads\/2015a\/01\/27\/04.jpg","http:\/\/mm.howkuai.com\/wp-content\/uploads\/2015a\/01\/27\/05.jpg","http:\/\/mm.howkuai.com\/wp-content\/uploads\/2015a\/01\/27\/06.jpg"]},{"plaintext":"\u9ed1\u767d\u4eba\u50cf\uff0c\u7edd\u7f8e\u6a21\u7279\u9ad8\u828a\u5199\u771f","href":"http:\/\/www.meizitu.com\/a\/4769.html","pic_list":["http:\/\/mm.howkuai.com\/wp-content\/uploads\/2015a\/01\/26\/01.jpg","http:\/\/mm.howkuai.com\/wp-content\/uploads\/2015a\/01\/26\/02.jpg","http:\/\/mm.howkuai.com\/wp-content\/uploads\/2015a\/01\/26\/03.jpg","http:\/\/mm.howkuai.com\/wp-content\/uploads\/2015a\/01\/26\/04.jpg","http:\/\/mm.howkuai.com\/wp-content\/uploads\/2015a\/01\/26\/05.jpg","http:\/\/mm.howkuai.com\/wp-content\/uploads\/2015a\/01\/26\/06.jpg","http:\/\/mm.howkuai.com\/wp-content\/uploads\/2015a\/01\/26\/07.jpg"]},{"plaintext":"\u6027\u611f\u59d0\u59b9\u82b1\uff0c\u65e5\u7cfb\u82ad\u857e\u5c0f\u6e05\u65b0","href":"http:\/\/www.meizitu.com\/a\/4768.html","pic_list":["http:\/\/mm.howkuai.com\/wp-content\/uploads\/2015a\/01\/25\/01.jpg","http:\/\/mm.howkuai.com\/wp-content\/uploads\/2015a\/01\/25\/02.jpg","http:\/\/mm.howkuai.com\/wp-content\/uploads\/2015a\/01\/25\/03.jpg","http:\/\/mm.howkuai.com\/wp-content\/uploads\/2015a\/01\/25\/04.jpg","http:\/\/mm.howkuai.com\/wp-content\/uploads\/2015a\/01\/25\/05.jpg","http:\/\/mm.howkuai.com\/wp-content\/uploads\/2015a\/01\/25\/06.jpg"]},{"plaintext":"\u7ef4\u79d8\u5929\u4f7f\u9648\u6021\u66fc\u2015\u65b0\u5e74\u7ea2\u7ea2\u706b\u706b","href":"http:\/\/www.meizitu.com\/a\/4767.html","pic_list":["http:\/\/mm.howkuai.com\/wp-content\/uploads\/2015a\/01\/24\/01.jpg","http:\/\/mm.howkuai.com\/wp-content\/uploads\/2015a\/01\/24\/02.jpg","http:\/\/mm.howkuai.com\/wp-content\/uploads\/2015a\/01\/24\/03.jpg","http:\/\/mm.howkuai.com\/wp-content\/uploads\/2015a\/01\/24\/04.jpg","http:\/\/mm.howkuai.com\/wp-content\/uploads\/2015a\/01\/24\/05.jpg"]},{"plaintext":"\u51e4\u773c\u59b9\u59b9\u6027\u611f\u5ba4\u5185\u5199\u771f","href":"http:\/\/www.meizitu.com\/a\/4766.html","pic_list":["http:\/\/mm.howkuai.com\/wp-content\/uploads\/2015a\/01\/23\/01.jpg","http:\/\/mm.howkuai.com\/wp-content\/uploads\/2015a\/01\/23\/02.jpg","http:\/\/mm.howkuai.com\/wp-content\/uploads\/2015a\/01\/23\/03.jpg","http:\/\/mm.howkuai.com\/wp-content\/uploads\/2015a\/01\/23\/04.jpg"]},{"plaintext":"\u7389\u4f53\u7389\u9aa8\u51b0\u808c\uff0c\u957f\u53d1\u6a21\u7279\u9999\u8273\u753b\u9762","href":"http:\/\/www.meizitu.com\/a\/4765.html","pic_list":["http:\/\/mm.howkuai.com\/wp-content\/uploads\/2015a\/01\/22\/01.jpg","http:\/\/mm.howkuai.com\/wp-content\/uploads\/2015a\/01\/22\/02.jpg","http:\/\/mm.howkuai.com\/wp-content\/uploads\/2015a\/01\/22\/03.jpg","http:\/\/mm.howkuai.com\/wp-content\/uploads\/2015a\/01\/22\/04.jpg","http:\/\/mm.howkuai.com\/wp-content\/uploads\/2015a\/01\/22\/05.jpg","http:\/\/mm.howkuai.com\/wp-content\/uploads\/2015a\/01\/22\/06.jpg"]},{"plaintext":"\u9759\u65f6\u5149\uff0c\u6a21\u7279\u7f8e\u4e73\u547c\u4e4b\u6b32\u51fa","href":"http:\/\/www.meizitu.com\/a\/4764.html","pic_list":["http:\/\/mm.howkuai.com\/wp-content\/uploads\/2015a\/01\/21\/01.jpg","http:\/\/mm.howkuai.com\/wp-content\/uploads\/2015a\/01\/21\/02.jpg","http:\/\/mm.howkuai.com\/wp-content\/uploads\/2015a\/01\/21\/03.jpg","http:\/\/mm.howkuai.com\/wp-content\/uploads\/2015a\/01\/21\/04.jpg","http:\/\/mm.howkuai.com\/wp-content\/uploads\/2015a\/01\/21\/05.jpg"]},{"plaintext":"\u7c89 | \u30d4\u30f3\u30af \u8272\u65e5\u7cfb\u59b9\u5b50","href":"http:\/\/www.meizitu.com\/a\/4763.html","pic_list":["http:\/\/mm.howkuai.com\/wp-content\/uploads\/2015a\/01\/20\/01.jpg","http:\/\/mm.howkuai.com\/wp-content\/uploads\/2015a\/01\/20\/02.jpg","http:\/\/mm.howkuai.com\/wp-content\/uploads\/2015a\/01\/20\/03.jpg","http:\/\/mm.howkuai.com\/wp-content\/uploads\/2015a\/01\/20\/04.jpg","http:\/\/mm.howkuai.com\/wp-content\/uploads\/2015a\/01\/20\/05.jpg","http:\/\/mm.howkuai.com\/wp-content\/uploads\/2015a\/01\/20\/06.jpg"]},{"plaintext":"\u5fae\u6655\u7ea2\u6f6e\u4e00\u7ebf\uff0c\u7ea2\u886b\u59d1\u5a18\u6697\u5f71\u6d41\u82b3","href":"http:\/\/www.meizitu.com\/a\/4761.html","pic_list":["http:\/\/mm.howkuai.com\/wp-content\/uploads\/2015a\/01\/19\/01.jpg","http:\/\/mm.howkuai.com\/wp-content\/uploads\/2015a\/01\/19\/02.jpg","http:\/\/mm.howkuai.com\/wp-content\/uploads\/2015a\/01\/19\/03.jpg","http:\/\/mm.howkuai.com\/wp-content\/uploads\/2015a\/01\/19\/04.jpg","http:\/\/mm.howkuai.com\/wp-content\/uploads\/2015a\/01\/19\/05.jpg","http:\/\/mm.howkuai.com\/wp-content\/uploads\/2015a\/01\/19\/06.jpg","http:\/\/mm.howkuai.com\/wp-content\/uploads\/2015a\/01\/19\/07.jpg"]},{"plaintext":"\u8bf1\u4eba\u6b32\u6ef4\uff0c\u4e30\u6ee1\u5ae9\u6a21\u7eee\u91cc\u5609ula","href":"http:\/\/www.meizitu.com\/a\/4760.html","pic_list":["http:\/\/mm.howkuai.com\/wp-content\/uploads\/2015a\/01\/18\/01.jpg","http:\/\/mm.howkuai.com\/wp-content\/uploads\/2015a\/01\/18\/02.jpg","http:\/\/mm.howkuai.com\/wp-content\/uploads\/2015a\/01\/18\/03.jpg","http:\/\/mm.howkuai.com\/wp-content\/uploads\/2015a\/01\/18\/04.jpg","http:\/\/mm.howkuai.com\/wp-content\/uploads\/2015a\/01\/18\/05.jpg","http:\/\/mm.howkuai.com\/wp-content\/uploads\/2015a\/01\/18\/06.jpg"]},{"plaintext":"\u61d2\u61d2\u7684\u8737\u7f29\u7740\uff0c\u957f\u53d1\u6e29\u67d4\u59b9\u7eb8\u7684\u5c0f\u79c1\u623f","href":"http:\/\/www.meizitu.com\/a\/4759.html","pic_list":["http:\/\/mm.howkuai.com\/wp-content\/uploads\/2015a\/01\/17\/01.jpg","http:\/\/mm.howkuai.com\/wp-content\/uploads\/2015a\/01\/17\/02.jpg","http:\/\/mm.howkuai.com\/wp-content\/uploads\/2015a\/01\/17\/03.jpg","http:\/\/mm.howkuai.com\/wp-content\/uploads\/2015a\/01\/17\/04.jpg","http:\/\/mm.howkuai.com\/wp-content\/uploads\/2015a\/01\/17\/05.jpg","http:\/\/mm.howkuai.com\/wp-content\/uploads\/2015a\/01\/17\/06.jpg","http:\/\/mm.howkuai.com\/wp-content\/uploads\/2015a\/01\/17\/07.jpg","http:\/\/mm.howkuai.com\/wp-content\/uploads\/2015a\/01\/17\/08.jpg"]},{"plaintext":"\u90a3\u4e9b\u6e05\u7eaf\u7684\u517b\u773c\u7f8e\u5973\u56fe\u7247\uff0814\uff09","href":"http:\/\/www.meizitu.com\/a\/4758.html","pic_list":["http:\/\/mm.howkuai.com\/wp-content\/uploads\/2015a\/01\/16\/01.jpg","http:\/\/mm.howkuai.com\/wp-content\/uploads\/2015a\/01\/16\/02.jpg","http:\/\/mm.howkuai.com\/wp-content\/uploads\/2015a\/01\/16\/03.jpg","http:\/\/mm.howkuai.com\/wp-content\/uploads\/2015a\/01\/16\/04.jpg","http:\/\/mm.howkuai.com\/wp-content\/uploads\/2015a\/01\/16\/05.jpg","http:\/\/mm.howkuai.com\/wp-content\/uploads\/2015a\/01\/16\/06.jpg","http:\/\/mm.howkuai.com\/wp-content\/uploads\/2015a\/01\/16\/07.jpg","http:\/\/mm.howkuai.com\/wp-content\/uploads\/2015a\/01\/16\/08.jpg","http:\/\/mm.howkuai.com\/wp-content\/uploads\/2015a\/01\/16\/09.jpg","http:\/\/mm.howkuai.com\/wp-content\/uploads\/2015a\/01\/16\/10.jpg"]},{"plaintext":"\u7231\u827a\u672f\u7684\u59b9\u5b50\uff0c\u6d82\u9e26\u5899\u524d\u9762\u7684\u5973\u751f","href":"http:\/\/www.meizitu.com\/a\/4757.html","pic_list":["http:\/\/mm.howkuai.com\/wp-content\/uploads\/2015a\/01\/15\/01.jpg","http:\/\/mm.howkuai.com\/wp-content\/uploads\/2015a\/01\/15\/02.jpg","http:\/\/mm.howkuai.com\/wp-content\/uploads\/2015a\/01\/15\/03.jpg","http:\/\/mm.howkuai.com\/wp-content\/uploads\/2015a\/01\/15\/04.jpg","http:\/\/mm.howkuai.com\/wp-content\/uploads\/2015a\/01\/15\/05.jpg"]},{"plaintext":"\u5973\u795e\u51cc\u4e71\u53d1\u4e1d\u52a0\u4e0a\u7535\u773c\uff0c\u771f\u80fd\u64a9\u62e8\u5185\u5fc3","href":"http:\/\/www.meizitu.com\/a\/4756.html","pic_list":["http:\/\/mm.howkuai.com\/wp-content\/uploads\/2015a\/01\/14\/01.jpg","http:\/\/mm.howkuai.com\/wp-content\/uploads\/2015a\/01\/14\/02.jpg","http:\/\/mm.howkuai.com\/wp-content\/uploads\/2015a\/01\/14\/03.jpg","http:\/\/mm.howkuai.com\/wp-content\/uploads\/2015a\/01\/14\/04.jpg","http:\/\/mm.howkuai.com\/wp-content\/uploads\/2015a\/01\/14\/05.jpg"]},{"plaintext":"\u55f2\u56e1\u56e1\uff08\u7f8e\u59aeMUMU\uff09\u6700\u65b0\u79c1\u623f","href":"http:\/\/www.meizitu.com\/a\/4755.html","pic_list":["http:\/\/mm.howkuai.com\/wp-content\/uploads\/2015a\/01\/13\/01.jpg","http:\/\/mm.howkuai.com\/wp-content\/uploads\/2015a\/01\/13\/02.jpg","http:\/\/mm.howkuai.com\/wp-content\/uploads\/2015a\/01\/13\/03.jpg","http:\/\/mm.howkuai.com\/wp-content\/uploads\/2015a\/01\/13\/04.jpg","http:\/\/mm.howkuai.com\/wp-content\/uploads\/2015a\/01\/13\/05.jpg","http:\/\/mm.howkuai.com\/wp-content\/uploads\/2015a\/01\/13\/06.jpg","http:\/\/mm.howkuai.com\/wp-content\/uploads\/2015a\/01\/13\/07.jpg"]},{"plaintext":"\u65e5\u672c\u7f8e\u5c11\u5973\u5408\u96c6\uff08\u6a2a\u5c71\u7531\u4f9d\u3001\u6749\u672c\u6709\u7f8e\uff09","href":"http:\/\/www.meizitu.com\/a\/4754.html","pic_list":["http:\/\/mm.howkuai.com\/wp-content\/uploads\/2015a\/01\/12\/01.jpg","http:\/\/mm.howkuai.com\/wp-content\/uploads\/2015a\/01\/12\/02.jpg","http:\/\/mm.howkuai.com\/wp-content\/uploads\/2015a\/01\/12\/03.jpg","http:\/\/mm.howkuai.com\/wp-content\/uploads\/2015a\/01\/12\/04.jpg","http:\/\/mm.howkuai.com\/wp-content\/uploads\/2015a\/01\/12\/05.jpg","http:\/\/mm.howkuai.com\/wp-content\/uploads\/2015a\/01\/12\/06.jpg","http:\/\/mm.howkuai.com\/wp-content\/uploads\/2015a\/01\/12\/07.jpg","http:\/\/mm.howkuai.com\/wp-content\/uploads\/2015a\/01\/12\/08.jpg","http:\/\/mm.howkuai.com\/wp-content\/uploads\/2015a\/01\/12\/09.jpg"]}]