[{"plaintext":"\u7693\u9f7f\u661f\u7738\u3002\u7d20\u9f7f\u6731\u5507\uff0c\u6a31\u6843\u5c0f\u5634\u5341\u8db3\u8bf1\u4eba","href":"http:\/\/www.meizitu.com\/a\/4753.html","pic_list":["http:\/\/mm.howkuai.com\/wp-content\/uploads\/2015a\/01\/11\/01.jpg","http:\/\/mm.howkuai.com\/wp-content\/uploads\/2015a\/01\/11\/02.jpg","http:\/\/mm.howkuai.com\/wp-content\/uploads\/2015a\/01\/11\/03.jpg","http:\/\/mm.howkuai.com\/wp-content\/uploads\/2015a\/01\/11\/04.jpg","http:\/\/mm.howkuai.com\/wp-content\/uploads\/2015a\/01\/11\/05.jpg"]},{"plaintext":"\u957f\u817f\u6a21\u7279\u6d41\u5e74\u82b3\u83f2,\u5996\u5a06\u52a8\u4eba","href":"http:\/\/www.meizitu.com\/a\/4752.html","pic_list":["http:\/\/mm.howkuai.com\/wp-content\/uploads\/2015a\/01\/10\/01.jpg","http:\/\/mm.howkuai.com\/wp-content\/uploads\/2015a\/01\/10\/02.jpg","http:\/\/mm.howkuai.com\/wp-content\/uploads\/2015a\/01\/10\/03.jpg","http:\/\/mm.howkuai.com\/wp-content\/uploads\/2015a\/01\/10\/04.jpg","http:\/\/mm.howkuai.com\/wp-content\/uploads\/2015a\/01\/10\/05.jpg","http:\/\/mm.howkuai.com\/wp-content\/uploads\/2015a\/01\/10\/06.jpg","http:\/\/mm.howkuai.com\/wp-content\/uploads\/2015a\/01\/10\/07.jpg"]},{"plaintext":"\u5915\u9633\u897f\u4e0b\uff0c\u6027\u611f\u5a07\u5a03\u8ff7\u4eba\u7684\u80cc\u5f71","href":"http:\/\/www.meizitu.com\/a\/4751.html","pic_list":["http:\/\/mm.howkuai.com\/wp-content\/uploads\/2015a\/01\/09\/01.jpg","http:\/\/mm.howkuai.com\/wp-content\/uploads\/2015a\/01\/09\/02.jpg","http:\/\/mm.howkuai.com\/wp-content\/uploads\/2015a\/01\/09\/03.jpg","http:\/\/mm.howkuai.com\/wp-content\/uploads\/2015a\/01\/09\/04.jpg","http:\/\/mm.howkuai.com\/wp-content\/uploads\/2015a\/01\/09\/05.jpg","http:\/\/mm.howkuai.com\/wp-content\/uploads\/2015a\/01\/09\/06.jpg"]},{"plaintext":"\u624b\u6367\u9c9c\u82b1\uff0c\u7389\u6d01\u51b0\u6e05\u7684\u82b1\u4ed9\u5b50","href":"http:\/\/www.meizitu.com\/a\/4750.html","pic_list":["http:\/\/mm.howkuai.com\/wp-content\/uploads\/2015a\/01\/08\/01.jpg","http:\/\/mm.howkuai.com\/wp-content\/uploads\/2015a\/01\/08\/02.jpg","http:\/\/mm.howkuai.com\/wp-content\/uploads\/2015a\/01\/08\/03.jpg","http:\/\/mm.howkuai.com\/wp-content\/uploads\/2015a\/01\/08\/04.jpg","http:\/\/mm.howkuai.com\/wp-content\/uploads\/2015a\/01\/08\/05.jpg","http:\/\/mm.howkuai.com\/wp-content\/uploads\/2015a\/01\/08\/06.jpg","http:\/\/mm.howkuai.com\/wp-content\/uploads\/2015a\/01\/08\/07.jpg"]},{"plaintext":"\u96e8\u8587&amp;\u5b9d\u513f\uff0c\u8272\u5f69\u7f24\u7eb7\u7684\u6bd4\u57fa\u5c3c","href":"http:\/\/www.meizitu.com\/a\/4749.html","pic_list":["http:\/\/mm.howkuai.com\/wp-content\/uploads\/2015a\/01\/07\/01.jpg","http:\/\/mm.howkuai.com\/wp-content\/uploads\/2015a\/01\/07\/02.jpg","http:\/\/mm.howkuai.com\/wp-content\/uploads\/2015a\/01\/07\/03.jpg","http:\/\/mm.howkuai.com\/wp-content\/uploads\/2015a\/01\/07\/04.jpg","http:\/\/mm.howkuai.com\/wp-content\/uploads\/2015a\/01\/07\/05.jpg","http:\/\/mm.howkuai.com\/wp-content\/uploads\/2015a\/01\/07\/06.jpg","http:\/\/mm.howkuai.com\/wp-content\/uploads\/2015a\/01\/07\/07.jpg","http:\/\/mm.howkuai.com\/wp-content\/uploads\/2015a\/01\/07\/08.jpg"]},{"plaintext":"\u84dd\u5929\u3001\u9ec4\u6c99\u3001\u78a7\u6c34\u548c\u90a3\u5145\u6ee1\u5f02\u57df\u98ce\u60c5\u7684\u59d1\u5a18","href":"http:\/\/www.meizitu.com\/a\/4748.html","pic_list":["http:\/\/mm.howkuai.com\/wp-content\/uploads\/2015a\/01\/06\/01.jpg","http:\/\/mm.howkuai.com\/wp-content\/uploads\/2015a\/01\/06\/02.jpg","http:\/\/mm.howkuai.com\/wp-content\/uploads\/2015a\/01\/06\/03.jpg","http:\/\/mm.howkuai.com\/wp-content\/uploads\/2015a\/01\/06\/04.jpg","http:\/\/mm.howkuai.com\/wp-content\/uploads\/2015a\/01\/06\/05.jpg","http:\/\/mm.howkuai.com\/wp-content\/uploads\/2015a\/01\/06\/06.jpg"]},{"plaintext":"\u4eca\u591c\u4e0d\u89c1\u4e0d\u6563\uff0c\u7f8e\u5973\u548c\u4f60\u4e00\u8d77\u65af\u8bfa\u514b","href":"http:\/\/www.meizitu.com\/a\/4747.html","pic_list":["http:\/\/mm.howkuai.com\/wp-content\/uploads\/2015a\/01\/05\/01.jpg","http:\/\/mm.howkuai.com\/wp-content\/uploads\/2015a\/01\/05\/02.jpg","http:\/\/mm.howkuai.com\/wp-content\/uploads\/2015a\/01\/05\/03.jpg","http:\/\/mm.howkuai.com\/wp-content\/uploads\/2015a\/01\/05\/04.jpg","http:\/\/mm.howkuai.com\/wp-content\/uploads\/2015a\/01\/05\/05.jpg","http:\/\/mm.howkuai.com\/wp-content\/uploads\/2015a\/01\/05\/06.jpg"]},{"plaintext":"\u5c0f\u5c0f\u840c\u59b9\u5b50\uff0c\u559d\u5496\u5561\u7684\u795e\u6001\u4e5f\u662f\u9189\u4e86\u3002","href":"http:\/\/www.meizitu.com\/a\/4746.html","pic_list":["http:\/\/mm.howkuai.com\/wp-content\/uploads\/2015a\/01\/04\/01.jpg","http:\/\/mm.howkuai.com\/wp-content\/uploads\/2015a\/01\/04\/02.jpg","http:\/\/mm.howkuai.com\/wp-content\/uploads\/2015a\/01\/04\/03.jpg","http:\/\/mm.howkuai.com\/wp-content\/uploads\/2015a\/01\/04\/04.jpg","http:\/\/mm.howkuai.com\/wp-content\/uploads\/2015a\/01\/04\/05.jpg","http:\/\/mm.howkuai.com\/wp-content\/uploads\/2015a\/01\/04\/06.jpg"]},{"plaintext":"\u6d74\u5ba4\u91cc\u6726\u80e7\u73bb\u7483\u540e\u9762\u7684\u5c24\u7269","href":"http:\/\/www.meizitu.com\/a\/4745.html","pic_list":["http:\/\/mm.howkuai.com\/wp-content\/uploads\/2015a\/01\/03\/01.jpg","http:\/\/mm.howkuai.com\/wp-content\/uploads\/2015a\/01\/03\/02.jpg","http:\/\/mm.howkuai.com\/wp-content\/uploads\/2015a\/01\/03\/03.jpg","http:\/\/mm.howkuai.com\/wp-content\/uploads\/2015a\/01\/03\/04.jpg","http:\/\/mm.howkuai.com\/wp-content\/uploads\/2015a\/01\/03\/05.jpg","http:\/\/mm.howkuai.com\/wp-content\/uploads\/2015a\/01\/03\/06.jpg","http:\/\/mm.howkuai.com\/wp-content\/uploads\/2015a\/01\/03\/07.jpg"]},{"plaintext":"\u6cab\u6653\u4f0ababy\u6700\u65b0\u5199\u771f\u79c1\u623f","href":"http:\/\/www.meizitu.com\/a\/4744.html","pic_list":["http:\/\/mm.howkuai.com\/wp-content\/uploads\/2015a\/01\/02\/01.jpg","http:\/\/mm.howkuai.com\/wp-content\/uploads\/2015a\/01\/02\/02.jpg","http:\/\/mm.howkuai.com\/wp-content\/uploads\/2015a\/01\/02\/03.jpg","http:\/\/mm.howkuai.com\/wp-content\/uploads\/2015a\/01\/02\/04.jpg","http:\/\/mm.howkuai.com\/wp-content\/uploads\/2015a\/01\/02\/05.jpg"]},{"plaintext":"\u65b0\u5e74\u798f\u5229\u3002\u4ee4\u4eba\u7729\u6655\u7684\u4e8c\u6b21\u5143\u59b9\u5b50\u3002","href":"http:\/\/www.meizitu.com\/a\/4743.html","pic_list":["http:\/\/mm.howkuai.com\/wp-content\/uploads\/2015a\/01\/01\/01.jpg","http:\/\/mm.howkuai.com\/wp-content\/uploads\/2015a\/01\/01\/02.jpg","http:\/\/mm.howkuai.com\/wp-content\/uploads\/2015a\/01\/01\/03.jpg","http:\/\/mm.howkuai.com\/wp-content\/uploads\/2015a\/01\/01\/04.jpg","http:\/\/mm.howkuai.com\/wp-content\/uploads\/2015a\/01\/01\/05.jpg"]},{"plaintext":"\u4e09\u70b9\u5f0f\u5973\u4ec6\u88c5\uff0c\u9648\u5927\u6995\u6700\u65b0\u5199\u771f\u96c6","href":"http:\/\/www.meizitu.com\/a\/4742.html","pic_list":["http:\/\/mm.howkuai.com\/wp-content\/uploads\/2014a\/12\/77\/01.jpg","http:\/\/mm.howkuai.com\/wp-content\/uploads\/2014a\/12\/77\/02.jpg","http:\/\/mm.howkuai.com\/wp-content\/uploads\/2014a\/12\/77\/03.jpg","http:\/\/mm.howkuai.com\/wp-content\/uploads\/2014a\/12\/77\/04.jpg","http:\/\/mm.howkuai.com\/wp-content\/uploads\/2014a\/12\/77\/05.jpg","http:\/\/mm.howkuai.com\/wp-content\/uploads\/2014a\/12\/77\/06.jpg","http:\/\/mm.howkuai.com\/wp-content\/uploads\/2014a\/12\/77\/07.jpg"]},{"plaintext":"\u9ed1\u6697\u4e2d\u7684\u4e00\u62b9\u98ce\u666f\u7ebf\uff0c\u5b5f\u6653\u827a\u5199\u771f","href":"http:\/\/www.meizitu.com\/a\/4741.html","pic_list":["http:\/\/mm.howkuai.com\/wp-content\/uploads\/2014a\/12\/76\/01.jpg","http:\/\/mm.howkuai.com\/wp-content\/uploads\/2014a\/12\/76\/02.jpg","http:\/\/mm.howkuai.com\/wp-content\/uploads\/2014a\/12\/76\/03.jpg","http:\/\/mm.howkuai.com\/wp-content\/uploads\/2014a\/12\/76\/04.jpg","http:\/\/mm.howkuai.com\/wp-content\/uploads\/2014a\/12\/76\/05.jpg"]},{"plaintext":"\u201c\u4eba\u6c14\u7f8e\u5973\u201d\u5434\u6893\u5ae3\u88ab\u51a0\u4e8e\u201c\u4e2d\u56fd\u7b2c\u4e00Showgirl\u201d","href":"http:\/\/www.meizitu.com\/a\/4740.html","pic_list":["http:\/\/mm.howkuai.com\/wp-content\/uploads\/2014a\/12\/75\/01.jpg","http:\/\/mm.howkuai.com\/wp-content\/uploads\/2014a\/12\/75\/02.jpg","http:\/\/mm.howkuai.com\/wp-content\/uploads\/2014a\/12\/75\/03.jpg","http:\/\/mm.howkuai.com\/wp-content\/uploads\/2014a\/12\/75\/04.jpg","http:\/\/mm.howkuai.com\/wp-content\/uploads\/2014a\/12\/75\/05.jpg","http:\/\/mm.howkuai.com\/wp-content\/uploads\/2014a\/12\/75\/06.jpg","http:\/\/mm.howkuai.com\/wp-content\/uploads\/2014a\/12\/75\/07.jpg","http:\/\/mm.howkuai.com\/wp-content\/uploads\/2014a\/12\/75\/08.jpg","http:\/\/mm.howkuai.com\/wp-content\/uploads\/2014a\/12\/75\/09.jpg"]},{"plaintext":"\u5377\u53d1\u59b9\u5b50\u5728\u7d20\u96c5\u7684\u6c1b\u56f4\uff0c\u4f9d\u7136\u8ba9\u4eba\u5fc3\u8d77\u6ce2\u6f9c","href":"http:\/\/www.meizitu.com\/a\/4739.html","pic_list":["http:\/\/mm.howkuai.com\/wp-content\/uploads\/2014a\/12\/74\/01.jpg","http:\/\/mm.howkuai.com\/wp-content\/uploads\/2014a\/12\/74\/02.jpg","http:\/\/mm.howkuai.com\/wp-content\/uploads\/2014a\/12\/74\/03.jpg","http:\/\/mm.howkuai.com\/wp-content\/uploads\/2014a\/12\/74\/04.jpg","http:\/\/mm.howkuai.com\/wp-content\/uploads\/2014a\/12\/74\/05.jpg","http:\/\/mm.howkuai.com\/wp-content\/uploads\/2014a\/12\/74\/06.jpg","http:\/\/mm.howkuai.com\/wp-content\/uploads\/2014a\/12\/74\/07.jpg"]},{"plaintext":"\u767d\u5ae9\u59b9\u5b50\u559c\u6b22\u51ac\u5929\uff0c\u5374\u4e0d\u7231\u590f\u5929","href":"http:\/\/www.meizitu.com\/a\/4738.html","pic_list":["http:\/\/mm.howkuai.com\/wp-content\/uploads\/2014a\/12\/73\/01.jpg","http:\/\/mm.howkuai.com\/wp-content\/uploads\/2014a\/12\/73\/02.jpg","http:\/\/mm.howkuai.com\/wp-content\/uploads\/2014a\/12\/73\/03.jpg","http:\/\/mm.howkuai.com\/wp-content\/uploads\/2014a\/12\/73\/04.jpg","http:\/\/mm.howkuai.com\/wp-content\/uploads\/2014a\/12\/73\/05.jpg","http:\/\/mm.howkuai.com\/wp-content\/uploads\/2014a\/12\/73\/06.jpg","http:\/\/mm.howkuai.com\/wp-content\/uploads\/2014a\/12\/73\/07.jpg"]},{"plaintext":"ChinaJoy2014\u4e0a\u7684\u53ef\u7231\u5973\u5b69","href":"http:\/\/www.meizitu.com\/a\/4737.html","pic_list":["http:\/\/mm.howkuai.com\/wp-content\/uploads\/2014a\/12\/72\/01.jpg","http:\/\/mm.howkuai.com\/wp-content\/uploads\/2014a\/12\/72\/02.jpg","http:\/\/mm.howkuai.com\/wp-content\/uploads\/2014a\/12\/72\/03.jpg","http:\/\/mm.howkuai.com\/wp-content\/uploads\/2014a\/12\/72\/04.jpg","http:\/\/mm.howkuai.com\/wp-content\/uploads\/2014a\/12\/72\/05.jpg","http:\/\/mm.howkuai.com\/wp-content\/uploads\/2014a\/12\/72\/06.jpg","http:\/\/mm.howkuai.com\/wp-content\/uploads\/2014a\/12\/72\/07.jpg","http:\/\/mm.howkuai.com\/wp-content\/uploads\/2014a\/12\/72\/08.jpg","http:\/\/mm.howkuai.com\/wp-content\/uploads\/2014a\/12\/72\/09.jpg"]},{"plaintext":"\u90a3\u7247\u6d77\uff0c\u90a3\u4e2a\u5973\u4eba\uff0c\u6df1\u6df1\u7684\u7559\u5728\u6211\u7684\u8111\u6d77","href":"http:\/\/www.meizitu.com\/a\/4736.html","pic_list":["http:\/\/mm.howkuai.com\/wp-content\/uploads\/2014a\/12\/71\/01.jpg","http:\/\/mm.howkuai.com\/wp-content\/uploads\/2014a\/12\/71\/02.jpg","http:\/\/mm.howkuai.com\/wp-content\/uploads\/2014a\/12\/71\/03.jpg","http:\/\/mm.howkuai.com\/wp-content\/uploads\/2014a\/12\/71\/04.jpg","http:\/\/mm.howkuai.com\/wp-content\/uploads\/2014a\/12\/71\/05.jpg","http:\/\/mm.howkuai.com\/wp-content\/uploads\/2014a\/12\/71\/06.jpg","http:\/\/mm.howkuai.com\/wp-content\/uploads\/2014a\/12\/71\/07.jpg"]},{"plaintext":"\u8bb8\u8bfaSabrina\u6cf0\u56fd\u82ad\u63d0\u96c5\u5199\u771f","href":"http:\/\/www.meizitu.com\/a\/4734.html","pic_list":["http:\/\/mm.howkuai.com\/wp-content\/uploads\/2014a\/12\/69\/01.jpg","http:\/\/mm.howkuai.com\/wp-content\/uploads\/2014a\/12\/69\/02.jpg","http:\/\/mm.howkuai.com\/wp-content\/uploads\/2014a\/12\/69\/03.jpg","http:\/\/mm.howkuai.com\/wp-content\/uploads\/2014a\/12\/69\/04.jpg","http:\/\/mm.howkuai.com\/wp-content\/uploads\/2014a\/12\/69\/05.jpg","http:\/\/mm.howkuai.com\/wp-content\/uploads\/2014a\/12\/69\/06.jpg","http:\/\/mm.howkuai.com\/wp-content\/uploads\/2014a\/12\/69\/07.jpg","http:\/\/mm.howkuai.com\/wp-content\/uploads\/2014a\/12\/69\/08.jpg"]},{"plaintext":"\u7709\u6bdb\u5f2f\u5f2f\uff0c\u53ef\u7231\u7684\u65e5\u672c\u5973\u795e\u4e2d\u91ce\u4f51\u7f8e\u7b49","href":"http:\/\/www.meizitu.com\/a\/4733.html","pic_list":["http:\/\/mm.howkuai.com\/wp-content\/uploads\/2014a\/12\/68\/01.jpg","http:\/\/mm.howkuai.com\/wp-content\/uploads\/2014a\/12\/68\/02.jpg","http:\/\/mm.howkuai.com\/wp-content\/uploads\/2014a\/12\/68\/03.jpg","http:\/\/mm.howkuai.com\/wp-content\/uploads\/2014a\/12\/68\/04.jpg","http:\/\/mm.howkuai.com\/wp-content\/uploads\/2014a\/12\/68\/05.jpg","http:\/\/mm.howkuai.com\/wp-content\/uploads\/2014a\/12\/68\/06.jpg","http:\/\/mm.howkuai.com\/wp-content\/uploads\/2014a\/12\/68\/07.jpg","http:\/\/mm.howkuai.com\/wp-content\/uploads\/2014a\/12\/68\/08.jpg","http:\/\/mm.howkuai.com\/wp-content\/uploads\/2014a\/12\/68\/09.jpg","http:\/\/mm.howkuai.com\/wp-content\/uploads\/2014a\/12\/68\/10.jpg"]},{"plaintext":"\u5929\u771f\u65e0\u90aa\u841d\u8389\uff0c\u5e73\u5b89\u591c\u91cc\u9759\u9759\u5b88\u5019","href":"http:\/\/www.meizitu.com\/a\/4732.html","pic_list":["http:\/\/mm.howkuai.com\/wp-content\/uploads\/2014a\/12\/67\/01.jpg","http:\/\/mm.howkuai.com\/wp-content\/uploads\/2014a\/12\/67\/02.jpg","http:\/\/mm.howkuai.com\/wp-content\/uploads\/2014a\/12\/67\/03.jpg","http:\/\/mm.howkuai.com\/wp-content\/uploads\/2014a\/12\/67\/04.jpg","http:\/\/mm.howkuai.com\/wp-content\/uploads\/2014a\/12\/67\/05.jpg","http:\/\/mm.howkuai.com\/wp-content\/uploads\/2014a\/12\/67\/06.jpg","http:\/\/mm.howkuai.com\/wp-content\/uploads\/2014a\/12\/67\/07.jpg"]},{"plaintext":"\u6e05\u7eaf\u9753\u4e3d\u7684\u7f8e\u5973\uff0c\u62e5\u6709\u4ee4\u4eba\u96be\u5fd8\u7684\u7fd8\u81c0","href":"http:\/\/www.meizitu.com\/a\/4731.html","pic_list":["http:\/\/mm.howkuai.com\/wp-content\/uploads\/2014a\/12\/66\/01.jpg","http:\/\/mm.howkuai.com\/wp-content\/uploads\/2014a\/12\/66\/02.jpg","http:\/\/mm.howkuai.com\/wp-content\/uploads\/2014a\/12\/66\/03.jpg","http:\/\/mm.howkuai.com\/wp-content\/uploads\/2014a\/12\/66\/04.jpg","http:\/\/mm.howkuai.com\/wp-content\/uploads\/2014a\/12\/66\/05.jpg","http:\/\/mm.howkuai.com\/wp-content\/uploads\/2014a\/12\/66\/06.jpg","http:\/\/mm.howkuai.com\/wp-content\/uploads\/2014a\/12\/66\/07.jpg"]},{"plaintext":"2014\u7684\u4e0a\u6d77\u6700\u7f8e\u5723\u8bde\u5973\u90ce","href":"http:\/\/www.meizitu.com\/a\/4730.html","pic_list":["http:\/\/mm.howkuai.com\/wp-content\/uploads\/2014a\/12\/65\/01.jpg","http:\/\/mm.howkuai.com\/wp-content\/uploads\/2014a\/12\/65\/02.jpg","http:\/\/mm.howkuai.com\/wp-content\/uploads\/2014a\/12\/65\/03.jpg","http:\/\/mm.howkuai.com\/wp-content\/uploads\/2014a\/12\/65\/04.jpg","http:\/\/mm.howkuai.com\/wp-content\/uploads\/2014a\/12\/65\/05.jpg","http:\/\/mm.howkuai.com\/wp-content\/uploads\/2014a\/12\/65\/06.jpg"]},{"plaintext":"\u53cc\u76ee\u6f84\u6f88\uff0c\u6e05\u7eaf\u841d\u8389\u7684\u4e00\u5929","href":"http:\/\/www.meizitu.com\/a\/4729.html","pic_list":["http:\/\/mm.howkuai.com\/wp-content\/uploads\/2014a\/12\/64\/01.jpg","http:\/\/mm.howkuai.com\/wp-content\/uploads\/2014a\/12\/64\/02.jpg","http:\/\/mm.howkuai.com\/wp-content\/uploads\/2014a\/12\/64\/03.jpg","http:\/\/mm.howkuai.com\/wp-content\/uploads\/2014a\/12\/64\/04.jpg","http:\/\/mm.howkuai.com\/wp-content\/uploads\/2014a\/12\/64\/05.jpg"]},{"plaintext":"\u6027\u611f\u7684\u5723\u8bde\u5c11\u5973*\u4e8e\u82b7\u6674MINI\u5199\u771f","href":"http:\/\/www.meizitu.com\/a\/4728.html","pic_list":["http:\/\/mm.howkuai.com\/wp-content\/uploads\/2014a\/12\/63\/01.jpg","http:\/\/mm.howkuai.com\/wp-content\/uploads\/2014a\/12\/63\/02.jpg","http:\/\/mm.howkuai.com\/wp-content\/uploads\/2014a\/12\/63\/03.jpg","http:\/\/mm.howkuai.com\/wp-content\/uploads\/2014a\/12\/63\/04.jpg","http:\/\/mm.howkuai.com\/wp-content\/uploads\/2014a\/12\/63\/05.jpg","http:\/\/mm.howkuai.com\/wp-content\/uploads\/2014a\/12\/63\/06.jpg"]},{"plaintext":"\u5723\u8bde\u8282\u5feb\u4e50\uff0c\u6a21\u7279\u738b\u7199\u7136\u76db\u88c5\u4e0a\u9635","href":"http:\/\/www.meizitu.com\/a\/4727.html","pic_list":["http:\/\/mm.howkuai.com\/wp-content\/uploads\/2014a\/12\/62\/01.jpg","http:\/\/mm.howkuai.com\/wp-content\/uploads\/2014a\/12\/62\/02.jpg","http:\/\/mm.howkuai.com\/wp-content\/uploads\/2014a\/12\/62\/03.jpg","http:\/\/mm.howkuai.com\/wp-content\/uploads\/2014a\/12\/62\/04.jpg","http:\/\/mm.howkuai.com\/wp-content\/uploads\/2014a\/12\/62\/05.jpg"]},{"plaintext":"\u7f8e\u597d\u7684\u5723\u8bde\u8282\uff0c\u6709\u6f02\u4eae\u59b9\u5b50\u3001\u5e73\u5b89\u591c\u3001\u96ea\u82b1\u548c\u70db\u5149","href":"http:\/\/www.meizitu.com\/a\/4726.html","pic_list":["http:\/\/mm.howkuai.com\/wp-content\/uploads\/2014a\/12\/61\/01.jpg","http:\/\/mm.howkuai.com\/wp-content\/uploads\/2014a\/12\/61\/02.jpg","http:\/\/mm.howkuai.com\/wp-content\/uploads\/2014a\/12\/61\/03.jpg","http:\/\/mm.howkuai.com\/wp-content\/uploads\/2014a\/12\/61\/04.jpg","http:\/\/mm.howkuai.com\/wp-content\/uploads\/2014a\/12\/61\/05.jpg"]},{"plaintext":"\u738b\u7199\u7136\u4ee3\u8a00\u7c89\u8272\u7cfb\u5217\u7ef4\u591a\u5229\u4e9a\u79d8\u5bc6\u5185\u8863","href":"http:\/\/www.meizitu.com\/a\/4725.html","pic_list":["http:\/\/mm.howkuai.com\/wp-content\/uploads\/2014a\/12\/60\/01.jpg","http:\/\/mm.howkuai.com\/wp-content\/uploads\/2014a\/12\/60\/02.jpg","http:\/\/mm.howkuai.com\/wp-content\/uploads\/2014a\/12\/60\/03.jpg","http:\/\/mm.howkuai.com\/wp-content\/uploads\/2014a\/12\/60\/04.jpg"]},{"plaintext":"Christmas Candy\uff0c\u5723\u8bde\u793c\u7269\u2015\u957f\u817f\u59b9\u5b50","href":"http:\/\/www.meizitu.com\/a\/4724.html","pic_list":["http:\/\/mm.howkuai.com\/wp-content\/uploads\/2014a\/12\/59\/01.jpg","http:\/\/mm.howkuai.com\/wp-content\/uploads\/2014a\/12\/59\/02.jpg","http:\/\/mm.howkuai.com\/wp-content\/uploads\/2014a\/12\/59\/03.jpg","http:\/\/mm.howkuai.com\/wp-content\/uploads\/2014a\/12\/59\/04.jpg","http:\/\/mm.howkuai.com\/wp-content\/uploads\/2014a\/12\/59\/05.jpg","http:\/\/mm.howkuai.com\/wp-content\/uploads\/2014a\/12\/59\/06.jpg","http:\/\/mm.howkuai.com\/wp-content\/uploads\/2014a\/12\/59\/07.jpg","http:\/\/mm.howkuai.com\/wp-content\/uploads\/2014a\/12\/59\/08.jpg"]}]