[{"plaintext":"\u7eff\u8272\u7cfb\u5c0f\u6e05\u65b0\u30fb\u6e05\u7eaf\u7684\u517b\u773c\u7f8e\u5973\u56fe\u7247\uff0819\uff09","href":"http:\/\/www.meizitu.com\/a\/5115.html","pic_list":["http:\/\/mm.howkuai.com\/wp-content\/uploads\/2015a\/08\/20\/01.jpg","http:\/\/mm.howkuai.com\/wp-content\/uploads\/2015a\/08\/20\/02.jpg","http:\/\/mm.howkuai.com\/wp-content\/uploads\/2015a\/08\/20\/03.jpg","http:\/\/mm.howkuai.com\/wp-content\/uploads\/2015a\/08\/20\/04.jpg","http:\/\/mm.howkuai.com\/wp-content\/uploads\/2015a\/08\/20\/05.jpg","http:\/\/mm.howkuai.com\/wp-content\/uploads\/2015a\/08\/20\/06.jpg","http:\/\/mm.howkuai.com\/wp-content\/uploads\/2015a\/08\/20\/07.jpg","http:\/\/mm.howkuai.com\/wp-content\/uploads\/2015a\/08\/20\/08.jpg","http:\/\/mm.howkuai.com\/wp-content\/uploads\/2015a\/08\/20\/09.jpg","http:\/\/mm.howkuai.com\/wp-content\/uploads\/2015a\/08\/20\/10.jpg"]},{"plaintext":"\u6027\u611f\u7f8e\u5973\u30fb\u90a3\u4e9b\u6027\u611f\u7684\u4eba\u513f\uff0819\uff09","href":"http:\/\/www.meizitu.com\/a\/5114.html","pic_list":["http:\/\/mm.howkuai.com\/wp-content\/uploads\/2015a\/08\/19\/01.jpg","http:\/\/mm.howkuai.com\/wp-content\/uploads\/2015a\/08\/19\/02.jpg","http:\/\/mm.howkuai.com\/wp-content\/uploads\/2015a\/08\/19\/03.jpg","http:\/\/mm.howkuai.com\/wp-content\/uploads\/2015a\/08\/19\/04.jpg","http:\/\/mm.howkuai.com\/wp-content\/uploads\/2015a\/08\/19\/05.jpg","http:\/\/mm.howkuai.com\/wp-content\/uploads\/2015a\/08\/19\/06.jpg","http:\/\/mm.howkuai.com\/wp-content\/uploads\/2015a\/08\/19\/07.jpg","http:\/\/mm.howkuai.com\/wp-content\/uploads\/2015a\/08\/19\/08.jpg","http:\/\/mm.howkuai.com\/wp-content\/uploads\/2015a\/08\/19\/09.jpg"]},{"plaintext":"\u6c14\u8d28\u59b9\u5b50\u30fb\u661f\u5df4\u514b\u5496\u5561\u5c4b\u81ea\u7136\u98ce","href":"http:\/\/www.meizitu.com\/a\/5113.html","pic_list":["http:\/\/mm.howkuai.com\/wp-content\/uploads\/2015a\/08\/18\/01.jpg","http:\/\/mm.howkuai.com\/wp-content\/uploads\/2015a\/08\/18\/02.jpg","http:\/\/mm.howkuai.com\/wp-content\/uploads\/2015a\/08\/18\/03.jpg","http:\/\/mm.howkuai.com\/wp-content\/uploads\/2015a\/08\/18\/04.jpg","http:\/\/mm.howkuai.com\/wp-content\/uploads\/2015a\/08\/18\/05.jpg","http:\/\/mm.howkuai.com\/wp-content\/uploads\/2015a\/08\/18\/06.jpg","http:\/\/mm.howkuai.com\/wp-content\/uploads\/2015a\/08\/18\/07.jpg","http:\/\/mm.howkuai.com\/wp-content\/uploads\/2015a\/08\/18\/08.jpg","http:\/\/mm.howkuai.com\/wp-content\/uploads\/2015a\/08\/18\/09.jpg"]},{"plaintext":"\u5468\u672b\u7684\u65e9\u6668\uff0c\u7f8e\u5973\u4eab\u53d7\u7b2c\u4e00\u62b9\u9633\u5149","href":"http:\/\/www.meizitu.com\/a\/5112.html","pic_list":["http:\/\/mm.howkuai.com\/wp-content\/uploads\/2015a\/08\/17\/01.jpg","http:\/\/mm.howkuai.com\/wp-content\/uploads\/2015a\/08\/17\/02.jpg","http:\/\/mm.howkuai.com\/wp-content\/uploads\/2015a\/08\/17\/03.jpg","http:\/\/mm.howkuai.com\/wp-content\/uploads\/2015a\/08\/17\/04.jpg","http:\/\/mm.howkuai.com\/wp-content\/uploads\/2015a\/08\/17\/05.jpg","http:\/\/mm.howkuai.com\/wp-content\/uploads\/2015a\/08\/17\/06.jpg","http:\/\/mm.howkuai.com\/wp-content\/uploads\/2015a\/08\/17\/07.jpg","http:\/\/mm.howkuai.com\/wp-content\/uploads\/2015a\/08\/17\/08.jpg"]},{"plaintext":"\u5e08\u8303\u5b9e\u4e60\u8001\u5e08 \u70ed\u88e4\u7f8e\u81c0Manuela","href":"http:\/\/www.meizitu.com\/a\/5111.html","pic_list":["http:\/\/mm.howkuai.com\/wp-content\/uploads\/2015a\/08\/16\/01.jpg","http:\/\/mm.howkuai.com\/wp-content\/uploads\/2015a\/08\/16\/02.jpg","http:\/\/mm.howkuai.com\/wp-content\/uploads\/2015a\/08\/16\/03.jpg","http:\/\/mm.howkuai.com\/wp-content\/uploads\/2015a\/08\/16\/04.jpg","http:\/\/mm.howkuai.com\/wp-content\/uploads\/2015a\/08\/16\/05.jpg","http:\/\/mm.howkuai.com\/wp-content\/uploads\/2015a\/08\/16\/06.jpg","http:\/\/mm.howkuai.com\/wp-content\/uploads\/2015a\/08\/16\/07.jpg","http:\/\/mm.howkuai.com\/wp-content\/uploads\/2015a\/08\/16\/08.jpg","http:\/\/mm.howkuai.com\/wp-content\/uploads\/2015a\/08\/16\/09.jpg","http:\/\/mm.howkuai.com\/wp-content\/uploads\/2015a\/08\/16\/10.jpg","http:\/\/mm.howkuai.com\/wp-content\/uploads\/2015a\/08\/16\/11.jpg"]},{"plaintext":"\u957f\u53d1\u5ae9\u6a21\u7a7f\u900f\u660e\u7761\u8863\u62cd\u79c1\u623f\u5199\u771f","href":"http:\/\/www.meizitu.com\/a\/5110.html","pic_list":["http:\/\/mm.howkuai.com\/wp-content\/uploads\/2015a\/08\/15\/01.jpg","http:\/\/mm.howkuai.com\/wp-content\/uploads\/2015a\/08\/15\/02.jpg","http:\/\/mm.howkuai.com\/wp-content\/uploads\/2015a\/08\/15\/03.jpg","http:\/\/mm.howkuai.com\/wp-content\/uploads\/2015a\/08\/15\/04.jpg","http:\/\/mm.howkuai.com\/wp-content\/uploads\/2015a\/08\/15\/05.jpg","http:\/\/mm.howkuai.com\/wp-content\/uploads\/2015a\/08\/15\/06.jpg","http:\/\/mm.howkuai.com\/wp-content\/uploads\/2015a\/08\/15\/07.jpg"]},{"plaintext":"\u6e05\u7eaf\u5c0f\u7f8e\u5973\u30fb\u7eaf\u51c0\u7b11\u5bb9","href":"http:\/\/www.meizitu.com\/a\/5109.html","pic_list":["http:\/\/mm.howkuai.com\/wp-content\/uploads\/2015a\/08\/14\/01.jpg","http:\/\/mm.howkuai.com\/wp-content\/uploads\/2015a\/08\/14\/02.jpg","http:\/\/mm.howkuai.com\/wp-content\/uploads\/2015a\/08\/14\/03.jpg","http:\/\/mm.howkuai.com\/wp-content\/uploads\/2015a\/08\/14\/04.jpg","http:\/\/mm.howkuai.com\/wp-content\/uploads\/2015a\/08\/14\/05.jpg","http:\/\/mm.howkuai.com\/wp-content\/uploads\/2015a\/08\/14\/06.jpg","http:\/\/mm.howkuai.com\/wp-content\/uploads\/2015a\/08\/14\/07.jpg"]},{"plaintext":"2015 China Joy \u4e0a\u7684\u53ef\u7231\u59b9\u5b50","href":"http:\/\/www.meizitu.com\/a\/5108.html","pic_list":["http:\/\/mm.howkuai.com\/wp-content\/uploads\/2015a\/08\/13\/01.jpg","http:\/\/mm.howkuai.com\/wp-content\/uploads\/2015a\/08\/13\/02.jpg","http:\/\/mm.howkuai.com\/wp-content\/uploads\/2015a\/08\/13\/03.jpg","http:\/\/mm.howkuai.com\/wp-content\/uploads\/2015a\/08\/13\/04.jpg","http:\/\/mm.howkuai.com\/wp-content\/uploads\/2015a\/08\/13\/05.jpg","http:\/\/mm.howkuai.com\/wp-content\/uploads\/2015a\/08\/13\/06.jpg","http:\/\/mm.howkuai.com\/wp-content\/uploads\/2015a\/08\/13\/07.jpg","http:\/\/mm.howkuai.com\/wp-content\/uploads\/2015a\/08\/13\/08.jpg","http:\/\/mm.howkuai.com\/wp-content\/uploads\/2015a\/08\/13\/09.jpg","http:\/\/mm.howkuai.com\/wp-content\/uploads\/2015a\/08\/13\/10.jpg"]},{"plaintext":"\u770b\u4e0d\u817b\u7684\u53ef\u7231\u83c7\u5a18\uff0c\u5634\u89d2\u7684\u5fae\u7b11\u306e\u5f27\u5ea6","href":"http:\/\/www.meizitu.com\/a\/5107.html","pic_list":["http:\/\/mm.howkuai.com\/wp-content\/uploads\/2015a\/08\/12\/01.jpg","http:\/\/mm.howkuai.com\/wp-content\/uploads\/2015a\/08\/12\/02.jpg","http:\/\/mm.howkuai.com\/wp-content\/uploads\/2015a\/08\/12\/03.jpg","http:\/\/mm.howkuai.com\/wp-content\/uploads\/2015a\/08\/12\/04.jpg","http:\/\/mm.howkuai.com\/wp-content\/uploads\/2015a\/08\/12\/05.jpg","http:\/\/mm.howkuai.com\/wp-content\/uploads\/2015a\/08\/12\/06.jpg","http:\/\/mm.howkuai.com\/wp-content\/uploads\/2015a\/08\/12\/07.jpg","http:\/\/mm.howkuai.com\/wp-content\/uploads\/2015a\/08\/12\/08.jpg"]},{"plaintext":"\u4e34\u53bb\u79cb\u6ce2\u90a3\u4e00\u8f6c\uff0c\u6ce2\u6d9b\u6c79\u6d8c\u59b9\u5b50\u8d4f","href":"http:\/\/www.meizitu.com\/a\/5106.html","pic_list":["http:\/\/mm.howkuai.com\/wp-content\/uploads\/2015a\/08\/11\/01.jpg","http:\/\/mm.howkuai.com\/wp-content\/uploads\/2015a\/08\/11\/02.jpg","http:\/\/mm.howkuai.com\/wp-content\/uploads\/2015a\/08\/11\/03.jpg","http:\/\/mm.howkuai.com\/wp-content\/uploads\/2015a\/08\/11\/04.jpg","http:\/\/mm.howkuai.com\/wp-content\/uploads\/2015a\/08\/11\/05.jpg","http:\/\/mm.howkuai.com\/wp-content\/uploads\/2015a\/08\/11\/06.jpg","http:\/\/mm.howkuai.com\/wp-content\/uploads\/2015a\/08\/11\/07.jpg","http:\/\/mm.howkuai.com\/wp-content\/uploads\/2015a\/08\/11\/08.jpg"]},{"plaintext":"\u65f6\u5c1a\u4eba\u50cf\u6444\u5f71\uff0c\u591a\u59ff\u591a\u5f69\u6cf3\u88c5\u79c0","href":"http:\/\/www.meizitu.com\/a\/5105.html","pic_list":["http:\/\/mm.howkuai.com\/wp-content\/uploads\/2015a\/08\/10\/01.jpg","http:\/\/mm.howkuai.com\/wp-content\/uploads\/2015a\/08\/10\/02.jpg","http:\/\/mm.howkuai.com\/wp-content\/uploads\/2015a\/08\/10\/03.jpg","http:\/\/mm.howkuai.com\/wp-content\/uploads\/2015a\/08\/10\/04.jpg","http:\/\/mm.howkuai.com\/wp-content\/uploads\/2015a\/08\/10\/05.jpg","http:\/\/mm.howkuai.com\/wp-content\/uploads\/2015a\/08\/10\/06.jpg"]},{"plaintext":"\u5377\u53d1\u8fd0\u52a8\u88c5\u6027\u611f\u5973\u5b69\u7d2b\u742a","href":"http:\/\/www.meizitu.com\/a\/5104.html","pic_list":["http:\/\/mm.howkuai.com\/wp-content\/uploads\/2015a\/08\/09\/01.jpg","http:\/\/mm.howkuai.com\/wp-content\/uploads\/2015a\/08\/09\/02.jpg","http:\/\/mm.howkuai.com\/wp-content\/uploads\/2015a\/08\/09\/03.jpg","http:\/\/mm.howkuai.com\/wp-content\/uploads\/2015a\/08\/09\/04.jpg","http:\/\/mm.howkuai.com\/wp-content\/uploads\/2015a\/08\/09\/05.jpg","http:\/\/mm.howkuai.com\/wp-content\/uploads\/2015a\/08\/09\/06.jpg"]},{"plaintext":"\u7f8e\u4e3d\u7684\u5929\u9e45\u821e\u5973\u5b69\u7a7f\u4e0a\u5a5a\u7eb1\u7684\u90a3\u4e00\u523b","href":"http:\/\/www.meizitu.com\/a\/5103.html","pic_list":["http:\/\/mm.howkuai.com\/wp-content\/uploads\/2015a\/08\/08\/01.jpg","http:\/\/mm.howkuai.com\/wp-content\/uploads\/2015a\/08\/08\/02.jpg","http:\/\/mm.howkuai.com\/wp-content\/uploads\/2015a\/08\/08\/03.jpg","http:\/\/mm.howkuai.com\/wp-content\/uploads\/2015a\/08\/08\/04.jpg","http:\/\/mm.howkuai.com\/wp-content\/uploads\/2015a\/08\/08\/05.jpg","http:\/\/mm.howkuai.com\/wp-content\/uploads\/2015a\/08\/08\/06.jpg","http:\/\/mm.howkuai.com\/wp-content\/uploads\/2015a\/08\/08\/07.jpg","http:\/\/mm.howkuai.com\/wp-content\/uploads\/2015a\/08\/08\/08.jpg"]},{"plaintext":"\u6a21\u7279\u738b\u5c14\u7433\u88f8\u534a\u8eab\u5927\u6446\u8bf1\u60d1\u59ff\u52bf","href":"http:\/\/www.meizitu.com\/a\/5102.html","pic_list":["http:\/\/mm.howkuai.com\/wp-content\/uploads\/2015a\/08\/07\/01.jpg","http:\/\/mm.howkuai.com\/wp-content\/uploads\/2015a\/08\/07\/02.jpg","http:\/\/mm.howkuai.com\/wp-content\/uploads\/2015a\/08\/07\/03.jpg","http:\/\/mm.howkuai.com\/wp-content\/uploads\/2015a\/08\/07\/04.jpg","http:\/\/mm.howkuai.com\/wp-content\/uploads\/2015a\/08\/07\/05.jpg","http:\/\/mm.howkuai.com\/wp-content\/uploads\/2015a\/08\/07\/06.jpg"]},{"plaintext":"\u5361\u54c7\u4f0a\u7f8e\u5973\uff0c\u4e00\u53ea\u6d0b\u5a03\u5a03\u7684\u4e0b\u5348\u8336","href":"http:\/\/www.meizitu.com\/a\/5101.html","pic_list":["http:\/\/mm.howkuai.com\/wp-content\/uploads\/2015a\/08\/06\/01.jpg","http:\/\/mm.howkuai.com\/wp-content\/uploads\/2015a\/08\/06\/02.jpg","http:\/\/mm.howkuai.com\/wp-content\/uploads\/2015a\/08\/06\/03.jpg","http:\/\/mm.howkuai.com\/wp-content\/uploads\/2015a\/08\/06\/04.jpg","http:\/\/mm.howkuai.com\/wp-content\/uploads\/2015a\/08\/06\/05.jpg","http:\/\/mm.howkuai.com\/wp-content\/uploads\/2015a\/08\/06\/06.jpg","http:\/\/mm.howkuai.com\/wp-content\/uploads\/2015a\/08\/06\/07.jpg"]},{"plaintext":"\u68ee\u6797\u4e2d\u7684\u6027\u611f\u5929\u4f7f\uff0c\u6eaa\u8fb9\u9732\u7389\u8db3\u8f7b\u8f7b\u6f2b\u6b65","href":"http:\/\/www.meizitu.com\/a\/5100.html","pic_list":["http:\/\/mm.howkuai.com\/wp-content\/uploads\/2015a\/08\/05\/01.jpg","http:\/\/mm.howkuai.com\/wp-content\/uploads\/2015a\/08\/05\/02.jpg","http:\/\/mm.howkuai.com\/wp-content\/uploads\/2015a\/08\/05\/03.jpg","http:\/\/mm.howkuai.com\/wp-content\/uploads\/2015a\/08\/05\/04.jpg","http:\/\/mm.howkuai.com\/wp-content\/uploads\/2015a\/08\/05\/05.jpg","http:\/\/mm.howkuai.com\/wp-content\/uploads\/2015a\/08\/05\/06.jpg","http:\/\/mm.howkuai.com\/wp-content\/uploads\/2015a\/08\/05\/07.jpg","http:\/\/mm.howkuai.com\/wp-content\/uploads\/2015a\/08\/05\/08.jpg","http:\/\/mm.howkuai.com\/wp-content\/uploads\/2015a\/08\/05\/09.jpg"]},{"plaintext":"2015chinajoy\u4e0a\u4f9d\u7136\u4e0d\u7f3a\u4e4f\u4eae\u70b9","href":"http:\/\/www.meizitu.com\/a\/5099.html","pic_list":["http:\/\/mm.howkuai.com\/wp-content\/uploads\/2015a\/08\/04\/01.jpg","http:\/\/mm.howkuai.com\/wp-content\/uploads\/2015a\/08\/04\/02.jpg","http:\/\/mm.howkuai.com\/wp-content\/uploads\/2015a\/08\/04\/03.jpg","http:\/\/mm.howkuai.com\/wp-content\/uploads\/2015a\/08\/04\/04.jpg","http:\/\/mm.howkuai.com\/wp-content\/uploads\/2015a\/08\/04\/05.jpg","http:\/\/mm.howkuai.com\/wp-content\/uploads\/2015a\/08\/04\/06.jpg","http:\/\/mm.howkuai.com\/wp-content\/uploads\/2015a\/08\/04\/07.jpg","http:\/\/mm.howkuai.com\/wp-content\/uploads\/2015a\/08\/04\/08.jpg","http:\/\/mm.howkuai.com\/wp-content\/uploads\/2015a\/08\/04\/09.jpg","http:\/\/mm.howkuai.com\/wp-content\/uploads\/2015a\/08\/04\/10.jpg"]},{"plaintext":"\u7bee\u7403\u573a\u4e0a\u7684\u7eaf\u60c5\u897f\u74dc\u59b9\u7eb8","href":"http:\/\/www.meizitu.com\/a\/5098.html","pic_list":["http:\/\/mm.howkuai.com\/wp-content\/uploads\/2015a\/08\/03\/01.jpg","http:\/\/mm.howkuai.com\/wp-content\/uploads\/2015a\/08\/03\/02.jpg","http:\/\/mm.howkuai.com\/wp-content\/uploads\/2015a\/08\/03\/03.jpg","http:\/\/mm.howkuai.com\/wp-content\/uploads\/2015a\/08\/03\/04.jpg","http:\/\/mm.howkuai.com\/wp-content\/uploads\/2015a\/08\/03\/05.jpg","http:\/\/mm.howkuai.com\/wp-content\/uploads\/2015a\/08\/03\/06.jpg","http:\/\/mm.howkuai.com\/wp-content\/uploads\/2015a\/08\/03\/07.jpg"]},{"plaintext":"\u521d\u590f\u30fb\u4fcf\u4f73\u4eba\u7684\u5c0f\u60c5\u7eea\u79c1\u623f","href":"http:\/\/www.meizitu.com\/a\/5097.html","pic_list":["http:\/\/mm.howkuai.com\/wp-content\/uploads\/2015a\/08\/02\/01.jpg","http:\/\/mm.howkuai.com\/wp-content\/uploads\/2015a\/08\/02\/02.jpg","http:\/\/mm.howkuai.com\/wp-content\/uploads\/2015a\/08\/02\/03.jpg","http:\/\/mm.howkuai.com\/wp-content\/uploads\/2015a\/08\/02\/04.jpg","http:\/\/mm.howkuai.com\/wp-content\/uploads\/2015a\/08\/02\/05.jpg","http:\/\/mm.howkuai.com\/wp-content\/uploads\/2015a\/08\/02\/06.jpg"]},{"plaintext":"Sexy missile\u30fb\u738b\u5a49\u60a0","href":"http:\/\/www.meizitu.com\/a\/5096.html","pic_list":["http:\/\/mm.howkuai.com\/wp-content\/uploads\/2015a\/08\/01\/01.jpg","http:\/\/mm.howkuai.com\/wp-content\/uploads\/2015a\/08\/01\/02.jpg","http:\/\/mm.howkuai.com\/wp-content\/uploads\/2015a\/08\/01\/03.jpg","http:\/\/mm.howkuai.com\/wp-content\/uploads\/2015a\/08\/01\/04.jpg","http:\/\/mm.howkuai.com\/wp-content\/uploads\/2015a\/08\/01\/05.jpg","http:\/\/mm.howkuai.com\/wp-content\/uploads\/2015a\/08\/01\/06.jpg"]},{"plaintext":"\u7206\u4e73\u5973\u795e\u4e8e\u59ecUna\u5236\u670d\u5927\u80f8\u8bf1\u60d1","href":"http:\/\/www.meizitu.com\/a\/5095.html","pic_list":["http:\/\/mm.howkuai.com\/wp-content\/uploads\/2015a\/07\/45\/01.jpg","http:\/\/mm.howkuai.com\/wp-content\/uploads\/2015a\/07\/45\/02.jpg","http:\/\/mm.howkuai.com\/wp-content\/uploads\/2015a\/07\/45\/03.jpg","http:\/\/mm.howkuai.com\/wp-content\/uploads\/2015a\/07\/45\/04.jpg","http:\/\/mm.howkuai.com\/wp-content\/uploads\/2015a\/07\/45\/05.jpg","http:\/\/mm.howkuai.com\/wp-content\/uploads\/2015a\/07\/45\/06.jpg"]},{"plaintext":"\u5065\u8eab\u623f\u91cc\u7684\u5c0f\u86ee\u8170\u59b9\u5b50","href":"http:\/\/www.meizitu.com\/a\/5094.html","pic_list":["http:\/\/mm.howkuai.com\/wp-content\/uploads\/2015a\/07\/44\/01.jpg","http:\/\/mm.howkuai.com\/wp-content\/uploads\/2015a\/07\/44\/02.jpg","http:\/\/mm.howkuai.com\/wp-content\/uploads\/2015a\/07\/44\/03.jpg","http:\/\/mm.howkuai.com\/wp-content\/uploads\/2015a\/07\/44\/04.jpg","http:\/\/mm.howkuai.com\/wp-content\/uploads\/2015a\/07\/44\/05.jpg","http:\/\/mm.howkuai.com\/wp-content\/uploads\/2015a\/07\/44\/06.jpg","http:\/\/mm.howkuai.com\/wp-content\/uploads\/2015a\/07\/44\/06.jpg"]},{"plaintext":"\u5ae9\u6a21\u5728\u6e38\u4e50\u573a\u7684\u5feb\u4e50\u4e00\u5929","href":"http:\/\/www.meizitu.com\/a\/5093.html","pic_list":["http:\/\/mm.howkuai.com\/wp-content\/uploads\/2015a\/07\/43\/01.jpg","http:\/\/mm.howkuai.com\/wp-content\/uploads\/2015a\/07\/43\/02.jpg","http:\/\/mm.howkuai.com\/wp-content\/uploads\/2015a\/07\/43\/03.jpg","http:\/\/mm.howkuai.com\/wp-content\/uploads\/2015a\/07\/43\/04.jpg","http:\/\/mm.howkuai.com\/wp-content\/uploads\/2015a\/07\/43\/05.jpg","http:\/\/mm.howkuai.com\/wp-content\/uploads\/2015a\/07\/43\/06.jpg","http:\/\/mm.howkuai.com\/wp-content\/uploads\/2015a\/07\/43\/06.jpg","http:\/\/mm.howkuai.com\/wp-content\/uploads\/2015a\/07\/43\/06.jpg"]},{"plaintext":"\u4f53\u64cd\u670d\u59b9\u5b50\uff0c\u5c0f\u91ce\u56de\u5fc6","href":"http:\/\/www.meizitu.com\/a\/5092.html","pic_list":["http:\/\/mm.howkuai.com\/wp-content\/uploads\/2015a\/07\/42\/01.jpg","http:\/\/mm.howkuai.com\/wp-content\/uploads\/2015a\/07\/42\/02.jpg","http:\/\/mm.howkuai.com\/wp-content\/uploads\/2015a\/07\/42\/03.jpg","http:\/\/mm.howkuai.com\/wp-content\/uploads\/2015a\/07\/42\/04.jpg","http:\/\/mm.howkuai.com\/wp-content\/uploads\/2015a\/07\/42\/05.jpg","http:\/\/mm.howkuai.com\/wp-content\/uploads\/2015a\/07\/42\/06.jpg"]},{"plaintext":"\u51b0\u808c\u7389\u80a4\uff0c\u6ed1\u817b\u4f3c\u9165\uff0c\u9ad8\u6e05\u7f8e\u5973\u5408\u96c6","href":"http:\/\/www.meizitu.com\/a\/5091.html","pic_list":["http:\/\/mm.howkuai.com\/wp-content\/uploads\/2015a\/07\/41\/01.jpg","http:\/\/mm.howkuai.com\/wp-content\/uploads\/2015a\/07\/41\/02.jpg","http:\/\/mm.howkuai.com\/wp-content\/uploads\/2015a\/07\/41\/03.jpg","http:\/\/mm.howkuai.com\/wp-content\/uploads\/2015a\/07\/41\/04.jpg","http:\/\/mm.howkuai.com\/wp-content\/uploads\/2015a\/07\/41\/05.jpg","http:\/\/mm.howkuai.com\/wp-content\/uploads\/2015a\/07\/41\/06.jpg","http:\/\/mm.howkuai.com\/wp-content\/uploads\/2015a\/07\/41\/07.jpg","http:\/\/mm.howkuai.com\/wp-content\/uploads\/2015a\/07\/41\/08.jpg","http:\/\/mm.howkuai.com\/wp-content\/uploads\/2015a\/07\/41\/09.jpg","http:\/\/mm.howkuai.com\/wp-content\/uploads\/2015a\/07\/41\/10.jpg"]},{"plaintext":"\u660e\u7738\u5584\u7750\uff0c\u6e05\u7eaf\u6c14\u8d28\u7684\u65e5\u672c\u7f8e\u5973","href":"http:\/\/www.meizitu.com\/a\/5090.html","pic_list":["http:\/\/mm.howkuai.com\/wp-content\/uploads\/2015a\/07\/40\/01.jpg","http:\/\/mm.howkuai.com\/wp-content\/uploads\/2015a\/07\/40\/02.jpg","http:\/\/mm.howkuai.com\/wp-content\/uploads\/2015a\/07\/40\/03.jpg","http:\/\/mm.howkuai.com\/wp-content\/uploads\/2015a\/07\/40\/04.jpg","http:\/\/mm.howkuai.com\/wp-content\/uploads\/2015a\/07\/40\/05.jpg","http:\/\/mm.howkuai.com\/wp-content\/uploads\/2015a\/07\/40\/06.jpg","http:\/\/mm.howkuai.com\/wp-content\/uploads\/2015a\/07\/40\/07.jpg","http:\/\/mm.howkuai.com\/wp-content\/uploads\/2015a\/07\/40\/08.jpg"]},{"plaintext":"\u6559\u5ba4\u91cc\u7684\u6e05\u7eaf\u5973\u5b69\uff0c16\u5c81\u7684\u82b1\u5b63\u3002","href":"http:\/\/www.meizitu.com\/a\/5089.html","pic_list":["http:\/\/mm.howkuai.com\/wp-content\/uploads\/2015a\/07\/39\/01.jpg","http:\/\/mm.howkuai.com\/wp-content\/uploads\/2015a\/07\/39\/02.jpg","http:\/\/mm.howkuai.com\/wp-content\/uploads\/2015a\/07\/39\/03.jpg","http:\/\/mm.howkuai.com\/wp-content\/uploads\/2015a\/07\/39\/04.jpg","http:\/\/mm.howkuai.com\/wp-content\/uploads\/2015a\/07\/39\/05.jpg","http:\/\/mm.howkuai.com\/wp-content\/uploads\/2015a\/07\/39\/06.jpg","http:\/\/mm.howkuai.com\/wp-content\/uploads\/2015a\/07\/39\/07.jpg","http:\/\/mm.howkuai.com\/wp-content\/uploads\/2015a\/07\/39\/08.jpg","http:\/\/mm.howkuai.com\/wp-content\/uploads\/2015a\/07\/39\/09.jpg"]},{"plaintext":"\u5929\u771f\u53ef\u7231\u7684\u59b9\u7eb8 \u4e00\u5239\u90a3\u7684\u6d6a\u6f2b","href":"http:\/\/www.meizitu.com\/a\/5088.html","pic_list":["http:\/\/mm.howkuai.com\/wp-content\/uploads\/2015a\/07\/38\/01.jpg","http:\/\/mm.howkuai.com\/wp-content\/uploads\/2015a\/07\/38\/02.jpg","http:\/\/mm.howkuai.com\/wp-content\/uploads\/2015a\/07\/38\/03.jpg","http:\/\/mm.howkuai.com\/wp-content\/uploads\/2015a\/07\/38\/04.jpg","http:\/\/mm.howkuai.com\/wp-content\/uploads\/2015a\/07\/38\/05.jpg","http:\/\/mm.howkuai.com\/wp-content\/uploads\/2015a\/07\/38\/06.jpg","http:\/\/mm.howkuai.com\/wp-content\/uploads\/2015a\/07\/38\/07.jpg"]},{"plaintext":"\u6027\u611f\u6a21\u7279\u513f\u738b\u745e\u513f\u559d\u725b\u5976\u65f6\u7684\u8bf1\u60d1","href":"http:\/\/www.meizitu.com\/a\/5086.html","pic_list":["http:\/\/mm.howkuai.com\/wp-content\/uploads\/2015a\/07\/37\/01.jpg","http:\/\/mm.howkuai.com\/wp-content\/uploads\/2015a\/07\/37\/02.jpg","http:\/\/mm.howkuai.com\/wp-content\/uploads\/2015a\/07\/37\/03.jpg","http:\/\/mm.howkuai.com\/wp-content\/uploads\/2015a\/07\/37\/04.jpg","http:\/\/mm.howkuai.com\/wp-content\/uploads\/2015a\/07\/37\/05.jpg","http:\/\/mm.howkuai.com\/wp-content\/uploads\/2015a\/07\/37\/06.jpg","http:\/\/mm.howkuai.com\/wp-content\/uploads\/2015a\/07\/37\/07.jpg","http:\/\/mm.howkuai.com\/wp-content\/uploads\/2015a\/07\/37\/08.jpg"]},{"plaintext":"\u590f\u65e5\u00d7\u8dd1\u9053\uff0c\u9633\u5149\u5065\u7f8e\u7684\u6e05\u65b0\u59b9\u7eb8","href":"http:\/\/www.meizitu.com\/a\/5085.html","pic_list":["http:\/\/mm.howkuai.com\/wp-content\/uploads\/2015a\/07\/36\/01.jpg","http:\/\/mm.howkuai.com\/wp-content\/uploads\/2015a\/07\/36\/02.jpg","http:\/\/mm.howkuai.com\/wp-content\/uploads\/2015a\/07\/36\/03.jpg","http:\/\/mm.howkuai.com\/wp-content\/uploads\/2015a\/07\/36\/04.jpg","http:\/\/mm.howkuai.com\/wp-content\/uploads\/2015a\/07\/36\/05.jpg","http:\/\/mm.howkuai.com\/wp-content\/uploads\/2015a\/07\/36\/06.jpg","http:\/\/mm.howkuai.com\/wp-content\/uploads\/2015a\/07\/36\/07.jpg","http:\/\/mm.howkuai.com\/wp-content\/uploads\/2015a\/07\/36\/08.jpg","http:\/\/mm.howkuai.com\/wp-content\/uploads\/2015a\/07\/36\/09.jpg"]}]