[{"plaintext":"\u7eaf\u60c5\u4ed9\u5b50\u7389\u5154miki\u5403\u68d2\u68d2\u7cd6\u5a07\u7f9e\u5199\u771f","href":"http:\/\/www.meizitu.com\/a\/5326.html","pic_list":["http:\/\/mm.howkuai.com\/wp-content\/uploads\/2016a\/03\/06\/01.jpg","http:\/\/mm.howkuai.com\/wp-content\/uploads\/2016a\/03\/06\/02.jpg","http:\/\/mm.howkuai.com\/wp-content\/uploads\/2016a\/03\/06\/03.jpg","http:\/\/mm.howkuai.com\/wp-content\/uploads\/2016a\/03\/06\/04.jpg","http:\/\/mm.howkuai.com\/wp-content\/uploads\/2016a\/03\/06\/05.jpg","http:\/\/mm.howkuai.com\/wp-content\/uploads\/2016a\/03\/06\/06.jpg","http:\/\/mm.howkuai.com\/wp-content\/uploads\/2016a\/03\/06\/07.jpg","http:\/\/mm.howkuai.com\/wp-content\/uploads\/2016a\/03\/06\/08.jpg"]},{"plaintext":"\u90a3\u4e9b\u6e05\u7eaf\u7684\u517b\u773c\u7f8e\u5973\u56fe\u7247-23","href":"http:\/\/www.meizitu.com\/a\/5325.html","pic_list":["http:\/\/mm.howkuai.com\/wp-content\/uploads\/2016a\/03\/05\/01.jpg","http:\/\/mm.howkuai.com\/wp-content\/uploads\/2016a\/03\/05\/02.jpg","http:\/\/mm.howkuai.com\/wp-content\/uploads\/2016a\/03\/05\/03.jpg","http:\/\/mm.howkuai.com\/wp-content\/uploads\/2016a\/03\/05\/04.jpg","http:\/\/mm.howkuai.com\/wp-content\/uploads\/2016a\/03\/05\/05.jpg","http:\/\/mm.howkuai.com\/wp-content\/uploads\/2016a\/03\/05\/06.jpg","http:\/\/mm.howkuai.com\/wp-content\/uploads\/2016a\/03\/05\/07.jpg","http:\/\/mm.howkuai.com\/wp-content\/uploads\/2016a\/03\/05\/08.jpg","http:\/\/mm.howkuai.com\/wp-content\/uploads\/2016a\/03\/05\/09.jpg","http:\/\/mm.howkuai.com\/wp-content\/uploads\/2016a\/03\/05\/10.jpg"]},{"plaintext":"\u4e30\u6ee1\u8089\u611f\u7684\u65e5\u672c\u7f8e\u80f8\u5973\u795e\u7b71\u5d0e\u7231\u590f\u65e5\u5199\u771f","href":"http:\/\/www.meizitu.com\/a\/5324.html","pic_list":["http:\/\/mm.howkuai.com\/wp-content\/uploads\/2016a\/03\/04\/01.jpg","http:\/\/mm.howkuai.com\/wp-content\/uploads\/2016a\/03\/04\/02.jpg","http:\/\/mm.howkuai.com\/wp-content\/uploads\/2016a\/03\/04\/03.jpg","http:\/\/mm.howkuai.com\/wp-content\/uploads\/2016a\/03\/04\/04.jpg","http:\/\/mm.howkuai.com\/wp-content\/uploads\/2016a\/03\/04\/05.jpg","http:\/\/mm.howkuai.com\/wp-content\/uploads\/2016a\/03\/04\/06.jpg","http:\/\/mm.howkuai.com\/wp-content\/uploads\/2016a\/03\/04\/07.jpg"]},{"plaintext":"\u70ed\u7231\u8fd0\u52a8\u7684\u59b9\u7eb8\uff0c\u8d81\u7740\u653e\u6674\u51fa\u6765\u6253\u68d2\u7403","href":"http:\/\/www.meizitu.com\/a\/5323.html","pic_list":["http:\/\/mm.howkuai.com\/wp-content\/uploads\/2016a\/03\/03\/01.jpg","http:\/\/mm.howkuai.com\/wp-content\/uploads\/2016a\/03\/03\/02.jpg","http:\/\/mm.howkuai.com\/wp-content\/uploads\/2016a\/03\/03\/03.jpg","http:\/\/mm.howkuai.com\/wp-content\/uploads\/2016a\/03\/03\/04.jpg","http:\/\/mm.howkuai.com\/wp-content\/uploads\/2016a\/03\/03\/05.jpg","http:\/\/mm.howkuai.com\/wp-content\/uploads\/2016a\/03\/03\/06.jpg","http:\/\/mm.howkuai.com\/wp-content\/uploads\/2016a\/03\/03\/07.jpg","http:\/\/mm.howkuai.com\/wp-content\/uploads\/2016a\/03\/03\/08.jpg"]},{"plaintext":"\u65f6\u5c1a\u6469\u767b\u5973\u90ce\u6027\u611f\u5199\u771f","href":"http:\/\/www.meizitu.com\/a\/5322.html","pic_list":["http:\/\/mm.howkuai.com\/wp-content\/uploads\/2016a\/03\/02\/01.jpg","http:\/\/mm.howkuai.com\/wp-content\/uploads\/2016a\/03\/02\/02.jpg","http:\/\/mm.howkuai.com\/wp-content\/uploads\/2016a\/03\/02\/03.jpg","http:\/\/mm.howkuai.com\/wp-content\/uploads\/2016a\/03\/02\/04.jpg","http:\/\/mm.howkuai.com\/wp-content\/uploads\/2016a\/03\/02\/05.jpg","http:\/\/mm.howkuai.com\/wp-content\/uploads\/2016a\/03\/02\/06.jpg"]},{"plaintext":"\u6a21\u7279\u9648\u96c5\u6f2b\u5927\u5c3a\u5ea6\u5199\u771f\uff0c\u4e0a\u6f14\u9178\u5976\u7684\u8bf1\u60d1","href":"http:\/\/www.meizitu.com\/a\/5321.html","pic_list":["http:\/\/mm.howkuai.com\/wp-content\/uploads\/2016a\/03\/01\/01.jpg","http:\/\/mm.howkuai.com\/wp-content\/uploads\/2016a\/03\/01\/02.jpg","http:\/\/mm.howkuai.com\/wp-content\/uploads\/2016a\/03\/01\/03.jpg","http:\/\/mm.howkuai.com\/wp-content\/uploads\/2016a\/03\/01\/04.jpg","http:\/\/mm.howkuai.com\/wp-content\/uploads\/2016a\/03\/01\/05.jpg"]},{"plaintext":"\u6df1\u591c\u7545\u804a\uff0c\u54ea\u5f20\u56fe\u6700\u5438\u5f15\u4f60\u773c\u7403\uff1f","href":"http:\/\/www.meizitu.com\/a\/5320.html","pic_list":["http:\/\/mm.howkuai.com\/wp-content\/uploads\/2016a\/02\/29\/01.jpg","http:\/\/mm.howkuai.com\/wp-content\/uploads\/2016a\/02\/29\/02.jpg","http:\/\/mm.howkuai.com\/wp-content\/uploads\/2016a\/02\/29\/03.jpg","http:\/\/mm.howkuai.com\/wp-content\/uploads\/2016a\/02\/29\/04.jpg","http:\/\/mm.howkuai.com\/wp-content\/uploads\/2016a\/02\/29\/05.jpg","http:\/\/mm.howkuai.com\/wp-content\/uploads\/2016a\/02\/29\/06.jpg","http:\/\/mm.howkuai.com\/wp-content\/uploads\/2016a\/02\/29\/07.jpg","http:\/\/mm.howkuai.com\/wp-content\/uploads\/2016a\/02\/29\/08.jpg","http:\/\/mm.howkuai.com\/wp-content\/uploads\/2016a\/02\/29\/09.jpg","http:\/\/mm.howkuai.com\/wp-content\/uploads\/2016a\/02\/29\/10.jpg"]},{"plaintext":"\u53ef\u7231\u840c\u840c\u54d2\u7684\u5c0f\u86ee\u8170\u6ce1\u6fa1\u8bb0","href":"http:\/\/www.meizitu.com\/a\/5319.html","pic_list":["http:\/\/mm.howkuai.com\/wp-content\/uploads\/2016a\/02\/28\/01.jpg","http:\/\/mm.howkuai.com\/wp-content\/uploads\/2016a\/02\/28\/02.jpg","http:\/\/mm.howkuai.com\/wp-content\/uploads\/2016a\/02\/28\/03.jpg","http:\/\/mm.howkuai.com\/wp-content\/uploads\/2016a\/02\/28\/04.jpg","http:\/\/mm.howkuai.com\/wp-content\/uploads\/2016a\/02\/28\/05.jpg","http:\/\/mm.howkuai.com\/wp-content\/uploads\/2016a\/02\/28\/06.jpg","http:\/\/mm.howkuai.com\/wp-content\/uploads\/2016a\/02\/28\/07.jpg","http:\/\/mm.howkuai.com\/wp-content\/uploads\/2016a\/02\/28\/08.jpg"]},{"plaintext":"\u6709\u81ea\u4fe1\u8ff7\u4eba\u7684\u7b11\u5bb9\uff0c\u6bcf\u5929\u90fd\u662f\u707f\u70c2\u7684","href":"http:\/\/www.meizitu.com\/a\/5318.html","pic_list":["http:\/\/mm.howkuai.com\/wp-content\/uploads\/2016a\/02\/27\/01.jpg","http:\/\/mm.howkuai.com\/wp-content\/uploads\/2016a\/02\/27\/02.jpg","http:\/\/mm.howkuai.com\/wp-content\/uploads\/2016a\/02\/27\/03.jpg","http:\/\/mm.howkuai.com\/wp-content\/uploads\/2016a\/02\/27\/04.jpg","http:\/\/mm.howkuai.com\/wp-content\/uploads\/2016a\/02\/27\/05.jpg","http:\/\/mm.howkuai.com\/wp-content\/uploads\/2016a\/02\/27\/06.jpg"]},{"plaintext":"\u6bcf\u5929\u7741\u5f00\u773c\u770b\u5230\u7f8e\u597d\u7684\u4f60\uff0c\u4fbf\u662f\u5e78\u798f","href":"http:\/\/www.meizitu.com\/a\/5317.html","pic_list":["http:\/\/mm.howkuai.com\/wp-content\/uploads\/2016a\/02\/26\/01.jpg","http:\/\/mm.howkuai.com\/wp-content\/uploads\/2016a\/02\/26\/02.jpg","http:\/\/mm.howkuai.com\/wp-content\/uploads\/2016a\/02\/26\/03.jpg","http:\/\/mm.howkuai.com\/wp-content\/uploads\/2016a\/02\/26\/04.jpg","http:\/\/mm.howkuai.com\/wp-content\/uploads\/2016a\/02\/26\/05.jpg","http:\/\/mm.howkuai.com\/wp-content\/uploads\/2016a\/02\/26\/06.jpg","http:\/\/mm.howkuai.com\/wp-content\/uploads\/2016a\/02\/26\/07.jpg","http:\/\/mm.howkuai.com\/wp-content\/uploads\/2016a\/02\/26\/08.jpg","http:\/\/mm.howkuai.com\/wp-content\/uploads\/2016a\/02\/26\/09.jpg","http:\/\/mm.howkuai.com\/wp-content\/uploads\/2016a\/02\/26\/10.jpg"]},{"plaintext":"\u72c2\u91ce\uff0c\u62f3\u51fb\u53f0\u4e0a\u7684\u6027\u611f\u5973\u62f3\u624b","href":"http:\/\/www.meizitu.com\/a\/5316.html","pic_list":["http:\/\/mm.howkuai.com\/wp-content\/uploads\/2016a\/02\/25\/01.jpg","http:\/\/mm.howkuai.com\/wp-content\/uploads\/2016a\/02\/25\/02.jpg","http:\/\/mm.howkuai.com\/wp-content\/uploads\/2016a\/02\/25\/03.jpg","http:\/\/mm.howkuai.com\/wp-content\/uploads\/2016a\/02\/25\/04.jpg","http:\/\/mm.howkuai.com\/wp-content\/uploads\/2016a\/02\/25\/05.jpg","http:\/\/mm.howkuai.com\/wp-content\/uploads\/2016a\/02\/25\/06.jpg"]},{"plaintext":"\u7f51\u7ea2\u6a21\u7279\u590f\u5c0f\u8587\u4ee3\u8a00\u5065\u8eab\u623f\u5e7f\u544a","href":"http:\/\/www.meizitu.com\/a\/5315.html","pic_list":["http:\/\/mm.howkuai.com\/wp-content\/uploads\/2016a\/02\/24\/01.jpg","http:\/\/mm.howkuai.com\/wp-content\/uploads\/2016a\/02\/24\/02.jpg","http:\/\/mm.howkuai.com\/wp-content\/uploads\/2016a\/02\/24\/03.jpg","http:\/\/mm.howkuai.com\/wp-content\/uploads\/2016a\/02\/24\/04.jpg","http:\/\/mm.howkuai.com\/wp-content\/uploads\/2016a\/02\/24\/05.jpg","http:\/\/mm.howkuai.com\/wp-content\/uploads\/2016a\/02\/24\/06.jpg","http:\/\/mm.howkuai.com\/wp-content\/uploads\/2016a\/02\/24\/07.jpg","http:\/\/mm.howkuai.com\/wp-content\/uploads\/2016a\/02\/24\/08.jpg","http:\/\/mm.howkuai.com\/wp-content\/uploads\/2016a\/02\/24\/09.jpg"]},{"plaintext":"\u4e94\u5b98\u7cbe\u81f4\u7684\u7f8e\u7709\uff0c\u4eff\u4f5b\u7ae5\u8bdd\u91cc\u7684\u516c\u4e3b","href":"http:\/\/www.meizitu.com\/a\/5314.html","pic_list":["http:\/\/mm.howkuai.com\/wp-content\/uploads\/2016a\/02\/23\/01.jpg","http:\/\/mm.howkuai.com\/wp-content\/uploads\/2016a\/02\/23\/02.jpg","http:\/\/mm.howkuai.com\/wp-content\/uploads\/2016a\/02\/23\/03.jpg","http:\/\/mm.howkuai.com\/wp-content\/uploads\/2016a\/02\/23\/04.jpg","http:\/\/mm.howkuai.com\/wp-content\/uploads\/2016a\/02\/23\/05.jpg","http:\/\/mm.howkuai.com\/wp-content\/uploads\/2016a\/02\/23\/06.jpg"]},{"plaintext":"\u6e05\u7eaf\u6821\u82b1\uff0c\u62e5\u62b1\u65e9\u6668\u7684\u9633\u5149","href":"http:\/\/www.meizitu.com\/a\/5313.html","pic_list":["http:\/\/mm.howkuai.com\/wp-content\/uploads\/2016a\/02\/22\/01.jpg","http:\/\/mm.howkuai.com\/wp-content\/uploads\/2016a\/02\/22\/02.jpg","http:\/\/mm.howkuai.com\/wp-content\/uploads\/2016a\/02\/22\/03.jpg","http:\/\/mm.howkuai.com\/wp-content\/uploads\/2016a\/02\/22\/04.jpg","http:\/\/mm.howkuai.com\/wp-content\/uploads\/2016a\/02\/22\/05.jpg","http:\/\/mm.howkuai.com\/wp-content\/uploads\/2016a\/02\/22\/06.jpg","http:\/\/mm.howkuai.com\/wp-content\/uploads\/2016a\/02\/22\/07.jpg","http:\/\/mm.howkuai.com\/wp-content\/uploads\/2016a\/02\/22\/08.jpg","http:\/\/mm.howkuai.com\/wp-content\/uploads\/2016a\/02\/22\/09.jpg"]},{"plaintext":"\u53ea\u770b\u56fe\u4e0d\u8bf4\u8bdd\uff0c\u7f8e\u81c0\u5e26\u6765\u7684\u8ff7\u4eba\u66f2\u7ebf","href":"http:\/\/www.meizitu.com\/a\/5312.html","pic_list":["http:\/\/mm.howkuai.com\/wp-content\/uploads\/2016a\/02\/21\/01.jpg","http:\/\/mm.howkuai.com\/wp-content\/uploads\/2016a\/02\/21\/02.jpg","http:\/\/mm.howkuai.com\/wp-content\/uploads\/2016a\/02\/21\/03.jpg","http:\/\/mm.howkuai.com\/wp-content\/uploads\/2016a\/02\/21\/04.jpg","http:\/\/mm.howkuai.com\/wp-content\/uploads\/2016a\/02\/21\/05.jpg","http:\/\/mm.howkuai.com\/wp-content\/uploads\/2016a\/02\/21\/06.jpg","http:\/\/mm.howkuai.com\/wp-content\/uploads\/2016a\/02\/21\/07.jpg","http:\/\/mm.howkuai.com\/wp-content\/uploads\/2016a\/02\/21\/08.jpg","http:\/\/mm.howkuai.com\/wp-content\/uploads\/2016a\/02\/21\/09.jpg"]},{"plaintext":"\u7f8e\u4e3d\u51bb\u4eba\uff0c\u96ea\u5730\u91cc\u7684\u8dc6\u62f3\u9053\u5c11\u5973","href":"http:\/\/www.meizitu.com\/a\/5311.html","pic_list":["http:\/\/mm.howkuai.com\/wp-content\/uploads\/2016a\/02\/20\/01.jpg","http:\/\/mm.howkuai.com\/wp-content\/uploads\/2016a\/02\/20\/02.jpg","http:\/\/mm.howkuai.com\/wp-content\/uploads\/2016a\/02\/20\/03.jpg","http:\/\/mm.howkuai.com\/wp-content\/uploads\/2016a\/02\/20\/04.jpg","http:\/\/mm.howkuai.com\/wp-content\/uploads\/2016a\/02\/20\/05.jpg","http:\/\/mm.howkuai.com\/wp-content\/uploads\/2016a\/02\/20\/06.jpg","http:\/\/mm.howkuai.com\/wp-content\/uploads\/2016a\/02\/20\/07.jpg","http:\/\/mm.howkuai.com\/wp-content\/uploads\/2016a\/02\/20\/08.jpg"]},{"plaintext":"\u6e05\u7eaf\u7f8e\u5982\u753b\uff0c\u6444\u5f71\u5e08\u7684\u5fa1\u7528\u9ebb\u8c46","href":"http:\/\/www.meizitu.com\/a\/5310.html","pic_list":["http:\/\/mm.howkuai.com\/wp-content\/uploads\/2016a\/02\/19\/01.jpg","http:\/\/mm.howkuai.com\/wp-content\/uploads\/2016a\/02\/19\/02.jpg","http:\/\/mm.howkuai.com\/wp-content\/uploads\/2016a\/02\/19\/03.jpg","http:\/\/mm.howkuai.com\/wp-content\/uploads\/2016a\/02\/19\/04.jpg","http:\/\/mm.howkuai.com\/wp-content\/uploads\/2016a\/02\/19\/05.jpg","http:\/\/mm.howkuai.com\/wp-content\/uploads\/2016a\/02\/19\/06.jpg","http:\/\/mm.howkuai.com\/wp-content\/uploads\/2016a\/02\/19\/07.jpg","http:\/\/mm.howkuai.com\/wp-content\/uploads\/2016a\/02\/19\/08.jpg","http:\/\/mm.howkuai.com\/wp-content\/uploads\/2016a\/02\/19\/09.jpg","http:\/\/mm.howkuai.com\/wp-content\/uploads\/2016a\/02\/19\/10.jpg"]},{"plaintext":"\u5b85\u7537\u4e5f\u4e0d\u6562\u76f4\u89c6\uff01\u4f1a\u8ba9\u4eba\u6d41\u9f3b\u8840\u7684\u4e30\u81c0","href":"http:\/\/www.meizitu.com\/a\/5309.html","pic_list":["http:\/\/mm.howkuai.com\/wp-content\/uploads\/2016a\/02\/18\/01.jpg","http:\/\/mm.howkuai.com\/wp-content\/uploads\/2016a\/02\/18\/02.jpg","http:\/\/mm.howkuai.com\/wp-content\/uploads\/2016a\/02\/18\/03.jpg","http:\/\/mm.howkuai.com\/wp-content\/uploads\/2016a\/02\/18\/04.jpg","http:\/\/mm.howkuai.com\/wp-content\/uploads\/2016a\/02\/18\/05.jpg","http:\/\/mm.howkuai.com\/wp-content\/uploads\/2016a\/02\/18\/06.jpg","http:\/\/mm.howkuai.com\/wp-content\/uploads\/2016a\/02\/18\/07.jpg","http:\/\/mm.howkuai.com\/wp-content\/uploads\/2016a\/02\/18\/08.jpg","http:\/\/mm.howkuai.com\/wp-content\/uploads\/2016a\/02\/18\/09.jpg"]},{"plaintext":"\u53ef\u7231\u5973\u5b69\uff0c\u613f\u6696\u98ce\u5475\u62a4\u7eaf\u771f\u548c\u6267\u7740","href":"http:\/\/www.meizitu.com\/a\/5308.html","pic_list":["http:\/\/mm.howkuai.com\/wp-content\/uploads\/2016a\/02\/17\/01.jpg","http:\/\/mm.howkuai.com\/wp-content\/uploads\/2016a\/02\/17\/02.jpg","http:\/\/mm.howkuai.com\/wp-content\/uploads\/2016a\/02\/17\/03.jpg","http:\/\/mm.howkuai.com\/wp-content\/uploads\/2016a\/02\/17\/04.jpg","http:\/\/mm.howkuai.com\/wp-content\/uploads\/2016a\/02\/17\/05.jpg","http:\/\/mm.howkuai.com\/wp-content\/uploads\/2016a\/02\/17\/06.jpg","http:\/\/mm.howkuai.com\/wp-content\/uploads\/2016a\/02\/17\/07.jpg","http:\/\/mm.howkuai.com\/wp-content\/uploads\/2016a\/02\/17\/08.jpg","http:\/\/mm.howkuai.com\/wp-content\/uploads\/2016a\/02\/17\/09.jpg","http:\/\/mm.howkuai.com\/wp-content\/uploads\/2016a\/02\/17\/10.jpg"]},{"plaintext":"\u5f6c\u539f\u674f\u7483\u5403\u51b0\u6dc7\u6dcb\u7684\u8bf1\u4eba\u795e\u6001","href":"http:\/\/www.meizitu.com\/a\/5307.html","pic_list":["http:\/\/mm.howkuai.com\/wp-content\/uploads\/2016a\/02\/16\/01.jpg","http:\/\/mm.howkuai.com\/wp-content\/uploads\/2016a\/02\/16\/02.jpg","http:\/\/mm.howkuai.com\/wp-content\/uploads\/2016a\/02\/16\/03.jpg","http:\/\/mm.howkuai.com\/wp-content\/uploads\/2016a\/02\/16\/04.jpg","http:\/\/mm.howkuai.com\/wp-content\/uploads\/2016a\/02\/16\/05.jpg","http:\/\/mm.howkuai.com\/wp-content\/uploads\/2016a\/02\/16\/06.jpg","http:\/\/mm.howkuai.com\/wp-content\/uploads\/2016a\/02\/16\/07.jpg","http:\/\/mm.howkuai.com\/wp-content\/uploads\/2016a\/02\/16\/08.jpg","http:\/\/mm.howkuai.com\/wp-content\/uploads\/2016a\/02\/16\/09.jpg","http:\/\/mm.howkuai.com\/wp-content\/uploads\/2016a\/02\/16\/10.jpg"]},{"plaintext":"\u5a07\u5c0f\u73b2\u73d1\u5973\u751f\u8eab\u7a7f\u7c89\u7ea2\u5185\u8863\u62cd\u6444\u5199\u771f","href":"http:\/\/www.meizitu.com\/a\/5306.html","pic_list":["http:\/\/mm.howkuai.com\/wp-content\/uploads\/2016a\/02\/15\/01.jpg","http:\/\/mm.howkuai.com\/wp-content\/uploads\/2016a\/02\/15\/02.jpg","http:\/\/mm.howkuai.com\/wp-content\/uploads\/2016a\/02\/15\/03.jpg","http:\/\/mm.howkuai.com\/wp-content\/uploads\/2016a\/02\/15\/04.jpg","http:\/\/mm.howkuai.com\/wp-content\/uploads\/2016a\/02\/15\/05.jpg","http:\/\/mm.howkuai.com\/wp-content\/uploads\/2016a\/02\/15\/06.jpg","http:\/\/mm.howkuai.com\/wp-content\/uploads\/2016a\/02\/15\/07.jpg","http:\/\/mm.howkuai.com\/wp-content\/uploads\/2016a\/02\/15\/08.jpg","http:\/\/mm.howkuai.com\/wp-content\/uploads\/2016a\/02\/15\/09.jpg"]},{"plaintext":"\u522b\u4eba\u5bb6\u768413\u5c81\uff01\u65e5\u6cd5\u6df7\u8840\u5c0f\u5b66\u751f\u8d70\u7ea2\u7f51\u7edc","href":"http:\/\/www.meizitu.com\/a\/5305.html","pic_list":["http:\/\/mm.howkuai.com\/wp-content\/uploads\/2016a\/02\/14\/01.jpg","http:\/\/mm.howkuai.com\/wp-content\/uploads\/2016a\/02\/14\/02.jpg","http:\/\/mm.howkuai.com\/wp-content\/uploads\/2016a\/02\/14\/03.jpg","http:\/\/mm.howkuai.com\/wp-content\/uploads\/2016a\/02\/14\/04.jpg","http:\/\/mm.howkuai.com\/wp-content\/uploads\/2016a\/02\/14\/05.jpg","http:\/\/mm.howkuai.com\/wp-content\/uploads\/2016a\/02\/14\/06.jpg","http:\/\/mm.howkuai.com\/wp-content\/uploads\/2016a\/02\/14\/07.jpg"]},{"plaintext":"\u8fd8\u8bb0\u5f97\u7bee\u7403\u573a\u4e0a\u4f60\u9047\u5230\u8fc7\u7684\u6f02\u4eae\u59b9\u5b50\u5417","href":"http:\/\/www.meizitu.com\/a\/5304.html","pic_list":["http:\/\/mm.howkuai.com\/wp-content\/uploads\/2016a\/02\/13\/01.jpg","http:\/\/mm.howkuai.com\/wp-content\/uploads\/2016a\/02\/13\/02.jpg","http:\/\/mm.howkuai.com\/wp-content\/uploads\/2016a\/02\/13\/03.jpg","http:\/\/mm.howkuai.com\/wp-content\/uploads\/2016a\/02\/13\/04.jpg","http:\/\/mm.howkuai.com\/wp-content\/uploads\/2016a\/02\/13\/05.jpg","http:\/\/mm.howkuai.com\/wp-content\/uploads\/2016a\/02\/13\/06.jpg","http:\/\/mm.howkuai.com\/wp-content\/uploads\/2016a\/02\/13\/07.jpg","http:\/\/mm.howkuai.com\/wp-content\/uploads\/2016a\/02\/13\/08.jpg","http:\/\/mm.howkuai.com\/wp-content\/uploads\/2016a\/02\/13\/09.jpg"]},{"plaintext":"\u6210\u719f\u7f8e\uff0c\u6a21\u7279\u5b59\u4f73\u79c1\u623f\u5199\u771f","href":"http:\/\/www.meizitu.com\/a\/5303.html","pic_list":["http:\/\/mm.howkuai.com\/wp-content\/uploads\/2016a\/02\/12\/01.jpg","http:\/\/mm.howkuai.com\/wp-content\/uploads\/2016a\/02\/12\/02.jpg","http:\/\/mm.howkuai.com\/wp-content\/uploads\/2016a\/02\/12\/03.jpg","http:\/\/mm.howkuai.com\/wp-content\/uploads\/2016a\/02\/12\/04.jpg","http:\/\/mm.howkuai.com\/wp-content\/uploads\/2016a\/02\/12\/05.jpg","http:\/\/mm.howkuai.com\/wp-content\/uploads\/2016a\/02\/12\/06.jpg","http:\/\/mm.howkuai.com\/wp-content\/uploads\/2016a\/02\/12\/07.jpg"]},{"plaintext":"\u9633\u5149\uff0c\u6c99\u6ee9\uff0c\u6d77\uff0c\u6bd4\u57fa\u5c3c\u7f8e\u5973","href":"http:\/\/www.meizitu.com\/a\/5302.html","pic_list":["http:\/\/mm.howkuai.com\/wp-content\/uploads\/2016a\/02\/11\/01.jpg","http:\/\/mm.howkuai.com\/wp-content\/uploads\/2016a\/02\/11\/02.jpg","http:\/\/mm.howkuai.com\/wp-content\/uploads\/2016a\/02\/11\/03.jpg","http:\/\/mm.howkuai.com\/wp-content\/uploads\/2016a\/02\/11\/04.jpg","http:\/\/mm.howkuai.com\/wp-content\/uploads\/2016a\/02\/11\/05.jpg","http:\/\/mm.howkuai.com\/wp-content\/uploads\/2016a\/02\/11\/06.jpg","http:\/\/mm.howkuai.com\/wp-content\/uploads\/2016a\/02\/11\/07.jpg","http:\/\/mm.howkuai.com\/wp-content\/uploads\/2016a\/02\/11\/08.jpg"]},{"plaintext":"\u8d85\u7f8e\uff0c\u7eaf\u7eaf\u7684\u4f60\u4e0e\u84dd\u84dd\u7684\u5929\u76f8\u5f97\u76ca\u5f70","href":"http:\/\/www.meizitu.com\/a\/5301.html","pic_list":["http:\/\/mm.howkuai.com\/wp-content\/uploads\/2016a\/02\/10\/01.jpg","http:\/\/mm.howkuai.com\/wp-content\/uploads\/2016a\/02\/10\/02.jpg","http:\/\/mm.howkuai.com\/wp-content\/uploads\/2016a\/02\/10\/03.jpg","http:\/\/mm.howkuai.com\/wp-content\/uploads\/2016a\/02\/10\/04.jpg","http:\/\/mm.howkuai.com\/wp-content\/uploads\/2016a\/02\/10\/05.jpg","http:\/\/mm.howkuai.com\/wp-content\/uploads\/2016a\/02\/10\/06.jpg","http:\/\/mm.howkuai.com\/wp-content\/uploads\/2016a\/02\/10\/07.jpg","http:\/\/mm.howkuai.com\/wp-content\/uploads\/2016a\/02\/10\/08.jpg","http:\/\/mm.howkuai.com\/wp-content\/uploads\/2016a\/02\/10\/09.jpg"]},{"plaintext":"\u6027\u611f\u6a21\u7279\u5218\u5955\u5b81Lynn\u5199\u771f","href":"http:\/\/www.meizitu.com\/a\/5300.html","pic_list":["http:\/\/mm.howkuai.com\/wp-content\/uploads\/2016a\/02\/09\/01.jpg","http:\/\/mm.howkuai.com\/wp-content\/uploads\/2016a\/02\/09\/02.jpg","http:\/\/mm.howkuai.com\/wp-content\/uploads\/2016a\/02\/09\/03.jpg","http:\/\/mm.howkuai.com\/wp-content\/uploads\/2016a\/02\/09\/04.jpg","http:\/\/mm.howkuai.com\/wp-content\/uploads\/2016a\/02\/09\/05.jpg","http:\/\/mm.howkuai.com\/wp-content\/uploads\/2016a\/02\/09\/06.jpg","http:\/\/mm.howkuai.com\/wp-content\/uploads\/2016a\/02\/09\/07.jpg","http:\/\/mm.howkuai.com\/wp-content\/uploads\/2016a\/02\/09\/08.jpg","http:\/\/mm.howkuai.com\/wp-content\/uploads\/2016a\/02\/09\/09.jpg","http:\/\/mm.howkuai.com\/wp-content\/uploads\/2016a\/02\/09\/10.jpg"]},{"plaintext":"\u6e05\u7eaf\u59b9\u5b50\u5982\u4e00\u7f15\u9633\u5149\u6e29\u6696\u8fd9\u4e2a\u51ac\u5929","href":"http:\/\/www.meizitu.com\/a\/5299.html","pic_list":["http:\/\/mm.howkuai.com\/wp-content\/uploads\/2016a\/02\/08\/01.jpg","http:\/\/mm.howkuai.com\/wp-content\/uploads\/2016a\/02\/08\/02.jpg","http:\/\/mm.howkuai.com\/wp-content\/uploads\/2016a\/02\/08\/03.jpg","http:\/\/mm.howkuai.com\/wp-content\/uploads\/2016a\/02\/08\/04.jpg","http:\/\/mm.howkuai.com\/wp-content\/uploads\/2016a\/02\/08\/05.jpg","http:\/\/mm.howkuai.com\/wp-content\/uploads\/2016a\/02\/08\/06.jpg","http:\/\/mm.howkuai.com\/wp-content\/uploads\/2016a\/02\/08\/07.jpg","http:\/\/mm.howkuai.com\/wp-content\/uploads\/2016a\/02\/08\/08.jpg"]},{"plaintext":"\u9971\u773c\u798f\uff01\u8eab\u6750\u6bd4\u4f8b\u521a\u521a\u597d\u80cc\u5f71\u5927\u4f5c\u6218","href":"http:\/\/www.meizitu.com\/a\/5298.html","pic_list":["http:\/\/mm.howkuai.com\/wp-content\/uploads\/2016a\/02\/07\/01.jpg","http:\/\/mm.howkuai.com\/wp-content\/uploads\/2016a\/02\/07\/02.jpg","http:\/\/mm.howkuai.com\/wp-content\/uploads\/2016a\/02\/07\/03.jpg","http:\/\/mm.howkuai.com\/wp-content\/uploads\/2016a\/02\/07\/04.jpg","http:\/\/mm.howkuai.com\/wp-content\/uploads\/2016a\/02\/07\/05.jpg","http:\/\/mm.howkuai.com\/wp-content\/uploads\/2016a\/02\/07\/06.jpg","http:\/\/mm.howkuai.com\/wp-content\/uploads\/2016a\/02\/07\/07.jpg","http:\/\/mm.howkuai.com\/wp-content\/uploads\/2016a\/02\/07\/08.jpg","http:\/\/mm.howkuai.com\/wp-content\/uploads\/2016a\/02\/07\/09.jpg","http:\/\/mm.howkuai.com\/wp-content\/uploads\/2016a\/02\/07\/10.jpg"]},{"plaintext":"\u64b8\u70b9\u56fe\uff0c\u59ff\u52bf\u5f88\u91cd\u8981\uff0c\u4e3b\u8981\u9760\u8111\u8865","href":"http:\/\/www.meizitu.com\/a\/5297.html","pic_list":["http:\/\/mm.howkuai.com\/wp-content\/uploads\/2016a\/02\/06\/01.jpg","http:\/\/mm.howkuai.com\/wp-content\/uploads\/2016a\/02\/06\/02.jpg","http:\/\/mm.howkuai.com\/wp-content\/uploads\/2016a\/02\/06\/03.jpg","http:\/\/mm.howkuai.com\/wp-content\/uploads\/2016a\/02\/06\/04.jpg","http:\/\/mm.howkuai.com\/wp-content\/uploads\/2016a\/02\/06\/05.jpg","http:\/\/mm.howkuai.com\/wp-content\/uploads\/2016a\/02\/06\/06.jpg","http:\/\/mm.howkuai.com\/wp-content\/uploads\/2016a\/02\/06\/07.jpg","http:\/\/mm.howkuai.com\/wp-content\/uploads\/2016a\/02\/06\/08.jpg","http:\/\/mm.howkuai.com\/wp-content\/uploads\/2016a\/02\/06\/09.jpg"]}]