[{"plaintext":"\u3010\u798f\u5229\u56fe\u3011\u59d1\u5a18\uff0c\u4f60\u7fd8\u7740\u5c41\u80a1\u5728\u5e72\u5417\u5462","href":"http:\/\/www.meizitu.com\/a\/5418.html","pic_list":["http:\/\/mm.howkuai.com\/wp-content\/uploads\/2016a\/07\/15\/01.jpg","http:\/\/mm.howkuai.com\/wp-content\/uploads\/2016a\/07\/15\/02.jpg","http:\/\/mm.howkuai.com\/wp-content\/uploads\/2016a\/07\/15\/03.jpg","http:\/\/mm.howkuai.com\/wp-content\/uploads\/2016a\/07\/15\/04.jpg","http:\/\/mm.howkuai.com\/wp-content\/uploads\/2016a\/07\/15\/05.jpg","http:\/\/mm.howkuai.com\/wp-content\/uploads\/2016a\/07\/15\/06.jpg","http:\/\/mm.howkuai.com\/wp-content\/uploads\/2016a\/07\/15\/07.jpg","http:\/\/mm.howkuai.com\/wp-content\/uploads\/2016a\/07\/15\/08.jpg","http:\/\/mm.howkuai.com\/wp-content\/uploads\/2016a\/07\/15\/09.jpg"]},{"plaintext":"\u957f\u53d1\u53ca\u8170\u7684\u59b9\u5b50\u8eab\u5f62\u5341\u5206\u5065\u7f8e","href":"http:\/\/www.meizitu.com\/a\/5417.html","pic_list":["http:\/\/mm.howkuai.com\/wp-content\/uploads\/2016a\/07\/14\/01.jpg","http:\/\/mm.howkuai.com\/wp-content\/uploads\/2016a\/07\/14\/02.jpg","http:\/\/mm.howkuai.com\/wp-content\/uploads\/2016a\/07\/14\/03.jpg","http:\/\/mm.howkuai.com\/wp-content\/uploads\/2016a\/07\/14\/04.jpg","http:\/\/mm.howkuai.com\/wp-content\/uploads\/2016a\/07\/14\/05.jpg","http:\/\/mm.howkuai.com\/wp-content\/uploads\/2016a\/07\/14\/06.jpg"]},{"plaintext":"\u5e03\u6599\u8d8a\u6765\u8d8a\u7701\uff0c\u8bf4\u597d\u7684\u9f50X\u5c0f\u77ed\u88d9\u5462","href":"http:\/\/www.meizitu.com\/a\/5416.html","pic_list":["http:\/\/mm.howkuai.com\/wp-content\/uploads\/2016a\/07\/13\/01.jpg","http:\/\/mm.howkuai.com\/wp-content\/uploads\/2016a\/07\/13\/02.jpg","http:\/\/mm.howkuai.com\/wp-content\/uploads\/2016a\/07\/13\/03.jpg","http:\/\/mm.howkuai.com\/wp-content\/uploads\/2016a\/07\/13\/04.jpg","http:\/\/mm.howkuai.com\/wp-content\/uploads\/2016a\/07\/13\/05.jpg","http:\/\/mm.howkuai.com\/wp-content\/uploads\/2016a\/07\/13\/06.jpg","http:\/\/mm.howkuai.com\/wp-content\/uploads\/2016a\/07\/13\/07.jpg","http:\/\/mm.howkuai.com\/wp-content\/uploads\/2016a\/07\/13\/08.jpg","http:\/\/mm.howkuai.com\/wp-content\/uploads\/2016a\/07\/13\/09.jpg"]},{"plaintext":"\u771f\u4eba\u62cd\u51fa\u5145\u6c14\u5a03\u5a03\u611f\u89c9\uff0c\u4e5f\u662f\u670d\u4e86","href":"http:\/\/www.meizitu.com\/a\/5414.html","pic_list":["http:\/\/mm.howkuai.com\/wp-content\/uploads\/2016a\/07\/11\/01.jpg","http:\/\/mm.howkuai.com\/wp-content\/uploads\/2016a\/07\/11\/02.jpg","http:\/\/mm.howkuai.com\/wp-content\/uploads\/2016a\/07\/11\/03.jpg","http:\/\/mm.howkuai.com\/wp-content\/uploads\/2016a\/07\/11\/04.jpg","http:\/\/mm.howkuai.com\/wp-content\/uploads\/2016a\/07\/11\/05.jpg","http:\/\/mm.howkuai.com\/wp-content\/uploads\/2016a\/07\/11\/06.jpg"]},{"plaintext":"\u65e2\u6e05\u65b0\u53ef\u4eba\uff0c\u53c8\u70ed\u60c5\u4f3c\u706b\u7684\u8fd0\u52a8\u5973\u5b69","href":"http:\/\/www.meizitu.com\/a\/5413.html","pic_list":["http:\/\/mm.howkuai.com\/wp-content\/uploads\/2016a\/07\/10\/01.jpg","http:\/\/mm.howkuai.com\/wp-content\/uploads\/2016a\/07\/10\/02.jpg","http:\/\/mm.howkuai.com\/wp-content\/uploads\/2016a\/07\/10\/03.jpg","http:\/\/mm.howkuai.com\/wp-content\/uploads\/2016a\/07\/10\/04.jpg","http:\/\/mm.howkuai.com\/wp-content\/uploads\/2016a\/07\/10\/05.jpg","http:\/\/mm.howkuai.com\/wp-content\/uploads\/2016a\/07\/10\/06.jpg"]},{"plaintext":"\u9ea6\u8fea\u5973\u7403\u8ff7\u7b11\u5bb9\u751c\u7f8e\uff0c\u7f9e\u6da9\u53ef\u4eba","href":"http:\/\/www.meizitu.com\/a\/5412.html","pic_list":["http:\/\/mm.howkuai.com\/wp-content\/uploads\/2016a\/07\/09\/01.jpg","http:\/\/mm.howkuai.com\/wp-content\/uploads\/2016a\/07\/09\/02.jpg","http:\/\/mm.howkuai.com\/wp-content\/uploads\/2016a\/07\/09\/03.jpg","http:\/\/mm.howkuai.com\/wp-content\/uploads\/2016a\/07\/09\/04.jpg","http:\/\/mm.howkuai.com\/wp-content\/uploads\/2016a\/07\/09\/05.jpg","http:\/\/mm.howkuai.com\/wp-content\/uploads\/2016a\/07\/09\/06.jpg"]},{"plaintext":"\u55ef\uff0c\u6a31\u6843\u4e0d\u9519\uff0c\u633a\u597d\u5403\u7684","href":"http:\/\/www.meizitu.com\/a\/5411.html","pic_list":["http:\/\/mm.howkuai.com\/wp-content\/uploads\/2016a\/07\/08\/01.jpg","http:\/\/mm.howkuai.com\/wp-content\/uploads\/2016a\/07\/08\/02.jpg","http:\/\/mm.howkuai.com\/wp-content\/uploads\/2016a\/07\/08\/03.jpg","http:\/\/mm.howkuai.com\/wp-content\/uploads\/2016a\/07\/08\/04.jpg","http:\/\/mm.howkuai.com\/wp-content\/uploads\/2016a\/07\/08\/05.jpg","http:\/\/mm.howkuai.com\/wp-content\/uploads\/2016a\/07\/08\/06.jpg","http:\/\/mm.howkuai.com\/wp-content\/uploads\/2016a\/07\/08\/07.jpg","http:\/\/mm.howkuai.com\/wp-content\/uploads\/2016a\/07\/08\/08.jpg","http:\/\/mm.howkuai.com\/wp-content\/uploads\/2016a\/07\/08\/09.jpg","http:\/\/mm.howkuai.com\/wp-content\/uploads\/2016a\/07\/08\/10.jpg"]},{"plaintext":"\u5185\u8863\u6444\u5f71\u5c3d\u663e\u59b9\u5b50\u50b2\u4eba\u8eab\u59ff","href":"http:\/\/www.meizitu.com\/a\/5410.html","pic_list":["http:\/\/mm.howkuai.com\/wp-content\/uploads\/2016a\/07\/07\/01.jpg","http:\/\/mm.howkuai.com\/wp-content\/uploads\/2016a\/07\/07\/02.jpg","http:\/\/mm.howkuai.com\/wp-content\/uploads\/2016a\/07\/07\/03.jpg","http:\/\/mm.howkuai.com\/wp-content\/uploads\/2016a\/07\/07\/04.jpg","http:\/\/mm.howkuai.com\/wp-content\/uploads\/2016a\/07\/07\/05.jpg","http:\/\/mm.howkuai.com\/wp-content\/uploads\/2016a\/07\/07\/06.jpg","http:\/\/mm.howkuai.com\/wp-content\/uploads\/2016a\/07\/07\/07.jpg","http:\/\/mm.howkuai.com\/wp-content\/uploads\/2016a\/07\/07\/08.jpg","http:\/\/mm.howkuai.com\/wp-content\/uploads\/2016a\/07\/07\/09.jpg","http:\/\/mm.howkuai.com\/wp-content\/uploads\/2016a\/07\/07\/10.jpg"]},{"plaintext":"\u5065\u8eab\u623f\u91cc\u7684\u59b9\u5b50\u8eab\u6750\u5c31\u662f\u68d2\u68d2\u54d2","href":"http:\/\/www.meizitu.com\/a\/5409.html","pic_list":["http:\/\/mm.howkuai.com\/wp-content\/uploads\/2016a\/07\/06\/1.jpg","http:\/\/mm.howkuai.com\/wp-content\/uploads\/2016a\/07\/06\/2.jpg","http:\/\/mm.howkuai.com\/wp-content\/uploads\/2016a\/07\/06\/3.jpg","http:\/\/mm.howkuai.com\/wp-content\/uploads\/2016a\/07\/06\/4.jpg","http:\/\/mm.howkuai.com\/wp-content\/uploads\/2016a\/07\/06\/5.jpg","http:\/\/mm.howkuai.com\/wp-content\/uploads\/2016a\/07\/06\/6.jpg","http:\/\/mm.howkuai.com\/wp-content\/uploads\/2016a\/07\/06\/7.jpg","http:\/\/mm.howkuai.com\/wp-content\/uploads\/2016a\/07\/06\/8.jpg","http:\/\/mm.howkuai.com\/wp-content\/uploads\/2016a\/07\/06\/9.jpg","http:\/\/mm.howkuai.com\/wp-content\/uploads\/2016a\/07\/06\/10.jpg","http:\/\/mm.howkuai.com\/wp-content\/uploads\/2016a\/07\/06\/11.jpg","http:\/\/mm.howkuai.com\/wp-content\/uploads\/2016a\/07\/06\/12.jpg","http:\/\/mm.howkuai.com\/wp-content\/uploads\/2016a\/07\/06\/13.jpg","http:\/\/mm.howkuai.com\/wp-content\/uploads\/2016a\/07\/06\/14.jpg"]},{"plaintext":"\u597d\u70e6\u4f60\u4eec\u8fd9\u4e9b\u5c0f\u62a4\u58eb,\u4e13\u4e1a\u4e00\u70b9\u597d\u4e0d","href":"http:\/\/www.meizitu.com\/a\/5408.html","pic_list":["http:\/\/mm.howkuai.com\/wp-content\/uploads\/2016a\/07\/05\/1.jpg","http:\/\/mm.howkuai.com\/wp-content\/uploads\/2016a\/07\/05\/2.jpg","http:\/\/mm.howkuai.com\/wp-content\/uploads\/2016a\/07\/05\/3.jpg","http:\/\/mm.howkuai.com\/wp-content\/uploads\/2016a\/07\/05\/4.jpg","http:\/\/mm.howkuai.com\/wp-content\/uploads\/2016a\/07\/05\/5.jpg","http:\/\/mm.howkuai.com\/wp-content\/uploads\/2016a\/07\/05\/6.jpg","http:\/\/mm.howkuai.com\/wp-content\/uploads\/2016a\/07\/05\/7.jpg","http:\/\/mm.howkuai.com\/wp-content\/uploads\/2016a\/07\/05\/8.jpg","http:\/\/mm.howkuai.com\/wp-content\/uploads\/2016a\/07\/05\/9.jpg","http:\/\/mm.howkuai.com\/wp-content\/uploads\/2016a\/07\/05\/10.jpg","http:\/\/mm.howkuai.com\/wp-content\/uploads\/2016a\/07\/05\/11.jpg","http:\/\/mm.howkuai.com\/wp-content\/uploads\/2016a\/07\/05\/12.jpg","http:\/\/mm.howkuai.com\/wp-content\/uploads\/2016a\/07\/05\/13.jpg","http:\/\/mm.howkuai.com\/wp-content\/uploads\/2016a\/07\/05\/14.jpg"]},{"plaintext":"\u708e\u708e\u590f\u65e5\u4e0d\u5982\u5e26\u7740\u59b9\u5b50\u51fa\u53bb\u8e0f\u9752\u5427","href":"http:\/\/www.meizitu.com\/a\/5406.html","pic_list":["http:\/\/mm.howkuai.com\/wp-content\/uploads\/2016a\/07\/04\/1.jpg","http:\/\/mm.howkuai.com\/wp-content\/uploads\/2016a\/07\/04\/2.jpg","http:\/\/mm.howkuai.com\/wp-content\/uploads\/2016a\/07\/04\/3.jpg","http:\/\/mm.howkuai.com\/wp-content\/uploads\/2016a\/07\/04\/4.jpg","http:\/\/mm.howkuai.com\/wp-content\/uploads\/2016a\/07\/04\/5.jpg","http:\/\/mm.howkuai.com\/wp-content\/uploads\/2016a\/07\/04\/6.jpg","http:\/\/mm.howkuai.com\/wp-content\/uploads\/2016a\/07\/04\/7.jpg","http:\/\/mm.howkuai.com\/wp-content\/uploads\/2016a\/07\/04\/8.jpg","http:\/\/mm.howkuai.com\/wp-content\/uploads\/2016a\/07\/04\/9.jpg","http:\/\/mm.howkuai.com\/wp-content\/uploads\/2016a\/07\/04\/10.jpg","http:\/\/mm.howkuai.com\/wp-content\/uploads\/2016a\/07\/04\/11.jpg","http:\/\/mm.howkuai.com\/wp-content\/uploads\/2016a\/07\/04\/12.jpg"]},{"plaintext":"\u4e30\u6ee1\u767d\u7699\u7f8e\u5973\u5199\u771f\uff0c\u5145\u6ee1\u6b27\u7f8e\u98ce\u60c5","href":"http:\/\/www.meizitu.com\/a\/5405.html","pic_list":["http:\/\/mm.howkuai.com\/wp-content\/uploads\/2016a\/07\/03\/01.jpg","http:\/\/mm.howkuai.com\/wp-content\/uploads\/2016a\/07\/03\/02.jpg","http:\/\/mm.howkuai.com\/wp-content\/uploads\/2016a\/07\/03\/03.jpg","http:\/\/mm.howkuai.com\/wp-content\/uploads\/2016a\/07\/03\/04.jpg","http:\/\/mm.howkuai.com\/wp-content\/uploads\/2016a\/07\/03\/05.jpg","http:\/\/mm.howkuai.com\/wp-content\/uploads\/2016a\/07\/03\/06.jpg","http:\/\/mm.howkuai.com\/wp-content\/uploads\/2016a\/07\/03\/07.jpg","http:\/\/mm.howkuai.com\/wp-content\/uploads\/2016a\/07\/03\/08.jpg"]},{"plaintext":"\u840c\u840c\u7c89\u8272\u7cfb\uff0c\u6700\u4e0a\u7075\u5b50\u5199\u771f\u96c6","href":"http:\/\/www.meizitu.com\/a\/5404.html","pic_list":["http:\/\/mm.howkuai.com\/wp-content\/uploads\/2016a\/07\/02\/01.jpg","http:\/\/mm.howkuai.com\/wp-content\/uploads\/2016a\/07\/02\/02.jpg","http:\/\/mm.howkuai.com\/wp-content\/uploads\/2016a\/07\/02\/03.jpg","http:\/\/mm.howkuai.com\/wp-content\/uploads\/2016a\/07\/02\/04.jpg","http:\/\/mm.howkuai.com\/wp-content\/uploads\/2016a\/07\/02\/05.jpg","http:\/\/mm.howkuai.com\/wp-content\/uploads\/2016a\/07\/02\/06.jpg","http:\/\/mm.howkuai.com\/wp-content\/uploads\/2016a\/07\/02\/07.jpg","http:\/\/mm.howkuai.com\/wp-content\/uploads\/2016a\/07\/02\/08.jpg","http:\/\/mm.howkuai.com\/wp-content\/uploads\/2016a\/07\/02\/09.jpg"]},{"plaintext":"360\u5ea6\u65e0\u6b7b\u89d2\uff0c\u8fd9\u59b9\u5b50\u4e00\u5b9a\u662f\u8868\u6f14\u7cfb\u7684\uff01","href":"http:\/\/www.meizitu.com\/a\/5403.html","pic_list":["http:\/\/mm.howkuai.com\/wp-content\/uploads\/2016a\/07\/01\/01.jpg","http:\/\/mm.howkuai.com\/wp-content\/uploads\/2016a\/07\/01\/02.jpg","http:\/\/mm.howkuai.com\/wp-content\/uploads\/2016a\/07\/01\/03.jpg","http:\/\/mm.howkuai.com\/wp-content\/uploads\/2016a\/07\/01\/04.jpg","http:\/\/mm.howkuai.com\/wp-content\/uploads\/2016a\/07\/01\/05.jpg","http:\/\/mm.howkuai.com\/wp-content\/uploads\/2016a\/07\/01\/06.jpg","http:\/\/mm.howkuai.com\/wp-content\/uploads\/2016a\/07\/01\/07.jpg","http:\/\/mm.howkuai.com\/wp-content\/uploads\/2016a\/07\/01\/08.jpg","http:\/\/mm.howkuai.com\/wp-content\/uploads\/2016a\/07\/01\/09.jpg","http:\/\/mm.howkuai.com\/wp-content\/uploads\/2016a\/07\/01\/10.jpg","http:\/\/mm.howkuai.com\/wp-content\/uploads\/2016a\/07\/01\/11.jpg"]},{"plaintext":"\u7f8e\u672f\u7cfb\u5b66\u59b9\u521b\u610f\u6444\u5f71\uff0c\u514b\u9686\u4e00\u4e2a\u81ea\u5df1","href":"http:\/\/www.meizitu.com\/a\/5402.html","pic_list":["http:\/\/mm.howkuai.com\/wp-content\/uploads\/2016a\/06\/16\/01.jpg","http:\/\/mm.howkuai.com\/wp-content\/uploads\/2016a\/06\/16\/02.jpg","http:\/\/mm.howkuai.com\/wp-content\/uploads\/2016a\/06\/16\/03.jpg","http:\/\/mm.howkuai.com\/wp-content\/uploads\/2016a\/06\/16\/04.jpg","http:\/\/mm.howkuai.com\/wp-content\/uploads\/2016a\/06\/16\/05.jpg","http:\/\/mm.howkuai.com\/wp-content\/uploads\/2016a\/06\/16\/06.jpg","http:\/\/mm.howkuai.com\/wp-content\/uploads\/2016a\/06\/16\/07.jpg","http:\/\/mm.howkuai.com\/wp-content\/uploads\/2016a\/06\/16\/08.jpg","http:\/\/mm.howkuai.com\/wp-content\/uploads\/2016a\/06\/16\/09.jpg"]},{"plaintext":"\u59b9\u7eb8\u4eec\u53c8\u5230\u4e86\u4e00\u5e74\u6bd5\u4e1a\u5b63\uff0c\u518d\u89c1\u6821\u56ed","href":"http:\/\/www.meizitu.com\/a\/5401.html","pic_list":["http:\/\/mm.howkuai.com\/wp-content\/uploads\/2016a\/06\/15\/01.jpg","http:\/\/mm.howkuai.com\/wp-content\/uploads\/2016a\/06\/15\/02.jpg","http:\/\/mm.howkuai.com\/wp-content\/uploads\/2016a\/06\/15\/03.jpg","http:\/\/mm.howkuai.com\/wp-content\/uploads\/2016a\/06\/15\/04.jpg","http:\/\/mm.howkuai.com\/wp-content\/uploads\/2016a\/06\/15\/05.jpg","http:\/\/mm.howkuai.com\/wp-content\/uploads\/2016a\/06\/15\/06.jpg","http:\/\/mm.howkuai.com\/wp-content\/uploads\/2016a\/06\/15\/07.jpg","http:\/\/mm.howkuai.com\/wp-content\/uploads\/2016a\/06\/15\/08.jpg","http:\/\/mm.howkuai.com\/wp-content\/uploads\/2016a\/06\/15\/09.jpg","http:\/\/mm.howkuai.com\/wp-content\/uploads\/2016a\/06\/15\/10.jpg"]},{"plaintext":"\u5468\u672b\u798f\u5229\u56fe\uff0c\u81c0\u63a7\u6700\u7231","href":"http:\/\/www.meizitu.com\/a\/5399.html","pic_list":["http:\/\/mm.howkuai.com\/wp-content\/uploads\/2016a\/06\/14\/01.jpg","http:\/\/mm.howkuai.com\/wp-content\/uploads\/2016a\/06\/14\/02.jpg","http:\/\/mm.howkuai.com\/wp-content\/uploads\/2016a\/06\/14\/03.jpg","http:\/\/mm.howkuai.com\/wp-content\/uploads\/2016a\/06\/14\/04.jpg","http:\/\/mm.howkuai.com\/wp-content\/uploads\/2016a\/06\/14\/05.jpg","http:\/\/mm.howkuai.com\/wp-content\/uploads\/2016a\/06\/14\/06.jpg","http:\/\/mm.howkuai.com\/wp-content\/uploads\/2016a\/06\/14\/07.jpg","http:\/\/mm.howkuai.com\/wp-content\/uploads\/2016a\/06\/14\/08.jpg","http:\/\/mm.howkuai.com\/wp-content\/uploads\/2016a\/06\/14\/09.jpg","http:\/\/mm.howkuai.com\/wp-content\/uploads\/2016a\/06\/14\/10.jpg"]},{"plaintext":"\u6e05\u51c9\u590f\u5929\uff0c\u6709\u8d70\u5149\u7684\u98ce\u9669","href":"http:\/\/www.meizitu.com\/a\/5398.html","pic_list":["http:\/\/mm.howkuai.com\/wp-content\/uploads\/2016a\/06\/13\/01.jpg","http:\/\/mm.howkuai.com\/wp-content\/uploads\/2016a\/06\/13\/02.jpg","http:\/\/mm.howkuai.com\/wp-content\/uploads\/2016a\/06\/13\/03.jpg","http:\/\/mm.howkuai.com\/wp-content\/uploads\/2016a\/06\/13\/04.jpg","http:\/\/mm.howkuai.com\/wp-content\/uploads\/2016a\/06\/13\/05.jpg","http:\/\/mm.howkuai.com\/wp-content\/uploads\/2016a\/06\/13\/06.jpg","http:\/\/mm.howkuai.com\/wp-content\/uploads\/2016a\/06\/13\/07.jpg","http:\/\/mm.howkuai.com\/wp-content\/uploads\/2016a\/06\/13\/08.jpg","http:\/\/mm.howkuai.com\/wp-content\/uploads\/2016a\/06\/13\/09.jpg","http:\/\/mm.howkuai.com\/wp-content\/uploads\/2016a\/06\/13\/10.jpg"]},{"plaintext":"\u897f\u74dc\u548c\u70ed\u88e4\u90fd\u662f\u59b9\u5b50\u4eec\u7684\u5fc5\u5907","href":"http:\/\/www.meizitu.com\/a\/5397.html","pic_list":["http:\/\/mm.howkuai.com\/wp-content\/uploads\/2016a\/06\/12\/01.jpg","http:\/\/mm.howkuai.com\/wp-content\/uploads\/2016a\/06\/12\/02.jpg","http:\/\/mm.howkuai.com\/wp-content\/uploads\/2016a\/06\/12\/03.jpg","http:\/\/mm.howkuai.com\/wp-content\/uploads\/2016a\/06\/12\/04.jpg","http:\/\/mm.howkuai.com\/wp-content\/uploads\/2016a\/06\/12\/05.jpg","http:\/\/mm.howkuai.com\/wp-content\/uploads\/2016a\/06\/12\/06.jpg","http:\/\/mm.howkuai.com\/wp-content\/uploads\/2016a\/06\/12\/07.jpg","http:\/\/mm.howkuai.com\/wp-content\/uploads\/2016a\/06\/12\/08.jpg"]},{"plaintext":"\u60f3\u4e0d\u5230\u4f60\u662f\u90a3\u4e48\u50b2\u5a07\u7684\u5c11\u5973","href":"http:\/\/www.meizitu.com\/a\/5396.html","pic_list":["http:\/\/mm.howkuai.com\/wp-content\/uploads\/2016a\/06\/11\/01.jpg","http:\/\/mm.howkuai.com\/wp-content\/uploads\/2016a\/06\/11\/02.jpg","http:\/\/mm.howkuai.com\/wp-content\/uploads\/2016a\/06\/11\/03.jpg","http:\/\/mm.howkuai.com\/wp-content\/uploads\/2016a\/06\/11\/04.jpg","http:\/\/mm.howkuai.com\/wp-content\/uploads\/2016a\/06\/11\/05.jpg","http:\/\/mm.howkuai.com\/wp-content\/uploads\/2016a\/06\/11\/06.jpg","http:\/\/mm.howkuai.com\/wp-content\/uploads\/2016a\/06\/11\/07.jpg","http:\/\/mm.howkuai.com\/wp-content\/uploads\/2016a\/06\/11\/08.jpg"]},{"plaintext":"\u9ad8\u6e29\u6a21\u5f0f\u6765\u88ad\uff0c\u4f17\u7f8e\u5973\u5f00\u542f\u6e05\u51c9\u6a21\u5f0f","href":"http:\/\/www.meizitu.com\/a\/5394.html","pic_list":["http:\/\/mm.howkuai.com\/wp-content\/uploads\/2016a\/06\/09\/01.jpg","http:\/\/mm.howkuai.com\/wp-content\/uploads\/2016a\/06\/09\/02.jpg","http:\/\/mm.howkuai.com\/wp-content\/uploads\/2016a\/06\/09\/03.jpg","http:\/\/mm.howkuai.com\/wp-content\/uploads\/2016a\/06\/09\/04.jpg","http:\/\/mm.howkuai.com\/wp-content\/uploads\/2016a\/06\/09\/05.jpg","http:\/\/mm.howkuai.com\/wp-content\/uploads\/2016a\/06\/09\/06.jpg","http:\/\/mm.howkuai.com\/wp-content\/uploads\/2016a\/06\/09\/07.jpg","http:\/\/mm.howkuai.com\/wp-content\/uploads\/2016a\/06\/09\/08.jpg","http:\/\/mm.howkuai.com\/wp-content\/uploads\/2016a\/06\/09\/09.jpg","http:\/\/mm.howkuai.com\/wp-content\/uploads\/2016a\/06\/09\/10.jpg"]},{"plaintext":"\u5bb9\u6613\u8ba9\u4eba\u6d6e\u60f3\u8054\u7fe9\uff0c\u5973\u751f\u5a07\u7f9e\u795e\u6001","href":"http:\/\/www.meizitu.com\/a\/5393.html","pic_list":["http:\/\/mm.howkuai.com\/wp-content\/uploads\/2016a\/06\/08\/01.jpg","http:\/\/mm.howkuai.com\/wp-content\/uploads\/2016a\/06\/08\/02.jpg","http:\/\/mm.howkuai.com\/wp-content\/uploads\/2016a\/06\/08\/03.jpg","http:\/\/mm.howkuai.com\/wp-content\/uploads\/2016a\/06\/08\/04.jpg","http:\/\/mm.howkuai.com\/wp-content\/uploads\/2016a\/06\/08\/05.jpg","http:\/\/mm.howkuai.com\/wp-content\/uploads\/2016a\/06\/08\/06.jpg","http:\/\/mm.howkuai.com\/wp-content\/uploads\/2016a\/06\/08\/07.jpg","http:\/\/mm.howkuai.com\/wp-content\/uploads\/2016a\/06\/08\/08.jpg","http:\/\/mm.howkuai.com\/wp-content\/uploads\/2016a\/06\/08\/09.jpg","http:\/\/mm.howkuai.com\/wp-content\/uploads\/2016a\/06\/08\/10.jpg"]},{"plaintext":"\u6027\u611f\u5973\u795e\u6b46\u5c0f\u5154\u4ec5\u7a7f\u4e00\u4ef6\u540a\u5e26\u79c1\u623f\u79c0","href":"http:\/\/www.meizitu.com\/a\/5392.html","pic_list":["http:\/\/mm.howkuai.com\/wp-content\/uploads\/2016a\/06\/07\/01.jpg","http:\/\/mm.howkuai.com\/wp-content\/uploads\/2016a\/06\/07\/02.jpg","http:\/\/mm.howkuai.com\/wp-content\/uploads\/2016a\/06\/07\/03.jpg","http:\/\/mm.howkuai.com\/wp-content\/uploads\/2016a\/06\/07\/04.jpg","http:\/\/mm.howkuai.com\/wp-content\/uploads\/2016a\/06\/07\/05.jpg","http:\/\/mm.howkuai.com\/wp-content\/uploads\/2016a\/06\/07\/06.jpg"]},{"plaintext":"\u8f6f\u59b9\u5b50\u661f\u7738\u5fae\u55d4\uff0c\u6211\u89c1\u72b9\u601c","href":"http:\/\/www.meizitu.com\/a\/5391.html","pic_list":["http:\/\/mm.howkuai.com\/wp-content\/uploads\/2016a\/06\/06\/01.jpg","http:\/\/mm.howkuai.com\/wp-content\/uploads\/2016a\/06\/06\/02.jpg","http:\/\/mm.howkuai.com\/wp-content\/uploads\/2016a\/06\/06\/03.jpg","http:\/\/mm.howkuai.com\/wp-content\/uploads\/2016a\/06\/06\/04.jpg","http:\/\/mm.howkuai.com\/wp-content\/uploads\/2016a\/06\/06\/05.jpg","http:\/\/mm.howkuai.com\/wp-content\/uploads\/2016a\/06\/06\/06.jpg"]},{"plaintext":"\u5e7f\u4e1c\u9ad8\u6821\u5341\u5927\u9876\u7ea7\u6821\u82b1\uff0c\u989c\u503c\u7206\u8868\uff01","href":"http:\/\/www.meizitu.com\/a\/5390.html","pic_list":["http:\/\/mm.howkuai.com\/wp-content\/uploads\/2016a\/06\/05\/01.jpg","http:\/\/mm.howkuai.com\/wp-content\/uploads\/2016a\/06\/05\/02.jpg","http:\/\/mm.howkuai.com\/wp-content\/uploads\/2016a\/06\/05\/03.jpg","http:\/\/mm.howkuai.com\/wp-content\/uploads\/2016a\/06\/05\/04.jpg","http:\/\/mm.howkuai.com\/wp-content\/uploads\/2016a\/06\/05\/05.jpg","http:\/\/mm.howkuai.com\/wp-content\/uploads\/2016a\/06\/05\/06.jpg","http:\/\/mm.howkuai.com\/wp-content\/uploads\/2016a\/06\/05\/07.jpg","http:\/\/mm.howkuai.com\/wp-content\/uploads\/2016a\/06\/05\/08.jpg","http:\/\/mm.howkuai.com\/wp-content\/uploads\/2016a\/06\/05\/09.jpg","http:\/\/mm.howkuai.com\/wp-content\/uploads\/2016a\/06\/05\/10.jpg","http:\/\/mm.howkuai.com\/wp-content\/uploads\/2016a\/06\/05\/11.jpg","http:\/\/mm.howkuai.com\/wp-content\/uploads\/2016a\/06\/05\/12.jpg","http:\/\/mm.howkuai.com\/wp-content\/uploads\/2016a\/06\/05\/13.jpg","http:\/\/mm.howkuai.com\/wp-content\/uploads\/2016a\/06\/05\/14.jpg"]},{"plaintext":"\u8c01\u662f\u4f60\u5fc3\u76ee\u4e2d\u7684\u8d64\u6728\u6674\u5b50\uff1f","href":"http:\/\/www.meizitu.com\/a\/5389.html","pic_list":["http:\/\/mm.howkuai.com\/wp-content\/uploads\/2016a\/06\/04\/01.jpg","http:\/\/mm.howkuai.com\/wp-content\/uploads\/2016a\/06\/04\/02.jpg","http:\/\/mm.howkuai.com\/wp-content\/uploads\/2016a\/06\/04\/03.jpg","http:\/\/mm.howkuai.com\/wp-content\/uploads\/2016a\/06\/04\/04.jpg","http:\/\/mm.howkuai.com\/wp-content\/uploads\/2016a\/06\/04\/05.jpg","http:\/\/mm.howkuai.com\/wp-content\/uploads\/2016a\/06\/04\/06.jpg","http:\/\/mm.howkuai.com\/wp-content\/uploads\/2016a\/06\/04\/07.jpg","http:\/\/mm.howkuai.com\/wp-content\/uploads\/2016a\/06\/04\/08.jpg","http:\/\/mm.howkuai.com\/wp-content\/uploads\/2016a\/06\/04\/09.jpg"]},{"plaintext":"\u59b9\u5b50\u5237\u7259\u6d17\u8138\u7761\u89c9\uff0c\u8981\u76f4\u64ad\u7684\u8282\u594f\u5417\uff1f","href":"http:\/\/www.meizitu.com\/a\/5388.html","pic_list":["http:\/\/mm.howkuai.com\/wp-content\/uploads\/2016a\/06\/03\/01.jpg","http:\/\/mm.howkuai.com\/wp-content\/uploads\/2016a\/06\/03\/02.jpg","http:\/\/mm.howkuai.com\/wp-content\/uploads\/2016a\/06\/03\/03.jpg","http:\/\/mm.howkuai.com\/wp-content\/uploads\/2016a\/06\/03\/04.jpg","http:\/\/mm.howkuai.com\/wp-content\/uploads\/2016a\/06\/03\/05.jpg","http:\/\/mm.howkuai.com\/wp-content\/uploads\/2016a\/06\/03\/06.jpg","http:\/\/mm.howkuai.com\/wp-content\/uploads\/2016a\/06\/03\/07.jpg","http:\/\/mm.howkuai.com\/wp-content\/uploads\/2016a\/06\/03\/08.jpg","http:\/\/mm.howkuai.com\/wp-content\/uploads\/2016a\/06\/03\/09.jpg"]},{"plaintext":"\u59b9\u5b50\u4eec\u751f\u6d3b\u4e2d\u4e0d\u7ecf\u610f\u7684\u9ad8\u5149\u65f6\u523b","href":"http:\/\/www.meizitu.com\/a\/5387.html","pic_list":["http:\/\/mm.howkuai.com\/wp-content\/uploads\/2016a\/06\/02\/01.jpg","http:\/\/mm.howkuai.com\/wp-content\/uploads\/2016a\/06\/02\/02.jpg","http:\/\/mm.howkuai.com\/wp-content\/uploads\/2016a\/06\/02\/03.jpg","http:\/\/mm.howkuai.com\/wp-content\/uploads\/2016a\/06\/02\/04.jpg","http:\/\/mm.howkuai.com\/wp-content\/uploads\/2016a\/06\/02\/05.jpg","http:\/\/mm.howkuai.com\/wp-content\/uploads\/2016a\/06\/02\/06.jpg","http:\/\/mm.howkuai.com\/wp-content\/uploads\/2016a\/06\/02\/07.jpg","http:\/\/mm.howkuai.com\/wp-content\/uploads\/2016a\/06\/02\/08.jpg","http:\/\/mm.howkuai.com\/wp-content\/uploads\/2016a\/06\/02\/09.jpg","http:\/\/mm.howkuai.com\/wp-content\/uploads\/2016a\/06\/02\/10.jpg"]}]