[{"plaintext":"\u7edd\u8272\u6c14\u8d28\u7f8e\u5973\u5ba4\u5185\u5199\u771f","href":"http:\/\/www.meizitu.com\/a\/4354.html","pic_list":["http:\/\/mm.howkuai.com\/wp-content\/uploads\/2014a\/07\/39\/01.jpg","http:\/\/mm.howkuai.com\/wp-content\/uploads\/2014a\/07\/39\/02.jpg","http:\/\/mm.howkuai.com\/wp-content\/uploads\/2014a\/07\/39\/03.jpg","http:\/\/mm.howkuai.com\/wp-content\/uploads\/2014a\/07\/39\/04.jpg","http:\/\/mm.howkuai.com\/wp-content\/uploads\/2014a\/07\/39\/05.jpg","http:\/\/mm.howkuai.com\/wp-content\/uploads\/2014a\/07\/39\/06.jpg"]},{"plaintext":"[\u6d3b\u52a8]\u7ed9\u8db3\u7403\u5b9d\u8d1d\u6295\u7968\uff0c\u8d62\u5b9d\u8d1d\u7b7e\u540d\u5199\u771f\u96c6","href":"http:\/\/www.meizitu.com\/a\/4353.html","pic_list":["http:\/\/mm.howkuai.com\/wp-content\/uploads\/2014a\/07\/38\/01.jpg","http:\/\/mm.howkuai.com\/wp-content\/uploads\/2014a\/07\/38\/02.jpg","http:\/\/mm.howkuai.com\/wp-content\/uploads\/2014a\/07\/38\/03.jpg","http:\/\/mm.howkuai.com\/wp-content\/uploads\/2014a\/07\/38\/04.jpg","http:\/\/mm.howkuai.com\/wp-content\/uploads\/2014a\/07\/38\/05.jpg","http:\/\/mm.howkuai.com\/wp-content\/uploads\/2014a\/07\/38\/06.jpg","http:\/\/mm.howkuai.com\/wp-content\/uploads\/2014a\/07\/38\/07.jpg","http:\/\/mm.howkuai.com\/wp-content\/uploads\/2014a\/07\/38\/08.jpg"]},{"plaintext":"\u7eaf\u771f\u7684\u8138\u86cb\u3001\u84dd\u8272\u6bd4\u57fa\u5c3c\u7f8e\u5c11\u5973\u5199\u771f","href":"http:\/\/www.meizitu.com\/a\/4352.html","pic_list":["http:\/\/mm.howkuai.com\/wp-content\/uploads\/2014a\/07\/37\/01.jpg","http:\/\/mm.howkuai.com\/wp-content\/uploads\/2014a\/07\/37\/02.jpg","http:\/\/mm.howkuai.com\/wp-content\/uploads\/2014a\/07\/37\/03.jpg","http:\/\/mm.howkuai.com\/wp-content\/uploads\/2014a\/07\/37\/04.jpg","http:\/\/mm.howkuai.com\/wp-content\/uploads\/2014a\/07\/37\/05.jpg","http:\/\/mm.howkuai.com\/wp-content\/uploads\/2014a\/07\/37\/06.jpg","http:\/\/mm.howkuai.com\/wp-content\/uploads\/2014a\/07\/37\/07.jpg"]},{"plaintext":"\u65e5\u672c\u7f8e\u5973\uff0c\u7f8e\u80f8\u59b9\u5b50\u6d77\u8fb9\u6e05\u51c9\u4e00\u590f","href":"http:\/\/www.meizitu.com\/a\/4351.html","pic_list":["http:\/\/mm.howkuai.com\/wp-content\/uploads\/2014a\/07\/36\/01.jpg","http:\/\/mm.howkuai.com\/wp-content\/uploads\/2014a\/07\/36\/02.jpg","http:\/\/mm.howkuai.com\/wp-content\/uploads\/2014a\/07\/36\/03.jpg","http:\/\/mm.howkuai.com\/wp-content\/uploads\/2014a\/07\/36\/04.jpg","http:\/\/mm.howkuai.com\/wp-content\/uploads\/2014a\/07\/36\/05.jpg","http:\/\/mm.howkuai.com\/wp-content\/uploads\/2014a\/07\/36\/06.jpg"]},{"plaintext":"\u590f\u5929\u7684\u5c0f\u9662\u548c\u897f\u74dc\uff0c\u6e05\u7eaf\u59b9\u5b50\u7231\u626e\u840c","href":"http:\/\/www.meizitu.com\/a\/4350.html","pic_list":["http:\/\/mm.howkuai.com\/wp-content\/uploads\/2014a\/07\/35\/01.jpg","http:\/\/mm.howkuai.com\/wp-content\/uploads\/2014a\/07\/35\/02.jpg","http:\/\/mm.howkuai.com\/wp-content\/uploads\/2014a\/07\/35\/03.jpg","http:\/\/mm.howkuai.com\/wp-content\/uploads\/2014a\/07\/35\/04.jpg","http:\/\/mm.howkuai.com\/wp-content\/uploads\/2014a\/07\/35\/05.jpg","http:\/\/mm.howkuai.com\/wp-content\/uploads\/2014a\/07\/35\/06.jpg","http:\/\/mm.howkuai.com\/wp-content\/uploads\/2014a\/07\/35\/07.jpg","http:\/\/mm.howkuai.com\/wp-content\/uploads\/2014a\/07\/35\/08.jpg"]},{"plaintext":"\u6c14\u8d28\u7f8e\u5973\u8f66\u6a21\u30fb\u5fa1\u5973\u90ceErica\u30fb\u8ff7\u4eba\u7684\u8f66\u706f","href":"http:\/\/www.meizitu.com\/a\/4349.html","pic_list":["http:\/\/mm.howkuai.com\/wp-content\/uploads\/2014a\/07\/34\/01.jpg","http:\/\/mm.howkuai.com\/wp-content\/uploads\/2014a\/07\/34\/02.jpg","http:\/\/mm.howkuai.com\/wp-content\/uploads\/2014a\/07\/34\/03.jpg","http:\/\/mm.howkuai.com\/wp-content\/uploads\/2014a\/07\/34\/04.jpg","http:\/\/mm.howkuai.com\/wp-content\/uploads\/2014a\/07\/34\/05.jpg"]},{"plaintext":"\u53ef\u7231\u767d\u7699\u5ae9\u6a21\u62e5\u6709\u6027\u611f\u7684\u8eab\u6750","href":"http:\/\/www.meizitu.com\/a\/4348.html","pic_list":["http:\/\/mm.howkuai.com\/wp-content\/uploads\/2014a\/07\/33\/01.jpg","http:\/\/mm.howkuai.com\/wp-content\/uploads\/2014a\/07\/33\/02.jpg","http:\/\/mm.howkuai.com\/wp-content\/uploads\/2014a\/07\/33\/03.jpg","http:\/\/mm.howkuai.com\/wp-content\/uploads\/2014a\/07\/33\/04.jpg","http:\/\/mm.howkuai.com\/wp-content\/uploads\/2014a\/07\/33\/05.jpg","http:\/\/mm.howkuai.com\/wp-content\/uploads\/2014a\/07\/33\/06.jpg","http:\/\/mm.howkuai.com\/wp-content\/uploads\/2014a\/07\/33\/07.jpg","http:\/\/mm.howkuai.com\/wp-content\/uploads\/2014a\/07\/33\/08.jpg"]},{"plaintext":"\u6d77\u98ce\u5439\u4e71\u4e86\u7d20\u989c\u7f8e\u5973\u7684\u957f\u53d1","href":"http:\/\/www.meizitu.com\/a\/4347.html","pic_list":["http:\/\/mm.howkuai.com\/wp-content\/uploads\/2014a\/07\/32\/01.jpg","http:\/\/mm.howkuai.com\/wp-content\/uploads\/2014a\/07\/32\/02.jpg","http:\/\/mm.howkuai.com\/wp-content\/uploads\/2014a\/07\/32\/03.jpg","http:\/\/mm.howkuai.com\/wp-content\/uploads\/2014a\/07\/32\/04.jpg","http:\/\/mm.howkuai.com\/wp-content\/uploads\/2014a\/07\/32\/05.jpg"]},{"plaintext":"\u6293\u4f4f\u76db\u5bb4\u7684\u5c3e\u5df4\uff0c\u6e05\u7eaf\u4e16\u754c\u676f\u7f8e\u5973\u6b23\u8d4f","href":"http:\/\/www.meizitu.com\/a\/4346.html","pic_list":["http:\/\/mm.howkuai.com\/wp-content\/uploads\/2014a\/07\/31\/01.jpg","http:\/\/mm.howkuai.com\/wp-content\/uploads\/2014a\/07\/31\/02.jpg","http:\/\/mm.howkuai.com\/wp-content\/uploads\/2014a\/07\/31\/03.jpg","http:\/\/mm.howkuai.com\/wp-content\/uploads\/2014a\/07\/31\/04.jpg","http:\/\/mm.howkuai.com\/wp-content\/uploads\/2014a\/07\/31\/05.jpg","http:\/\/mm.howkuai.com\/wp-content\/uploads\/2014a\/07\/31\/06.jpg","http:\/\/mm.howkuai.com\/wp-content\/uploads\/2014a\/07\/31\/07.jpg","http:\/\/mm.howkuai.com\/wp-content\/uploads\/2014a\/07\/31\/08.jpg","http:\/\/mm.howkuai.com\/wp-content\/uploads\/2014a\/07\/31\/09.jpg","http:\/\/mm.howkuai.com\/wp-content\/uploads\/2014a\/07\/31\/10.jpg"]},{"plaintext":"\u4e16\u754c\u676f\u843d\u4e0b\u5e37\u5e55\uff0c\u6027\u611f\u8db3\u7403\u5b9d\u8d1d\u9f50\u4e0a\u9635show","href":"http:\/\/www.meizitu.com\/a\/4345.html","pic_list":["http:\/\/mm.howkuai.com\/wp-content\/uploads\/2014a\/07\/30\/01.jpg","http:\/\/mm.howkuai.com\/wp-content\/uploads\/2014a\/07\/30\/02.jpg","http:\/\/mm.howkuai.com\/wp-content\/uploads\/2014a\/07\/30\/03.jpg","http:\/\/mm.howkuai.com\/wp-content\/uploads\/2014a\/07\/30\/04.jpg","http:\/\/mm.howkuai.com\/wp-content\/uploads\/2014a\/07\/30\/05.jpg","http:\/\/mm.howkuai.com\/wp-content\/uploads\/2014a\/07\/30\/06.jpg","http:\/\/mm.howkuai.com\/wp-content\/uploads\/2014a\/07\/30\/07.jpg","http:\/\/mm.howkuai.com\/wp-content\/uploads\/2014a\/07\/30\/08.jpg","http:\/\/mm.howkuai.com\/wp-content\/uploads\/2014a\/07\/30\/09.jpg","http:\/\/mm.howkuai.com\/wp-content\/uploads\/2014a\/07\/30\/10.jpg"]},{"plaintext":"\u6027\u611f\u77ed\u53d1\u6b63\u59b9\u4e3a\u963f\u6839\u5ef7\u52a0\u6cb9","href":"http:\/\/www.meizitu.com\/a\/4344.html","pic_list":["http:\/\/mm.howkuai.com\/wp-content\/uploads\/2014a\/07\/29\/01.jpg","http:\/\/mm.howkuai.com\/wp-content\/uploads\/2014a\/07\/29\/02.jpg","http:\/\/mm.howkuai.com\/wp-content\/uploads\/2014a\/07\/29\/03.jpg","http:\/\/mm.howkuai.com\/wp-content\/uploads\/2014a\/07\/29\/04.jpg","http:\/\/mm.howkuai.com\/wp-content\/uploads\/2014a\/07\/29\/05.jpg"]},{"plaintext":"\u51b3\u8d5b\u4e4b\u591c\uff0c\u79c0\u7f8e\u9753\u4e3d\u7684\u8db3\u7403\u5b9d\u8d1d\u4e3a\u5fb7\u56fd\u52a0\u6cb9","href":"http:\/\/www.meizitu.com\/a\/4343.html","pic_list":["http:\/\/mm.howkuai.com\/wp-content\/uploads\/2014a\/07\/28\/01.jpg","http:\/\/mm.howkuai.com\/wp-content\/uploads\/2014a\/07\/28\/02.jpg","http:\/\/mm.howkuai.com\/wp-content\/uploads\/2014a\/07\/28\/03.jpg","http:\/\/mm.howkuai.com\/wp-content\/uploads\/2014a\/07\/28\/04.jpg","http:\/\/mm.howkuai.com\/wp-content\/uploads\/2014a\/07\/28\/05.jpg","http:\/\/mm.howkuai.com\/wp-content\/uploads\/2014a\/07\/28\/06.jpg","http:\/\/mm.howkuai.com\/wp-content\/uploads\/2014a\/07\/28\/07.jpg","http:\/\/mm.howkuai.com\/wp-content\/uploads\/2014a\/07\/28\/08.jpg","http:\/\/mm.howkuai.com\/wp-content\/uploads\/2014a\/07\/28\/09.jpg","http:\/\/mm.howkuai.com\/wp-content\/uploads\/2014a\/07\/28\/10.jpg"]},{"plaintext":"\u65f6\u5c1a\u82ad\u838e\u6d77\u8fb9\u5199\u771f\uff0c\u6027\u611f\u6a21\u7279\u62e5\u6709\u5065\u5eb7\u80a4\u8272","href":"http:\/\/www.meizitu.com\/a\/4342.html","pic_list":["http:\/\/mm.howkuai.com\/wp-content\/uploads\/2014a\/07\/27\/01.jpg","http:\/\/mm.howkuai.com\/wp-content\/uploads\/2014a\/07\/27\/02.jpg","http:\/\/mm.howkuai.com\/wp-content\/uploads\/2014a\/07\/27\/03.jpg","http:\/\/mm.howkuai.com\/wp-content\/uploads\/2014a\/07\/27\/04.jpg","http:\/\/mm.howkuai.com\/wp-content\/uploads\/2014a\/07\/27\/05.jpg","http:\/\/mm.howkuai.com\/wp-content\/uploads\/2014a\/07\/27\/06.jpg","http:\/\/mm.howkuai.com\/wp-content\/uploads\/2014a\/07\/27\/07.jpg"]},{"plaintext":"\u8584\u8584\u886c\u886b\u4e0b\u7684\u7f8e\u4e3d\uff0c\u90a3\u4e9b\u6027\u611f\u7684\u4eba\u513f\uff08\u4e03\uff09","href":"http:\/\/www.meizitu.com\/a\/4341.html","pic_list":["http:\/\/mm.howkuai.com\/wp-content\/uploads\/2014a\/07\/26\/01.jpg","http:\/\/mm.howkuai.com\/wp-content\/uploads\/2014a\/07\/26\/02.jpg","http:\/\/mm.howkuai.com\/wp-content\/uploads\/2014a\/07\/26\/03.jpg","http:\/\/mm.howkuai.com\/wp-content\/uploads\/2014a\/07\/26\/04.jpg","http:\/\/mm.howkuai.com\/wp-content\/uploads\/2014a\/07\/26\/05.jpg","http:\/\/mm.howkuai.com\/wp-content\/uploads\/2014a\/07\/26\/06.jpg","http:\/\/mm.howkuai.com\/wp-content\/uploads\/2014a\/07\/26\/07.jpg","http:\/\/mm.howkuai.com\/wp-content\/uploads\/2014a\/07\/26\/08.jpg"]},{"plaintext":"\u660e\u7738\u5584\u7750\uff0c\u5c0f\u6e05\u65b0\u59b9\u5b50\u771f\u7684\u5f88\u840c\u840c\u54d2","href":"http:\/\/www.meizitu.com\/a\/4340.html","pic_list":["http:\/\/mm.howkuai.com\/wp-content\/uploads\/2014a\/07\/25\/01.jpg","http:\/\/mm.howkuai.com\/wp-content\/uploads\/2014a\/07\/25\/02.jpg","http:\/\/mm.howkuai.com\/wp-content\/uploads\/2014a\/07\/25\/03.jpg","http:\/\/mm.howkuai.com\/wp-content\/uploads\/2014a\/07\/25\/04.jpg","http:\/\/mm.howkuai.com\/wp-content\/uploads\/2014a\/07\/25\/05.jpg","http:\/\/mm.howkuai.com\/wp-content\/uploads\/2014a\/07\/25\/06.jpg","http:\/\/mm.howkuai.com\/wp-content\/uploads\/2014a\/07\/25\/07.jpg","http:\/\/mm.howkuai.com\/wp-content\/uploads\/2014a\/07\/25\/08.jpg","http:\/\/mm.howkuai.com\/wp-content\/uploads\/2014a\/07\/25\/09.jpg"]},{"plaintext":"\u5a34\u9759\u7aef\u5e84\uff0c\u5e73\u9762\u6a21\u7279\u513fAnata\u4eba\u50cf\u5199\u771f","href":"http:\/\/www.meizitu.com\/a\/4339.html","pic_list":["http:\/\/mm.howkuai.com\/wp-content\/uploads\/2014a\/07\/24\/01.jpg","http:\/\/mm.howkuai.com\/wp-content\/uploads\/2014a\/07\/24\/02.jpg","http:\/\/mm.howkuai.com\/wp-content\/uploads\/2014a\/07\/24\/03.jpg","http:\/\/mm.howkuai.com\/wp-content\/uploads\/2014a\/07\/24\/04.jpg","http:\/\/mm.howkuai.com\/wp-content\/uploads\/2014a\/07\/24\/05.jpg"]},{"plaintext":"\u6298\u7ea4\u8170\u4ee5\u5fae\u6b65\uff0c\u6e05\u7eaf\u7f8e\u7709\u7684\u5c0f\u5973\u4eba\u60c5\u6000","href":"http:\/\/www.meizitu.com\/a\/4338.html","pic_list":["http:\/\/mm.howkuai.com\/wp-content\/uploads\/2014a\/07\/23\/01.jpg","http:\/\/mm.howkuai.com\/wp-content\/uploads\/2014a\/07\/23\/02.jpg","http:\/\/mm.howkuai.com\/wp-content\/uploads\/2014a\/07\/23\/03.jpg","http:\/\/mm.howkuai.com\/wp-content\/uploads\/2014a\/07\/23\/04.jpg","http:\/\/mm.howkuai.com\/wp-content\/uploads\/2014a\/07\/23\/05.jpg","http:\/\/mm.howkuai.com\/wp-content\/uploads\/2014a\/07\/23\/06.jpg","http:\/\/mm.howkuai.com\/wp-content\/uploads\/2014a\/07\/23\/07.jpg"]},{"plaintext":"\u89c6\u89c9\u76db\u5bb4\uff0c\u6f02\u4eae\u8db3\u7403\u5b9d\u8d1d\u4e0a\u6f14\u68a6\u5e7b\u8db3\u7403","href":"http:\/\/www.meizitu.com\/a\/4337.html","pic_list":["http:\/\/mm.howkuai.com\/wp-content\/uploads\/2014a\/07\/22\/01.jpg","http:\/\/mm.howkuai.com\/wp-content\/uploads\/2014a\/07\/22\/02.jpg","http:\/\/mm.howkuai.com\/wp-content\/uploads\/2014a\/07\/22\/03.jpg","http:\/\/mm.howkuai.com\/wp-content\/uploads\/2014a\/07\/22\/04.jpg","http:\/\/mm.howkuai.com\/wp-content\/uploads\/2014a\/07\/22\/05.jpg","http:\/\/mm.howkuai.com\/wp-content\/uploads\/2014a\/07\/22\/06.jpg","http:\/\/mm.howkuai.com\/wp-content\/uploads\/2014a\/07\/22\/07.jpg","http:\/\/mm.howkuai.com\/wp-content\/uploads\/2014a\/07\/22\/08.jpg"]},{"plaintext":"\u5c0f\u6e05\u65b0\u59b9\u7eb8\u5ba4\u5185\u968f\u62cd\uff0c\u6709\u7740\u6027\u611f\u7684\u5634\u5507","href":"http:\/\/www.meizitu.com\/a\/4336.html","pic_list":["http:\/\/mm.howkuai.com\/wp-content\/uploads\/2014a\/07\/21\/01.jpg","http:\/\/mm.howkuai.com\/wp-content\/uploads\/2014a\/07\/21\/02.jpg","http:\/\/mm.howkuai.com\/wp-content\/uploads\/2014a\/07\/21\/03.jpg","http:\/\/mm.howkuai.com\/wp-content\/uploads\/2014a\/07\/21\/04.jpg","http:\/\/mm.howkuai.com\/wp-content\/uploads\/2014a\/07\/21\/05.jpg","http:\/\/mm.howkuai.com\/wp-content\/uploads\/2014a\/07\/21\/06.jpg"]},{"plaintext":"\u773c\u82b1\u7f2d\u4e71\uff0c\u5404\u82b1\u5165\u5404\u773c\uff0c\u6f02\u4eae\u7684\u6cf3\u88c5&amp;\u5185\u8863\u5199\u771f\u7167","href":"http:\/\/www.meizitu.com\/a\/4335.html","pic_list":["http:\/\/mm.howkuai.com\/wp-content\/uploads\/2014a\/07\/20\/01.jpg","http:\/\/mm.howkuai.com\/wp-content\/uploads\/2014a\/07\/20\/02.jpg","http:\/\/mm.howkuai.com\/wp-content\/uploads\/2014a\/07\/20\/03.jpg","http:\/\/mm.howkuai.com\/wp-content\/uploads\/2014a\/07\/20\/04.jpg","http:\/\/mm.howkuai.com\/wp-content\/uploads\/2014a\/07\/20\/05.jpg","http:\/\/mm.howkuai.com\/wp-content\/uploads\/2014a\/07\/20\/06.jpg","http:\/\/mm.howkuai.com\/wp-content\/uploads\/2014a\/07\/20\/07.jpg","http:\/\/mm.howkuai.com\/wp-content\/uploads\/2014a\/07\/20\/08.jpg"]},{"plaintext":"2014\u4e16\u754c\u676f\u7f8e\u5973\uff0c\u963f\u6839\u5ef7\u8db3\u7403\u5b9d\u8d1d\u62cd\u5199\u771f\u529b\u633a\u6885\u897f","href":"http:\/\/www.meizitu.com\/a\/4334.html","pic_list":["http:\/\/mm.howkuai.com\/wp-content\/uploads\/2014a\/07\/19\/01.jpg","http:\/\/mm.howkuai.com\/wp-content\/uploads\/2014a\/07\/19\/02.jpg","http:\/\/mm.howkuai.com\/wp-content\/uploads\/2014a\/07\/19\/03.jpg","http:\/\/mm.howkuai.com\/wp-content\/uploads\/2014a\/07\/19\/04.jpg","http:\/\/mm.howkuai.com\/wp-content\/uploads\/2014a\/07\/19\/05.jpg","http:\/\/mm.howkuai.com\/wp-content\/uploads\/2014a\/07\/19\/06.jpg","http:\/\/mm.howkuai.com\/wp-content\/uploads\/2014a\/07\/19\/07.jpg"]},{"plaintext":"\u5149\u8273\u903c\u4eba\uff0c\u6c14\u8d28\u7f8e\u5973\u5728\u590f\u65e5\u7684\u6e05\u6668","href":"http:\/\/www.meizitu.com\/a\/4333.html","pic_list":["http:\/\/mm.howkuai.com\/wp-content\/uploads\/2014a\/07\/18\/01.jpg","http:\/\/mm.howkuai.com\/wp-content\/uploads\/2014a\/07\/18\/02.jpg","http:\/\/mm.howkuai.com\/wp-content\/uploads\/2014a\/07\/18\/03.jpg","http:\/\/mm.howkuai.com\/wp-content\/uploads\/2014a\/07\/18\/04.jpg","http:\/\/mm.howkuai.com\/wp-content\/uploads\/2014a\/07\/18\/05.jpg"]},{"plaintext":"\u8c79\u7eb9\u4e0e\u9ed1\u4e1d\uff0c\u90a3\u4e9b\u6027\u611f\u7684\u4eba\u513f\uff08\u4e94\uff09","href":"http:\/\/www.meizitu.com\/a\/4332.html","pic_list":["http:\/\/mm.howkuai.com\/wp-content\/uploads\/2014a\/07\/17\/01.jpg","http:\/\/mm.howkuai.com\/wp-content\/uploads\/2014a\/07\/17\/02.jpg","http:\/\/mm.howkuai.com\/wp-content\/uploads\/2014a\/07\/17\/03.jpg","http:\/\/mm.howkuai.com\/wp-content\/uploads\/2014a\/07\/17\/04.jpg","http:\/\/mm.howkuai.com\/wp-content\/uploads\/2014a\/07\/17\/05.jpg","http:\/\/mm.howkuai.com\/wp-content\/uploads\/2014a\/07\/17\/06.jpg","http:\/\/mm.howkuai.com\/wp-content\/uploads\/2014a\/07\/17\/07.jpg","http:\/\/mm.howkuai.com\/wp-content\/uploads\/2014a\/07\/17\/08.jpg"]},{"plaintext":"\u90a3\u4e9b\u6e05\u7eaf\u7684\u517b\u773c\u7f8e\u5973\u56fe\u7247\uff08\u516d\uff09","href":"http:\/\/www.meizitu.com\/a\/4331.html","pic_list":["http:\/\/mm.howkuai.com\/wp-content\/uploads\/2014a\/07\/16\/01.jpg","http:\/\/mm.howkuai.com\/wp-content\/uploads\/2014a\/07\/16\/02.jpg","http:\/\/mm.howkuai.com\/wp-content\/uploads\/2014a\/07\/16\/03.jpg","http:\/\/mm.howkuai.com\/wp-content\/uploads\/2014a\/07\/16\/04.jpg","http:\/\/mm.howkuai.com\/wp-content\/uploads\/2014a\/07\/16\/05.jpg","http:\/\/mm.howkuai.com\/wp-content\/uploads\/2014a\/07\/16\/06.jpg","http:\/\/mm.howkuai.com\/wp-content\/uploads\/2014a\/07\/16\/07.jpg","http:\/\/mm.howkuai.com\/wp-content\/uploads\/2014a\/07\/16\/08.jpg","http:\/\/mm.howkuai.com\/wp-content\/uploads\/2014a\/07\/16\/09.jpg","http:\/\/mm.howkuai.com\/wp-content\/uploads\/2014a\/07\/16\/10.jpg"]},{"plaintext":"\u4e16\u754c\u676f\u534a\u51b3\u8d5b\u5728\u5373\uff0c\u8db3\u7403\u5b9d\u8d1d\u624b\u6367\u2018\u91d1\u676f\u2019\u6027\u611f\u4ee5\u5f85","href":"http:\/\/www.meizitu.com\/a\/4330.html","pic_list":["http:\/\/mm.howkuai.com\/wp-content\/uploads\/2014a\/07\/15\/01.jpg","http:\/\/mm.howkuai.com\/wp-content\/uploads\/2014a\/07\/15\/02.jpg","http:\/\/mm.howkuai.com\/wp-content\/uploads\/2014a\/07\/15\/03.jpg","http:\/\/mm.howkuai.com\/wp-content\/uploads\/2014a\/07\/15\/04.jpg","http:\/\/mm.howkuai.com\/wp-content\/uploads\/2014a\/07\/15\/05.jpg","http:\/\/mm.howkuai.com\/wp-content\/uploads\/2014a\/07\/15\/06.jpg","http:\/\/mm.howkuai.com\/wp-content\/uploads\/2014a\/07\/15\/07.jpg","http:\/\/mm.howkuai.com\/wp-content\/uploads\/2014a\/07\/15\/08.jpg","http:\/\/mm.howkuai.com\/wp-content\/uploads\/2014a\/07\/15\/09.jpg","http:\/\/mm.howkuai.com\/wp-content\/uploads\/2014a\/07\/15\/10.jpg"]},{"plaintext":"\u660e\u8273\u52a8\u4eba\u7684\u7f8e\u5973\u7ed9\u590f\u65e5\u5e26\u6765\u4e00\u4e1d\u6e05\u51c9","href":"http:\/\/www.meizitu.com\/a\/4329.html","pic_list":["http:\/\/mm.howkuai.com\/wp-content\/uploads\/2014a\/07\/14\/01.jpg","http:\/\/mm.howkuai.com\/wp-content\/uploads\/2014a\/07\/14\/02.jpg","http:\/\/mm.howkuai.com\/wp-content\/uploads\/2014a\/07\/14\/03.jpg","http:\/\/mm.howkuai.com\/wp-content\/uploads\/2014a\/07\/14\/04.jpg","http:\/\/mm.howkuai.com\/wp-content\/uploads\/2014a\/07\/14\/05.jpg","http:\/\/mm.howkuai.com\/wp-content\/uploads\/2014a\/07\/14\/06.jpg","http:\/\/mm.howkuai.com\/wp-content\/uploads\/2014a\/07\/14\/07.jpg"]},{"plaintext":"\u98ce\u5a07\u6c34\u5a9a\u7684\u767e\u53d8\u4f73\u4eba\uff0c\u7f8e\u7a7a\u5ae9\u6a21\u738b\u4efb\u79cb\u5b50\u56fe\u7247","href":"http:\/\/www.meizitu.com\/a\/4328.html","pic_list":["http:\/\/mm.howkuai.com\/wp-content\/uploads\/2014a\/07\/13\/01.jpg","http:\/\/mm.howkuai.com\/wp-content\/uploads\/2014a\/07\/13\/02.jpg","http:\/\/mm.howkuai.com\/wp-content\/uploads\/2014a\/07\/13\/03.jpg","http:\/\/mm.howkuai.com\/wp-content\/uploads\/2014a\/07\/13\/04.jpg","http:\/\/mm.howkuai.com\/wp-content\/uploads\/2014a\/07\/13\/05.jpg","http:\/\/mm.howkuai.com\/wp-content\/uploads\/2014a\/07\/13\/06.jpg","http:\/\/mm.howkuai.com\/wp-content\/uploads\/2014a\/07\/13\/07.jpg","http:\/\/mm.howkuai.com\/wp-content\/uploads\/2014a\/07\/13\/08.jpg"]},{"plaintext":"\u808c\u80a4\u6563\u53d1\u7740\u5065\u5eb7\u7684\u7f8e\uff0c\u5ae9\u6a21\u62f3\u51fb\u53f0\u4e0a\u7684\u5199\u771f","href":"http:\/\/www.meizitu.com\/a\/4327.html","pic_list":["http:\/\/mm.howkuai.com\/wp-content\/uploads\/2014a\/07\/12\/01.jpg","http:\/\/mm.howkuai.com\/wp-content\/uploads\/2014a\/07\/12\/02.jpg","http:\/\/mm.howkuai.com\/wp-content\/uploads\/2014a\/07\/12\/03.jpg","http:\/\/mm.howkuai.com\/wp-content\/uploads\/2014a\/07\/12\/04.jpg","http:\/\/mm.howkuai.com\/wp-content\/uploads\/2014a\/07\/12\/05.jpg"]},{"plaintext":"\u8d85\u7ea7\u65e0\u654c\u5c0f\u6e05\u65b0\uff0c\u53a6\u5927\u7f8e\u7709\u7684\u5c0f\u65f6\u5149","href":"http:\/\/www.meizitu.com\/a\/4326.html","pic_list":["http:\/\/mm.howkuai.com\/wp-content\/uploads\/2014a\/07\/11\/01.jpg","http:\/\/mm.howkuai.com\/wp-content\/uploads\/2014a\/07\/11\/02.jpg","http:\/\/mm.howkuai.com\/wp-content\/uploads\/2014a\/07\/11\/03.jpg","http:\/\/mm.howkuai.com\/wp-content\/uploads\/2014a\/07\/11\/04.jpg","http:\/\/mm.howkuai.com\/wp-content\/uploads\/2014a\/07\/11\/05.jpg","http:\/\/mm.howkuai.com\/wp-content\/uploads\/2014a\/07\/11\/06.jpg","http:\/\/mm.howkuai.com\/wp-content\/uploads\/2014a\/07\/11\/07.jpg","http:\/\/mm.howkuai.com\/wp-content\/uploads\/2014a\/07\/11\/08.jpg","http:\/\/mm.howkuai.com\/wp-content\/uploads\/2014a\/07\/11\/09.jpg"]},{"plaintext":"\u7f8e\u5973\u7231\u9a91\u9a6c\uff0c\u9a6c\u80cc\u4e0a\u5c55\u73b0\u72c2\u91ce\u6027\u611f\u7684\u98ce\u60c5","href":"http:\/\/www.meizitu.com\/a\/4325.html","pic_list":["http:\/\/mm.howkuai.com\/wp-content\/uploads\/2014a\/07\/10\/01.jpg","http:\/\/mm.howkuai.com\/wp-content\/uploads\/2014a\/07\/10\/02.jpg","http:\/\/mm.howkuai.com\/wp-content\/uploads\/2014a\/07\/10\/03.jpg","http:\/\/mm.howkuai.com\/wp-content\/uploads\/2014a\/07\/10\/04.jpg","http:\/\/mm.howkuai.com\/wp-content\/uploads\/2014a\/07\/10\/05.jpg"]}]