[{"plaintext":"\u6a21\u7279\u513f\u738b\u6893\u7ae5\u5316\u8eab\u8db3\u7403\u5b9d\u8d1d","href":"http:\/\/www.meizitu.com\/a\/5174.html","pic_list":["http:\/\/mm.howkuai.com\/wp-content\/uploads\/2015a\/10\/05\/01.jpg","http:\/\/mm.howkuai.com\/wp-content\/uploads\/2015a\/10\/05\/02.jpg","http:\/\/mm.howkuai.com\/wp-content\/uploads\/2015a\/10\/05\/03.jpg","http:\/\/mm.howkuai.com\/wp-content\/uploads\/2015a\/10\/05\/04.jpg","http:\/\/mm.howkuai.com\/wp-content\/uploads\/2015a\/10\/05\/05.jpg","http:\/\/mm.howkuai.com\/wp-content\/uploads\/2015a\/10\/05\/06.jpg"]},{"plaintext":"\u6d6a\u6f2b\u60c5\u8c03\uff0c\u6e05\u7eaf\u80f8\u6a21\u5367\u5ba4\u5199\u771f","href":"http:\/\/www.meizitu.com\/a\/5173.html","pic_list":["http:\/\/mm.howkuai.com\/wp-content\/uploads\/2015a\/10\/03\/01.jpg","http:\/\/mm.howkuai.com\/wp-content\/uploads\/2015a\/10\/03\/02.jpg","http:\/\/mm.howkuai.com\/wp-content\/uploads\/2015a\/10\/03\/03.jpg","http:\/\/mm.howkuai.com\/wp-content\/uploads\/2015a\/10\/03\/04.jpg","http:\/\/mm.howkuai.com\/wp-content\/uploads\/2015a\/10\/03\/05.jpg","http:\/\/mm.howkuai.com\/wp-content\/uploads\/2015a\/10\/03\/06.jpg","http:\/\/mm.howkuai.com\/wp-content\/uploads\/2015a\/10\/03\/07.jpg"]},{"plaintext":"\u64cd\u573a\u4e0a\u7684\u53ef\u7231\u957f\u53d1\u5c0f\u732b\u54aa","href":"http:\/\/www.meizitu.com\/a\/5172.html","pic_list":["http:\/\/mm.howkuai.com\/wp-content\/uploads\/2015a\/10\/03\/01.jpg","http:\/\/mm.howkuai.com\/wp-content\/uploads\/2015a\/10\/03\/02.jpg","http:\/\/mm.howkuai.com\/wp-content\/uploads\/2015a\/10\/03\/03.jpg","http:\/\/mm.howkuai.com\/wp-content\/uploads\/2015a\/10\/03\/04.jpg","http:\/\/mm.howkuai.com\/wp-content\/uploads\/2015a\/10\/03\/05.jpg","http:\/\/mm.howkuai.com\/wp-content\/uploads\/2015a\/10\/03\/06.jpg"]},{"plaintext":"\u65e5\u672c\u59b9\u5b50\u9732\u9f7f\u751c\u7f8e\u4e00\u7b11\u864f\u83b7\u591a\u5c11\u5b85\u7537\u5fc3","href":"http:\/\/www.meizitu.com\/a\/5171.html","pic_list":["http:\/\/mm.howkuai.com\/wp-content\/uploads\/2015a\/10\/02\/01.jpg","http:\/\/mm.howkuai.com\/wp-content\/uploads\/2015a\/10\/02\/02.jpg","http:\/\/mm.howkuai.com\/wp-content\/uploads\/2015a\/10\/02\/03.jpg","http:\/\/mm.howkuai.com\/wp-content\/uploads\/2015a\/10\/02\/04.jpg","http:\/\/mm.howkuai.com\/wp-content\/uploads\/2015a\/10\/02\/05.jpg","http:\/\/mm.howkuai.com\/wp-content\/uploads\/2015a\/10\/02\/06.jpg","http:\/\/mm.howkuai.com\/wp-content\/uploads\/2015a\/10\/02\/07.jpg","http:\/\/mm.howkuai.com\/wp-content\/uploads\/2015a\/10\/02\/08.jpg","http:\/\/mm.howkuai.com\/wp-content\/uploads\/2015a\/10\/02\/09.jpg"]},{"plaintext":"\u6a21\u7279\u51af\u99a8\u7476\u53cc\u624b\u73a9\u5012\u7acb\u9732\u4e30\u81c0","href":"http:\/\/www.meizitu.com\/a\/5170.html","pic_list":["http:\/\/mm.howkuai.com\/wp-content\/uploads\/2015a\/10\/01\/01.jpg","http:\/\/mm.howkuai.com\/wp-content\/uploads\/2015a\/10\/01\/02.jpg","http:\/\/mm.howkuai.com\/wp-content\/uploads\/2015a\/10\/01\/03.jpg","http:\/\/mm.howkuai.com\/wp-content\/uploads\/2015a\/10\/01\/04.jpg","http:\/\/mm.howkuai.com\/wp-content\/uploads\/2015a\/10\/01\/05.jpg","http:\/\/mm.howkuai.com\/wp-content\/uploads\/2015a\/10\/01\/06.jpg","http:\/\/mm.howkuai.com\/wp-content\/uploads\/2015a\/10\/01\/07.jpg"]},{"plaintext":"\u840c\u5973\u795e\u6e05\u6668\u7a97\u53f0\u8fb9\u53d1\u5446","href":"http:\/\/www.meizitu.com\/a\/5169.html","pic_list":["http:\/\/mm.howkuai.com\/wp-content\/uploads\/2015a\/09\/36\/01.jpg","http:\/\/mm.howkuai.com\/wp-content\/uploads\/2015a\/09\/36\/02.jpg","http:\/\/mm.howkuai.com\/wp-content\/uploads\/2015a\/09\/36\/03.jpg","http:\/\/mm.howkuai.com\/wp-content\/uploads\/2015a\/09\/36\/04.jpg","http:\/\/mm.howkuai.com\/wp-content\/uploads\/2015a\/09\/36\/05.jpg","http:\/\/mm.howkuai.com\/wp-content\/uploads\/2015a\/09\/36\/06.jpg"]},{"plaintext":"\u4e45\u8fdd\u7684\u7f8e\u8f66\u6a21 \u300a2015 CAS \u8f66\u6a21\u79c0\u300b","href":"http:\/\/www.meizitu.com\/a\/5168.html","pic_list":["http:\/\/mm.howkuai.com\/wp-content\/uploads\/2015a\/09\/35\/01.jpg","http:\/\/mm.howkuai.com\/wp-content\/uploads\/2015a\/09\/35\/02.jpg","http:\/\/mm.howkuai.com\/wp-content\/uploads\/2015a\/09\/35\/03.jpg","http:\/\/mm.howkuai.com\/wp-content\/uploads\/2015a\/09\/35\/04.jpg","http:\/\/mm.howkuai.com\/wp-content\/uploads\/2015a\/09\/35\/05.jpg","http:\/\/mm.howkuai.com\/wp-content\/uploads\/2015a\/09\/35\/06.jpg","http:\/\/mm.howkuai.com\/wp-content\/uploads\/2015a\/09\/35\/07.jpg","http:\/\/mm.howkuai.com\/wp-content\/uploads\/2015a\/09\/35\/08.jpg","http:\/\/mm.howkuai.com\/wp-content\/uploads\/2015a\/09\/35\/09.jpg"]},{"plaintext":"\u7f8e\u59ae\u6027\u611f\u9971\u6ee1\u8eab\u6750\u53ca\u5a07\u7f9e\u795e\u6001","href":"http:\/\/www.meizitu.com\/a\/5167.html","pic_list":["http:\/\/mm.howkuai.com\/wp-content\/uploads\/2015a\/09\/34\/01.jpg","http:\/\/mm.howkuai.com\/wp-content\/uploads\/2015a\/09\/34\/02.jpg","http:\/\/mm.howkuai.com\/wp-content\/uploads\/2015a\/09\/34\/03.jpg","http:\/\/mm.howkuai.com\/wp-content\/uploads\/2015a\/09\/34\/04.jpg","http:\/\/mm.howkuai.com\/wp-content\/uploads\/2015a\/09\/34\/05.jpg","http:\/\/mm.howkuai.com\/wp-content\/uploads\/2015a\/09\/34\/06.jpg","http:\/\/mm.howkuai.com\/wp-content\/uploads\/2015a\/09\/34\/07.jpg"]},{"plaintext":"\u6709\u6837\u8c8c\u6709\u8eab\u6750\u7684\u6e05\u7eaf\u5ae9\u6a21\u5199\u771f","href":"http:\/\/www.meizitu.com\/a\/5164.html","pic_list":["http:\/\/mm.howkuai.com\/wp-content\/uploads\/2015a\/09\/31\/01.jpg","http:\/\/mm.howkuai.com\/wp-content\/uploads\/2015a\/09\/31\/02.jpg","http:\/\/mm.howkuai.com\/wp-content\/uploads\/2015a\/09\/31\/03.jpg","http:\/\/mm.howkuai.com\/wp-content\/uploads\/2015a\/09\/31\/04.jpg","http:\/\/mm.howkuai.com\/wp-content\/uploads\/2015a\/09\/31\/05.jpg","http:\/\/mm.howkuai.com\/wp-content\/uploads\/2015a\/09\/31\/06.jpg","http:\/\/mm.howkuai.com\/wp-content\/uploads\/2015a\/09\/31\/07.jpg","http:\/\/mm.howkuai.com\/wp-content\/uploads\/2015a\/09\/31\/08.jpg"]},{"plaintext":"\u6027\u611f\u4e0e\u9752\u6625\u505a\u4e2a\u4f34\uff0c\u7eff\u8335\u573a\u4e0a\u7684\u8db3\u7403\u5b9d\u8d1d","href":"http:\/\/www.meizitu.com\/a\/5163.html","pic_list":["http:\/\/mm.howkuai.com\/wp-content\/uploads\/2015a\/09\/30\/01.jpg","http:\/\/mm.howkuai.com\/wp-content\/uploads\/2015a\/09\/30\/02.jpg","http:\/\/mm.howkuai.com\/wp-content\/uploads\/2015a\/09\/30\/03.jpg","http:\/\/mm.howkuai.com\/wp-content\/uploads\/2015a\/09\/30\/04.jpg","http:\/\/mm.howkuai.com\/wp-content\/uploads\/2015a\/09\/30\/05.jpg","http:\/\/mm.howkuai.com\/wp-content\/uploads\/2015a\/09\/30\/06.jpg","http:\/\/mm.howkuai.com\/wp-content\/uploads\/2015a\/09\/30\/07.jpg","http:\/\/mm.howkuai.com\/wp-content\/uploads\/2015a\/09\/30\/08.jpg"]},{"plaintext":"\u53ef\u7231\u4f0a\u4eba\u6293\u7740\u590f\u65e5\u7684\u5c3e\u5df4\u4e0d\u80af\u653e\u5f00","href":"http:\/\/www.meizitu.com\/a\/5162.html","pic_list":["http:\/\/mm.howkuai.com\/wp-content\/uploads\/2015a\/09\/29\/01.jpg","http:\/\/mm.howkuai.com\/wp-content\/uploads\/2015a\/09\/29\/02.jpg","http:\/\/mm.howkuai.com\/wp-content\/uploads\/2015a\/09\/29\/03.jpg","http:\/\/mm.howkuai.com\/wp-content\/uploads\/2015a\/09\/29\/04.jpg","http:\/\/mm.howkuai.com\/wp-content\/uploads\/2015a\/09\/29\/05.jpg","http:\/\/mm.howkuai.com\/wp-content\/uploads\/2015a\/09\/29\/06.jpg","http:\/\/mm.howkuai.com\/wp-content\/uploads\/2015a\/09\/29\/07.jpg","http:\/\/mm.howkuai.com\/wp-content\/uploads\/2015a\/09\/29\/08.jpg"]},{"plaintext":"\u6c14\u8d28\u5973\u795e\u9036\u8fe4\u62d6\u5730\u6563\u82b1\u7eff\u53f6\u88d9\u8e0f\u9752\u8bb0","href":"http:\/\/www.meizitu.com\/a\/5161.html","pic_list":["http:\/\/mm.howkuai.com\/wp-content\/uploads\/2015a\/09\/28\/01.jpg","http:\/\/mm.howkuai.com\/wp-content\/uploads\/2015a\/09\/28\/02.jpg","http:\/\/mm.howkuai.com\/wp-content\/uploads\/2015a\/09\/28\/03.jpg","http:\/\/mm.howkuai.com\/wp-content\/uploads\/2015a\/09\/28\/04.jpg","http:\/\/mm.howkuai.com\/wp-content\/uploads\/2015a\/09\/28\/05.jpg","http:\/\/mm.howkuai.com\/wp-content\/uploads\/2015a\/09\/28\/06.jpg","http:\/\/mm.howkuai.com\/wp-content\/uploads\/2015a\/09\/28\/07.jpg","http:\/\/mm.howkuai.com\/wp-content\/uploads\/2015a\/09\/28\/08.jpg"]},{"plaintext":"\u6e05\u7eaf\u5c24\u7269\uff0c\u767d\u5ae9\u7684\u5b85\u7537\u5973\u795e","href":"http:\/\/www.meizitu.com\/a\/5160.html","pic_list":["http:\/\/mm.howkuai.com\/wp-content\/uploads\/2015a\/09\/27\/01.jpg","http:\/\/mm.howkuai.com\/wp-content\/uploads\/2015a\/09\/27\/02.jpg","http:\/\/mm.howkuai.com\/wp-content\/uploads\/2015a\/09\/27\/03.jpg","http:\/\/mm.howkuai.com\/wp-content\/uploads\/2015a\/09\/27\/04.jpg","http:\/\/mm.howkuai.com\/wp-content\/uploads\/2015a\/09\/27\/05.jpg","http:\/\/mm.howkuai.com\/wp-content\/uploads\/2015a\/09\/27\/06.jpg","http:\/\/mm.howkuai.com\/wp-content\/uploads\/2015a\/09\/27\/07.jpg"]},{"plaintext":"\u6027\u611f\u6a21\u7279\u7684\u706b\u8f66\u60c5\u8282","href":"http:\/\/www.meizitu.com\/a\/5159.html","pic_list":["http:\/\/mm.howkuai.com\/wp-content\/uploads\/2015a\/09\/26\/01.jpg","http:\/\/mm.howkuai.com\/wp-content\/uploads\/2015a\/09\/26\/02.jpg","http:\/\/mm.howkuai.com\/wp-content\/uploads\/2015a\/09\/26\/03.jpg","http:\/\/mm.howkuai.com\/wp-content\/uploads\/2015a\/09\/26\/04.jpg","http:\/\/mm.howkuai.com\/wp-content\/uploads\/2015a\/09\/26\/05.jpg","http:\/\/mm.howkuai.com\/wp-content\/uploads\/2015a\/09\/26\/06.jpg","http:\/\/mm.howkuai.com\/wp-content\/uploads\/2015a\/09\/26\/07.jpg","http:\/\/mm.howkuai.com\/wp-content\/uploads\/2015a\/09\/26\/08.jpg","http:\/\/mm.howkuai.com\/wp-content\/uploads\/2015a\/09\/26\/09.jpg"]},{"plaintext":"\u6709\u5c71\u6709\u6c34\u6709\u7f8e\u5973\uff0c\u5230\u5904\u7686\u662f\u666f","href":"http:\/\/www.meizitu.com\/a\/5158.html","pic_list":["http:\/\/mm.howkuai.com\/wp-content\/uploads\/2015a\/09\/25\/01.jpg","http:\/\/mm.howkuai.com\/wp-content\/uploads\/2015a\/09\/25\/02.jpg","http:\/\/mm.howkuai.com\/wp-content\/uploads\/2015a\/09\/25\/03.jpg","http:\/\/mm.howkuai.com\/wp-content\/uploads\/2015a\/09\/25\/04.jpg","http:\/\/mm.howkuai.com\/wp-content\/uploads\/2015a\/09\/25\/05.jpg","http:\/\/mm.howkuai.com\/wp-content\/uploads\/2015a\/09\/25\/06.jpg","http:\/\/mm.howkuai.com\/wp-content\/uploads\/2015a\/09\/25\/07.jpg"]},{"plaintext":"\u51b0\u6cb3\u4e16\u7eaa\u30fb\u699b\u679c\u5973\u5b69\u7684\u5947\u5999\u4e4b\u65c5","href":"http:\/\/www.meizitu.com\/a\/5157.html","pic_list":["http:\/\/mm.howkuai.com\/wp-content\/uploads\/2015a\/09\/24\/01.jpg","http:\/\/mm.howkuai.com\/wp-content\/uploads\/2015a\/09\/24\/02.jpg","http:\/\/mm.howkuai.com\/wp-content\/uploads\/2015a\/09\/24\/03.jpg","http:\/\/mm.howkuai.com\/wp-content\/uploads\/2015a\/09\/24\/04.jpg","http:\/\/mm.howkuai.com\/wp-content\/uploads\/2015a\/09\/24\/05.jpg","http:\/\/mm.howkuai.com\/wp-content\/uploads\/2015a\/09\/24\/06.jpg","http:\/\/mm.howkuai.com\/wp-content\/uploads\/2015a\/09\/24\/07.jpg","http:\/\/mm.howkuai.com\/wp-content\/uploads\/2015a\/09\/24\/08.jpg"]},{"plaintext":"\u9ed1\u4e1d\u6027\u611f\u7f8e\u5973\u79c1\u623f\u5199\u771f","href":"http:\/\/www.meizitu.com\/a\/5156.html","pic_list":["http:\/\/mm.howkuai.com\/wp-content\/uploads\/2015a\/09\/23\/01.jpg","http:\/\/mm.howkuai.com\/wp-content\/uploads\/2015a\/09\/23\/02.jpg","http:\/\/mm.howkuai.com\/wp-content\/uploads\/2015a\/09\/23\/03.jpg","http:\/\/mm.howkuai.com\/wp-content\/uploads\/2015a\/09\/23\/04.jpg","http:\/\/mm.howkuai.com\/wp-content\/uploads\/2015a\/09\/23\/05.jpg","http:\/\/mm.howkuai.com\/wp-content\/uploads\/2015a\/09\/23\/06.jpg"]},{"plaintext":"\u5929\u53f0\u30fb18\u5c81\u7684\u7d20\u989c\u5c11\u5973\u732b\u5b50","href":"http:\/\/www.meizitu.com\/a\/5155.html","pic_list":["http:\/\/mm.howkuai.com\/wp-content\/uploads\/2015a\/09\/22\/01.jpg","http:\/\/mm.howkuai.com\/wp-content\/uploads\/2015a\/09\/22\/02.jpg","http:\/\/mm.howkuai.com\/wp-content\/uploads\/2015a\/09\/22\/03.jpg","http:\/\/mm.howkuai.com\/wp-content\/uploads\/2015a\/09\/22\/04.jpg","http:\/\/mm.howkuai.com\/wp-content\/uploads\/2015a\/09\/22\/05.jpg","http:\/\/mm.howkuai.com\/wp-content\/uploads\/2015a\/09\/22\/06.jpg"]},{"plaintext":"\u6f02\u4eae\u7684\u59b9\u5b50\u6d51\u8eab\u6d0b\u6ea2\u9752\u6625\u7684\u6c14\u606f","href":"http:\/\/www.meizitu.com\/a\/5154.html","pic_list":["http:\/\/mm.howkuai.com\/wp-content\/uploads\/2015a\/09\/21\/01.jpg","http:\/\/mm.howkuai.com\/wp-content\/uploads\/2015a\/09\/21\/02.jpg","http:\/\/mm.howkuai.com\/wp-content\/uploads\/2015a\/09\/21\/03.jpg","http:\/\/mm.howkuai.com\/wp-content\/uploads\/2015a\/09\/21\/04.jpg","http:\/\/mm.howkuai.com\/wp-content\/uploads\/2015a\/09\/21\/05.jpg","http:\/\/mm.howkuai.com\/wp-content\/uploads\/2015a\/09\/21\/06.jpg"]},{"plaintext":"\u6ca1\u6709\u6d77\uff0c\u4e5f\u80fd\u6bd4\u57fa\u5c3c","href":"http:\/\/www.meizitu.com\/a\/5153.html","pic_list":["http:\/\/mm.howkuai.com\/wp-content\/uploads\/2015a\/09\/20\/01.jpg","http:\/\/mm.howkuai.com\/wp-content\/uploads\/2015a\/09\/20\/02.jpg","http:\/\/mm.howkuai.com\/wp-content\/uploads\/2015a\/09\/20\/03.jpg","http:\/\/mm.howkuai.com\/wp-content\/uploads\/2015a\/09\/20\/04.jpg","http:\/\/mm.howkuai.com\/wp-content\/uploads\/2015a\/09\/20\/05.jpg","http:\/\/mm.howkuai.com\/wp-content\/uploads\/2015a\/09\/20\/06.jpg","http:\/\/mm.howkuai.com\/wp-content\/uploads\/2015a\/09\/20\/07.jpg","http:\/\/mm.howkuai.com\/wp-content\/uploads\/2015a\/09\/20\/08.jpg","http:\/\/mm.howkuai.com\/wp-content\/uploads\/2015a\/09\/20\/09.jpg"]},{"plaintext":"\u6d3b\u6cfc\u53ef\u7231\u7684\u6a21\u7279\u513f\u9759\u9759","href":"http:\/\/www.meizitu.com\/a\/5152.html","pic_list":["http:\/\/mm.howkuai.com\/wp-content\/uploads\/2015a\/09\/19\/01.jpg","http:\/\/mm.howkuai.com\/wp-content\/uploads\/2015a\/09\/19\/02.jpg","http:\/\/mm.howkuai.com\/wp-content\/uploads\/2015a\/09\/19\/03.jpg","http:\/\/mm.howkuai.com\/wp-content\/uploads\/2015a\/09\/19\/04.jpg","http:\/\/mm.howkuai.com\/wp-content\/uploads\/2015a\/09\/19\/05.jpg","http:\/\/mm.howkuai.com\/wp-content\/uploads\/2015a\/09\/19\/06.jpg","http:\/\/mm.howkuai.com\/wp-content\/uploads\/2015a\/09\/19\/07.jpg"]},{"plaintext":"\u5b89\u9759\u7684\u5728\u89d2\u843d\u505a\u7cbe\u81f4\u7684\u5973\u5b50","href":"http:\/\/www.meizitu.com\/a\/5151.html","pic_list":["http:\/\/mm.howkuai.com\/wp-content\/uploads\/2015a\/09\/18\/01.jpg","http:\/\/mm.howkuai.com\/wp-content\/uploads\/2015a\/09\/18\/02.jpg","http:\/\/mm.howkuai.com\/wp-content\/uploads\/2015a\/09\/18\/03.jpg","http:\/\/mm.howkuai.com\/wp-content\/uploads\/2015a\/09\/18\/04.jpg","http:\/\/mm.howkuai.com\/wp-content\/uploads\/2015a\/09\/18\/05.jpg","http:\/\/mm.howkuai.com\/wp-content\/uploads\/2015a\/09\/18\/06.jpg","http:\/\/mm.howkuai.com\/wp-content\/uploads\/2015a\/09\/18\/07.jpg"]},{"plaintext":"\u591a\u5f69\u65e9\u6668\uff0c\u7ef4C \u67e0\u6aac\u5973\u5b69","href":"http:\/\/www.meizitu.com\/a\/5150.html","pic_list":["http:\/\/mm.howkuai.com\/wp-content\/uploads\/2015a\/09\/17\/01.jpg","http:\/\/mm.howkuai.com\/wp-content\/uploads\/2015a\/09\/17\/02.jpg","http:\/\/mm.howkuai.com\/wp-content\/uploads\/2015a\/09\/17\/03.jpg","http:\/\/mm.howkuai.com\/wp-content\/uploads\/2015a\/09\/17\/04.jpg","http:\/\/mm.howkuai.com\/wp-content\/uploads\/2015a\/09\/17\/05.jpg","http:\/\/mm.howkuai.com\/wp-content\/uploads\/2015a\/09\/17\/06.jpg","http:\/\/mm.howkuai.com\/wp-content\/uploads\/2015a\/09\/17\/07.jpg","http:\/\/mm.howkuai.com\/wp-content\/uploads\/2015a\/09\/17\/08.jpg"]},{"plaintext":"\u53f0\u6e7e\u6027\u611f\u5973\u795e\u5f20\u6c38\u6b46\u534a\u88f8\u51fa\u955c \u957f\u53d1\u906e\u70b9","href":"http:\/\/www.meizitu.com\/a\/5149.html","pic_list":["http:\/\/mm.howkuai.com\/wp-content\/uploads\/2015a\/09\/16\/01.jpg","http:\/\/mm.howkuai.com\/wp-content\/uploads\/2015a\/09\/16\/02.jpg","http:\/\/mm.howkuai.com\/wp-content\/uploads\/2015a\/09\/16\/03.jpg","http:\/\/mm.howkuai.com\/wp-content\/uploads\/2015a\/09\/16\/04.jpg","http:\/\/mm.howkuai.com\/wp-content\/uploads\/2015a\/09\/16\/05.jpg","http:\/\/mm.howkuai.com\/wp-content\/uploads\/2015a\/09\/16\/06.jpg","http:\/\/mm.howkuai.com\/wp-content\/uploads\/2015a\/09\/16\/07.jpg","http:\/\/mm.howkuai.com\/wp-content\/uploads\/2015a\/09\/16\/08.jpg","http:\/\/mm.howkuai.com\/wp-content\/uploads\/2015a\/09\/16\/09.jpg"]},{"plaintext":"\u53e3\u5982\u542b\u6731\u4e39\uff0c\u7ea2\u5507\u7f8e\u5973\u79c1\u623f\u5199\u771f","href":"http:\/\/www.meizitu.com\/a\/5148.html","pic_list":["http:\/\/mm.howkuai.com\/wp-content\/uploads\/2015a\/09\/15\/01.jpg","http:\/\/mm.howkuai.com\/wp-content\/uploads\/2015a\/09\/15\/02.jpg","http:\/\/mm.howkuai.com\/wp-content\/uploads\/2015a\/09\/15\/03.jpg","http:\/\/mm.howkuai.com\/wp-content\/uploads\/2015a\/09\/15\/04.jpg","http:\/\/mm.howkuai.com\/wp-content\/uploads\/2015a\/09\/15\/05.jpg","http:\/\/mm.howkuai.com\/wp-content\/uploads\/2015a\/09\/15\/06.jpg"]},{"plaintext":"\u65e5\u672c\u5ae9\u6a21\u4e2d\u91ce\u4f51\u7f8e\u7c89\u8272\u5185\u8863\u6027\u611f\u79c1\u623f","href":"http:\/\/www.meizitu.com\/a\/5147.html","pic_list":["http:\/\/mm.howkuai.com\/wp-content\/uploads\/2015a\/09\/13\/01.jpg","http:\/\/mm.howkuai.com\/wp-content\/uploads\/2015a\/09\/13\/02.jpg","http:\/\/mm.howkuai.com\/wp-content\/uploads\/2015a\/09\/13\/03.jpg","http:\/\/mm.howkuai.com\/wp-content\/uploads\/2015a\/09\/13\/04.jpg","http:\/\/mm.howkuai.com\/wp-content\/uploads\/2015a\/09\/13\/05.jpg","http:\/\/mm.howkuai.com\/wp-content\/uploads\/2015a\/09\/13\/06.jpg","http:\/\/mm.howkuai.com\/wp-content\/uploads\/2015a\/09\/13\/07.jpg","http:\/\/mm.howkuai.com\/wp-content\/uploads\/2015a\/09\/13\/08.jpg","http:\/\/mm.howkuai.com\/wp-content\/uploads\/2015a\/09\/13\/09.jpg"]},{"plaintext":"\u6e05\u65b0\u5927\u81ea\u7136\u7684\u6cf3\u88c5\u7f8e\u7709","href":"http:\/\/www.meizitu.com\/a\/5146.html","pic_list":["http:\/\/mm.howkuai.com\/wp-content\/uploads\/2015a\/09\/13\/01.jpg","http:\/\/mm.howkuai.com\/wp-content\/uploads\/2015a\/09\/13\/02.jpg","http:\/\/mm.howkuai.com\/wp-content\/uploads\/2015a\/09\/13\/03.jpg","http:\/\/mm.howkuai.com\/wp-content\/uploads\/2015a\/09\/13\/04.jpg","http:\/\/mm.howkuai.com\/wp-content\/uploads\/2015a\/09\/13\/05.jpg","http:\/\/mm.howkuai.com\/wp-content\/uploads\/2015a\/09\/13\/06.jpg","http:\/\/mm.howkuai.com\/wp-content\/uploads\/2015a\/09\/13\/07.jpg","http:\/\/mm.howkuai.com\/wp-content\/uploads\/2015a\/09\/13\/08.jpg","http:\/\/mm.howkuai.com\/wp-content\/uploads\/2015a\/09\/13\/09.jpg"]}]