[{"plaintext":"\u5c0f\u6e05\u65b0\u59b9\u5b50\u5411\u6211\u4eec\u5c55\u793a\u5b8c\u7f8e\u7b11\u5bb9","href":"http:\/\/www.meizitu.com\/a\/5296.html","pic_list":["http:\/\/mm.howkuai.com\/wp-content\/uploads\/2016a\/02\/05\/01.jpg","http:\/\/mm.howkuai.com\/wp-content\/uploads\/2016a\/02\/05\/02.jpg","http:\/\/mm.howkuai.com\/wp-content\/uploads\/2016a\/02\/05\/03.jpg","http:\/\/mm.howkuai.com\/wp-content\/uploads\/2016a\/02\/05\/04.jpg","http:\/\/mm.howkuai.com\/wp-content\/uploads\/2016a\/02\/05\/05.jpg","http:\/\/mm.howkuai.com\/wp-content\/uploads\/2016a\/02\/05\/06.jpg","http:\/\/mm.howkuai.com\/wp-content\/uploads\/2016a\/02\/05\/07.jpg"]},{"plaintext":"\u6a21\u7279\u97e9\u6615\u6021\u5c55\u73b0\u5973\u6027\u7f8e\u5999\u7684\u7ebf\u6761\u7f8e","href":"http:\/\/www.meizitu.com\/a\/5295.html","pic_list":["http:\/\/mm.howkuai.com\/wp-content\/uploads\/2016a\/02\/04\/01.jpg","http:\/\/mm.howkuai.com\/wp-content\/uploads\/2016a\/02\/04\/02.jpg","http:\/\/mm.howkuai.com\/wp-content\/uploads\/2016a\/02\/04\/03.jpg","http:\/\/mm.howkuai.com\/wp-content\/uploads\/2016a\/02\/04\/04.jpg","http:\/\/mm.howkuai.com\/wp-content\/uploads\/2016a\/02\/04\/05.jpg","http:\/\/mm.howkuai.com\/wp-content\/uploads\/2016a\/02\/04\/06.jpg","http:\/\/mm.howkuai.com\/wp-content\/uploads\/2016a\/02\/04\/07.jpg","http:\/\/mm.howkuai.com\/wp-content\/uploads\/2016a\/02\/04\/08.jpg"]},{"plaintext":"\u51b7\u8273\u7f8e\u4eba\u7684\u6027\u611f\u725b\u5976\u6d74","href":"http:\/\/www.meizitu.com\/a\/5294.html","pic_list":["http:\/\/mm.howkuai.com\/wp-content\/uploads\/2016a\/02\/03\/01.jpg","http:\/\/mm.howkuai.com\/wp-content\/uploads\/2016a\/02\/03\/02.jpg","http:\/\/mm.howkuai.com\/wp-content\/uploads\/2016a\/02\/03\/03.jpg","http:\/\/mm.howkuai.com\/wp-content\/uploads\/2016a\/02\/03\/04.jpg","http:\/\/mm.howkuai.com\/wp-content\/uploads\/2016a\/02\/03\/05.jpg"]},{"plaintext":"\u5b85\u7537\u60c5\u6000\u603b\u662f\u6e7f\uff0c\u65e0\u6cd5\u6297\u62d2\u7684\u6cf3\u8863\u5199\u771f","href":"http:\/\/www.meizitu.com\/a\/5293.html","pic_list":["http:\/\/mm.howkuai.com\/wp-content\/uploads\/2016a\/02\/02\/01.jpg","http:\/\/mm.howkuai.com\/wp-content\/uploads\/2016a\/02\/02\/02.jpg","http:\/\/mm.howkuai.com\/wp-content\/uploads\/2016a\/02\/02\/03.jpg","http:\/\/mm.howkuai.com\/wp-content\/uploads\/2016a\/02\/02\/04.jpg","http:\/\/mm.howkuai.com\/wp-content\/uploads\/2016a\/02\/02\/05.jpg","http:\/\/mm.howkuai.com\/wp-content\/uploads\/2016a\/02\/02\/06.jpg"]},{"plaintext":"\u7f8e\u5973\u6f14\u5458\u4efb\u65af\u7490\u6ed1\u96ea\u6e05\u7eaf\u81ea\u62cd","href":"http:\/\/www.meizitu.com\/a\/5292.html","pic_list":["http:\/\/mm.howkuai.com\/wp-content\/uploads\/2016a\/02\/01\/01.jpg","http:\/\/mm.howkuai.com\/wp-content\/uploads\/2016a\/02\/01\/02.jpg","http:\/\/mm.howkuai.com\/wp-content\/uploads\/2016a\/02\/01\/03.jpg","http:\/\/mm.howkuai.com\/wp-content\/uploads\/2016a\/02\/01\/04.jpg","http:\/\/mm.howkuai.com\/wp-content\/uploads\/2016a\/02\/01\/05.jpg","http:\/\/mm.howkuai.com\/wp-content\/uploads\/2016a\/02\/01\/06.jpg","http:\/\/mm.howkuai.com\/wp-content\/uploads\/2016a\/02\/01\/07.jpg"]},{"plaintext":"\u6e05\u7eaf\u5c11\u5973\u5c1d\u8bd5\u53e6\u7c7b\u5199\u771f","href":"http:\/\/www.meizitu.com\/a\/5291.html","pic_list":["http:\/\/mm.howkuai.com\/wp-content\/uploads\/2016a\/01\/28\/01.jpg","http:\/\/mm.howkuai.com\/wp-content\/uploads\/2016a\/01\/28\/02.jpg","http:\/\/mm.howkuai.com\/wp-content\/uploads\/2016a\/01\/28\/03.jpg","http:\/\/mm.howkuai.com\/wp-content\/uploads\/2016a\/01\/28\/04.jpg","http:\/\/mm.howkuai.com\/wp-content\/uploads\/2016a\/01\/28\/05.jpg","http:\/\/mm.howkuai.com\/wp-content\/uploads\/2016a\/01\/28\/06.jpg","http:\/\/mm.howkuai.com\/wp-content\/uploads\/2016a\/01\/28\/07.jpg"]},{"plaintext":"\u4e30\u6ee1\u50b2\u4eba\u8eab\u6750\u7684\u7f8e\u5973\u5065\u8eab\u4e2d","href":"http:\/\/www.meizitu.com\/a\/5290.html","pic_list":["http:\/\/mm.howkuai.com\/wp-content\/uploads\/2016a\/01\/27\/01.jpg","http:\/\/mm.howkuai.com\/wp-content\/uploads\/2016a\/01\/27\/02.jpg","http:\/\/mm.howkuai.com\/wp-content\/uploads\/2016a\/01\/27\/03.jpg","http:\/\/mm.howkuai.com\/wp-content\/uploads\/2016a\/01\/27\/04.jpg","http:\/\/mm.howkuai.com\/wp-content\/uploads\/2016a\/01\/27\/05.jpg","http:\/\/mm.howkuai.com\/wp-content\/uploads\/2016a\/01\/27\/06.jpg","http:\/\/mm.howkuai.com\/wp-content\/uploads\/2016a\/01\/27\/07.jpg","http:\/\/mm.howkuai.com\/wp-content\/uploads\/2016a\/01\/27\/08.jpg","http:\/\/mm.howkuai.com\/wp-content\/uploads\/2016a\/01\/27\/09.jpg"]},{"plaintext":"\u7edd\u7f8e\u5973\u751f\u7684\u5185\u8863\u79c1\u623f\u79c0","href":"http:\/\/www.meizitu.com\/a\/5288.html","pic_list":["http:\/\/mm.howkuai.com\/wp-content\/uploads\/2016a\/01\/25\/01.jpg","http:\/\/mm.howkuai.com\/wp-content\/uploads\/2016a\/01\/25\/02.jpg","http:\/\/mm.howkuai.com\/wp-content\/uploads\/2016a\/01\/25\/03.jpg","http:\/\/mm.howkuai.com\/wp-content\/uploads\/2016a\/01\/25\/04.jpg","http:\/\/mm.howkuai.com\/wp-content\/uploads\/2016a\/01\/25\/05.jpg","http:\/\/mm.howkuai.com\/wp-content\/uploads\/2016a\/01\/25\/06.jpg","http:\/\/mm.howkuai.com\/wp-content\/uploads\/2016a\/01\/25\/07.jpg"]},{"plaintext":"\u6c34\u73e0\u72b9\u5728\uff0c\u5f53\u4f60\u56de\u7738\u4e00\u7b11\uff0c\u7275\u52a8\u6211\u7684\u5fc3\u623f","href":"http:\/\/www.meizitu.com\/a\/5287.html","pic_list":["http:\/\/mm.howkuai.com\/wp-content\/uploads\/2016a\/01\/24\/01.jpg","http:\/\/mm.howkuai.com\/wp-content\/uploads\/2016a\/01\/24\/02.jpg","http:\/\/mm.howkuai.com\/wp-content\/uploads\/2016a\/01\/24\/03.jpg","http:\/\/mm.howkuai.com\/wp-content\/uploads\/2016a\/01\/24\/04.jpg","http:\/\/mm.howkuai.com\/wp-content\/uploads\/2016a\/01\/24\/05.jpg","http:\/\/mm.howkuai.com\/wp-content\/uploads\/2016a\/01\/24\/06.jpg","http:\/\/mm.howkuai.com\/wp-content\/uploads\/2016a\/01\/24\/07.jpg","http:\/\/mm.howkuai.com\/wp-content\/uploads\/2016a\/01\/24\/08.jpg","http:\/\/mm.howkuai.com\/wp-content\/uploads\/2016a\/01\/24\/09.jpg"]},{"plaintext":"\u6709\u6740\u6c14\u7684\u5973\u5251\u5ba2\uff1f\u600e\u4e48\u770b\u90fd\u662f\u65e0\u5bb3","href":"http:\/\/www.meizitu.com\/a\/5286.html","pic_list":["http:\/\/mm.howkuai.com\/wp-content\/uploads\/2016a\/01\/23\/01.jpg","http:\/\/mm.howkuai.com\/wp-content\/uploads\/2016a\/01\/23\/02.jpg","http:\/\/mm.howkuai.com\/wp-content\/uploads\/2016a\/01\/23\/03.jpg","http:\/\/mm.howkuai.com\/wp-content\/uploads\/2016a\/01\/23\/04.jpg","http:\/\/mm.howkuai.com\/wp-content\/uploads\/2016a\/01\/23\/05.jpg","http:\/\/mm.howkuai.com\/wp-content\/uploads\/2016a\/01\/23\/06.jpg","http:\/\/mm.howkuai.com\/wp-content\/uploads\/2016a\/01\/23\/07.jpg","http:\/\/mm.howkuai.com\/wp-content\/uploads\/2016a\/01\/23\/08.jpg"]},{"plaintext":"\u8d85\u751c\u7f8e\u6e05\u7eaf\u59b9\u5b50\uff0c\u597d\u60f3\u62b1\u56de\u5bb6\u6709\u6728\u6709","href":"http:\/\/www.meizitu.com\/a\/5285.html","pic_list":["http:\/\/mm.howkuai.com\/wp-content\/uploads\/2016a\/01\/22\/01.jpg","http:\/\/mm.howkuai.com\/wp-content\/uploads\/2016a\/01\/22\/02.jpg","http:\/\/mm.howkuai.com\/wp-content\/uploads\/2016a\/01\/22\/03.jpg","http:\/\/mm.howkuai.com\/wp-content\/uploads\/2016a\/01\/22\/04.jpg","http:\/\/mm.howkuai.com\/wp-content\/uploads\/2016a\/01\/22\/05.jpg","http:\/\/mm.howkuai.com\/wp-content\/uploads\/2016a\/01\/22\/06.jpg","http:\/\/mm.howkuai.com\/wp-content\/uploads\/2016a\/01\/22\/07.jpg","http:\/\/mm.howkuai.com\/wp-content\/uploads\/2016a\/01\/22\/08.jpg"]},{"plaintext":"\u7231\u6444\u5f71\uff0c\u7231\u751f\u6d3b\uff0c\u6e05\u7eaf\u59b9\u5b50\u7684\u7b80\u5355\u751f\u6d3b","href":"http:\/\/www.meizitu.com\/a\/5284.html","pic_list":["http:\/\/mm.howkuai.com\/wp-content\/uploads\/2016a\/01\/21\/01.jpg","http:\/\/mm.howkuai.com\/wp-content\/uploads\/2016a\/01\/21\/02.jpg","http:\/\/mm.howkuai.com\/wp-content\/uploads\/2016a\/01\/21\/03.jpg","http:\/\/mm.howkuai.com\/wp-content\/uploads\/2016a\/01\/21\/04.jpg","http:\/\/mm.howkuai.com\/wp-content\/uploads\/2016a\/01\/21\/05.jpg","http:\/\/mm.howkuai.com\/wp-content\/uploads\/2016a\/01\/21\/06.jpg","http:\/\/mm.howkuai.com\/wp-content\/uploads\/2016a\/01\/21\/07.jpg"]},{"plaintext":"\u4fcf\u76ae\u5377\u53d1\u7f8e\u7709\u629b\u5a9a\u773c\u8bf1\u60d1\u4f17\u4eba","href":"http:\/\/www.meizitu.com\/a\/5283.html","pic_list":["http:\/\/mm.howkuai.com\/wp-content\/uploads\/2016a\/01\/20\/01.jpg","http:\/\/mm.howkuai.com\/wp-content\/uploads\/2016a\/01\/20\/02.jpg","http:\/\/mm.howkuai.com\/wp-content\/uploads\/2016a\/01\/20\/03.jpg","http:\/\/mm.howkuai.com\/wp-content\/uploads\/2016a\/01\/20\/04.jpg","http:\/\/mm.howkuai.com\/wp-content\/uploads\/2016a\/01\/20\/05.jpg","http:\/\/mm.howkuai.com\/wp-content\/uploads\/2016a\/01\/20\/06.jpg","http:\/\/mm.howkuai.com\/wp-content\/uploads\/2016a\/01\/20\/07.jpg","http:\/\/mm.howkuai.com\/wp-content\/uploads\/2016a\/01\/20\/08.jpg","http:\/\/mm.howkuai.com\/wp-content\/uploads\/2016a\/01\/20\/09.jpg"]},{"plaintext":"\u4e73\u6b64\u52a8\u4eba\uff0c\u597d\u8eab\u6750\u5927\u6bd4\u62fc","href":"http:\/\/www.meizitu.com\/a\/5282.html","pic_list":["http:\/\/mm.howkuai.com\/wp-content\/uploads\/2016a\/01\/19\/01.jpg","http:\/\/mm.howkuai.com\/wp-content\/uploads\/2016a\/01\/19\/02.jpg","http:\/\/mm.howkuai.com\/wp-content\/uploads\/2016a\/01\/19\/03.jpg","http:\/\/mm.howkuai.com\/wp-content\/uploads\/2016a\/01\/19\/04.jpg","http:\/\/mm.howkuai.com\/wp-content\/uploads\/2016a\/01\/19\/05.jpg","http:\/\/mm.howkuai.com\/wp-content\/uploads\/2016a\/01\/19\/06.jpg","http:\/\/mm.howkuai.com\/wp-content\/uploads\/2016a\/01\/19\/07.jpg","http:\/\/mm.howkuai.com\/wp-content\/uploads\/2016a\/01\/19\/08.jpg","http:\/\/mm.howkuai.com\/wp-content\/uploads\/2016a\/01\/19\/09.jpg","http:\/\/mm.howkuai.com\/wp-content\/uploads\/2016a\/01\/19\/10.jpg"]},{"plaintext":"\u53ef\u7231\u7684\u9a6c\u5c3e\u59d1\u5a18\u6cf3\u6c60\u8fb9\u9732\u7fd8\u81c0","href":"http:\/\/www.meizitu.com\/a\/5281.html","pic_list":["http:\/\/mm.howkuai.com\/wp-content\/uploads\/2016a\/01\/18\/01.jpg","http:\/\/mm.howkuai.com\/wp-content\/uploads\/2016a\/01\/18\/02.jpg","http:\/\/mm.howkuai.com\/wp-content\/uploads\/2016a\/01\/18\/03.jpg","http:\/\/mm.howkuai.com\/wp-content\/uploads\/2016a\/01\/18\/04.jpg","http:\/\/mm.howkuai.com\/wp-content\/uploads\/2016a\/01\/18\/05.jpg","http:\/\/mm.howkuai.com\/wp-content\/uploads\/2016a\/01\/18\/06.jpg","http:\/\/mm.howkuai.com\/wp-content\/uploads\/2016a\/01\/18\/07.jpg"]},{"plaintext":"\u6e05\u7eaf\u59b9\u5b50\u51fa\u6f142016\u53f0\u5386\u9001\u795d\u798f","href":"http:\/\/www.meizitu.com\/a\/5280.html","pic_list":["http:\/\/mm.howkuai.com\/wp-content\/uploads\/2016a\/01\/17\/01.jpg","http:\/\/mm.howkuai.com\/wp-content\/uploads\/2016a\/01\/17\/02.jpg","http:\/\/mm.howkuai.com\/wp-content\/uploads\/2016a\/01\/17\/03.jpg","http:\/\/mm.howkuai.com\/wp-content\/uploads\/2016a\/01\/17\/04.jpg","http:\/\/mm.howkuai.com\/wp-content\/uploads\/2016a\/01\/17\/05.jpg","http:\/\/mm.howkuai.com\/wp-content\/uploads\/2016a\/01\/17\/06.jpg","http:\/\/mm.howkuai.com\/wp-content\/uploads\/2016a\/01\/17\/07.jpg","http:\/\/mm.howkuai.com\/wp-content\/uploads\/2016a\/01\/17\/08.jpg"]},{"plaintext":"\u51b0\u6e05\u7389\u6d01\u7684\u98ce\u59ff\uff0c\u8680\u9aa8\u9500\u9b42\u7684\u611f\u89c9","href":"http:\/\/www.meizitu.com\/a\/5279.html","pic_list":["http:\/\/mm.howkuai.com\/wp-content\/uploads\/2016a\/01\/16\/01.jpg","http:\/\/mm.howkuai.com\/wp-content\/uploads\/2016a\/01\/16\/02.jpg","http:\/\/mm.howkuai.com\/wp-content\/uploads\/2016a\/01\/16\/03.jpg","http:\/\/mm.howkuai.com\/wp-content\/uploads\/2016a\/01\/16\/04.jpg","http:\/\/mm.howkuai.com\/wp-content\/uploads\/2016a\/01\/16\/05.jpg","http:\/\/mm.howkuai.com\/wp-content\/uploads\/2016a\/01\/16\/06.jpg","http:\/\/mm.howkuai.com\/wp-content\/uploads\/2016a\/01\/16\/07.jpg","http:\/\/mm.howkuai.com\/wp-content\/uploads\/2016a\/01\/16\/08.jpg"]},{"plaintext":"\u957f\u53d1\u53ca\u8170\u7684\u6e05\u7eaf\u59b9\u7eb8\u695a\u695a\u52a8\u4eba","href":"http:\/\/www.meizitu.com\/a\/5278.html","pic_list":["http:\/\/mm.howkuai.com\/wp-content\/uploads\/2016a\/01\/15\/01.jpg","http:\/\/mm.howkuai.com\/wp-content\/uploads\/2016a\/01\/15\/02.jpg","http:\/\/mm.howkuai.com\/wp-content\/uploads\/2016a\/01\/15\/03.jpg","http:\/\/mm.howkuai.com\/wp-content\/uploads\/2016a\/01\/15\/04.jpg","http:\/\/mm.howkuai.com\/wp-content\/uploads\/2016a\/01\/15\/05.jpg","http:\/\/mm.howkuai.com\/wp-content\/uploads\/2016a\/01\/15\/06.jpg","http:\/\/mm.howkuai.com\/wp-content\/uploads\/2016a\/01\/15\/07.jpg","http:\/\/mm.howkuai.com\/wp-content\/uploads\/2016a\/01\/15\/08.jpg","http:\/\/mm.howkuai.com\/wp-content\/uploads\/2016a\/01\/15\/09.jpg","http:\/\/mm.howkuai.com\/wp-content\/uploads\/2016a\/01\/15\/10.jpg"]},{"plaintext":"\u65f6\u95f4\u8eb2\u5728\u88ab\u5b50\u91cc\u6df1\u547c\u5438 \uff0c\u50cf\u51ac\u5929\u7684\u5019\u9e1f","href":"http:\/\/www.meizitu.com\/a\/5274.html","pic_list":["http:\/\/mm.howkuai.com\/wp-content\/uploads\/2016a\/01\/11\/01.jpg","http:\/\/mm.howkuai.com\/wp-content\/uploads\/2016a\/01\/11\/02.jpg","http:\/\/mm.howkuai.com\/wp-content\/uploads\/2016a\/01\/11\/03.jpg","http:\/\/mm.howkuai.com\/wp-content\/uploads\/2016a\/01\/11\/04.jpg","http:\/\/mm.howkuai.com\/wp-content\/uploads\/2016a\/01\/11\/05.jpg","http:\/\/mm.howkuai.com\/wp-content\/uploads\/2016a\/01\/11\/06.jpg","http:\/\/mm.howkuai.com\/wp-content\/uploads\/2016a\/01\/11\/07.jpg","http:\/\/mm.howkuai.com\/wp-content\/uploads\/2016a\/01\/11\/08.jpg"]},{"plaintext":"\u8c2d\u6e58\u541b\u306e\u548c\u670d\u5199\u771f\u96c62","href":"http:\/\/www.meizitu.com\/a\/5273.html","pic_list":["http:\/\/mm.howkuai.com\/wp-content\/uploads\/2016a\/01\/10\/01.jpg","http:\/\/mm.howkuai.com\/wp-content\/uploads\/2016a\/01\/10\/02.jpg","http:\/\/mm.howkuai.com\/wp-content\/uploads\/2016a\/01\/10\/03.jpg","http:\/\/mm.howkuai.com\/wp-content\/uploads\/2016a\/01\/10\/04.jpg","http:\/\/mm.howkuai.com\/wp-content\/uploads\/2016a\/01\/10\/05.jpg","http:\/\/mm.howkuai.com\/wp-content\/uploads\/2016a\/01\/10\/06.jpg","http:\/\/mm.howkuai.com\/wp-content\/uploads\/2016a\/01\/10\/07.jpg"]},{"plaintext":"\u80fd\u628a\u4eba\u770b\u9189\u7684\u9ad8\u989c\u503c\u59b9\u5b50","href":"http:\/\/www.meizitu.com\/a\/5272.html","pic_list":["http:\/\/mm.howkuai.com\/wp-content\/uploads\/2016a\/01\/09\/01.jpg","http:\/\/mm.howkuai.com\/wp-content\/uploads\/2016a\/01\/09\/02.jpg","http:\/\/mm.howkuai.com\/wp-content\/uploads\/2016a\/01\/09\/03.jpg","http:\/\/mm.howkuai.com\/wp-content\/uploads\/2016a\/01\/09\/04.jpg","http:\/\/mm.howkuai.com\/wp-content\/uploads\/2016a\/01\/09\/05.jpg","http:\/\/mm.howkuai.com\/wp-content\/uploads\/2016a\/01\/09\/06.jpg","http:\/\/mm.howkuai.com\/wp-content\/uploads\/2016a\/01\/09\/07.jpg","http:\/\/mm.howkuai.com\/wp-content\/uploads\/2016a\/01\/09\/08.jpg","http:\/\/mm.howkuai.com\/wp-content\/uploads\/2016a\/01\/09\/09.jpg","http:\/\/mm.howkuai.com\/wp-content\/uploads\/2016a\/01\/09\/10.jpg"]},{"plaintext":"\u975e\u4f60\u83ab\u5c5e\u4eba\u6c14\u5973\u5609\u5bbe\u4f55\u4e9a\u840c\u6027\u611f\u5199\u771f","href":"http:\/\/www.meizitu.com\/a\/5271.html","pic_list":["http:\/\/mm.howkuai.com\/wp-content\/uploads\/2016a\/01\/08\/01.jpg","http:\/\/mm.howkuai.com\/wp-content\/uploads\/2016a\/01\/08\/02.jpg","http:\/\/mm.howkuai.com\/wp-content\/uploads\/2016a\/01\/08\/03.jpg","http:\/\/mm.howkuai.com\/wp-content\/uploads\/2016a\/01\/08\/04.jpg","http:\/\/mm.howkuai.com\/wp-content\/uploads\/2016a\/01\/08\/05.jpg"]},{"plaintext":"\u6ee1\u6ee1\u90fd\u662f\u7231\uff0c\u59b9\u5b50\u4e0e\u732b\uff0c\u9759\u9759\u7684\u5f85\u4e00\u4e2a\u4e0b\u5348","href":"http:\/\/www.meizitu.com\/a\/5270.html","pic_list":["http:\/\/mm.howkuai.com\/wp-content\/uploads\/2016a\/01\/07\/01.jpg","http:\/\/mm.howkuai.com\/wp-content\/uploads\/2016a\/01\/07\/02.jpg","http:\/\/mm.howkuai.com\/wp-content\/uploads\/2016a\/01\/07\/03.jpg","http:\/\/mm.howkuai.com\/wp-content\/uploads\/2016a\/01\/07\/04.jpg","http:\/\/mm.howkuai.com\/wp-content\/uploads\/2016a\/01\/07\/05.jpg","http:\/\/mm.howkuai.com\/wp-content\/uploads\/2016a\/01\/07\/06.jpg"]},{"plaintext":"\u9752\u6625\u7684\u7b11\u5bb9\uff0c\u90a3\u4e9b\u6e05\u7eaf\u7684\u517b\u773c\u7f8e\u5973\u56fe\u7247\uff0822\uff09","href":"http:\/\/www.meizitu.com\/a\/5269.html","pic_list":["http:\/\/mm.howkuai.com\/wp-content\/uploads\/2016a\/01\/06\/01.jpg","http:\/\/mm.howkuai.com\/wp-content\/uploads\/2016a\/01\/06\/02.jpg","http:\/\/mm.howkuai.com\/wp-content\/uploads\/2016a\/01\/06\/03.jpg","http:\/\/mm.howkuai.com\/wp-content\/uploads\/2016a\/01\/06\/04.jpg","http:\/\/mm.howkuai.com\/wp-content\/uploads\/2016a\/01\/06\/05.jpg","http:\/\/mm.howkuai.com\/wp-content\/uploads\/2016a\/01\/06\/06.jpg","http:\/\/mm.howkuai.com\/wp-content\/uploads\/2016a\/01\/06\/07.jpg","http:\/\/mm.howkuai.com\/wp-content\/uploads\/2016a\/01\/06\/08.jpg","http:\/\/mm.howkuai.com\/wp-content\/uploads\/2016a\/01\/06\/09.jpg","http:\/\/mm.howkuai.com\/wp-content\/uploads\/2016a\/01\/06\/10.jpg"]},{"plaintext":"\u6697\u9001\u79cb\u6ce2\uff0c\u6e05\u7738\u6d41\u76fc\uff0c\u90a3\u4e9b\u6027\u611f\u7684\u4eba\u513f\uff0821\uff09","href":"http:\/\/www.meizitu.com\/a\/5268.html","pic_list":["http:\/\/mm.howkuai.com\/wp-content\/uploads\/2016a\/01\/05\/01.jpg","http:\/\/mm.howkuai.com\/wp-content\/uploads\/2016a\/01\/05\/02.jpg","http:\/\/mm.howkuai.com\/wp-content\/uploads\/2016a\/01\/05\/03.jpg","http:\/\/mm.howkuai.com\/wp-content\/uploads\/2016a\/01\/05\/04.jpg","http:\/\/mm.howkuai.com\/wp-content\/uploads\/2016a\/01\/05\/05.jpg","http:\/\/mm.howkuai.com\/wp-content\/uploads\/2016a\/01\/05\/06.jpg","http:\/\/mm.howkuai.com\/wp-content\/uploads\/2016a\/01\/05\/07.jpg","http:\/\/mm.howkuai.com\/wp-content\/uploads\/2016a\/01\/05\/08.jpg","http:\/\/mm.howkuai.com\/wp-content\/uploads\/2016a\/01\/05\/09.jpg"]},{"plaintext":"\u6bcf\u5468\u64b8\u70b9\u56fe\uff0c\u59b9\u5b50\u7684\u5404\u79cd\u64a9\u4eba\u7761\u59ff","href":"http:\/\/www.meizitu.com\/a\/5267.html","pic_list":["http:\/\/mm.howkuai.com\/wp-content\/uploads\/2016a\/01\/04\/01.jpg","http:\/\/mm.howkuai.com\/wp-content\/uploads\/2016a\/01\/04\/02.jpg","http:\/\/mm.howkuai.com\/wp-content\/uploads\/2016a\/01\/04\/03.jpg","http:\/\/mm.howkuai.com\/wp-content\/uploads\/2016a\/01\/04\/04.jpg","http:\/\/mm.howkuai.com\/wp-content\/uploads\/2016a\/01\/04\/05.jpg","http:\/\/mm.howkuai.com\/wp-content\/uploads\/2016a\/01\/04\/06.jpg","http:\/\/mm.howkuai.com\/wp-content\/uploads\/2016a\/01\/04\/07.jpg","http:\/\/mm.howkuai.com\/wp-content\/uploads\/2016a\/01\/04\/08.jpg","http:\/\/mm.howkuai.com\/wp-content\/uploads\/2016a\/01\/04\/09.jpg"]}]