[{"plaintext":"\u6e05\u7eaf\u59b9\u7eb8\uff0c\u6709\u4e9b\u8bb0\u5fc6\u6563\u843d\u5728\u98ce\u91cc","href":"http:\/\/www.meizitu.com\/a\/5024.html","pic_list":["http:\/\/mm.howkuai.com\/wp-content\/uploads\/2015a\/06\/17\/01.jpg","http:\/\/mm.howkuai.com\/wp-content\/uploads\/2015a\/06\/17\/02.jpg","http:\/\/mm.howkuai.com\/wp-content\/uploads\/2015a\/06\/17\/03.jpg","http:\/\/mm.howkuai.com\/wp-content\/uploads\/2015a\/06\/17\/04.jpg","http:\/\/mm.howkuai.com\/wp-content\/uploads\/2015a\/06\/17\/05.jpg","http:\/\/mm.howkuai.com\/wp-content\/uploads\/2015a\/06\/17\/06.jpg","http:\/\/mm.howkuai.com\/wp-content\/uploads\/2015a\/06\/17\/07.jpg"]},{"plaintext":"\u90a3\u591c\u7684\u6708\u8272\u8ff7\u8499\uff0c\u4f60\u4e3a\u6211\u70b9\u4e0a\u53cc\u7738","href":"http:\/\/www.meizitu.com\/a\/5023.html","pic_list":["http:\/\/mm.howkuai.com\/wp-content\/uploads\/2015a\/06\/16\/01.jpg","http:\/\/mm.howkuai.com\/wp-content\/uploads\/2015a\/06\/16\/02.jpg","http:\/\/mm.howkuai.com\/wp-content\/uploads\/2015a\/06\/16\/03.jpg","http:\/\/mm.howkuai.com\/wp-content\/uploads\/2015a\/06\/16\/04.jpg","http:\/\/mm.howkuai.com\/wp-content\/uploads\/2015a\/06\/16\/05.jpg","http:\/\/mm.howkuai.com\/wp-content\/uploads\/2015a\/06\/16\/06.jpg","http:\/\/mm.howkuai.com\/wp-content\/uploads\/2015a\/06\/16\/07.jpg"]},{"plaintext":"\u6bd5\u4e1a\u5b63\uff0c\u767d\u7699\u59b9\u7eb8\u5b66\u58eb\u670d\u544a\u522b\u6821\u56ed","href":"http:\/\/www.meizitu.com\/a\/5022.html","pic_list":["http:\/\/mm.howkuai.com\/wp-content\/uploads\/2015a\/06\/15\/01.jpg","http:\/\/mm.howkuai.com\/wp-content\/uploads\/2015a\/06\/15\/02.jpg","http:\/\/mm.howkuai.com\/wp-content\/uploads\/2015a\/06\/15\/03.jpg","http:\/\/mm.howkuai.com\/wp-content\/uploads\/2015a\/06\/15\/04.jpg","http:\/\/mm.howkuai.com\/wp-content\/uploads\/2015a\/06\/15\/05.jpg","http:\/\/mm.howkuai.com\/wp-content\/uploads\/2015a\/06\/15\/06.jpg","http:\/\/mm.howkuai.com\/wp-content\/uploads\/2015a\/06\/15\/07.jpg"]},{"plaintext":"\u8fc8\u5165\u5a5a\u59fb\u6bbf\u5802\u524d\uff0c\u4efb\u6027\u5c0f\u79c1\u623f\u4e00\u628a","href":"http:\/\/www.meizitu.com\/a\/5021.html","pic_list":["http:\/\/mm.howkuai.com\/wp-content\/uploads\/2015a\/06\/14\/01.jpg","http:\/\/mm.howkuai.com\/wp-content\/uploads\/2015a\/06\/14\/02.jpg","http:\/\/mm.howkuai.com\/wp-content\/uploads\/2015a\/06\/14\/03.jpg","http:\/\/mm.howkuai.com\/wp-content\/uploads\/2015a\/06\/14\/04.jpg","http:\/\/mm.howkuai.com\/wp-content\/uploads\/2015a\/06\/14\/05.jpg","http:\/\/mm.howkuai.com\/wp-content\/uploads\/2015a\/06\/14\/06.jpg","http:\/\/mm.howkuai.com\/wp-content\/uploads\/2015a\/06\/14\/07.jpg"]},{"plaintext":"\u53c8\u89c1\u677e\u679c\u513fcc\u9999\u8273\u9732\u81c0\u62a4\u58eb\u88c5","href":"http:\/\/www.meizitu.com\/a\/5020.html","pic_list":["http:\/\/mm.howkuai.com\/wp-content\/uploads\/2015a\/06\/13\/01.jpg","http:\/\/mm.howkuai.com\/wp-content\/uploads\/2015a\/06\/13\/02.jpg","http:\/\/mm.howkuai.com\/wp-content\/uploads\/2015a\/06\/13\/03.jpg","http:\/\/mm.howkuai.com\/wp-content\/uploads\/2015a\/06\/13\/04.jpg","http:\/\/mm.howkuai.com\/wp-content\/uploads\/2015a\/06\/13\/05.jpg","http:\/\/mm.howkuai.com\/wp-content\/uploads\/2015a\/06\/13\/06.jpg","http:\/\/mm.howkuai.com\/wp-content\/uploads\/2015a\/06\/13\/07.jpg","http:\/\/mm.howkuai.com\/wp-content\/uploads\/2015a\/06\/13\/08.jpg"]},{"plaintext":"\u68a6\u4e0e\u4eba\u751f\uff0c\u5e9f\u5f03\u623f\u95f4\u91cc\u7684\u957f\u53d1\u4f73\u4eba","href":"http:\/\/www.meizitu.com\/a\/5019.html","pic_list":["http:\/\/mm.howkuai.com\/wp-content\/uploads\/2015a\/06\/12\/01.jpg","http:\/\/mm.howkuai.com\/wp-content\/uploads\/2015a\/06\/12\/02.jpg","http:\/\/mm.howkuai.com\/wp-content\/uploads\/2015a\/06\/12\/03.jpg","http:\/\/mm.howkuai.com\/wp-content\/uploads\/2015a\/06\/12\/04.jpg","http:\/\/mm.howkuai.com\/wp-content\/uploads\/2015a\/06\/12\/05.jpg","http:\/\/mm.howkuai.com\/wp-content\/uploads\/2015a\/06\/12\/06.jpg","http:\/\/mm.howkuai.com\/wp-content\/uploads\/2015a\/06\/12\/07.jpg","http:\/\/mm.howkuai.com\/wp-content\/uploads\/2015a\/06\/12\/08.jpg","http:\/\/mm.howkuai.com\/wp-content\/uploads\/2015a\/06\/12\/09.jpg","http:\/\/mm.howkuai.com\/wp-content\/uploads\/2015a\/06\/12\/10.jpg"]},{"plaintext":"\u697c\u9876\u8d2d\u7269\u8f66\u91cc\u7684\u5c0f\u53ef\u4eba","href":"http:\/\/www.meizitu.com\/a\/5018.html","pic_list":["http:\/\/mm.howkuai.com\/wp-content\/uploads\/2015a\/06\/11\/01.jpg","http:\/\/mm.howkuai.com\/wp-content\/uploads\/2015a\/06\/11\/02.jpg","http:\/\/mm.howkuai.com\/wp-content\/uploads\/2015a\/06\/11\/03.jpg","http:\/\/mm.howkuai.com\/wp-content\/uploads\/2015a\/06\/11\/04.jpg","http:\/\/mm.howkuai.com\/wp-content\/uploads\/2015a\/06\/11\/05.jpg","http:\/\/mm.howkuai.com\/wp-content\/uploads\/2015a\/06\/11\/06.jpg"]},{"plaintext":"\u6e05\u65b0\u5c0f\u7fd8\u81c0\u59b9\u5b50\u4eab\u53d7\u65e5\u5149\u6d74","href":"http:\/\/www.meizitu.com\/a\/5017.html","pic_list":["http:\/\/mm.howkuai.com\/wp-content\/uploads\/2015a\/06\/10\/01.jpg","http:\/\/mm.howkuai.com\/wp-content\/uploads\/2015a\/06\/10\/02.jpg","http:\/\/mm.howkuai.com\/wp-content\/uploads\/2015a\/06\/10\/03.jpg","http:\/\/mm.howkuai.com\/wp-content\/uploads\/2015a\/06\/10\/04.jpg","http:\/\/mm.howkuai.com\/wp-content\/uploads\/2015a\/06\/10\/05.jpg","http:\/\/mm.howkuai.com\/wp-content\/uploads\/2015a\/06\/10\/06.jpg","http:\/\/mm.howkuai.com\/wp-content\/uploads\/2015a\/06\/10\/07.jpg","http:\/\/mm.howkuai.com\/wp-content\/uploads\/2015a\/06\/10\/08.jpg"]},{"plaintext":"\u9732\u9999\u80a9\uff0c\u9648\u67d4\u5e0c\u8ff7\u79bb\u7684\u773c\u795e","href":"http:\/\/www.meizitu.com\/a\/5016.html","pic_list":["http:\/\/mm.howkuai.com\/wp-content\/uploads\/2015a\/06\/09\/01.jpg","http:\/\/mm.howkuai.com\/wp-content\/uploads\/2015a\/06\/09\/02.jpg","http:\/\/mm.howkuai.com\/wp-content\/uploads\/2015a\/06\/09\/03.jpg","http:\/\/mm.howkuai.com\/wp-content\/uploads\/2015a\/06\/09\/04.jpg","http:\/\/mm.howkuai.com\/wp-content\/uploads\/2015a\/06\/09\/05.jpg"]},{"plaintext":"\u4e00\u987e\u503e\u4eba\u57ce\uff0c\u518d\u987e\u503e\u4eba\u56fd","href":"http:\/\/www.meizitu.com\/a\/5015.html","pic_list":["http:\/\/mm.howkuai.com\/wp-content\/uploads\/2015a\/06\/08\/01.jpg","http:\/\/mm.howkuai.com\/wp-content\/uploads\/2015a\/06\/08\/02.jpg","http:\/\/mm.howkuai.com\/wp-content\/uploads\/2015a\/06\/08\/03.jpg","http:\/\/mm.howkuai.com\/wp-content\/uploads\/2015a\/06\/08\/04.jpg","http:\/\/mm.howkuai.com\/wp-content\/uploads\/2015a\/06\/08\/05.jpg","http:\/\/mm.howkuai.com\/wp-content\/uploads\/2015a\/06\/08\/06.jpg","http:\/\/mm.howkuai.com\/wp-content\/uploads\/2015a\/06\/08\/07.jpg","http:\/\/mm.howkuai.com\/wp-content\/uploads\/2015a\/06\/08\/08.jpg","http:\/\/mm.howkuai.com\/wp-content\/uploads\/2015a\/06\/08\/09.jpg","http:\/\/mm.howkuai.com\/wp-content\/uploads\/2015a\/06\/08\/10.jpg"]},{"plaintext":"\u5468\u672b\u798f\u5229\u56fe,\u7f8e\u81c0\u7f8e\u5973\u7cfb\u5217\uff08\u56db\uff09","href":"http:\/\/www.meizitu.com\/a\/5014.html","pic_list":["http:\/\/mm.howkuai.com\/wp-content\/uploads\/2015a\/06\/07\/01.jpg","http:\/\/mm.howkuai.com\/wp-content\/uploads\/2015a\/06\/07\/02.jpg","http:\/\/mm.howkuai.com\/wp-content\/uploads\/2015a\/06\/07\/03.jpg","http:\/\/mm.howkuai.com\/wp-content\/uploads\/2015a\/06\/07\/04.jpg","http:\/\/mm.howkuai.com\/wp-content\/uploads\/2015a\/06\/07\/05.jpg","http:\/\/mm.howkuai.com\/wp-content\/uploads\/2015a\/06\/07\/06.jpg","http:\/\/mm.howkuai.com\/wp-content\/uploads\/2015a\/06\/07\/07.jpg","http:\/\/mm.howkuai.com\/wp-content\/uploads\/2015a\/06\/07\/08.jpg","http:\/\/mm.howkuai.com\/wp-content\/uploads\/2015a\/06\/07\/09.jpg"]},{"plaintext":"\u82b1\u74e3\u6668\u9999\uff0c\u4e0e\u6821\u670d\u7684\u88d9\u6446\u4e00\u8d77\u98de\u626c","href":"http:\/\/www.meizitu.com\/a\/5013.html","pic_list":["http:\/\/mm.howkuai.com\/wp-content\/uploads\/2015a\/06\/06\/01.jpg","http:\/\/mm.howkuai.com\/wp-content\/uploads\/2015a\/06\/06\/02.jpg","http:\/\/mm.howkuai.com\/wp-content\/uploads\/2015a\/06\/06\/03.jpg","http:\/\/mm.howkuai.com\/wp-content\/uploads\/2015a\/06\/06\/04.jpg","http:\/\/mm.howkuai.com\/wp-content\/uploads\/2015a\/06\/06\/05.jpg","http:\/\/mm.howkuai.com\/wp-content\/uploads\/2015a\/06\/06\/06.jpg"]},{"plaintext":"\u9ed1\u6697\u7cfb\uff0c\u9893\u5e9f\u4eba\u4f53\u827a\u672f\u5199\u771f","href":"http:\/\/www.meizitu.com\/a\/5012.html","pic_list":["http:\/\/mm.howkuai.com\/wp-content\/uploads\/2015a\/06\/05\/01.jpg","http:\/\/mm.howkuai.com\/wp-content\/uploads\/2015a\/06\/05\/02.jpg","http:\/\/mm.howkuai.com\/wp-content\/uploads\/2015a\/06\/05\/03.jpg","http:\/\/mm.howkuai.com\/wp-content\/uploads\/2015a\/06\/05\/04.jpg","http:\/\/mm.howkuai.com\/wp-content\/uploads\/2015a\/06\/05\/05.jpg"]},{"plaintext":"\u706b\u8fa3\u8fa3\u7684\u7bee\u7403\u5b9d\u8d1d\u6653\u9759\u5199\u771f","href":"http:\/\/www.meizitu.com\/a\/5011.html","pic_list":["http:\/\/mm.howkuai.com\/wp-content\/uploads\/2015a\/06\/04\/01.jpg","http:\/\/mm.howkuai.com\/wp-content\/uploads\/2015a\/06\/04\/02.jpg","http:\/\/mm.howkuai.com\/wp-content\/uploads\/2015a\/06\/04\/03.jpg","http:\/\/mm.howkuai.com\/wp-content\/uploads\/2015a\/06\/04\/04.jpg","http:\/\/mm.howkuai.com\/wp-content\/uploads\/2015a\/06\/04\/05.jpg","http:\/\/mm.howkuai.com\/wp-content\/uploads\/2015a\/06\/04\/06.jpg","http:\/\/mm.howkuai.com\/wp-content\/uploads\/2015a\/06\/04\/07.jpg"]},{"plaintext":"\u5929\u53f0\u6700\u9ad8\u5904\u671b\u4f60\u4e00\u773c,\u8ff7\u604b\u4f60\u7684\u9752\u6625\u6d3b\u529b","href":"http:\/\/www.meizitu.com\/a\/5010.html","pic_list":["http:\/\/mm.howkuai.com\/wp-content\/uploads\/2015a\/06\/03\/01.jpg","http:\/\/mm.howkuai.com\/wp-content\/uploads\/2015a\/06\/03\/02.jpg","http:\/\/mm.howkuai.com\/wp-content\/uploads\/2015a\/06\/03\/03.jpg","http:\/\/mm.howkuai.com\/wp-content\/uploads\/2015a\/06\/03\/04.jpg","http:\/\/mm.howkuai.com\/wp-content\/uploads\/2015a\/06\/03\/05.jpg","http:\/\/mm.howkuai.com\/wp-content\/uploads\/2015a\/06\/03\/06.jpg","http:\/\/mm.howkuai.com\/wp-content\/uploads\/2015a\/06\/03\/07.jpg"]},{"plaintext":"\u706b\u8fa3\u7f8e\u5973\u7ec3\u529f\u623f\u4e2d\u9759\u9759\u7684\u6b23\u8d4f\u81ea\u5df1","href":"http:\/\/www.meizitu.com\/a\/5009.html","pic_list":["http:\/\/mm.howkuai.com\/wp-content\/uploads\/2015a\/06\/02\/01.jpg","http:\/\/mm.howkuai.com\/wp-content\/uploads\/2015a\/06\/02\/02.jpg","http:\/\/mm.howkuai.com\/wp-content\/uploads\/2015a\/06\/02\/03.jpg","http:\/\/mm.howkuai.com\/wp-content\/uploads\/2015a\/06\/02\/04.jpg","http:\/\/mm.howkuai.com\/wp-content\/uploads\/2015a\/06\/02\/05.jpg","http:\/\/mm.howkuai.com\/wp-content\/uploads\/2015a\/06\/02\/06.jpg","http:\/\/mm.howkuai.com\/wp-content\/uploads\/2015a\/06\/02\/07.jpg"]},{"plaintext":"F\u7f69\u676f\u6bd4\u57fa\u5c3c\u6b63\u59b9\u4eab\u53d7\u6e29\u6cc9\u4e4b\u884c","href":"http:\/\/www.meizitu.com\/a\/5008.html","pic_list":["http:\/\/mm.howkuai.com\/wp-content\/uploads\/2015a\/06\/01\/01.jpg","http:\/\/mm.howkuai.com\/wp-content\/uploads\/2015a\/06\/01\/02.jpg","http:\/\/mm.howkuai.com\/wp-content\/uploads\/2015a\/06\/01\/03.jpg","http:\/\/mm.howkuai.com\/wp-content\/uploads\/2015a\/06\/01\/04.jpg","http:\/\/mm.howkuai.com\/wp-content\/uploads\/2015a\/06\/01\/05.jpg"]},{"plaintext":"\u88f9\u4e0d\u4f4f\u7684\u7f8e\uff0c\u9732\u4e73\u88c5\u6bdb\u8863\u5341\u5206\u62a2\u955c","href":"http:\/\/www.meizitu.com\/a\/5007.html","pic_list":["http:\/\/mm.howkuai.com\/wp-content\/uploads\/2015a\/05\/57\/01.jpg","http:\/\/mm.howkuai.com\/wp-content\/uploads\/2015a\/05\/57\/02.jpg","http:\/\/mm.howkuai.com\/wp-content\/uploads\/2015a\/05\/57\/03.jpg","http:\/\/mm.howkuai.com\/wp-content\/uploads\/2015a\/05\/57\/04.jpg","http:\/\/mm.howkuai.com\/wp-content\/uploads\/2015a\/05\/57\/05.jpg","http:\/\/mm.howkuai.com\/wp-content\/uploads\/2015a\/05\/57\/06.jpg"]},{"plaintext":"\u5065\u5eb7\u7684\u7f8e\uff0c\u7231\u8fd0\u52a8\u7684\u59b9\u5b50\u6700\u6027\u611f","href":"http:\/\/www.meizitu.com\/a\/5006.html","pic_list":["http:\/\/mm.howkuai.com\/wp-content\/uploads\/2015a\/05\/56\/01.jpg","http:\/\/mm.howkuai.com\/wp-content\/uploads\/2015a\/05\/56\/02.jpg","http:\/\/mm.howkuai.com\/wp-content\/uploads\/2015a\/05\/56\/03.jpg","http:\/\/mm.howkuai.com\/wp-content\/uploads\/2015a\/05\/56\/04.jpg","http:\/\/mm.howkuai.com\/wp-content\/uploads\/2015a\/05\/56\/05.jpg"]},{"plaintext":"\u72c2\u91ce\u5473\u9053\uff0c\u9f50\u6dd1\u541b\u5927\u79c0\u5c0f\u86ee\u8170","href":"http:\/\/www.meizitu.com\/a\/5005.html","pic_list":["http:\/\/mm.howkuai.com\/wp-content\/uploads\/2015a\/05\/55\/01.jpg","http:\/\/mm.howkuai.com\/wp-content\/uploads\/2015a\/05\/55\/02.jpg","http:\/\/mm.howkuai.com\/wp-content\/uploads\/2015a\/05\/55\/03.jpg","http:\/\/mm.howkuai.com\/wp-content\/uploads\/2015a\/05\/55\/04.jpg","http:\/\/mm.howkuai.com\/wp-content\/uploads\/2015a\/05\/55\/05.jpg","http:\/\/mm.howkuai.com\/wp-content\/uploads\/2015a\/05\/55\/06.jpg"]},{"plaintext":"\u6e05\u65b0\u9753\u4e3d\u7684\u7f8e\u5973\u59ae\u59ae","href":"http:\/\/www.meizitu.com\/a\/5004.html","pic_list":["http:\/\/mm.howkuai.com\/wp-content\/uploads\/2015a\/05\/54\/01.jpg","http:\/\/mm.howkuai.com\/wp-content\/uploads\/2015a\/05\/54\/02.jpg","http:\/\/mm.howkuai.com\/wp-content\/uploads\/2015a\/05\/54\/03.jpg","http:\/\/mm.howkuai.com\/wp-content\/uploads\/2015a\/05\/54\/04.jpg","http:\/\/mm.howkuai.com\/wp-content\/uploads\/2015a\/05\/54\/05.jpg","http:\/\/mm.howkuai.com\/wp-content\/uploads\/2015a\/05\/54\/06.jpg","http:\/\/mm.howkuai.com\/wp-content\/uploads\/2015a\/05\/54\/07.jpg","http:\/\/mm.howkuai.com\/wp-content\/uploads\/2015a\/05\/54\/08.jpg"]},{"plaintext":"cosplay\u8d6b\u65af\u7f07\u96c5\uff0c\u9690\u85cf\u7684\u5927\u767d\u5154","href":"http:\/\/www.meizitu.com\/a\/5003.html","pic_list":["http:\/\/mm.howkuai.com\/wp-content\/uploads\/2015a\/05\/53\/01.jpg","http:\/\/mm.howkuai.com\/wp-content\/uploads\/2015a\/05\/53\/02.jpg","http:\/\/mm.howkuai.com\/wp-content\/uploads\/2015a\/05\/53\/03.jpg","http:\/\/mm.howkuai.com\/wp-content\/uploads\/2015a\/05\/53\/04.jpg","http:\/\/mm.howkuai.com\/wp-content\/uploads\/2015a\/05\/53\/05.jpg","http:\/\/mm.howkuai.com\/wp-content\/uploads\/2015a\/05\/53\/06.jpg","http:\/\/mm.howkuai.com\/wp-content\/uploads\/2015a\/05\/53\/07.jpg"]},{"plaintext":"\u9ad8\u6e05\u7f8e\u5973\u56fe\u7247\uff0c\u767d\u7699\u4e30\u6ee1\uff0c\u8bf1\u4eba\u6b32\u6ef4","href":"http:\/\/www.meizitu.com\/a\/5002.html","pic_list":["http:\/\/mm.howkuai.com\/wp-content\/uploads\/2015a\/05\/52\/01.jpg","http:\/\/mm.howkuai.com\/wp-content\/uploads\/2015a\/05\/52\/02.jpg","http:\/\/mm.howkuai.com\/wp-content\/uploads\/2015a\/05\/52\/03.jpg","http:\/\/mm.howkuai.com\/wp-content\/uploads\/2015a\/05\/52\/04.jpg","http:\/\/mm.howkuai.com\/wp-content\/uploads\/2015a\/05\/52\/05.jpg","http:\/\/mm.howkuai.com\/wp-content\/uploads\/2015a\/05\/52\/06.jpg"]},{"plaintext":"\u9648\u67d4\u5e0c\u6e05\u51c9\u4e00\u590f\u5199\u771f\uff0c\u5973\u795e\u559d\u6c34\u59ff\u6001\u90fd\u8d85\u7f8e","href":"http:\/\/www.meizitu.com\/a\/5001.html","pic_list":["http:\/\/mm.howkuai.com\/wp-content\/uploads\/2015a\/05\/51\/01.jpg","http:\/\/mm.howkuai.com\/wp-content\/uploads\/2015a\/05\/51\/02.jpg","http:\/\/mm.howkuai.com\/wp-content\/uploads\/2015a\/05\/51\/03.jpg","http:\/\/mm.howkuai.com\/wp-content\/uploads\/2015a\/05\/51\/04.jpg","http:\/\/mm.howkuai.com\/wp-content\/uploads\/2015a\/05\/51\/05.jpg","http:\/\/mm.howkuai.com\/wp-content\/uploads\/2015a\/05\/51\/06.jpg","http:\/\/mm.howkuai.com\/wp-content\/uploads\/2015a\/05\/51\/07.jpg","http:\/\/mm.howkuai.com\/wp-content\/uploads\/2015a\/05\/51\/08.jpg","http:\/\/mm.howkuai.com\/wp-content\/uploads\/2015a\/05\/51\/09.jpg"]},{"plaintext":"\u9177\u9177\u7684\u6bd4\u57fa\u5c3c\u673a\u8f66\u5973\u90ce","href":"http:\/\/www.meizitu.com\/a\/5000.html","pic_list":["http:\/\/mm.howkuai.com\/wp-content\/uploads\/2015a\/05\/50\/01.jpg","http:\/\/mm.howkuai.com\/wp-content\/uploads\/2015a\/05\/50\/02.jpg","http:\/\/mm.howkuai.com\/wp-content\/uploads\/2015a\/05\/50\/03.jpg","http:\/\/mm.howkuai.com\/wp-content\/uploads\/2015a\/05\/50\/04.jpg","http:\/\/mm.howkuai.com\/wp-content\/uploads\/2015a\/05\/50\/05.jpg"]},{"plaintext":"\u6e05\u7eaf\u65e5\u672c\u5c11\u5973\uff0c\u524d\u7530\u7f8e\u91cc\u5236\u670d\u5199\u771f","href":"http:\/\/www.meizitu.com\/a\/4999.html","pic_list":["http:\/\/mm.howkuai.com\/wp-content\/uploads\/2015a\/05\/49\/01.jpg","http:\/\/mm.howkuai.com\/wp-content\/uploads\/2015a\/05\/49\/02.jpg","http:\/\/mm.howkuai.com\/wp-content\/uploads\/2015a\/05\/49\/03.jpg","http:\/\/mm.howkuai.com\/wp-content\/uploads\/2015a\/05\/49\/04.jpg","http:\/\/mm.howkuai.com\/wp-content\/uploads\/2015a\/05\/49\/05.jpg","http:\/\/mm.howkuai.com\/wp-content\/uploads\/2015a\/05\/49\/06.jpg","http:\/\/mm.howkuai.com\/wp-content\/uploads\/2015a\/05\/49\/07.jpg","http:\/\/mm.howkuai.com\/wp-content\/uploads\/2015a\/05\/49\/08.jpg","http:\/\/mm.howkuai.com\/wp-content\/uploads\/2015a\/05\/49\/09.jpg"]},{"plaintext":"\u9752\u6625\u662f\u4e00\u9996\u6b4c\uff0c\u6821\u56ed\u5236\u670dJK\u98ce","href":"http:\/\/www.meizitu.com\/a\/4998.html","pic_list":["http:\/\/mm.howkuai.com\/wp-content\/uploads\/2015a\/05\/48\/01.jpg","http:\/\/mm.howkuai.com\/wp-content\/uploads\/2015a\/05\/48\/02.jpg","http:\/\/mm.howkuai.com\/wp-content\/uploads\/2015a\/05\/48\/03.jpg","http:\/\/mm.howkuai.com\/wp-content\/uploads\/2015a\/05\/48\/04.jpg","http:\/\/mm.howkuai.com\/wp-content\/uploads\/2015a\/05\/48\/05.jpg","http:\/\/mm.howkuai.com\/wp-content\/uploads\/2015a\/05\/48\/06.jpg","http:\/\/mm.howkuai.com\/wp-content\/uploads\/2015a\/05\/48\/07.jpg"]},{"plaintext":"\u6d74\u7f38\u91cc\u7684\u5c24\u7269\uff0c\u7f51\u72b6\u5185\u8863\u4e0b\u66f4\u6dfb\u6027\u611f","href":"http:\/\/www.meizitu.com\/a\/4997.html","pic_list":["http:\/\/mm.howkuai.com\/wp-content\/uploads\/2015a\/05\/47\/01.jpg","http:\/\/mm.howkuai.com\/wp-content\/uploads\/2015a\/05\/47\/02.jpg","http:\/\/mm.howkuai.com\/wp-content\/uploads\/2015a\/05\/47\/03.jpg","http:\/\/mm.howkuai.com\/wp-content\/uploads\/2015a\/05\/47\/04.jpg","http:\/\/mm.howkuai.com\/wp-content\/uploads\/2015a\/05\/47\/05.jpg","http:\/\/mm.howkuai.com\/wp-content\/uploads\/2015a\/05\/47\/06.jpg","http:\/\/mm.howkuai.com\/wp-content\/uploads\/2015a\/05\/47\/07.jpg"]},{"plaintext":"\u6ce2\u6d9b\u6c79\u6d8c\u5218\u98de\u513ffaye\u5199\u771f","href":"http:\/\/www.meizitu.com\/a\/4996.html","pic_list":["http:\/\/mm.howkuai.com\/wp-content\/uploads\/2015a\/05\/46\/01.jpg","http:\/\/mm.howkuai.com\/wp-content\/uploads\/2015a\/05\/46\/02.jpg","http:\/\/mm.howkuai.com\/wp-content\/uploads\/2015a\/05\/46\/03.jpg","http:\/\/mm.howkuai.com\/wp-content\/uploads\/2015a\/05\/46\/04.jpg","http:\/\/mm.howkuai.com\/wp-content\/uploads\/2015a\/05\/46\/05.jpg","http:\/\/mm.howkuai.com\/wp-content\/uploads\/2015a\/05\/46\/06.jpg","http:\/\/mm.howkuai.com\/wp-content\/uploads\/2015a\/05\/46\/07.jpg"]},{"plaintext":"\u5361\u54c7\u4f0a\uff0c\u5973\u751f\u68a6\u5bd0\u4ee5\u6c42\u7684PINK HOUSE","href":"http:\/\/www.meizitu.com\/a\/4995.html","pic_list":["http:\/\/mm.howkuai.com\/wp-content\/uploads\/2015a\/05\/45\/01.jpg","http:\/\/mm.howkuai.com\/wp-content\/uploads\/2015a\/05\/45\/02.jpg","http:\/\/mm.howkuai.com\/wp-content\/uploads\/2015a\/05\/45\/03.jpg","http:\/\/mm.howkuai.com\/wp-content\/uploads\/2015a\/05\/45\/04.jpg","http:\/\/mm.howkuai.com\/wp-content\/uploads\/2015a\/05\/45\/05.jpg","http:\/\/mm.howkuai.com\/wp-content\/uploads\/2015a\/05\/45\/06.jpg"]}]