[{"plaintext":"2014 chinajoy \u91cc\u7684\u6f02\u4eae\u59b9\u5b50\uff08\u7b2c\u4e00\u6ce2\uff09","href":"http:\/\/www.meizitu.com\/a\/4384.html","pic_list":["http:\/\/mm.howkuai.com\/wp-content\/uploads\/2014a\/07\/69\/01.jpg","http:\/\/mm.howkuai.com\/wp-content\/uploads\/2014a\/07\/69\/02.jpg","http:\/\/mm.howkuai.com\/wp-content\/uploads\/2014a\/07\/69\/03.jpg","http:\/\/mm.howkuai.com\/wp-content\/uploads\/2014a\/07\/69\/04.jpg","http:\/\/mm.howkuai.com\/wp-content\/uploads\/2014a\/07\/69\/05.jpg","http:\/\/mm.howkuai.com\/wp-content\/uploads\/2014a\/07\/69\/06.jpg","http:\/\/mm.howkuai.com\/wp-content\/uploads\/2014a\/07\/69\/07.jpg"]},{"plaintext":"\u5c0f\u6e05\u65b0\u5a07\u5a03\uff0c\u5377\u53d1\u5973\u5b69\u7684\u6e05\u6f88\u773c\u795e","href":"http:\/\/www.meizitu.com\/a\/4383.html","pic_list":["http:\/\/mm.howkuai.com\/wp-content\/uploads\/2014a\/07\/68\/01.jpg","http:\/\/mm.howkuai.com\/wp-content\/uploads\/2014a\/07\/68\/02.jpg","http:\/\/mm.howkuai.com\/wp-content\/uploads\/2014a\/07\/68\/03.jpg","http:\/\/mm.howkuai.com\/wp-content\/uploads\/2014a\/07\/68\/04.jpg","http:\/\/mm.howkuai.com\/wp-content\/uploads\/2014a\/07\/68\/05.jpg","http:\/\/mm.howkuai.com\/wp-content\/uploads\/2014a\/07\/68\/06.jpg"]},{"plaintext":"\u81ea\u4e60\u5ba4\u91cc\u7684\u6e05\u7eaf\u59b9\u7eb8\uff0c\u8ba4\u771f\u7684\u6a21\u6837\u6700\u9189\u4eba","href":"http:\/\/www.meizitu.com\/a\/4382.html","pic_list":["http:\/\/mm.howkuai.com\/wp-content\/uploads\/2014a\/07\/67\/01.jpg","http:\/\/mm.howkuai.com\/wp-content\/uploads\/2014a\/07\/67\/02.jpg","http:\/\/mm.howkuai.com\/wp-content\/uploads\/2014a\/07\/67\/03.jpg","http:\/\/mm.howkuai.com\/wp-content\/uploads\/2014a\/07\/67\/04.jpg","http:\/\/mm.howkuai.com\/wp-content\/uploads\/2014a\/07\/67\/05.jpg","http:\/\/mm.howkuai.com\/wp-content\/uploads\/2014a\/07\/67\/06.jpg"]},{"plaintext":"\u8eab\u6750\u8d85\u597d\u7684\u5ae9\u6a21\u9152\u5e97\u955c\u524d\u9676\u9189\uff0c\u524d\u51f8\u540e\u7fd8\u60f9\u4eba\u7231","href":"http:\/\/www.meizitu.com\/a\/4381.html","pic_list":["http:\/\/mm.howkuai.com\/wp-content\/uploads\/2014a\/07\/66\/01.jpg","http:\/\/mm.howkuai.com\/wp-content\/uploads\/2014a\/07\/66\/02.jpg","http:\/\/mm.howkuai.com\/wp-content\/uploads\/2014a\/07\/66\/03.jpg","http:\/\/mm.howkuai.com\/wp-content\/uploads\/2014a\/07\/66\/04.jpg"]},{"plaintext":"\u5e73\u9762\u6a21\u7279\u513fAnata\u7684lamiu\u65f6\u5c1a\u5185\u8863\u5199\u771f","href":"http:\/\/www.meizitu.com\/a\/4380.html","pic_list":["http:\/\/mm.howkuai.com\/wp-content\/uploads\/2014a\/07\/65\/01.jpg","http:\/\/mm.howkuai.com\/wp-content\/uploads\/2014a\/07\/65\/02.jpg","http:\/\/mm.howkuai.com\/wp-content\/uploads\/2014a\/07\/65\/03.jpg","http:\/\/mm.howkuai.com\/wp-content\/uploads\/2014a\/07\/65\/04.jpg"]},{"plaintext":"\u751c\u7f8e\u7684\u7b11\u5bb9\u80fd\u4ee3\u8868\u9752\u6625\u3001\u5feb\u4e50\u548c\u7f8e\u597d\u56de\u5fc6","href":"http:\/\/www.meizitu.com\/a\/4379.html","pic_list":["http:\/\/mm.howkuai.com\/wp-content\/uploads\/2014a\/07\/64\/01.jpg","http:\/\/mm.howkuai.com\/wp-content\/uploads\/2014a\/07\/64\/02.jpg","http:\/\/mm.howkuai.com\/wp-content\/uploads\/2014a\/07\/64\/03.jpg","http:\/\/mm.howkuai.com\/wp-content\/uploads\/2014a\/07\/64\/04.jpg","http:\/\/mm.howkuai.com\/wp-content\/uploads\/2014a\/07\/64\/05.jpg","http:\/\/mm.howkuai.com\/wp-content\/uploads\/2014a\/07\/64\/06.jpg","http:\/\/mm.howkuai.com\/wp-content\/uploads\/2014a\/07\/64\/07.jpg"]},{"plaintext":"\u90a3\u4e9b\u6e05\u7eaf\u7684\u517b\u773c\u7f8e\u5973\u56fe\u7247\uff08\u4e03\uff09","href":"http:\/\/www.meizitu.com\/a\/4378.html","pic_list":["http:\/\/mm.howkuai.com\/wp-content\/uploads\/2014a\/07\/63\/01.jpg","http:\/\/mm.howkuai.com\/wp-content\/uploads\/2014a\/07\/63\/02.jpg","http:\/\/mm.howkuai.com\/wp-content\/uploads\/2014a\/07\/63\/03.jpg","http:\/\/mm.howkuai.com\/wp-content\/uploads\/2014a\/07\/63\/04.jpg","http:\/\/mm.howkuai.com\/wp-content\/uploads\/2014a\/07\/63\/05.jpg","http:\/\/mm.howkuai.com\/wp-content\/uploads\/2014a\/07\/63\/06.jpg","http:\/\/mm.howkuai.com\/wp-content\/uploads\/2014a\/07\/63\/07.jpg","http:\/\/mm.howkuai.com\/wp-content\/uploads\/2014a\/07\/63\/08.jpg","http:\/\/mm.howkuai.com\/wp-content\/uploads\/2014a\/07\/63\/09.jpg","http:\/\/mm.howkuai.com\/wp-content\/uploads\/2014a\/07\/63\/10.jpg"]},{"plaintext":"\u6bcf\u4e00\u4e2a\u73b0\u5728\u7f8e\u4e3d\u77ac\u95f4\uff0c\u90fd\u662f\u6211\u4eec\u4ee5\u540e\u7684\u8bb0\u5fc6","href":"http:\/\/www.meizitu.com\/a\/4377.html","pic_list":["http:\/\/mm.howkuai.com\/wp-content\/uploads\/2014a\/07\/62\/01.jpg","http:\/\/mm.howkuai.com\/wp-content\/uploads\/2014a\/07\/62\/02.jpg","http:\/\/mm.howkuai.com\/wp-content\/uploads\/2014a\/07\/62\/03.jpg","http:\/\/mm.howkuai.com\/wp-content\/uploads\/2014a\/07\/62\/04.jpg","http:\/\/mm.howkuai.com\/wp-content\/uploads\/2014a\/07\/62\/05.jpg","http:\/\/mm.howkuai.com\/wp-content\/uploads\/2014a\/07\/62\/06.jpg"]},{"plaintext":"TOKYO GIRL\uff0c\u59cb\u7ec8\u5e26\u7740\u5fae\u7b11\u7684\u751c\u7f8e\u6027\u611f\u5a03\u5a03","href":"http:\/\/www.meizitu.com\/a\/4376.html","pic_list":["http:\/\/mm.howkuai.com\/wp-content\/uploads\/2014a\/07\/61\/01.jpg","http:\/\/mm.howkuai.com\/wp-content\/uploads\/2014a\/07\/61\/02.jpg","http:\/\/mm.howkuai.com\/wp-content\/uploads\/2014a\/07\/61\/03.jpg","http:\/\/mm.howkuai.com\/wp-content\/uploads\/2014a\/07\/61\/04.jpg","http:\/\/mm.howkuai.com\/wp-content\/uploads\/2014a\/07\/61\/05.jpg","http:\/\/mm.howkuai.com\/wp-content\/uploads\/2014a\/07\/61\/06.jpg"]},{"plaintext":"\u6c99\u6ee9\u4e0a\u7684\u9633\u5149\u6b63\u59b9\uff0c\u65f6\u5c1a\u6cf3\u88c5\u6b23\u8d4f","href":"http:\/\/www.meizitu.com\/a\/4375.html","pic_list":["http:\/\/mm.howkuai.com\/wp-content\/uploads\/2014a\/07\/60\/01.jpg","http:\/\/mm.howkuai.com\/wp-content\/uploads\/2014a\/07\/60\/02.jpg","http:\/\/mm.howkuai.com\/wp-content\/uploads\/2014a\/07\/60\/03.jpg","http:\/\/mm.howkuai.com\/wp-content\/uploads\/2014a\/07\/60\/04.jpg","http:\/\/mm.howkuai.com\/wp-content\/uploads\/2014a\/07\/60\/05.jpg","http:\/\/mm.howkuai.com\/wp-content\/uploads\/2014a\/07\/60\/06.jpg","http:\/\/mm.howkuai.com\/wp-content\/uploads\/2014a\/07\/60\/07.jpg"]},{"plaintext":"\u5982\u540c\u7ae5\u8bdd\u91cc\u7684\u4ed9\u5973\uff0c\u5206\u4eab\u7684\u5f7c\u6b64\u6700\u73cd\u8d35\u7684\u9752\u6625","href":"http:\/\/www.meizitu.com\/a\/4374.html","pic_list":["http:\/\/mm.howkuai.com\/wp-content\/uploads\/2014a\/07\/59\/01.jpg","http:\/\/mm.howkuai.com\/wp-content\/uploads\/2014a\/07\/59\/02.jpg","http:\/\/mm.howkuai.com\/wp-content\/uploads\/2014a\/07\/59\/03.jpg","http:\/\/mm.howkuai.com\/wp-content\/uploads\/2014a\/07\/59\/04.jpg","http:\/\/mm.howkuai.com\/wp-content\/uploads\/2014a\/07\/59\/05.jpg","http:\/\/mm.howkuai.com\/wp-content\/uploads\/2014a\/07\/59\/06.jpg","http:\/\/mm.howkuai.com\/wp-content\/uploads\/2014a\/07\/59\/07.jpg"]},{"plaintext":"\u54c8\u8428\u514b\u65af\u5766\u957f\u817f\u6392\u7403\u840c\u59b9\u5b50\uff0c\u7eaf\u60c5\u773c\u795e\u8ff7\u5012\u4f17\u751f","href":"http:\/\/www.meizitu.com\/a\/4373.html","pic_list":["http:\/\/mm.howkuai.com\/wp-content\/uploads\/2014a\/07\/58\/01.jpg","http:\/\/mm.howkuai.com\/wp-content\/uploads\/2014a\/07\/58\/02.jpg","http:\/\/mm.howkuai.com\/wp-content\/uploads\/2014a\/07\/58\/03.jpg","http:\/\/mm.howkuai.com\/wp-content\/uploads\/2014a\/07\/58\/04.jpg","http:\/\/mm.howkuai.com\/wp-content\/uploads\/2014a\/07\/58\/05.jpg","http:\/\/mm.howkuai.com\/wp-content\/uploads\/2014a\/07\/58\/06.jpg","http:\/\/mm.howkuai.com\/wp-content\/uploads\/2014a\/07\/58\/07.jpg"]},{"plaintext":"\u795d\u59b9\u5b50\u524d\u7a0b\u4f3c\u9526\uff0c\u540d\u6a21\u738b\u7199\u7136\u6bd5\u4e1a\u7167","href":"http:\/\/www.meizitu.com\/a\/4372.html","pic_list":["http:\/\/mm.howkuai.com\/wp-content\/uploads\/2014a\/07\/57\/01.jpg","http:\/\/mm.howkuai.com\/wp-content\/uploads\/2014a\/07\/57\/02.jpg","http:\/\/mm.howkuai.com\/wp-content\/uploads\/2014a\/07\/57\/03.jpg","http:\/\/mm.howkuai.com\/wp-content\/uploads\/2014a\/07\/57\/04.jpg","http:\/\/mm.howkuai.com\/wp-content\/uploads\/2014a\/07\/57\/05.jpg","http:\/\/mm.howkuai.com\/wp-content\/uploads\/2014a\/07\/57\/06.jpg","http:\/\/mm.howkuai.com\/wp-content\/uploads\/2014a\/07\/57\/07.jpg","http:\/\/mm.howkuai.com\/wp-content\/uploads\/2014a\/07\/57\/08.jpg"]},{"plaintext":"\u773c\u775b\u592a\u6e05\u6f88\uff0c\uff3b\u6c34\u4ed9\u59d1\u5a18\uff3d\u6d74\u7f38\u4e2d\u68a6\u5e7b\u5199\u771f","href":"http:\/\/www.meizitu.com\/a\/4371.html","pic_list":["http:\/\/mm.howkuai.com\/wp-content\/uploads\/2014a\/07\/56\/01.jpg","http:\/\/mm.howkuai.com\/wp-content\/uploads\/2014a\/07\/56\/02.jpg","http:\/\/mm.howkuai.com\/wp-content\/uploads\/2014a\/07\/56\/03.jpg","http:\/\/mm.howkuai.com\/wp-content\/uploads\/2014a\/07\/56\/04.jpg","http:\/\/mm.howkuai.com\/wp-content\/uploads\/2014a\/07\/56\/05.jpg","http:\/\/mm.howkuai.com\/wp-content\/uploads\/2014a\/07\/56\/06.jpg","http:\/\/mm.howkuai.com\/wp-content\/uploads\/2014a\/07\/56\/07.jpg"]},{"plaintext":"\u7f8e\u817f\u59b9\u5b50\u6b23\u8d4f\uff0c\u53f0\u6e7e\u817f\u6a21Tiara\u5199\u771f","href":"http:\/\/www.meizitu.com\/a\/4370.html","pic_list":["http:\/\/mm.howkuai.com\/wp-content\/uploads\/2014a\/07\/55\/01.jpg","http:\/\/mm.howkuai.com\/wp-content\/uploads\/2014a\/07\/55\/02.jpg","http:\/\/mm.howkuai.com\/wp-content\/uploads\/2014a\/07\/55\/03.jpg","http:\/\/mm.howkuai.com\/wp-content\/uploads\/2014a\/07\/55\/04.jpg","http:\/\/mm.howkuai.com\/wp-content\/uploads\/2014a\/07\/55\/05.jpg"]},{"plaintext":"\u7709\u773c\u5982\u58a8\u9edb\uff0c\u975e\u5e38\u6e05\u65b0\u7684\u5ae9\u841d\u8389","href":"http:\/\/www.meizitu.com\/a\/4369.html","pic_list":["http:\/\/mm.howkuai.com\/wp-content\/uploads\/2014a\/07\/54\/01.jpg","http:\/\/mm.howkuai.com\/wp-content\/uploads\/2014a\/07\/54\/02.jpg","http:\/\/mm.howkuai.com\/wp-content\/uploads\/2014a\/07\/54\/03.jpg","http:\/\/mm.howkuai.com\/wp-content\/uploads\/2014a\/07\/54\/04.jpg","http:\/\/mm.howkuai.com\/wp-content\/uploads\/2014a\/07\/54\/05.jpg"]},{"plaintext":"\u957f\u817f\u7f8e\u5973\u8eab\u6750\u5f88\u597d\uff0c\u95fa\u623f\u5199\u771f\u7f9e\u6da9\u8ff7\u4eba","href":"http:\/\/www.meizitu.com\/a\/4368.html","pic_list":["http:\/\/mm.howkuai.com\/wp-content\/uploads\/2014a\/07\/53\/01.jpg","http:\/\/mm.howkuai.com\/wp-content\/uploads\/2014a\/07\/53\/02.jpg","http:\/\/mm.howkuai.com\/wp-content\/uploads\/2014a\/07\/53\/03.jpg","http:\/\/mm.howkuai.com\/wp-content\/uploads\/2014a\/07\/53\/04.jpg","http:\/\/mm.howkuai.com\/wp-content\/uploads\/2014a\/07\/53\/05.jpg","http:\/\/mm.howkuai.com\/wp-content\/uploads\/2014a\/07\/53\/06.jpg"]},{"plaintext":"NBA\u68a6\u4e4b\u961f\u6e38\u620f\u4ee3\u8a00\uff0a\u4e8e\u82b7\u6674mini","href":"http:\/\/www.meizitu.com\/a\/4367.html","pic_list":["http:\/\/mm.howkuai.com\/wp-content\/uploads\/2014a\/07\/52\/01.jpg","http:\/\/mm.howkuai.com\/wp-content\/uploads\/2014a\/07\/52\/02.jpg","http:\/\/mm.howkuai.com\/wp-content\/uploads\/2014a\/07\/52\/03.jpg","http:\/\/mm.howkuai.com\/wp-content\/uploads\/2014a\/07\/52\/04.jpg","http:\/\/mm.howkuai.com\/wp-content\/uploads\/2014a\/07\/52\/05.jpg","http:\/\/mm.howkuai.com\/wp-content\/uploads\/2014a\/07\/52\/06.jpg"]},{"plaintext":"\u4e0a\u6d77\u53ef\u7231\u840c\u59b9\u5b50\uff0c\u5706\u6846\u9ed1\u773c\u955c\u53cc\u76ee\u6f84\u6f88","href":"http:\/\/www.meizitu.com\/a\/4366.html","pic_list":["http:\/\/mm.howkuai.com\/wp-content\/uploads\/2014a\/07\/51\/01.jpg","http:\/\/mm.howkuai.com\/wp-content\/uploads\/2014a\/07\/51\/02.jpg","http:\/\/mm.howkuai.com\/wp-content\/uploads\/2014a\/07\/51\/03.jpg","http:\/\/mm.howkuai.com\/wp-content\/uploads\/2014a\/07\/51\/04.jpg","http:\/\/mm.howkuai.com\/wp-content\/uploads\/2014a\/07\/51\/05.jpg","http:\/\/mm.howkuai.com\/wp-content\/uploads\/2014a\/07\/51\/06.jpg"]},{"plaintext":"\u6e05\u7eaf\u6821\u82b1\u7f8e\u5973\u8d75\u5df2\u6668\u6027\u611f\u5199\u771f","href":"http:\/\/www.meizitu.com\/a\/4365.html","pic_list":["http:\/\/mm.howkuai.com\/wp-content\/uploads\/2014a\/07\/50\/01.jpg","http:\/\/mm.howkuai.com\/wp-content\/uploads\/2014a\/07\/50\/02.jpg","http:\/\/mm.howkuai.com\/wp-content\/uploads\/2014a\/07\/50\/03.jpg","http:\/\/mm.howkuai.com\/wp-content\/uploads\/2014a\/07\/50\/04.jpg","http:\/\/mm.howkuai.com\/wp-content\/uploads\/2014a\/07\/50\/05.jpg","http:\/\/mm.howkuai.com\/wp-content\/uploads\/2014a\/07\/50\/06.jpg","http:\/\/mm.howkuai.com\/wp-content\/uploads\/2014a\/07\/50\/07.jpg"]},{"plaintext":"\u6027\u611f\u7f8e\u5973\u6bcf\u4e00\u4e2a\u7ec6\u8282\u90fd\u6563\u53d1\u7740\u6c14\u8d28\u4e0e\u9b45\u529b","href":"http:\/\/www.meizitu.com\/a\/4363.html","pic_list":["http:\/\/mm.howkuai.com\/wp-content\/uploads\/2014a\/07\/48\/01.jpg","http:\/\/mm.howkuai.com\/wp-content\/uploads\/2014a\/07\/48\/02.jpg","http:\/\/mm.howkuai.com\/wp-content\/uploads\/2014a\/07\/48\/03.jpg","http:\/\/mm.howkuai.com\/wp-content\/uploads\/2014a\/07\/48\/04.jpg","http:\/\/mm.howkuai.com\/wp-content\/uploads\/2014a\/07\/48\/05.jpg","http:\/\/mm.howkuai.com\/wp-content\/uploads\/2014a\/07\/48\/06.jpg","http:\/\/mm.howkuai.com\/wp-content\/uploads\/2014a\/07\/48\/07.jpg"]},{"plaintext":"\u6e05\u65b0\u77e5\u6027\u59b9\u7eb8\u6d77\u8fb9\u7167\u7247\uff0c\u590f\u65e5\u60a0\u6e38","href":"http:\/\/www.meizitu.com\/a\/4362.html","pic_list":["http:\/\/mm.howkuai.com\/wp-content\/uploads\/2014a\/07\/47\/01.jpg","http:\/\/mm.howkuai.com\/wp-content\/uploads\/2014a\/07\/47\/02.jpg","http:\/\/mm.howkuai.com\/wp-content\/uploads\/2014a\/07\/47\/03.jpg","http:\/\/mm.howkuai.com\/wp-content\/uploads\/2014a\/07\/47\/04.jpg","http:\/\/mm.howkuai.com\/wp-content\/uploads\/2014a\/07\/47\/05.jpg","http:\/\/mm.howkuai.com\/wp-content\/uploads\/2014a\/07\/47\/06.jpg","http:\/\/mm.howkuai.com\/wp-content\/uploads\/2014a\/07\/47\/07.jpg"]},{"plaintext":"\u65e0\u5c3d\u7684\u9050\u601d\uff0c\u6210\u719f\u7f8e\u5973\u7684\u79c1\u623f\u5199\u771f","href":"http:\/\/www.meizitu.com\/a\/4361.html","pic_list":["http:\/\/mm.howkuai.com\/wp-content\/uploads\/2014a\/07\/46\/01.jpg","http:\/\/mm.howkuai.com\/wp-content\/uploads\/2014a\/07\/46\/02.jpg","http:\/\/mm.howkuai.com\/wp-content\/uploads\/2014a\/07\/46\/03.jpg","http:\/\/mm.howkuai.com\/wp-content\/uploads\/2014a\/07\/46\/04.jpg","http:\/\/mm.howkuai.com\/wp-content\/uploads\/2014a\/07\/46\/05.jpg","http:\/\/mm.howkuai.com\/wp-content\/uploads\/2014a\/07\/46\/06.jpg"]},{"plaintext":"\u5c0f\u6e05\u65b0\u7f8e\u5973\uff0c\u9752\u6625\u662f\u4e00\u4e2a\u77ed\u6682\u7684\u7f8e\u68a6","href":"http:\/\/www.meizitu.com\/a\/4360.html","pic_list":["http:\/\/mm.howkuai.com\/wp-content\/uploads\/2014a\/07\/45\/01.jpg","http:\/\/mm.howkuai.com\/wp-content\/uploads\/2014a\/07\/45\/02.jpg","http:\/\/mm.howkuai.com\/wp-content\/uploads\/2014a\/07\/45\/03.jpg","http:\/\/mm.howkuai.com\/wp-content\/uploads\/2014a\/07\/45\/04.jpg","http:\/\/mm.howkuai.com\/wp-content\/uploads\/2014a\/07\/45\/05.jpg","http:\/\/mm.howkuai.com\/wp-content\/uploads\/2014a\/07\/45\/06.jpg"]},{"plaintext":"\u516d\u6708\u5bfb\u68a6\uff0c\u4e00\u88ad\u767d\u88d9\u7684\u6c14\u8d28\u51fa\u4f17\u7f8e\u5973","href":"http:\/\/www.meizitu.com\/a\/4359.html","pic_list":["http:\/\/mm.howkuai.com\/wp-content\/uploads\/2014a\/07\/44\/01.jpg","http:\/\/mm.howkuai.com\/wp-content\/uploads\/2014a\/07\/44\/02.jpg","http:\/\/mm.howkuai.com\/wp-content\/uploads\/2014a\/07\/44\/03.jpg","http:\/\/mm.howkuai.com\/wp-content\/uploads\/2014a\/07\/44\/04.jpg","http:\/\/mm.howkuai.com\/wp-content\/uploads\/2014a\/07\/44\/05.jpg","http:\/\/mm.howkuai.com\/wp-content\/uploads\/2014a\/07\/44\/06.jpg"]},{"plaintext":"\u957f\u53d1\u5c0f\u6e05\u65b0\u7f8e\u7709\uff0c\u9752\u6625\u7684\u8bb0\u5fc6\u7559\u5728\u8fd9\u4e2a\u590f\u5929","href":"http:\/\/www.meizitu.com\/a\/4358.html","pic_list":["http:\/\/mm.howkuai.com\/wp-content\/uploads\/2014a\/07\/43\/01.jpg","http:\/\/mm.howkuai.com\/wp-content\/uploads\/2014a\/07\/43\/02.jpg","http:\/\/mm.howkuai.com\/wp-content\/uploads\/2014a\/07\/43\/03.jpg","http:\/\/mm.howkuai.com\/wp-content\/uploads\/2014a\/07\/43\/04.jpg","http:\/\/mm.howkuai.com\/wp-content\/uploads\/2014a\/07\/43\/05.jpg","http:\/\/mm.howkuai.com\/wp-content\/uploads\/2014a\/07\/43\/06.jpg","http:\/\/mm.howkuai.com\/wp-content\/uploads\/2014a\/07\/43\/07.jpg"]},{"plaintext":"2014\u8f66\u5c55\u4e0a\u9753\u4e3d\u8f66\u6a21\u5199\u771f","href":"http:\/\/www.meizitu.com\/a\/4357.html","pic_list":["http:\/\/mm.howkuai.com\/wp-content\/uploads\/2014a\/07\/42\/01.jpg","http:\/\/mm.howkuai.com\/wp-content\/uploads\/2014a\/07\/42\/02.jpg","http:\/\/mm.howkuai.com\/wp-content\/uploads\/2014a\/07\/42\/03.jpg","http:\/\/mm.howkuai.com\/wp-content\/uploads\/2014a\/07\/42\/04.jpg","http:\/\/mm.howkuai.com\/wp-content\/uploads\/2014a\/07\/42\/05.jpg","http:\/\/mm.howkuai.com\/wp-content\/uploads\/2014a\/07\/42\/06.jpg","http:\/\/mm.howkuai.com\/wp-content\/uploads\/2014a\/07\/42\/07.jpg","http:\/\/mm.howkuai.com\/wp-content\/uploads\/2014a\/07\/42\/08.jpg","http:\/\/mm.howkuai.com\/wp-content\/uploads\/2014a\/07\/42\/09.jpg"]},{"plaintext":"\u6709\u4f60\u7684\u590f\u5929\u6700\u7cbe\u5f69\uff0c\u561f\u5634\u59b9\u5b50\u9633\u5149\u5c0f\u80cc\u5fc3","href":"http:\/\/www.meizitu.com\/a\/4356.html","pic_list":["http:\/\/mm.howkuai.com\/wp-content\/uploads\/2014a\/07\/41\/01.jpg","http:\/\/mm.howkuai.com\/wp-content\/uploads\/2014a\/07\/41\/02.jpg","http:\/\/mm.howkuai.com\/wp-content\/uploads\/2014a\/07\/41\/03.jpg","http:\/\/mm.howkuai.com\/wp-content\/uploads\/2014a\/07\/41\/04.jpg","http:\/\/mm.howkuai.com\/wp-content\/uploads\/2014a\/07\/41\/05.jpg","http:\/\/mm.howkuai.com\/wp-content\/uploads\/2014a\/07\/41\/06.jpg"]},{"plaintext":"\u9633\u5149\u5973\u5b69\u7684\u5348\u540e\uff0c\u6de1\u6de1\u7684\u4e00\u88ad\u788e\u82b1\u957f\u88d9","href":"http:\/\/www.meizitu.com\/a\/4355.html","pic_list":["http:\/\/mm.howkuai.com\/wp-content\/uploads\/2014a\/07\/40\/01.jpg","http:\/\/mm.howkuai.com\/wp-content\/uploads\/2014a\/07\/40\/02.jpg","http:\/\/mm.howkuai.com\/wp-content\/uploads\/2014a\/07\/40\/03.jpg","http:\/\/mm.howkuai.com\/wp-content\/uploads\/2014a\/07\/40\/04.jpg","http:\/\/mm.howkuai.com\/wp-content\/uploads\/2014a\/07\/40\/05.jpg","http:\/\/mm.howkuai.com\/wp-content\/uploads\/2014a\/07\/40\/06.jpg"]}]