[{"plaintext":"\u5723\u6d01\u7684\u9633\u5149\u6492\u5728Angel\u8eab\u4e0a\uff0c\u590f\u8475\u6e56\u8fb9\u5199\u771f","href":"http:\/\/www.meizitu.com\/a\/4993.html","pic_list":["http:\/\/mm.howkuai.com\/wp-content\/uploads\/2015a\/05\/43\/01.jpg","http:\/\/mm.howkuai.com\/wp-content\/uploads\/2015a\/05\/43\/02.jpg","http:\/\/mm.howkuai.com\/wp-content\/uploads\/2015a\/05\/43\/03.jpg","http:\/\/mm.howkuai.com\/wp-content\/uploads\/2015a\/05\/43\/04.jpg","http:\/\/mm.howkuai.com\/wp-content\/uploads\/2015a\/05\/43\/05.jpg","http:\/\/mm.howkuai.com\/wp-content\/uploads\/2015a\/05\/43\/06.jpg","http:\/\/mm.howkuai.com\/wp-content\/uploads\/2015a\/05\/43\/07.jpg"]},{"plaintext":"\u5377\u53d1\u5c24\u7269\u5410\u7c89\u820c\u79c1\u623f\u8bf1\u4eba\u7167","href":"http:\/\/www.meizitu.com\/a\/4992.html","pic_list":["http:\/\/mm.howkuai.com\/wp-content\/uploads\/2015a\/05\/42\/01.jpg","http:\/\/mm.howkuai.com\/wp-content\/uploads\/2015a\/05\/42\/02.jpg","http:\/\/mm.howkuai.com\/wp-content\/uploads\/2015a\/05\/42\/03.jpg","http:\/\/mm.howkuai.com\/wp-content\/uploads\/2015a\/05\/42\/04.jpg","http:\/\/mm.howkuai.com\/wp-content\/uploads\/2015a\/05\/42\/05.jpg","http:\/\/mm.howkuai.com\/wp-content\/uploads\/2015a\/05\/42\/06.jpg","http:\/\/mm.howkuai.com\/wp-content\/uploads\/2015a\/05\/42\/07.jpg"]},{"plaintext":"\u6e05\u7eaf\u59b9\u5b50NoNo\u6625\u610f\u76ce\u7136","href":"http:\/\/www.meizitu.com\/a\/4991.html","pic_list":["http:\/\/mm.howkuai.com\/wp-content\/uploads\/2015a\/05\/41\/01.jpg","http:\/\/mm.howkuai.com\/wp-content\/uploads\/2015a\/05\/41\/02.jpg","http:\/\/mm.howkuai.com\/wp-content\/uploads\/2015a\/05\/41\/03.jpg","http:\/\/mm.howkuai.com\/wp-content\/uploads\/2015a\/05\/41\/04.jpg","http:\/\/mm.howkuai.com\/wp-content\/uploads\/2015a\/05\/41\/05.jpg","http:\/\/mm.howkuai.com\/wp-content\/uploads\/2015a\/05\/41\/06.jpg"]},{"plaintext":"\u6e05\u7eaf\u53ef\u7231\u7684\u65e5\u672c\u5c11\u5973\uff0c\u7d20\u989c\u6de1\u5986\u66f4\u8ba9\u4eba\u559c\u7231","href":"http:\/\/www.meizitu.com\/a\/4990.html","pic_list":["http:\/\/mm.howkuai.com\/wp-content\/uploads\/2015a\/05\/40\/01.jpg","http:\/\/mm.howkuai.com\/wp-content\/uploads\/2015a\/05\/40\/02.jpg","http:\/\/mm.howkuai.com\/wp-content\/uploads\/2015a\/05\/40\/03.jpg","http:\/\/mm.howkuai.com\/wp-content\/uploads\/2015a\/05\/40\/04.jpg","http:\/\/mm.howkuai.com\/wp-content\/uploads\/2015a\/05\/40\/05.jpg","http:\/\/mm.howkuai.com\/wp-content\/uploads\/2015a\/05\/40\/06.jpg","http:\/\/mm.howkuai.com\/wp-content\/uploads\/2015a\/05\/40\/07.jpg"]},{"plaintext":"\u9601\u697c\u91cc\u7684\u59b9\u7eb8\uff0c\u4f60\u7684\u773c\u795e\u91cc\u6709\u5f88\u591a\u6545\u4e8b","href":"http:\/\/www.meizitu.com\/a\/4989.html","pic_list":["http:\/\/mm.howkuai.com\/wp-content\/uploads\/2015a\/05\/39\/01.jpg","http:\/\/mm.howkuai.com\/wp-content\/uploads\/2015a\/05\/39\/02.jpg","http:\/\/mm.howkuai.com\/wp-content\/uploads\/2015a\/05\/39\/03.jpg","http:\/\/mm.howkuai.com\/wp-content\/uploads\/2015a\/05\/39\/04.jpg","http:\/\/mm.howkuai.com\/wp-content\/uploads\/2015a\/05\/39\/05.jpg","http:\/\/mm.howkuai.com\/wp-content\/uploads\/2015a\/05\/39\/06.jpg","http:\/\/mm.howkuai.com\/wp-content\/uploads\/2015a\/05\/39\/07.jpg"]},{"plaintext":"\u5377\u53d1\u91d1\u4e1d\u732b\uff0c\u738b\u745e\u513f\u524d\u51f8\u540e\u7fd8\u52b2\u7206\u5199\u771f","href":"http:\/\/www.meizitu.com\/a\/4988.html","pic_list":["http:\/\/mm.howkuai.com\/wp-content\/uploads\/2015a\/05\/38\/01.jpg","http:\/\/mm.howkuai.com\/wp-content\/uploads\/2015a\/05\/38\/02.jpg","http:\/\/mm.howkuai.com\/wp-content\/uploads\/2015a\/05\/38\/03.jpg","http:\/\/mm.howkuai.com\/wp-content\/uploads\/2015a\/05\/38\/04.jpg","http:\/\/mm.howkuai.com\/wp-content\/uploads\/2015a\/05\/38\/05.jpg","http:\/\/mm.howkuai.com\/wp-content\/uploads\/2015a\/05\/38\/06.jpg"]},{"plaintext":"\u8f66\u6a21\u5f20\u5df2\u6842\u5367\u5ba4\u552f\u7f8e\u79c1\u623f","href":"http:\/\/www.meizitu.com\/a\/4987.html","pic_list":["http:\/\/mm.howkuai.com\/wp-content\/uploads\/2015a\/05\/37\/01.jpg","http:\/\/mm.howkuai.com\/wp-content\/uploads\/2015a\/05\/37\/02.jpg","http:\/\/mm.howkuai.com\/wp-content\/uploads\/2015a\/05\/37\/03.jpg","http:\/\/mm.howkuai.com\/wp-content\/uploads\/2015a\/05\/37\/04.jpg","http:\/\/mm.howkuai.com\/wp-content\/uploads\/2015a\/05\/37\/05.jpg","http:\/\/mm.howkuai.com\/wp-content\/uploads\/2015a\/05\/37\/06.jpg","http:\/\/mm.howkuai.com\/wp-content\/uploads\/2015a\/05\/37\/07.jpg","http:\/\/mm.howkuai.com\/wp-content\/uploads\/2015a\/05\/37\/08.jpg","http:\/\/mm.howkuai.com\/wp-content\/uploads\/2015a\/05\/37\/09.jpg"]},{"plaintext":"\u7a7a\u8c37\u5e7d\u5170\u6e05\u4e3d\u8131\u4fd7\u7684\u6e05\u7eaf\u7f8e\u5973\u56fe\u7247","href":"http:\/\/www.meizitu.com\/a\/4986.html","pic_list":["http:\/\/mm.howkuai.com\/wp-content\/uploads\/2015a\/05\/36\/01.jpg","http:\/\/mm.howkuai.com\/wp-content\/uploads\/2015a\/05\/36\/02.jpg","http:\/\/mm.howkuai.com\/wp-content\/uploads\/2015a\/05\/36\/03.jpg","http:\/\/mm.howkuai.com\/wp-content\/uploads\/2015a\/05\/36\/04.jpg","http:\/\/mm.howkuai.com\/wp-content\/uploads\/2015a\/05\/36\/05.jpg","http:\/\/mm.howkuai.com\/wp-content\/uploads\/2015a\/05\/36\/06.jpg","http:\/\/mm.howkuai.com\/wp-content\/uploads\/2015a\/05\/36\/07.jpg","http:\/\/mm.howkuai.com\/wp-content\/uploads\/2015a\/05\/36\/08.jpg","http:\/\/mm.howkuai.com\/wp-content\/uploads\/2015a\/05\/36\/09.jpg","http:\/\/mm.howkuai.com\/wp-content\/uploads\/2015a\/05\/36\/10.jpg"]},{"plaintext":"\u5bd0\u542b\u6625\u6c34\u8138\u5982\u51dd\u8102\uff0c\u8096\u4e0e\u6668\u79c1\u623f\u5199\u771f","href":"http:\/\/www.meizitu.com\/a\/4985.html","pic_list":["http:\/\/mm.howkuai.com\/wp-content\/uploads\/2015a\/05\/35\/01.jpg","http:\/\/mm.howkuai.com\/wp-content\/uploads\/2015a\/05\/35\/02.jpg","http:\/\/mm.howkuai.com\/wp-content\/uploads\/2015a\/05\/35\/03.jpg","http:\/\/mm.howkuai.com\/wp-content\/uploads\/2015a\/05\/35\/04.jpg","http:\/\/mm.howkuai.com\/wp-content\/uploads\/2015a\/05\/35\/05.jpg","http:\/\/mm.howkuai.com\/wp-content\/uploads\/2015a\/05\/35\/06.jpg","http:\/\/mm.howkuai.com\/wp-content\/uploads\/2015a\/05\/35\/07.jpg"]},{"plaintext":"\u9ad8\u6e05\u7f8e\u5973\u56fe\u7247\uff0c\u590f\u7476\u3001Monkey_\u5c0f\u6f58\u9f20\u3001\u6735\u6bd4dobby\u5408\u96c6","href":"http:\/\/www.meizitu.com\/a\/4984.html","pic_list":["http:\/\/mm.howkuai.com\/wp-content\/uploads\/2015a\/05\/34\/01.jpg","http:\/\/mm.howkuai.com\/wp-content\/uploads\/2015a\/05\/34\/02.jpg","http:\/\/mm.howkuai.com\/wp-content\/uploads\/2015a\/05\/34\/03.jpg","http:\/\/mm.howkuai.com\/wp-content\/uploads\/2015a\/05\/34\/04.jpg","http:\/\/mm.howkuai.com\/wp-content\/uploads\/2015a\/05\/34\/05.jpg","http:\/\/mm.howkuai.com\/wp-content\/uploads\/2015a\/05\/34\/06.jpg","http:\/\/mm.howkuai.com\/wp-content\/uploads\/2015a\/05\/34\/07.jpg","http:\/\/mm.howkuai.com\/wp-content\/uploads\/2015a\/05\/34\/08.jpg","http:\/\/mm.howkuai.com\/wp-content\/uploads\/2015a\/05\/34\/09.jpg"]},{"plaintext":"\u9633\u5149\u4e0b\u7684\u59b9\u5b50,\u7ec6\u8170\u7f8e\u4e73\u5b89\u9759\u7eaf\u7f8e","href":"http:\/\/www.meizitu.com\/a\/4983.html","pic_list":["http:\/\/mm.howkuai.com\/wp-content\/uploads\/2015a\/05\/33\/01.jpg","http:\/\/mm.howkuai.com\/wp-content\/uploads\/2015a\/05\/33\/02.jpg","http:\/\/mm.howkuai.com\/wp-content\/uploads\/2015a\/05\/33\/03.jpg","http:\/\/mm.howkuai.com\/wp-content\/uploads\/2015a\/05\/33\/04.jpg","http:\/\/mm.howkuai.com\/wp-content\/uploads\/2015a\/05\/33\/05.jpg","http:\/\/mm.howkuai.com\/wp-content\/uploads\/2015a\/05\/33\/06.jpg","http:\/\/mm.howkuai.com\/wp-content\/uploads\/2015a\/05\/33\/07.jpg"]},{"plaintext":"\u4e0d\u7531\u81ea\u4e3b\u88ab\u5979\u611f\u67d3\uff0c\u6e38\u8247\u4e0a\u7684\u5feb\u4e50\u7f8e\u5c11\u5973","href":"http:\/\/www.meizitu.com\/a\/4982.html","pic_list":["http:\/\/mm.howkuai.com\/wp-content\/uploads\/2015a\/05\/32\/01.jpg","http:\/\/mm.howkuai.com\/wp-content\/uploads\/2015a\/05\/32\/02.jpg","http:\/\/mm.howkuai.com\/wp-content\/uploads\/2015a\/05\/32\/03.jpg","http:\/\/mm.howkuai.com\/wp-content\/uploads\/2015a\/05\/32\/04.jpg","http:\/\/mm.howkuai.com\/wp-content\/uploads\/2015a\/05\/32\/05.jpg","http:\/\/mm.howkuai.com\/wp-content\/uploads\/2015a\/05\/32\/06.jpg"]},{"plaintext":"\u4ef2\u590f\uff0c\u9752\u6625\u59b9\u5b50\u5145\u6ee1\u7740\u53db\u9006\u7684\u5473\u9053","href":"http:\/\/www.meizitu.com\/a\/4980.html","pic_list":["http:\/\/mm.howkuai.com\/wp-content\/uploads\/2015a\/05\/30\/01.jpg","http:\/\/mm.howkuai.com\/wp-content\/uploads\/2015a\/05\/30\/02.jpg","http:\/\/mm.howkuai.com\/wp-content\/uploads\/2015a\/05\/30\/03.jpg","http:\/\/mm.howkuai.com\/wp-content\/uploads\/2015a\/05\/30\/04.jpg","http:\/\/mm.howkuai.com\/wp-content\/uploads\/2015a\/05\/30\/05.jpg","http:\/\/mm.howkuai.com\/wp-content\/uploads\/2015a\/05\/30\/06.jpg","http:\/\/mm.howkuai.com\/wp-content\/uploads\/2015a\/05\/30\/07.jpg","http:\/\/mm.howkuai.com\/wp-content\/uploads\/2015a\/05\/30\/08.jpg"]},{"plaintext":"\u65b0\u661f\u521d\u957f\u6210\u5e73\u9762\u6a21\u7279\u738b\u6653\uff0c\u6726\u80e7\u7684\u4e30\u6ee1\u66f2\u7ebf","href":"http:\/\/www.meizitu.com\/a\/4979.html","pic_list":["http:\/\/mm.howkuai.com\/wp-content\/uploads\/2015a\/05\/29\/01.jpg","http:\/\/mm.howkuai.com\/wp-content\/uploads\/2015a\/05\/29\/02.jpg","http:\/\/mm.howkuai.com\/wp-content\/uploads\/2015a\/05\/29\/03.jpg","http:\/\/mm.howkuai.com\/wp-content\/uploads\/2015a\/05\/29\/04.jpg","http:\/\/mm.howkuai.com\/wp-content\/uploads\/2015a\/05\/29\/05.jpg","http:\/\/mm.howkuai.com\/wp-content\/uploads\/2015a\/05\/29\/06.jpg"]},{"plaintext":"\u8ba9\u4eba\u5fc3\u75d2\u96be\u8010\u7684\u4e8c\u6b21\u5143\u7f8e\u817f\u7f8e\u81c0","href":"http:\/\/www.meizitu.com\/a\/4978.html","pic_list":["http:\/\/mm.howkuai.com\/wp-content\/uploads\/2015a\/05\/28\/01.jpg","http:\/\/mm.howkuai.com\/wp-content\/uploads\/2015a\/05\/28\/02.jpg","http:\/\/mm.howkuai.com\/wp-content\/uploads\/2015a\/05\/28\/03.jpg","http:\/\/mm.howkuai.com\/wp-content\/uploads\/2015a\/05\/28\/04.jpg","http:\/\/mm.howkuai.com\/wp-content\/uploads\/2015a\/05\/28\/05.jpg","http:\/\/mm.howkuai.com\/wp-content\/uploads\/2015a\/05\/28\/06.jpg","http:\/\/mm.howkuai.com\/wp-content\/uploads\/2015a\/05\/28\/07.jpg"]},{"plaintext":"\u5317\u4f53\u6821\u82b1\u4e00\u5b57\u9a6c\u7206\u7ea2 \u8702\u8170\u7fd8\u81c0\u8d8a\u770b\u8d8a\u96be\u5fcd","href":"http:\/\/www.meizitu.com\/a\/4977.html","pic_list":["http:\/\/mm.howkuai.com\/wp-content\/uploads\/2015a\/05\/27\/01.jpg","http:\/\/mm.howkuai.com\/wp-content\/uploads\/2015a\/05\/27\/02.jpg","http:\/\/mm.howkuai.com\/wp-content\/uploads\/2015a\/05\/27\/03.jpg","http:\/\/mm.howkuai.com\/wp-content\/uploads\/2015a\/05\/27\/04.jpg","http:\/\/mm.howkuai.com\/wp-content\/uploads\/2015a\/05\/27\/05.jpg","http:\/\/mm.howkuai.com\/wp-content\/uploads\/2015a\/05\/27\/06.jpg","http:\/\/mm.howkuai.com\/wp-content\/uploads\/2015a\/05\/27\/07.jpg"]},{"plaintext":"\u98de\u989c\u8d85\u8dd1\u5973\u795e\u7cfb\u5217","href":"http:\/\/www.meizitu.com\/a\/4976.html","pic_list":["http:\/\/mm.howkuai.com\/wp-content\/uploads\/2015a\/05\/26\/01.jpg","http:\/\/mm.howkuai.com\/wp-content\/uploads\/2015a\/05\/26\/02.jpg","http:\/\/mm.howkuai.com\/wp-content\/uploads\/2015a\/05\/26\/03.jpg","http:\/\/mm.howkuai.com\/wp-content\/uploads\/2015a\/05\/26\/04.jpg","http:\/\/mm.howkuai.com\/wp-content\/uploads\/2015a\/05\/26\/05.jpg","http:\/\/mm.howkuai.com\/wp-content\/uploads\/2015a\/05\/26\/06.jpg","http:\/\/mm.howkuai.com\/wp-content\/uploads\/2015a\/05\/26\/07.jpg","http:\/\/mm.howkuai.com\/wp-content\/uploads\/2015a\/05\/26\/08.jpg"]},{"plaintext":"\u5377\u53d1Suki\u6731\u5fc6\u97f3\u6ce2\u841d\u793e\u5408\u4f5c\u62cd\u7247","href":"http:\/\/www.meizitu.com\/a\/4975.html","pic_list":["http:\/\/mm.howkuai.com\/wp-content\/uploads\/2015a\/05\/25\/01.jpg","http:\/\/mm.howkuai.com\/wp-content\/uploads\/2015a\/05\/25\/02.jpg","http:\/\/mm.howkuai.com\/wp-content\/uploads\/2015a\/05\/25\/03.jpg","http:\/\/mm.howkuai.com\/wp-content\/uploads\/2015a\/05\/25\/04.jpg","http:\/\/mm.howkuai.com\/wp-content\/uploads\/2015a\/05\/25\/05.jpg","http:\/\/mm.howkuai.com\/wp-content\/uploads\/2015a\/05\/25\/06.jpg","http:\/\/mm.howkuai.com\/wp-content\/uploads\/2015a\/05\/25\/07.jpg"]},{"plaintext":"\u539f\u6765\u6027\u611f\u4e5f\u662f\u53ef\u4ee5\u5c0f\u6e05\u65b0","href":"http:\/\/www.meizitu.com\/a\/4974.html","pic_list":["http:\/\/mm.howkuai.com\/wp-content\/uploads\/2015a\/05\/24\/01.jpg","http:\/\/mm.howkuai.com\/wp-content\/uploads\/2015a\/05\/24\/02.jpg","http:\/\/mm.howkuai.com\/wp-content\/uploads\/2015a\/05\/24\/03.jpg","http:\/\/mm.howkuai.com\/wp-content\/uploads\/2015a\/05\/24\/04.jpg","http:\/\/mm.howkuai.com\/wp-content\/uploads\/2015a\/05\/24\/05.jpg","http:\/\/mm.howkuai.com\/wp-content\/uploads\/2015a\/05\/24\/06.jpg","http:\/\/mm.howkuai.com\/wp-content\/uploads\/2015a\/05\/24\/07.jpg","http:\/\/mm.howkuai.com\/wp-content\/uploads\/2015a\/05\/24\/08.jpg"]},{"plaintext":"\u6027\u611f\u6a21\u7279\u6768\u4f0a\u79c1\u623f\u5199\u771f","href":"http:\/\/www.meizitu.com\/a\/4973.html","pic_list":["http:\/\/mm.howkuai.com\/wp-content\/uploads\/2015a\/05\/23\/01.jpg","http:\/\/mm.howkuai.com\/wp-content\/uploads\/2015a\/05\/23\/02.jpg","http:\/\/mm.howkuai.com\/wp-content\/uploads\/2015a\/05\/23\/03.jpg","http:\/\/mm.howkuai.com\/wp-content\/uploads\/2015a\/05\/23\/04.jpg","http:\/\/mm.howkuai.com\/wp-content\/uploads\/2015a\/05\/23\/05.jpg","http:\/\/mm.howkuai.com\/wp-content\/uploads\/2015a\/05\/23\/06.jpg","http:\/\/mm.howkuai.com\/wp-content\/uploads\/2015a\/05\/23\/07.jpg"]},{"plaintext":"\u957f\u817f+\u9ed1\u4e1d\uff0c\u7f8e\u5973\u62c6\u8fc1\u961f\u51fa\u53d1\u5566","href":"http:\/\/www.meizitu.com\/a\/4971.html","pic_list":["http:\/\/mm.howkuai.com\/wp-content\/uploads\/2015a\/05\/20\/01.jpg","http:\/\/mm.howkuai.com\/wp-content\/uploads\/2015a\/05\/20\/02.jpg","http:\/\/mm.howkuai.com\/wp-content\/uploads\/2015a\/05\/20\/03.jpg","http:\/\/mm.howkuai.com\/wp-content\/uploads\/2015a\/05\/20\/04.jpg","http:\/\/mm.howkuai.com\/wp-content\/uploads\/2015a\/05\/20\/05.jpg","http:\/\/mm.howkuai.com\/wp-content\/uploads\/2015a\/05\/20\/06.jpg","http:\/\/mm.howkuai.com\/wp-content\/uploads\/2015a\/05\/20\/07.jpg","http:\/\/mm.howkuai.com\/wp-content\/uploads\/2015a\/05\/20\/08.jpg"]},{"plaintext":"\u957f\u53d1\u53ca\u8170\uff0c\u7f8e\u4e73\u6a21\u7279\u5468\u5b50\u8bfa\u5199\u771f","href":"http:\/\/www.meizitu.com\/a\/4970.html","pic_list":["http:\/\/mm.howkuai.com\/wp-content\/uploads\/2015a\/05\/19\/01.jpg","http:\/\/mm.howkuai.com\/wp-content\/uploads\/2015a\/05\/19\/02.jpg","http:\/\/mm.howkuai.com\/wp-content\/uploads\/2015a\/05\/19\/03.jpg","http:\/\/mm.howkuai.com\/wp-content\/uploads\/2015a\/05\/19\/04.jpg","http:\/\/mm.howkuai.com\/wp-content\/uploads\/2015a\/05\/19\/05.jpg","http:\/\/mm.howkuai.com\/wp-content\/uploads\/2015a\/05\/19\/06.jpg","http:\/\/mm.howkuai.com\/wp-content\/uploads\/2015a\/05\/19\/07.jpg"]},{"plaintext":"\u5e78\u798f\u7684\u6f02\u4eae\u5973\u5b69\u5468\u672b\u8d56\u5e8a\u8bb0","href":"http:\/\/www.meizitu.com\/a\/4969.html","pic_list":["http:\/\/mm.howkuai.com\/wp-content\/uploads\/2015a\/05\/18\/01.jpg","http:\/\/mm.howkuai.com\/wp-content\/uploads\/2015a\/05\/18\/02.jpg","http:\/\/mm.howkuai.com\/wp-content\/uploads\/2015a\/05\/18\/03.jpg","http:\/\/mm.howkuai.com\/wp-content\/uploads\/2015a\/05\/18\/04.jpg","http:\/\/mm.howkuai.com\/wp-content\/uploads\/2015a\/05\/18\/05.jpg","http:\/\/mm.howkuai.com\/wp-content\/uploads\/2015a\/05\/18\/06.jpg","http:\/\/mm.howkuai.com\/wp-content\/uploads\/2015a\/05\/18\/07.jpg"]},{"plaintext":"\u591c\u8272\u4e2d\u7684\u7cbe\u81f4\u77ed\u53d1\u59b9\u7eb8","href":"http:\/\/www.meizitu.com\/a\/4968.html","pic_list":["http:\/\/mm.howkuai.com\/wp-content\/uploads\/2015a\/05\/17\/01.jpg","http:\/\/mm.howkuai.com\/wp-content\/uploads\/2015a\/05\/17\/02.jpg","http:\/\/mm.howkuai.com\/wp-content\/uploads\/2015a\/05\/17\/03.jpg","http:\/\/mm.howkuai.com\/wp-content\/uploads\/2015a\/05\/17\/04.jpg","http:\/\/mm.howkuai.com\/wp-content\/uploads\/2015a\/05\/17\/05.jpg","http:\/\/mm.howkuai.com\/wp-content\/uploads\/2015a\/05\/17\/06.jpg","http:\/\/mm.howkuai.com\/wp-content\/uploads\/2015a\/05\/17\/07.jpg"]},{"plaintext":"\u4e30\u6ee1\u767d\u5ae9\u7684\u6027\u611f\u7f8e\u7709","href":"http:\/\/www.meizitu.com\/a\/4967.html","pic_list":["http:\/\/mm.howkuai.com\/wp-content\/uploads\/2015a\/05\/16\/01.jpg","http:\/\/mm.howkuai.com\/wp-content\/uploads\/2015a\/05\/16\/02.jpg","http:\/\/mm.howkuai.com\/wp-content\/uploads\/2015a\/05\/16\/03.jpg","http:\/\/mm.howkuai.com\/wp-content\/uploads\/2015a\/05\/16\/04.jpg","http:\/\/mm.howkuai.com\/wp-content\/uploads\/2015a\/05\/16\/05.jpg","http:\/\/mm.howkuai.com\/wp-content\/uploads\/2015a\/05\/16\/06.jpg","http:\/\/mm.howkuai.com\/wp-content\/uploads\/2015a\/05\/16\/07.jpg","http:\/\/mm.howkuai.com\/wp-content\/uploads\/2015a\/05\/16\/08.jpg"]},{"plaintext":"\u73b2\u73d1\u53ef\u7231\u7684\u59b9\u7eb8\u7a7f\u5185\u8863\u79c0\u59e3\u597d\u8eab\u6750","href":"http:\/\/www.meizitu.com\/a\/4965.html","pic_list":["http:\/\/mm.howkuai.com\/wp-content\/uploads\/2015a\/05\/14\/01.jpg","http:\/\/mm.howkuai.com\/wp-content\/uploads\/2015a\/05\/14\/02.jpg","http:\/\/mm.howkuai.com\/wp-content\/uploads\/2015a\/05\/14\/03.jpg","http:\/\/mm.howkuai.com\/wp-content\/uploads\/2015a\/05\/14\/04.jpg","http:\/\/mm.howkuai.com\/wp-content\/uploads\/2015a\/05\/14\/05.jpg","http:\/\/mm.howkuai.com\/wp-content\/uploads\/2015a\/05\/14\/06.jpg"]}]