[{"plaintext":"\u8f66\u5c55\u4e0a\u4e07\u4f17\u77a9\u76ee\u7684\u6f02\u4eae\u8f66\u6a21","href":"http:\/\/www.meizitu.com\/a\/4202.html","pic_list":["http:\/\/mm.howkuai.com\/wp-content\/uploads\/2014a\/05\/04\/01.jpg","http:\/\/mm.howkuai.com\/wp-content\/uploads\/2014a\/05\/04\/02.jpg","http:\/\/mm.howkuai.com\/wp-content\/uploads\/2014a\/05\/04\/03.jpg","http:\/\/mm.howkuai.com\/wp-content\/uploads\/2014a\/05\/04\/04.jpg","http:\/\/mm.howkuai.com\/wp-content\/uploads\/2014a\/05\/04\/05.jpg","http:\/\/mm.howkuai.com\/wp-content\/uploads\/2014a\/05\/04\/06.jpg","http:\/\/mm.howkuai.com\/wp-content\/uploads\/2014a\/05\/04\/07.jpg","http:\/\/mm.howkuai.com\/wp-content\/uploads\/2014a\/05\/04\/08.jpg"]},{"plaintext":"\u591c\u6765\u9999\uff0c\u9152\u5427\u91cc\u7684\u65d7\u888d\u6c14\u8d28\u5973\u90ce","href":"http:\/\/www.meizitu.com\/a\/4201.html","pic_list":["http:\/\/mm.howkuai.com\/wp-content\/uploads\/2014a\/05\/03\/01.jpg","http:\/\/mm.howkuai.com\/wp-content\/uploads\/2014a\/05\/03\/02.jpg","http:\/\/mm.howkuai.com\/wp-content\/uploads\/2014a\/05\/03\/03.jpg","http:\/\/mm.howkuai.com\/wp-content\/uploads\/2014a\/05\/03\/04.jpg","http:\/\/mm.howkuai.com\/wp-content\/uploads\/2014a\/05\/03\/05.jpg","http:\/\/mm.howkuai.com\/wp-content\/uploads\/2014a\/05\/03\/06.jpg","http:\/\/mm.howkuai.com\/wp-content\/uploads\/2014a\/05\/03\/07.jpg"]},{"plaintext":"\u5317\u4eac\u8f66\u5c55\u4e0a\u7684\u6c14\u8d28\u8f66\u6a21\u4eec","href":"http:\/\/www.meizitu.com\/a\/4200.html","pic_list":["http:\/\/mm.howkuai.com\/wp-content\/uploads\/2014a\/05\/02\/01.jpg","http:\/\/mm.howkuai.com\/wp-content\/uploads\/2014a\/05\/02\/02.jpg","http:\/\/mm.howkuai.com\/wp-content\/uploads\/2014a\/05\/02\/03.jpg","http:\/\/mm.howkuai.com\/wp-content\/uploads\/2014a\/05\/02\/04.jpg","http:\/\/mm.howkuai.com\/wp-content\/uploads\/2014a\/05\/02\/05.jpg","http:\/\/mm.howkuai.com\/wp-content\/uploads\/2014a\/05\/02\/06.jpg","http:\/\/mm.howkuai.com\/wp-content\/uploads\/2014a\/05\/02\/07.jpg","http:\/\/mm.howkuai.com\/wp-content\/uploads\/2014a\/05\/02\/08.jpg","http:\/\/mm.howkuai.com\/wp-content\/uploads\/2014a\/05\/02\/09.jpg","http:\/\/mm.howkuai.com\/wp-content\/uploads\/2014a\/05\/02\/10.jpg","http:\/\/mm.howkuai.com\/wp-content\/uploads\/2014a\/05\/02\/11.jpg"]},{"plaintext":"\u77e5\u6027\u7f8e\u5973\uff0c\u53d1\u5982\u7f8e\u4eba\u957f\u53ca\u8170","href":"http:\/\/www.meizitu.com\/a\/4199.html","pic_list":["http:\/\/mm.howkuai.com\/wp-content\/uploads\/2014a\/05\/01\/01.jpg","http:\/\/mm.howkuai.com\/wp-content\/uploads\/2014a\/05\/01\/02.jpg","http:\/\/mm.howkuai.com\/wp-content\/uploads\/2014a\/05\/01\/03.jpg","http:\/\/mm.howkuai.com\/wp-content\/uploads\/2014a\/05\/01\/04.jpg","http:\/\/mm.howkuai.com\/wp-content\/uploads\/2014a\/05\/01\/05.jpg","http:\/\/mm.howkuai.com\/wp-content\/uploads\/2014a\/05\/01\/06.jpg"]},{"plaintext":"\u6709\u6c14\u8d28\u7684\u591a\u624d\u591a\u827a\u77e5\u6027\u840c\u59b9\u5b50","href":"http:\/\/www.meizitu.com\/a\/4198.html","pic_list":["http:\/\/mm.howkuai.com\/wp-content\/uploads\/2014a\/04\/60\/01.jpg","http:\/\/mm.howkuai.com\/wp-content\/uploads\/2014a\/04\/60\/02.jpg","http:\/\/mm.howkuai.com\/wp-content\/uploads\/2014a\/04\/60\/03.jpg","http:\/\/mm.howkuai.com\/wp-content\/uploads\/2014a\/04\/60\/04.jpg","http:\/\/mm.howkuai.com\/wp-content\/uploads\/2014a\/04\/60\/05.jpg","http:\/\/mm.howkuai.com\/wp-content\/uploads\/2014a\/04\/60\/06.jpg","http:\/\/mm.howkuai.com\/wp-content\/uploads\/2014a\/04\/60\/07.jpg","http:\/\/mm.howkuai.com\/wp-content\/uploads\/2014a\/04\/60\/08.jpg","http:\/\/mm.howkuai.com\/wp-content\/uploads\/2014a\/04\/60\/09.jpg"]},{"plaintext":"\u5927\u6ce2\u7f8e\u5973\u9ed1\u8fb9\u5185\u8863\u773c\u955c\u79c0\u98ce\u9a9a","href":"http:\/\/www.meizitu.com\/a\/4197.html","pic_list":["http:\/\/mm.howkuai.com\/wp-content\/uploads\/2014a\/04\/59\/01.jpg","http:\/\/mm.howkuai.com\/wp-content\/uploads\/2014a\/04\/59\/02.jpg","http:\/\/mm.howkuai.com\/wp-content\/uploads\/2014a\/04\/59\/03.jpg","http:\/\/mm.howkuai.com\/wp-content\/uploads\/2014a\/04\/59\/04.jpg","http:\/\/mm.howkuai.com\/wp-content\/uploads\/2014a\/04\/59\/05.jpg","http:\/\/mm.howkuai.com\/wp-content\/uploads\/2014a\/04\/59\/06.jpg"]},{"plaintext":"\u7f8e\u4eba\u501a\u5899\u89d2\u68a8\u82b1\u5e26\u96e8\uff0c\u6495\u88c2\u7684\u827a\u672f","href":"http:\/\/www.meizitu.com\/a\/4196.html","pic_list":["http:\/\/mm.howkuai.com\/wp-content\/uploads\/2014a\/04\/58\/01.jpg","http:\/\/mm.howkuai.com\/wp-content\/uploads\/2014a\/04\/58\/02.jpg","http:\/\/mm.howkuai.com\/wp-content\/uploads\/2014a\/04\/58\/03.jpg","http:\/\/mm.howkuai.com\/wp-content\/uploads\/2014a\/04\/58\/04.jpg","http:\/\/mm.howkuai.com\/wp-content\/uploads\/2014a\/04\/58\/05.jpg","http:\/\/mm.howkuai.com\/wp-content\/uploads\/2014a\/04\/58\/06.jpg","http:\/\/mm.howkuai.com\/wp-content\/uploads\/2014a\/04\/58\/07.jpg"]},{"plaintext":"\u6e05\u7eaf\u7f8e\u5973\u5411\u6b23\u8587\u62cd\u6444\u8db3\u7403\u5b9d\u8d1d\u5199\u771f","href":"http:\/\/www.meizitu.com\/a\/4195.html","pic_list":["http:\/\/mm.howkuai.com\/wp-content\/uploads\/2014a\/04\/57\/01.jpg","http:\/\/mm.howkuai.com\/wp-content\/uploads\/2014a\/04\/57\/02.jpg","http:\/\/mm.howkuai.com\/wp-content\/uploads\/2014a\/04\/57\/03.jpg","http:\/\/mm.howkuai.com\/wp-content\/uploads\/2014a\/04\/57\/04.jpg","http:\/\/mm.howkuai.com\/wp-content\/uploads\/2014a\/04\/57\/05.jpg","http:\/\/mm.howkuai.com\/wp-content\/uploads\/2014a\/04\/57\/06.jpg","http:\/\/mm.howkuai.com\/wp-content\/uploads\/2014a\/04\/57\/07.jpg","http:\/\/mm.howkuai.com\/wp-content\/uploads\/2014a\/04\/57\/08.jpg"]},{"plaintext":"\u9676\u9189\u5728\u65e9\u6668\u7684\u9633\u5149\uff0c\u6e05\u7eaf\u7f8e\u5973\u6728\u5b50\u8431","href":"http:\/\/www.meizitu.com\/a\/4193.html","pic_list":["http:\/\/mm.howkuai.com\/wp-content\/uploads\/2014a\/04\/55\/01.jpg","http:\/\/mm.howkuai.com\/wp-content\/uploads\/2014a\/04\/55\/02.jpg","http:\/\/mm.howkuai.com\/wp-content\/uploads\/2014a\/04\/55\/03.jpg","http:\/\/mm.howkuai.com\/wp-content\/uploads\/2014a\/04\/55\/04.jpg","http:\/\/mm.howkuai.com\/wp-content\/uploads\/2014a\/04\/55\/05.jpg","http:\/\/mm.howkuai.com\/wp-content\/uploads\/2014a\/04\/55\/06.jpg","http:\/\/mm.howkuai.com\/wp-content\/uploads\/2014a\/04\/55\/07.jpg","http:\/\/mm.howkuai.com\/wp-content\/uploads\/2014a\/04\/55\/08.jpg","http:\/\/mm.howkuai.com\/wp-content\/uploads\/2014a\/04\/55\/09.jpg"]},{"plaintext":"\u7ea4\u7ea4\u4f5c\u7ec6\u6b65\uff0c\u957f\u817f\u7f8e\u5973\u56fe\u7247\u5408\u96c6\uff08\u4e09\uff09","href":"http:\/\/www.meizitu.com\/a\/4192.html","pic_list":["http:\/\/mm.howkuai.com\/wp-content\/uploads\/2014a\/04\/54\/01.jpg","http:\/\/mm.howkuai.com\/wp-content\/uploads\/2014a\/04\/54\/02.jpg","http:\/\/mm.howkuai.com\/wp-content\/uploads\/2014a\/04\/54\/03.jpg","http:\/\/mm.howkuai.com\/wp-content\/uploads\/2014a\/04\/54\/04.jpg","http:\/\/mm.howkuai.com\/wp-content\/uploads\/2014a\/04\/54\/05.jpg","http:\/\/mm.howkuai.com\/wp-content\/uploads\/2014a\/04\/54\/06.jpg","http:\/\/mm.howkuai.com\/wp-content\/uploads\/2014a\/04\/54\/07.jpg","http:\/\/mm.howkuai.com\/wp-content\/uploads\/2014a\/04\/54\/08.jpg","http:\/\/mm.howkuai.com\/wp-content\/uploads\/2014a\/04\/54\/09.jpg"]},{"plaintext":"\u53ef\u7231\u5c0f\u80cc\u5fc3\uff0c\u6e05\u7eaf\u6a21\u7279\u738b\u99a8\u7476yanni\u5916\u62cd","href":"http:\/\/www.meizitu.com\/a\/4191.html","pic_list":["http:\/\/mm.howkuai.com\/wp-content\/uploads\/2014a\/04\/53\/01.jpg","http:\/\/mm.howkuai.com\/wp-content\/uploads\/2014a\/04\/53\/02.jpg","http:\/\/mm.howkuai.com\/wp-content\/uploads\/2014a\/04\/53\/03.jpg","http:\/\/mm.howkuai.com\/wp-content\/uploads\/2014a\/04\/53\/04.jpg","http:\/\/mm.howkuai.com\/wp-content\/uploads\/2014a\/04\/53\/05.jpg","http:\/\/mm.howkuai.com\/wp-content\/uploads\/2014a\/04\/53\/06.jpg"]},{"plaintext":"\u5e7d\u9999\u88ad\u4eba\uff0c\u54ea\u4e9b\u6027\u611f\u7684\u4eba\u513f\uff08\u56db\uff09","href":"http:\/\/www.meizitu.com\/a\/4190.html","pic_list":["http:\/\/mm.howkuai.com\/wp-content\/uploads\/2014a\/04\/52\/01.jpg","http:\/\/mm.howkuai.com\/wp-content\/uploads\/2014a\/04\/52\/02.jpg","http:\/\/mm.howkuai.com\/wp-content\/uploads\/2014a\/04\/52\/03.jpg","http:\/\/mm.howkuai.com\/wp-content\/uploads\/2014a\/04\/52\/04.jpg","http:\/\/mm.howkuai.com\/wp-content\/uploads\/2014a\/04\/52\/05.jpg","http:\/\/mm.howkuai.com\/wp-content\/uploads\/2014a\/04\/52\/06.jpg","http:\/\/mm.howkuai.com\/wp-content\/uploads\/2014a\/04\/52\/07.jpg","http:\/\/mm.howkuai.com\/wp-content\/uploads\/2014a\/04\/52\/08.jpg","http:\/\/mm.howkuai.com\/wp-content\/uploads\/2014a\/04\/52\/09.jpg","http:\/\/mm.howkuai.com\/wp-content\/uploads\/2014a\/04\/52\/10.jpg","http:\/\/mm.howkuai.com\/wp-content\/uploads\/2014a\/04\/52\/11.jpg","http:\/\/mm.howkuai.com\/wp-content\/uploads\/2014a\/04\/52\/12.jpg"]},{"plaintext":"\u4e0d\u662f\u62c9\u62c9\uff0c\u6709\u4f60\u966a\u6211\uff0c\u6211\u4eec\u662f\u6700\u597d\u7684\u95fa\u871c","href":"http:\/\/www.meizitu.com\/a\/4189.html","pic_list":["http:\/\/mm.howkuai.com\/wp-content\/uploads\/2014a\/04\/51\/01.jpg","http:\/\/mm.howkuai.com\/wp-content\/uploads\/2014a\/04\/51\/02.jpg","http:\/\/mm.howkuai.com\/wp-content\/uploads\/2014a\/04\/51\/03.jpg","http:\/\/mm.howkuai.com\/wp-content\/uploads\/2014a\/04\/51\/04.jpg","http:\/\/mm.howkuai.com\/wp-content\/uploads\/2014a\/04\/51\/05.jpg","http:\/\/mm.howkuai.com\/wp-content\/uploads\/2014a\/04\/51\/06.jpg","http:\/\/mm.howkuai.com\/wp-content\/uploads\/2014a\/04\/51\/07.jpg"]},{"plaintext":"\u7cbe\u81f4\u7f8e\u5973\uff0c\u5e73\u9762\u6a21\u7279\u513f\u9ad8\u516e\u598d\u56fe\u7247","href":"http:\/\/www.meizitu.com\/a\/4187.html","pic_list":["http:\/\/mm.howkuai.com\/wp-content\/uploads\/2014a\/04\/49\/01.jpg","http:\/\/mm.howkuai.com\/wp-content\/uploads\/2014a\/04\/49\/02.jpg","http:\/\/mm.howkuai.com\/wp-content\/uploads\/2014a\/04\/49\/03.jpg","http:\/\/mm.howkuai.com\/wp-content\/uploads\/2014a\/04\/49\/04.jpg","http:\/\/mm.howkuai.com\/wp-content\/uploads\/2014a\/04\/49\/05.jpg","http:\/\/mm.howkuai.com\/wp-content\/uploads\/2014a\/04\/49\/06.jpg"]},{"plaintext":"\u9b4f\u6c50\u7457\u6700\u65b0\u5199\u771f\uff0c\u5927\u79c0\u5f02\u57df\u98ce\u60c5","href":"http:\/\/www.meizitu.com\/a\/4186.html","pic_list":["http:\/\/mm.howkuai.com\/wp-content\/uploads\/2014a\/04\/48\/01.jpg","http:\/\/mm.howkuai.com\/wp-content\/uploads\/2014a\/04\/48\/02.jpg","http:\/\/mm.howkuai.com\/wp-content\/uploads\/2014a\/04\/48\/03.jpg","http:\/\/mm.howkuai.com\/wp-content\/uploads\/2014a\/04\/48\/04.jpg","http:\/\/mm.howkuai.com\/wp-content\/uploads\/2014a\/04\/48\/05.jpg","http:\/\/mm.howkuai.com\/wp-content\/uploads\/2014a\/04\/48\/06.jpg"]},{"plaintext":"\u4e2a\u4e2a\u90fd\u7edd\u8272\uff0c\u6b27\u7f8e\u8d85\u68d2\u8eab\u6750\u7684\u6a21\u7279","href":"http:\/\/www.meizitu.com\/a\/4185.html","pic_list":["http:\/\/mm.howkuai.com\/wp-content\/uploads\/2014a\/04\/47\/01.jpg","http:\/\/mm.howkuai.com\/wp-content\/uploads\/2014a\/04\/47\/02.jpg","http:\/\/mm.howkuai.com\/wp-content\/uploads\/2014a\/04\/47\/03.jpg","http:\/\/mm.howkuai.com\/wp-content\/uploads\/2014a\/04\/47\/04.jpg","http:\/\/mm.howkuai.com\/wp-content\/uploads\/2014a\/04\/47\/05.jpg","http:\/\/mm.howkuai.com\/wp-content\/uploads\/2014a\/04\/47\/06.jpg","http:\/\/mm.howkuai.com\/wp-content\/uploads\/2014a\/04\/47\/07.jpg","http:\/\/mm.howkuai.com\/wp-content\/uploads\/2014a\/04\/47\/08.jpg","http:\/\/mm.howkuai.com\/wp-content\/uploads\/2014a\/04\/47\/09.jpg","http:\/\/mm.howkuai.com\/wp-content\/uploads\/2014a\/04\/47\/10.jpg","http:\/\/mm.howkuai.com\/wp-content\/uploads\/2014a\/04\/47\/11.jpg","http:\/\/mm.howkuai.com\/wp-content\/uploads\/2014a\/04\/47\/12.jpg"]},{"plaintext":"\u7cbe\u96d5\u7ec6\u7422\uff0c\u6c14\u8d28\u6df7\u8840\u7f8e\u5973\u6a21\u7279","href":"http:\/\/www.meizitu.com\/a\/4184.html","pic_list":["http:\/\/mm.howkuai.com\/wp-content\/uploads\/2014a\/04\/46\/01.jpg","http:\/\/mm.howkuai.com\/wp-content\/uploads\/2014a\/04\/46\/02.jpg","http:\/\/mm.howkuai.com\/wp-content\/uploads\/2014a\/04\/46\/03.jpg","http:\/\/mm.howkuai.com\/wp-content\/uploads\/2014a\/04\/46\/04.jpg","http:\/\/mm.howkuai.com\/wp-content\/uploads\/2014a\/04\/46\/05.jpg","http:\/\/mm.howkuai.com\/wp-content\/uploads\/2014a\/04\/46\/06.jpg","http:\/\/mm.howkuai.com\/wp-content\/uploads\/2014a\/04\/46\/07.jpg"]},{"plaintext":"\u957f\u76f8\u751c\u7f8e\u7684\u53ef\u7231\u841d\u8389\u7eaa\u6b23\u59a4\u81ea\u62cd\u7167","href":"http:\/\/www.meizitu.com\/a\/4183.html","pic_list":["http:\/\/mm.howkuai.com\/wp-content\/uploads\/2014a\/04\/45\/01.jpg","http:\/\/mm.howkuai.com\/wp-content\/uploads\/2014a\/04\/45\/02.jpg","http:\/\/mm.howkuai.com\/wp-content\/uploads\/2014a\/04\/45\/03.jpg","http:\/\/mm.howkuai.com\/wp-content\/uploads\/2014a\/04\/45\/04.jpg","http:\/\/mm.howkuai.com\/wp-content\/uploads\/2014a\/04\/45\/05.jpg","http:\/\/mm.howkuai.com\/wp-content\/uploads\/2014a\/04\/45\/06.jpg","http:\/\/mm.howkuai.com\/wp-content\/uploads\/2014a\/04\/45\/07.jpg","http:\/\/mm.howkuai.com\/wp-content\/uploads\/2014a\/04\/45\/08.jpg","http:\/\/mm.howkuai.com\/wp-content\/uploads\/2014a\/04\/45\/09.jpg"]},{"plaintext":"\u53cc\u77b3\u526a\u6c34\uff0c90\u5019\u8d85\u597d\u770b\u7684\u7f8e\u4e73\u6b63\u59b9","href":"http:\/\/www.meizitu.com\/a\/4182.html","pic_list":["http:\/\/mm.howkuai.com\/wp-content\/uploads\/2014a\/04\/44\/01.jpg","http:\/\/mm.howkuai.com\/wp-content\/uploads\/2014a\/04\/44\/02.jpg","http:\/\/mm.howkuai.com\/wp-content\/uploads\/2014a\/04\/44\/03.jpg","http:\/\/mm.howkuai.com\/wp-content\/uploads\/2014a\/04\/44\/04.jpg","http:\/\/mm.howkuai.com\/wp-content\/uploads\/2014a\/04\/44\/05.jpg","http:\/\/mm.howkuai.com\/wp-content\/uploads\/2014a\/04\/44\/06.jpg","http:\/\/mm.howkuai.com\/wp-content\/uploads\/2014a\/04\/44\/07.jpg","http:\/\/mm.howkuai.com\/wp-content\/uploads\/2014a\/04\/44\/08.jpg"]},{"plaintext":"\u7c89\u8863E\u5976\u7f8e\u5973\u9707\u60ca\u56db\u5ea7","href":"http:\/\/www.meizitu.com\/a\/4181.html","pic_list":["http:\/\/mm.howkuai.com\/wp-content\/uploads\/2014a\/04\/43\/01.jpg","http:\/\/mm.howkuai.com\/wp-content\/uploads\/2014a\/04\/43\/02.jpg","http:\/\/mm.howkuai.com\/wp-content\/uploads\/2014a\/04\/43\/03.jpg","http:\/\/mm.howkuai.com\/wp-content\/uploads\/2014a\/04\/43\/04.jpg","http:\/\/mm.howkuai.com\/wp-content\/uploads\/2014a\/04\/43\/05.jpg","http:\/\/mm.howkuai.com\/wp-content\/uploads\/2014a\/04\/43\/06.jpg","http:\/\/mm.howkuai.com\/wp-content\/uploads\/2014a\/04\/43\/07.jpg"]},{"plaintext":"\u6027\u611f\u7f8e\u5973\u6c99\u6ee9\u5199\u771f\uff0c\u900f\u7740\u4e00\u4e1d\u4e1d\u53ef\u7231\u7684\u5c0f\u4fcf\u76ae","href":"http:\/\/www.meizitu.com\/a\/4180.html","pic_list":["http:\/\/mm.howkuai.com\/wp-content\/uploads\/2014a\/04\/42\/01.jpg","http:\/\/mm.howkuai.com\/wp-content\/uploads\/2014a\/04\/42\/02.jpg","http:\/\/mm.howkuai.com\/wp-content\/uploads\/2014a\/04\/42\/03.jpg","http:\/\/mm.howkuai.com\/wp-content\/uploads\/2014a\/04\/42\/04.jpg","http:\/\/mm.howkuai.com\/wp-content\/uploads\/2014a\/04\/42\/05.jpg","http:\/\/mm.howkuai.com\/wp-content\/uploads\/2014a\/04\/42\/06.jpg","http:\/\/mm.howkuai.com\/wp-content\/uploads\/2014a\/04\/42\/07.jpg","http:\/\/mm.howkuai.com\/wp-content\/uploads\/2014a\/04\/42\/08.jpg"]},{"plaintext":"\u6709\u5982\u6b64\u6027\u611f\u7684\u62a4\u58eb\uff0c\u6253\u9488\u4e00\u5b9a\u4e0d\u75db","href":"http:\/\/www.meizitu.com\/a\/4179.html","pic_list":["http:\/\/mm.howkuai.com\/wp-content\/uploads\/2014a\/04\/41\/01.jpg","http:\/\/mm.howkuai.com\/wp-content\/uploads\/2014a\/04\/41\/02.jpg","http:\/\/mm.howkuai.com\/wp-content\/uploads\/2014a\/04\/41\/03.jpg","http:\/\/mm.howkuai.com\/wp-content\/uploads\/2014a\/04\/41\/04.jpg","http:\/\/mm.howkuai.com\/wp-content\/uploads\/2014a\/04\/41\/05.jpg","http:\/\/mm.howkuai.com\/wp-content\/uploads\/2014a\/04\/41\/06.jpg","http:\/\/mm.howkuai.com\/wp-content\/uploads\/2014a\/04\/41\/07.jpg"]},{"plaintext":"\u6700\u6f02\u4eae\u7684\u8f66\u6a21\u7cfb\u5217\uff0c\u56de\u5f52\u8f66\u5c55\u672c\u8272","href":"http:\/\/www.meizitu.com\/a\/4178.html","pic_list":["http:\/\/mm.howkuai.com\/wp-content\/uploads\/2014a\/04\/40\/01.jpg","http:\/\/mm.howkuai.com\/wp-content\/uploads\/2014a\/04\/40\/02.jpg","http:\/\/mm.howkuai.com\/wp-content\/uploads\/2014a\/04\/40\/03.jpg","http:\/\/mm.howkuai.com\/wp-content\/uploads\/2014a\/04\/40\/04.jpg","http:\/\/mm.howkuai.com\/wp-content\/uploads\/2014a\/04\/40\/05.jpg","http:\/\/mm.howkuai.com\/wp-content\/uploads\/2014a\/04\/40\/06.jpg","http:\/\/mm.howkuai.com\/wp-content\/uploads\/2014a\/04\/40\/07.jpg","http:\/\/mm.howkuai.com\/wp-content\/uploads\/2014a\/04\/40\/08.jpg","http:\/\/mm.howkuai.com\/wp-content\/uploads\/2014a\/04\/40\/09.jpg"]},{"plaintext":"\u751c\u5230\u4f60\u7684\u5fc3\u574e\uff0c\u6e05\u7eaf\u59b9\u5b50\u5408\u96c6","href":"http:\/\/www.meizitu.com\/a\/4177.html","pic_list":["http:\/\/mm.howkuai.com\/wp-content\/uploads\/2014a\/04\/39\/01.jpg","http:\/\/mm.howkuai.com\/wp-content\/uploads\/2014a\/04\/39\/02.jpg","http:\/\/mm.howkuai.com\/wp-content\/uploads\/2014a\/04\/39\/03.jpg","http:\/\/mm.howkuai.com\/wp-content\/uploads\/2014a\/04\/39\/04.jpg","http:\/\/mm.howkuai.com\/wp-content\/uploads\/2014a\/04\/39\/05.jpg","http:\/\/mm.howkuai.com\/wp-content\/uploads\/2014a\/04\/39\/06.jpg","http:\/\/mm.howkuai.com\/wp-content\/uploads\/2014a\/04\/39\/07.jpg","http:\/\/mm.howkuai.com\/wp-content\/uploads\/2014a\/04\/39\/08.jpg","http:\/\/mm.howkuai.com\/wp-content\/uploads\/2014a\/04\/39\/09.jpg","http:\/\/mm.howkuai.com\/wp-content\/uploads\/2014a\/04\/39\/10.jpg","http:\/\/mm.howkuai.com\/wp-content\/uploads\/2014a\/04\/39\/11.jpg"]},{"plaintext":"\u5b81\u9759\u7684\u590f\u5929\uff0c\u53ef\u7231\u77ed\u53d1\u7d20\u989c\u5973\u751f","href":"http:\/\/www.meizitu.com\/a\/4176.html","pic_list":["http:\/\/mm.howkuai.com\/wp-content\/uploads\/2014a\/04\/38\/01.jpg","http:\/\/mm.howkuai.com\/wp-content\/uploads\/2014a\/04\/38\/02.jpg","http:\/\/mm.howkuai.com\/wp-content\/uploads\/2014a\/04\/38\/03.jpg","http:\/\/mm.howkuai.com\/wp-content\/uploads\/2014a\/04\/38\/04.jpg","http:\/\/mm.howkuai.com\/wp-content\/uploads\/2014a\/04\/38\/05.jpg","http:\/\/mm.howkuai.com\/wp-content\/uploads\/2014a\/04\/38\/06.jpg"]},{"plaintext":"\u6a21\u7279\u590f\u5c0f\u8587\u5728\u9633\u5149\u666e\u5409\u5c9b\u7684\u5199\u610f\u751f\u6d3b","href":"http:\/\/www.meizitu.com\/a\/4175.html","pic_list":["http:\/\/mm.howkuai.com\/wp-content\/uploads\/2014a\/04\/37\/01.jpg","http:\/\/mm.howkuai.com\/wp-content\/uploads\/2014a\/04\/37\/02.jpg","http:\/\/mm.howkuai.com\/wp-content\/uploads\/2014a\/04\/37\/03.jpg","http:\/\/mm.howkuai.com\/wp-content\/uploads\/2014a\/04\/37\/04.jpg","http:\/\/mm.howkuai.com\/wp-content\/uploads\/2014a\/04\/37\/05.jpg","http:\/\/mm.howkuai.com\/wp-content\/uploads\/2014a\/04\/37\/06.jpg","http:\/\/mm.howkuai.com\/wp-content\/uploads\/2014a\/04\/37\/07.jpg","http:\/\/mm.howkuai.com\/wp-content\/uploads\/2014a\/04\/37\/08.jpg"]},{"plaintext":"\u82b1\u5b63\uff0c\u8d85\u6f02\u4eae\u7684\u6e05\u7eaf\u6c14\u8d28\u7f8e\u5973","href":"http:\/\/www.meizitu.com\/a\/4174.html","pic_list":["http:\/\/mm.howkuai.com\/wp-content\/uploads\/2014a\/04\/36\/01.jpg","http:\/\/mm.howkuai.com\/wp-content\/uploads\/2014a\/04\/36\/02.jpg","http:\/\/mm.howkuai.com\/wp-content\/uploads\/2014a\/04\/36\/03.jpg","http:\/\/mm.howkuai.com\/wp-content\/uploads\/2014a\/04\/36\/04.jpg","http:\/\/mm.howkuai.com\/wp-content\/uploads\/2014a\/04\/36\/05.jpg","http:\/\/mm.howkuai.com\/wp-content\/uploads\/2014a\/04\/36\/06.jpg"]},{"plaintext":"\u5927\u773c\u767d\u9886\u7f8e\u5973\u77ed\u70ed\u88e4\u81ea\u62cd","href":"http:\/\/www.meizitu.com\/a\/4173.html","pic_list":["http:\/\/mm.howkuai.com\/wp-content\/uploads\/2014a\/04\/35\/01.jpg","http:\/\/mm.howkuai.com\/wp-content\/uploads\/2014a\/04\/35\/02.jpg","http:\/\/mm.howkuai.com\/wp-content\/uploads\/2014a\/04\/35\/03.jpg","http:\/\/mm.howkuai.com\/wp-content\/uploads\/2014a\/04\/35\/04.jpg","http:\/\/mm.howkuai.com\/wp-content\/uploads\/2014a\/04\/35\/05.jpg","http:\/\/mm.howkuai.com\/wp-content\/uploads\/2014a\/04\/35\/06.jpg","http:\/\/mm.howkuai.com\/wp-content\/uploads\/2014a\/04\/35\/07.jpg","http:\/\/mm.howkuai.com\/wp-content\/uploads\/2014a\/04\/35\/08.jpg","http:\/\/mm.howkuai.com\/wp-content\/uploads\/2014a\/04\/35\/09.jpg","http:\/\/mm.howkuai.com\/wp-content\/uploads\/2014a\/04\/35\/10.jpg"]},{"plaintext":"\u6e05\u6c34\u51fa\u8299\u84c9\uff0c\u6e05\u7eaf\u7684\u6cbb\u6108\u7cfb\u7f8e\u5973\u56fe\u7247","href":"http:\/\/www.meizitu.com\/a\/4172.html","pic_list":["http:\/\/mm.howkuai.com\/wp-content\/uploads\/2014a\/04\/34\/01.jpg","http:\/\/mm.howkuai.com\/wp-content\/uploads\/2014a\/04\/34\/02.jpg","http:\/\/mm.howkuai.com\/wp-content\/uploads\/2014a\/04\/34\/03.jpg","http:\/\/mm.howkuai.com\/wp-content\/uploads\/2014a\/04\/34\/04.jpg","http:\/\/mm.howkuai.com\/wp-content\/uploads\/2014a\/04\/34\/05.jpg","http:\/\/mm.howkuai.com\/wp-content\/uploads\/2014a\/04\/34\/06.jpg","http:\/\/mm.howkuai.com\/wp-content\/uploads\/2014a\/04\/34\/07.jpg","http:\/\/mm.howkuai.com\/wp-content\/uploads\/2014a\/04\/34\/08.jpg"]}]