[{"plaintext":"\u53ef\u7231\u5973\u795e\u4e0e\u841d\u8389\uff0c\u7b2c\u4e8c\u6ce2\u300a\u5c0f\u4ed9\u5973\u4e0e\u5c0f\u82f9\u679c\u300b","href":"http:\/\/www.meizitu.com\/a\/4324.html","pic_list":["http:\/\/mm.howkuai.com\/wp-content\/uploads\/2014a\/07\/09\/01.jpg","http:\/\/mm.howkuai.com\/wp-content\/uploads\/2014a\/07\/09\/02.jpg","http:\/\/mm.howkuai.com\/wp-content\/uploads\/2014a\/07\/09\/03.jpg","http:\/\/mm.howkuai.com\/wp-content\/uploads\/2014a\/07\/09\/04.jpg","http:\/\/mm.howkuai.com\/wp-content\/uploads\/2014a\/07\/09\/05.jpg","http:\/\/mm.howkuai.com\/wp-content\/uploads\/2014a\/07\/09\/06.jpg","http:\/\/mm.howkuai.com\/wp-content\/uploads\/2014a\/07\/09\/07.jpg","http:\/\/mm.howkuai.com\/wp-content\/uploads\/2014a\/07\/09\/08.jpg"]},{"plaintext":"\u67d4\u7f8e\u98d8\u9038\uff0c\u5929\u771f\u65e0\u90aa\u7684\u5973\u5b69\u5728\u68ee\u6797\u4e2d","href":"http:\/\/www.meizitu.com\/a\/4323.html","pic_list":["http:\/\/mm.howkuai.com\/wp-content\/uploads\/2014a\/07\/08\/01.jpg","http:\/\/mm.howkuai.com\/wp-content\/uploads\/2014a\/07\/08\/02.jpg","http:\/\/mm.howkuai.com\/wp-content\/uploads\/2014a\/07\/08\/03.jpg","http:\/\/mm.howkuai.com\/wp-content\/uploads\/2014a\/07\/08\/04.jpg","http:\/\/mm.howkuai.com\/wp-content\/uploads\/2014a\/07\/08\/05.jpg","http:\/\/mm.howkuai.com\/wp-content\/uploads\/2014a\/07\/08\/06.jpg"]},{"plaintext":"\u5a07\u5ae9\u4e30\u76c8\uff0c\u6e05\u65b0\u7f8e\u817f\u59b9\u5b50\u6b23\u8d4f\uff08\u4e8c\uff09","href":"http:\/\/www.meizitu.com\/a\/4322.html","pic_list":["http:\/\/mm.howkuai.com\/wp-content\/uploads\/2014a\/07\/07\/01.jpg","http:\/\/mm.howkuai.com\/wp-content\/uploads\/2014a\/07\/07\/02.jpg","http:\/\/mm.howkuai.com\/wp-content\/uploads\/2014a\/07\/07\/03.jpg","http:\/\/mm.howkuai.com\/wp-content\/uploads\/2014a\/07\/07\/04.jpg","http:\/\/mm.howkuai.com\/wp-content\/uploads\/2014a\/07\/07\/05.jpg","http:\/\/mm.howkuai.com\/wp-content\/uploads\/2014a\/07\/07\/06.jpg","http:\/\/mm.howkuai.com\/wp-content\/uploads\/2014a\/07\/07\/07.jpg"]},{"plaintext":"\u8d85\u7f8e\u5b66\u9738\u8fdb\u5316\u5f55\uff0c\u6bd5\u4e1a\u7167\u4e0a\u6f14\u9ad8\u96be\u5ea6\u59ff\u6001","href":"http:\/\/www.meizitu.com\/a\/4321.html","pic_list":["http:\/\/mm.howkuai.com\/wp-content\/uploads\/2014a\/07\/06\/01.jpg","http:\/\/mm.howkuai.com\/wp-content\/uploads\/2014a\/07\/06\/02.jpg","http:\/\/mm.howkuai.com\/wp-content\/uploads\/2014a\/07\/06\/03.jpg","http:\/\/mm.howkuai.com\/wp-content\/uploads\/2014a\/07\/06\/04.jpg","http:\/\/mm.howkuai.com\/wp-content\/uploads\/2014a\/07\/06\/05.jpg","http:\/\/mm.howkuai.com\/wp-content\/uploads\/2014a\/07\/06\/06.jpg","http:\/\/mm.howkuai.com\/wp-content\/uploads\/2014a\/07\/06\/07.jpg"]},{"plaintext":"\u957f\u817f\u59b9\u7eb8\u590f\u65e5\u91cc\u7684\u4e00\u62b9\u6e05\u51c9","href":"http:\/\/www.meizitu.com\/a\/4320.html","pic_list":["http:\/\/mm.howkuai.com\/wp-content\/uploads\/2014a\/07\/05\/01.jpg","http:\/\/mm.howkuai.com\/wp-content\/uploads\/2014a\/07\/05\/02.jpg","http:\/\/mm.howkuai.com\/wp-content\/uploads\/2014a\/07\/05\/03.jpg","http:\/\/mm.howkuai.com\/wp-content\/uploads\/2014a\/07\/05\/04.jpg","http:\/\/mm.howkuai.com\/wp-content\/uploads\/2014a\/07\/05\/05.jpg"]},{"plaintext":"\u4e30\u6ee1\u6f02\u4eae\u7684\u5df4\u897f\u4e16\u754c\u676f\u8db3\u7403\u5b9d\u8d1d","href":"http:\/\/www.meizitu.com\/a\/4319.html","pic_list":["http:\/\/mm.howkuai.com\/wp-content\/uploads\/2014a\/07\/04\/01.jpg","http:\/\/mm.howkuai.com\/wp-content\/uploads\/2014a\/07\/04\/02.jpg","http:\/\/mm.howkuai.com\/wp-content\/uploads\/2014a\/07\/04\/03.jpg","http:\/\/mm.howkuai.com\/wp-content\/uploads\/2014a\/07\/04\/04.jpg","http:\/\/mm.howkuai.com\/wp-content\/uploads\/2014a\/07\/04\/05.jpg"]},{"plaintext":"\u7f8e\u5446\u4e86\u7684Slam Dunk\uff0c\u9633\u5149\u7f8e\u5c11\u5973\u7684\u7bee\u7403\u60c5\u8282","href":"http:\/\/www.meizitu.com\/a\/4318.html","pic_list":["http:\/\/mm.howkuai.com\/wp-content\/uploads\/2014a\/07\/03\/01.jpg","http:\/\/mm.howkuai.com\/wp-content\/uploads\/2014a\/07\/03\/02.jpg","http:\/\/mm.howkuai.com\/wp-content\/uploads\/2014a\/07\/03\/03.jpg","http:\/\/mm.howkuai.com\/wp-content\/uploads\/2014a\/07\/03\/04.jpg","http:\/\/mm.howkuai.com\/wp-content\/uploads\/2014a\/07\/03\/05.jpg","http:\/\/mm.howkuai.com\/wp-content\/uploads\/2014a\/07\/03\/06.jpg","http:\/\/mm.howkuai.com\/wp-content\/uploads\/2014a\/07\/03\/07.jpg","http:\/\/mm.howkuai.com\/wp-content\/uploads\/2014a\/07\/03\/08.jpg"]},{"plaintext":"\u6d51\u8eab\u90fd\u662f\u9b54\u529b\uff0c\u8ba9\u4eba\u96be\u4ee5\u6297\u62d2\u7684\u8f66\u5c55\u5973\u795e","href":"http:\/\/www.meizitu.com\/a\/4317.html","pic_list":["http:\/\/mm.howkuai.com\/wp-content\/uploads\/2014a\/07\/02\/01.jpg","http:\/\/mm.howkuai.com\/wp-content\/uploads\/2014a\/07\/02\/02.jpg","http:\/\/mm.howkuai.com\/wp-content\/uploads\/2014a\/07\/02\/03.jpg","http:\/\/mm.howkuai.com\/wp-content\/uploads\/2014a\/07\/02\/04.jpg","http:\/\/mm.howkuai.com\/wp-content\/uploads\/2014a\/07\/02\/05.jpg","http:\/\/mm.howkuai.com\/wp-content\/uploads\/2014a\/07\/02\/06.jpg","http:\/\/mm.howkuai.com\/wp-content\/uploads\/2014a\/07\/02\/07.jpg"]},{"plaintext":"\u65e5\u843d\u7684\u4f59\u6656\uff0c\u6811\u836b\u4e0b\u4f60\u8ff7\u4eba\u7684\u7b11\u8138","href":"http:\/\/www.meizitu.com\/a\/4316.html","pic_list":["http:\/\/mm.howkuai.com\/wp-content\/uploads\/2014a\/07\/01\/01.jpg","http:\/\/mm.howkuai.com\/wp-content\/uploads\/2014a\/07\/01\/02.jpg","http:\/\/mm.howkuai.com\/wp-content\/uploads\/2014a\/07\/01\/03.jpg","http:\/\/mm.howkuai.com\/wp-content\/uploads\/2014a\/07\/01\/04.jpg","http:\/\/mm.howkuai.com\/wp-content\/uploads\/2014a\/07\/01\/05.jpg","http:\/\/mm.howkuai.com\/wp-content\/uploads\/2014a\/07\/01\/06.jpg","http:\/\/mm.howkuai.com\/wp-content\/uploads\/2014a\/07\/01\/07.jpg"]},{"plaintext":"\u6f02\u4eae\u6a21\u7279\u5728\u6e29\u6cc9\u4eab\u53d7\u96be\u5f97\u7684\u5b81\u9759","href":"http:\/\/www.meizitu.com\/a\/4314.html","pic_list":["http:\/\/mm.howkuai.com\/wp-content\/uploads\/2014a\/06\/66\/01.jpg","http:\/\/mm.howkuai.com\/wp-content\/uploads\/2014a\/06\/66\/02.jpg","http:\/\/mm.howkuai.com\/wp-content\/uploads\/2014a\/06\/66\/03.jpg","http:\/\/mm.howkuai.com\/wp-content\/uploads\/2014a\/06\/66\/04.jpg","http:\/\/mm.howkuai.com\/wp-content\/uploads\/2014a\/06\/66\/05.jpg","http:\/\/mm.howkuai.com\/wp-content\/uploads\/2014a\/06\/66\/06.jpg"]},{"plaintext":"\u9ed1\u5929\u9e45\u516c\u4e3b\uff0c\u683c\u857e\u4e1d\u7684\u68a6\u5883","href":"http:\/\/www.meizitu.com\/a\/4313.html","pic_list":["http:\/\/mm.howkuai.com\/wp-content\/uploads\/2014a\/06\/65\/01.jpg","http:\/\/mm.howkuai.com\/wp-content\/uploads\/2014a\/06\/65\/02.jpg","http:\/\/mm.howkuai.com\/wp-content\/uploads\/2014a\/06\/65\/03.jpg","http:\/\/mm.howkuai.com\/wp-content\/uploads\/2014a\/06\/65\/04.jpg","http:\/\/mm.howkuai.com\/wp-content\/uploads\/2014a\/06\/65\/05.jpg"]},{"plaintext":"\u56de\u7738\u4e00\u7b11\u767e\u9b45\u751f\uff0c\u59b9\u5b50\u53ef\u7231\u7684\u5c0f\u9152\u7a9d","href":"http:\/\/www.meizitu.com\/a\/4312.html","pic_list":["http:\/\/mm.howkuai.com\/wp-content\/uploads\/2014a\/06\/64\/01.jpg","http:\/\/mm.howkuai.com\/wp-content\/uploads\/2014a\/06\/64\/02.jpg","http:\/\/mm.howkuai.com\/wp-content\/uploads\/2014a\/06\/64\/03.jpg","http:\/\/mm.howkuai.com\/wp-content\/uploads\/2014a\/06\/64\/04.jpg","http:\/\/mm.howkuai.com\/wp-content\/uploads\/2014a\/06\/64\/05.jpg","http:\/\/mm.howkuai.com\/wp-content\/uploads\/2014a\/06\/64\/06.jpg"]},{"plaintext":"\u5178\u96c5\u5e84\u91cd\uff0c\u6709\u660e\u661f\u6c14\u8d28\u7684\u7edd\u8272\u4f73\u4eba","href":"http:\/\/www.meizitu.com\/a\/4311.html","pic_list":["http:\/\/mm.howkuai.com\/wp-content\/uploads\/2014a\/06\/63\/01.jpg","http:\/\/mm.howkuai.com\/wp-content\/uploads\/2014a\/06\/63\/02.jpg","http:\/\/mm.howkuai.com\/wp-content\/uploads\/2014a\/06\/63\/03.jpg","http:\/\/mm.howkuai.com\/wp-content\/uploads\/2014a\/06\/63\/04.jpg"]},{"plaintext":"[\u4f53\u64cd\u670d]\u9752\u6625\u6d0b\u6ea2\u70ed\u7231\u8fd0\u52a8\u768495\u540e\u59b9\u7eb8","href":"http:\/\/www.meizitu.com\/a\/4310.html","pic_list":["http:\/\/mm.howkuai.com\/wp-content\/uploads\/2014a\/06\/62\/01.jpg","http:\/\/mm.howkuai.com\/wp-content\/uploads\/2014a\/06\/62\/02.jpg","http:\/\/mm.howkuai.com\/wp-content\/uploads\/2014a\/06\/62\/03.jpg","http:\/\/mm.howkuai.com\/wp-content\/uploads\/2014a\/06\/62\/04.jpg","http:\/\/mm.howkuai.com\/wp-content\/uploads\/2014a\/06\/62\/05.jpg","http:\/\/mm.howkuai.com\/wp-content\/uploads\/2014a\/06\/62\/06.jpg","http:\/\/mm.howkuai.com\/wp-content\/uploads\/2014a\/06\/62\/07.jpg","http:\/\/mm.howkuai.com\/wp-content\/uploads\/2014a\/06\/62\/08.jpg"]},{"plaintext":"\u9752\u6625\u6cf3\u88c5\u6b63\u59b9\uff0c\u5e26\u4f60\u4eab\u53d7\u6e05\u51c9\u4e00\u590f","href":"http:\/\/www.meizitu.com\/a\/4309.html","pic_list":["http:\/\/mm.howkuai.com\/wp-content\/uploads\/2014a\/06\/61\/01.jpg","http:\/\/mm.howkuai.com\/wp-content\/uploads\/2014a\/06\/61\/02.jpg","http:\/\/mm.howkuai.com\/wp-content\/uploads\/2014a\/06\/61\/03.jpg","http:\/\/mm.howkuai.com\/wp-content\/uploads\/2014a\/06\/61\/04.jpg","http:\/\/mm.howkuai.com\/wp-content\/uploads\/2014a\/06\/61\/05.jpg","http:\/\/mm.howkuai.com\/wp-content\/uploads\/2014a\/06\/61\/06.jpg","http:\/\/mm.howkuai.com\/wp-content\/uploads\/2014a\/06\/61\/07.jpg","http:\/\/mm.howkuai.com\/wp-content\/uploads\/2014a\/06\/61\/08.jpg"]},{"plaintext":"[\u7d20\u4eba]\u957f\u53d1\u7f8e\u5973\u99a8\u513f\u5468\u672b\u7684\u9e93\u5c71\u6c81\u56ed\u6e38","href":"http:\/\/www.meizitu.com\/a\/4308.html","pic_list":["http:\/\/mm.howkuai.com\/wp-content\/uploads\/2014a\/06\/60\/01.jpg","http:\/\/mm.howkuai.com\/wp-content\/uploads\/2014a\/06\/60\/02.jpg","http:\/\/mm.howkuai.com\/wp-content\/uploads\/2014a\/06\/60\/03.jpg","http:\/\/mm.howkuai.com\/wp-content\/uploads\/2014a\/06\/60\/04.jpg","http:\/\/mm.howkuai.com\/wp-content\/uploads\/2014a\/06\/60\/05.jpg","http:\/\/mm.howkuai.com\/wp-content\/uploads\/2014a\/06\/60\/06.jpg","http:\/\/mm.howkuai.com\/wp-content\/uploads\/2014a\/06\/60\/07.jpg"]},{"plaintext":"\u8138\u82e5\u94f6\u76d8,\u773c\u4f3c\u6c34\u674f\uff0c\u4e30\u6ee1\u7684\u7f8e\u80f8\u7f8e\u5973","href":"http:\/\/www.meizitu.com\/a\/4307.html","pic_list":["http:\/\/mm.howkuai.com\/wp-content\/uploads\/2014a\/06\/59\/01.jpg","http:\/\/mm.howkuai.com\/wp-content\/uploads\/2014a\/06\/59\/02.jpg","http:\/\/mm.howkuai.com\/wp-content\/uploads\/2014a\/06\/59\/03.jpg","http:\/\/mm.howkuai.com\/wp-content\/uploads\/2014a\/06\/59\/04.jpg","http:\/\/mm.howkuai.com\/wp-content\/uploads\/2014a\/06\/59\/05.jpg"]},{"plaintext":"\u9752\u6625\u59b9\u5b50\u6709\u7740\u7ec6\u5ae9\u808c\u80a4\uff0c\u9752\u6625\u4e0d\u9700\u8981\u63a9\u9970","href":"http:\/\/www.meizitu.com\/a\/4306.html","pic_list":["http:\/\/mm.howkuai.com\/wp-content\/uploads\/2014a\/06\/58\/01.jpg","http:\/\/mm.howkuai.com\/wp-content\/uploads\/2014a\/06\/58\/02.jpg","http:\/\/mm.howkuai.com\/wp-content\/uploads\/2014a\/06\/58\/03.jpg","http:\/\/mm.howkuai.com\/wp-content\/uploads\/2014a\/06\/58\/04.jpg","http:\/\/mm.howkuai.com\/wp-content\/uploads\/2014a\/06\/58\/05.jpg","http:\/\/mm.howkuai.com\/wp-content\/uploads\/2014a\/06\/58\/06.jpg","http:\/\/mm.howkuai.com\/wp-content\/uploads\/2014a\/06\/58\/07.jpg"]},{"plaintext":"\u6cbb\u6108\u7cfb\u59b9\u7eb8\uff0c\u590f\u65e5\u851a\u84dd\u7684\u5929\u7a7a\u53bb\u6253\u68d2\u7403","href":"http:\/\/www.meizitu.com\/a\/4305.html","pic_list":["http:\/\/mm.howkuai.com\/wp-content\/uploads\/2014a\/06\/57\/01.jpg","http:\/\/mm.howkuai.com\/wp-content\/uploads\/2014a\/06\/57\/02.jpg","http:\/\/mm.howkuai.com\/wp-content\/uploads\/2014a\/06\/57\/03.jpg","http:\/\/mm.howkuai.com\/wp-content\/uploads\/2014a\/06\/57\/04.jpg","http:\/\/mm.howkuai.com\/wp-content\/uploads\/2014a\/06\/57\/05.jpg","http:\/\/mm.howkuai.com\/wp-content\/uploads\/2014a\/06\/57\/06.jpg","http:\/\/mm.howkuai.com\/wp-content\/uploads\/2014a\/06\/57\/07.jpg","http:\/\/mm.howkuai.com\/wp-content\/uploads\/2014a\/06\/57\/08.jpg","http:\/\/mm.howkuai.com\/wp-content\/uploads\/2014a\/06\/57\/09.jpg"]},{"plaintext":"[\u5c0f\u6e05\u65b0]\u94fa\u5f00\u8bb0\u5fc6\u7684\u753b\u50cf\uff0c\u90a3\u662f\u4f60\u751c\u7f8e\u7684\u7b11\u5bb9","href":"http:\/\/www.meizitu.com\/a\/4304.html","pic_list":["http:\/\/mm.howkuai.com\/wp-content\/uploads\/2014a\/06\/56\/01.jpg","http:\/\/mm.howkuai.com\/wp-content\/uploads\/2014a\/06\/56\/02.jpg","http:\/\/mm.howkuai.com\/wp-content\/uploads\/2014a\/06\/56\/03.jpg","http:\/\/mm.howkuai.com\/wp-content\/uploads\/2014a\/06\/56\/04.jpg","http:\/\/mm.howkuai.com\/wp-content\/uploads\/2014a\/06\/56\/05.jpg","http:\/\/mm.howkuai.com\/wp-content\/uploads\/2014a\/06\/56\/06.jpg"]},{"plaintext":"\u65e5\u97e9\u7f8e\u5973\uff0c\u6f02\u4eae\u7684\u5c0f\u841d\u8389","href":"http:\/\/www.meizitu.com\/a\/4303.html","pic_list":["http:\/\/mm.howkuai.com\/wp-content\/uploads\/2014a\/06\/55\/01.jpg","http:\/\/mm.howkuai.com\/wp-content\/uploads\/2014a\/06\/55\/02.jpg","http:\/\/mm.howkuai.com\/wp-content\/uploads\/2014a\/06\/55\/03.jpg","http:\/\/mm.howkuai.com\/wp-content\/uploads\/2014a\/06\/55\/04.jpg","http:\/\/mm.howkuai.com\/wp-content\/uploads\/2014a\/06\/55\/05.jpg","http:\/\/mm.howkuai.com\/wp-content\/uploads\/2014a\/06\/55\/06.jpg"]},{"plaintext":"\u9ed1\u767d\u4eba\u50cf\uff0c\u6726\u80e7\u4e2d\u9690\u7ea6\u900f\u7740\u4e00\u80a1\u5c0f\u6027\u611f","href":"http:\/\/www.meizitu.com\/a\/4302.html","pic_list":["http:\/\/mm.howkuai.com\/wp-content\/uploads\/2014a\/06\/54\/01.jpg","http:\/\/mm.howkuai.com\/wp-content\/uploads\/2014a\/06\/54\/02.jpg","http:\/\/mm.howkuai.com\/wp-content\/uploads\/2014a\/06\/54\/03.jpg","http:\/\/mm.howkuai.com\/wp-content\/uploads\/2014a\/06\/54\/04.jpg","http:\/\/mm.howkuai.com\/wp-content\/uploads\/2014a\/06\/54\/05.jpg"]},{"plaintext":"\u5c11\u5973\u7684\u68a6\uff0c\u707f\u70c2\u7684\u5c0f\u5f69\u8679\u7684\u79d8\u5bc6\u82b1\u56ed","href":"http:\/\/www.meizitu.com\/a\/4301.html","pic_list":["http:\/\/mm.howkuai.com\/wp-content\/uploads\/2014a\/06\/53\/01.jpg","http:\/\/mm.howkuai.com\/wp-content\/uploads\/2014a\/06\/53\/02.jpg","http:\/\/mm.howkuai.com\/wp-content\/uploads\/2014a\/06\/53\/03.jpg","http:\/\/mm.howkuai.com\/wp-content\/uploads\/2014a\/06\/53\/04.jpg","http:\/\/mm.howkuai.com\/wp-content\/uploads\/2014a\/06\/53\/05.jpg","http:\/\/mm.howkuai.com\/wp-content\/uploads\/2014a\/06\/53\/06.jpg","http:\/\/mm.howkuai.com\/wp-content\/uploads\/2014a\/06\/53\/07.jpg"]},{"plaintext":"\u808c\u7406\u7ec6\u817b\u9aa8\u8089\u5300\uff0c\u68ee\u6797\u91cc\u7684\u767d\u7699\u59b9\u5b50","href":"http:\/\/www.meizitu.com\/a\/4300.html","pic_list":["http:\/\/mm.howkuai.com\/wp-content\/uploads\/2014a\/06\/52\/01.jpg","http:\/\/mm.howkuai.com\/wp-content\/uploads\/2014a\/06\/52\/02.jpg","http:\/\/mm.howkuai.com\/wp-content\/uploads\/2014a\/06\/52\/03.jpg","http:\/\/mm.howkuai.com\/wp-content\/uploads\/2014a\/06\/52\/04.jpg","http:\/\/mm.howkuai.com\/wp-content\/uploads\/2014a\/06\/52\/05.jpg","http:\/\/mm.howkuai.com\/wp-content\/uploads\/2014a\/06\/52\/06.jpg","http:\/\/mm.howkuai.com\/wp-content\/uploads\/2014a\/06\/52\/07.jpg","http:\/\/mm.howkuai.com\/wp-content\/uploads\/2014a\/06\/52\/08.jpg"]},{"plaintext":"\u6210\u719f\u8ff7\u4eba\u6a21\u7279\u97e9\u6615\u6021\u7684\u6027\u611f\u8db3\u7403\u68a6","href":"http:\/\/www.meizitu.com\/a\/4299.html","pic_list":["http:\/\/mm.howkuai.com\/wp-content\/uploads\/2014a\/06\/51\/01.jpg","http:\/\/mm.howkuai.com\/wp-content\/uploads\/2014a\/06\/51\/02.jpg","http:\/\/mm.howkuai.com\/wp-content\/uploads\/2014a\/06\/51\/03.jpg","http:\/\/mm.howkuai.com\/wp-content\/uploads\/2014a\/06\/51\/04.jpg","http:\/\/mm.howkuai.com\/wp-content\/uploads\/2014a\/06\/51\/05.jpg","http:\/\/mm.howkuai.com\/wp-content\/uploads\/2014a\/06\/51\/06.jpg"]},{"plaintext":"\u6bd5\u4e1a\u5728\u5373\uff0c\u6e05\u7eaf\u59b9\u7eb8\u7559\u604b\u6821\u56ed\u751f\u6d3b","href":"http:\/\/www.meizitu.com\/a\/4298.html","pic_list":["http:\/\/mm.howkuai.com\/wp-content\/uploads\/2014a\/06\/50\/01.jpg","http:\/\/mm.howkuai.com\/wp-content\/uploads\/2014a\/06\/50\/02.jpg","http:\/\/mm.howkuai.com\/wp-content\/uploads\/2014a\/06\/50\/03.jpg","http:\/\/mm.howkuai.com\/wp-content\/uploads\/2014a\/06\/50\/04.jpg","http:\/\/mm.howkuai.com\/wp-content\/uploads\/2014a\/06\/50\/05.jpg"]},{"plaintext":"\u6027\u611f\u5c0f\u86ee\u8170\u8db3\u7403\u5b9d\u8d1d\u4e3a\u4e16\u754c\u676f\u52a0\u6cb9","href":"http:\/\/www.meizitu.com\/a\/4297.html","pic_list":["http:\/\/mm.howkuai.com\/wp-content\/uploads\/2014a\/06\/49\/01.jpg","http:\/\/mm.howkuai.com\/wp-content\/uploads\/2014a\/06\/49\/02.jpg","http:\/\/mm.howkuai.com\/wp-content\/uploads\/2014a\/06\/49\/03.jpg","http:\/\/mm.howkuai.com\/wp-content\/uploads\/2014a\/06\/49\/04.jpg","http:\/\/mm.howkuai.com\/wp-content\/uploads\/2014a\/06\/49\/05.jpg","http:\/\/mm.howkuai.com\/wp-content\/uploads\/2014a\/06\/49\/06.jpg","http:\/\/mm.howkuai.com\/wp-content\/uploads\/2014a\/06\/49\/07.jpg","http:\/\/mm.howkuai.com\/wp-content\/uploads\/2014a\/06\/49\/08.jpg"]},{"plaintext":"\u6e05\u7eaf\u7684\u59b9\u59b9\u7528\u9165\u80f8\u548c\u5634\u5507\u5c55\u793a\u81ea\u5df1\u7684\u53e6\u5916\u4e00\u9762","href":"http:\/\/www.meizitu.com\/a\/4296.html","pic_list":["http:\/\/mm.howkuai.com\/wp-content\/uploads\/2014a\/06\/48\/01.jpg","http:\/\/mm.howkuai.com\/wp-content\/uploads\/2014a\/06\/48\/02.jpg","http:\/\/mm.howkuai.com\/wp-content\/uploads\/2014a\/06\/48\/03.jpg","http:\/\/mm.howkuai.com\/wp-content\/uploads\/2014a\/06\/48\/04.jpg","http:\/\/mm.howkuai.com\/wp-content\/uploads\/2014a\/06\/48\/05.jpg","http:\/\/mm.howkuai.com\/wp-content\/uploads\/2014a\/06\/48\/06.jpg"]},{"plaintext":"\u6e05\u7eaf\u5973\u5b69\uff0c\u7528\u6e05\u6f88\u89c1\u5e95\u7684\u773c\u795e\u6298\u670d\u4f60","href":"http:\/\/www.meizitu.com\/a\/4295.html","pic_list":["http:\/\/mm.howkuai.com\/wp-content\/uploads\/2014a\/06\/47\/01.jpg","http:\/\/mm.howkuai.com\/wp-content\/uploads\/2014a\/06\/47\/02.jpg","http:\/\/mm.howkuai.com\/wp-content\/uploads\/2014a\/06\/47\/03.jpg","http:\/\/mm.howkuai.com\/wp-content\/uploads\/2014a\/06\/47\/04.jpg","http:\/\/mm.howkuai.com\/wp-content\/uploads\/2014a\/06\/47\/05.jpg","http:\/\/mm.howkuai.com\/wp-content\/uploads\/2014a\/06\/47\/06.jpg","http:\/\/mm.howkuai.com\/wp-content\/uploads\/2014a\/06\/47\/07.jpg"]},{"plaintext":"\u8db3\u7403\u5b9d\u8d1d\uff0c\u6a21\u7279\u677e\u679c\u513f\u7684\u4e16\u754c\u676f","href":"http:\/\/www.meizitu.com\/a\/4294.html","pic_list":["http:\/\/mm.howkuai.com\/wp-content\/uploads\/2014a\/06\/46\/01.jpg","http:\/\/mm.howkuai.com\/wp-content\/uploads\/2014a\/06\/46\/02.jpg","http:\/\/mm.howkuai.com\/wp-content\/uploads\/2014a\/06\/46\/03.jpg","http:\/\/mm.howkuai.com\/wp-content\/uploads\/2014a\/06\/46\/04.jpg","http:\/\/mm.howkuai.com\/wp-content\/uploads\/2014a\/06\/46\/05.jpg","http:\/\/mm.howkuai.com\/wp-content\/uploads\/2014a\/06\/46\/06.jpg"]}]