[{"plaintext":"\u8f7b\u8f7b\u7684\u89e3\u5f00\u8f7b\u7eb1\uff0c\u7f8e\u5973\u7684\u8bf1\u4eba\u5c0f\u79c1\u623f","href":"http:\/\/www.meizitu.com\/a\/4602.html","pic_list":["http:\/\/mm.howkuai.com\/wp-content\/uploads\/2014a\/11\/10\/01.jpg","http:\/\/mm.howkuai.com\/wp-content\/uploads\/2014a\/11\/10\/02.jpg","http:\/\/mm.howkuai.com\/wp-content\/uploads\/2014a\/11\/10\/03.jpg","http:\/\/mm.howkuai.com\/wp-content\/uploads\/2014a\/11\/10\/04.jpg","http:\/\/mm.howkuai.com\/wp-content\/uploads\/2014a\/11\/10\/05.jpg","http:\/\/mm.howkuai.com\/wp-content\/uploads\/2014a\/11\/10\/06.jpg"]},{"plaintext":"\u5403\u8d27\u59b9\u5b50\u4e00\u679a\uff0c\u552f\u7f8e\u98df\u4e0d\u53ef\u8f9c\u8d1f","href":"http:\/\/www.meizitu.com\/a\/4601.html","pic_list":["http:\/\/mm.howkuai.com\/wp-content\/uploads\/2014a\/11\/09\/01.jpg","http:\/\/mm.howkuai.com\/wp-content\/uploads\/2014a\/11\/09\/02.jpg","http:\/\/mm.howkuai.com\/wp-content\/uploads\/2014a\/11\/09\/03.jpg","http:\/\/mm.howkuai.com\/wp-content\/uploads\/2014a\/11\/09\/04.jpg","http:\/\/mm.howkuai.com\/wp-content\/uploads\/2014a\/11\/09\/05.jpg","http:\/\/mm.howkuai.com\/wp-content\/uploads\/2014a\/11\/09\/06.jpg","http:\/\/mm.howkuai.com\/wp-content\/uploads\/2014a\/11\/09\/07.jpg","http:\/\/mm.howkuai.com\/wp-content\/uploads\/2014a\/11\/09\/08.jpg"]},{"plaintext":"\u6c99\u6ee9\u4e0a\u98ce\u666f\u7ebf\uff0c\u6027\u611f\u6cf3\u8863\u4e0e\u6346\u7ed1\u827a\u672f","href":"http:\/\/www.meizitu.com\/a\/4600.html","pic_list":["http:\/\/mm.howkuai.com\/wp-content\/uploads\/2014a\/11\/08\/01.jpg","http:\/\/mm.howkuai.com\/wp-content\/uploads\/2014a\/11\/08\/02.jpg","http:\/\/mm.howkuai.com\/wp-content\/uploads\/2014a\/11\/08\/03.jpg","http:\/\/mm.howkuai.com\/wp-content\/uploads\/2014a\/11\/08\/04.jpg","http:\/\/mm.howkuai.com\/wp-content\/uploads\/2014a\/11\/08\/05.jpg"]},{"plaintext":"\u5de8\u4e73\u6b63\u59b9\u7eee\u91cc\u5609ula\u6700\u65b0\u5199\u771f","href":"http:\/\/www.meizitu.com\/a\/4599.html","pic_list":["http:\/\/mm.howkuai.com\/wp-content\/uploads\/2014a\/11\/07\/01.jpg","http:\/\/mm.howkuai.com\/wp-content\/uploads\/2014a\/11\/07\/02.jpg","http:\/\/mm.howkuai.com\/wp-content\/uploads\/2014a\/11\/07\/03.jpg","http:\/\/mm.howkuai.com\/wp-content\/uploads\/2014a\/11\/07\/04.jpg","http:\/\/mm.howkuai.com\/wp-content\/uploads\/2014a\/11\/07\/05.jpg","http:\/\/mm.howkuai.com\/wp-content\/uploads\/2014a\/11\/07\/06.jpg"]},{"plaintext":"\u5fe7\u90c1\u7684\u6c14\u8d28\u7f8e\u7709\u3010\u827a\u672f\u751f\u7cfb\u5217\u3011\u4e4b\u5927\u5bfc\u6f14","href":"http:\/\/www.meizitu.com\/a\/4592.html","pic_list":["http:\/\/mm.howkuai.com\/wp-content\/uploads\/2014a\/11\/06\/01.jpg","http:\/\/mm.howkuai.com\/wp-content\/uploads\/2014a\/11\/06\/02.jpg","http:\/\/mm.howkuai.com\/wp-content\/uploads\/2014a\/11\/06\/03.jpg","http:\/\/mm.howkuai.com\/wp-content\/uploads\/2014a\/11\/06\/04.jpg","http:\/\/mm.howkuai.com\/wp-content\/uploads\/2014a\/11\/06\/05.jpg"]},{"plaintext":"\u8bf1\u4eba\u6b32\u6ef4\u7684\u7f8e\u4e73\uff0c\u6b27\u7f8e\u5185\u8863\u6a21\u7279\u6b23\u8d4f","href":"http:\/\/www.meizitu.com\/a\/4591.html","pic_list":["http:\/\/mm.howkuai.com\/wp-content\/uploads\/2014a\/11\/05\/01.jpg","http:\/\/mm.howkuai.com\/wp-content\/uploads\/2014a\/11\/05\/02.jpg","http:\/\/mm.howkuai.com\/wp-content\/uploads\/2014a\/11\/05\/03.jpg","http:\/\/mm.howkuai.com\/wp-content\/uploads\/2014a\/11\/05\/04.jpg","http:\/\/mm.howkuai.com\/wp-content\/uploads\/2014a\/11\/05\/05.jpg","http:\/\/mm.howkuai.com\/wp-content\/uploads\/2014a\/11\/05\/06.jpg","http:\/\/mm.howkuai.com\/wp-content\/uploads\/2014a\/11\/05\/07.jpg"]},{"plaintext":"\u51b7\u8273\u52a8\u4eba\u7684\u6cd5\u62c9\u5229\u6027\u611f\u8f66\u6a21lisa","href":"http:\/\/www.meizitu.com\/a\/4590.html","pic_list":["http:\/\/mm.howkuai.com\/wp-content\/uploads\/2014a\/11\/04\/01.jpg","http:\/\/mm.howkuai.com\/wp-content\/uploads\/2014a\/11\/04\/02.jpg","http:\/\/mm.howkuai.com\/wp-content\/uploads\/2014a\/11\/04\/03.jpg","http:\/\/mm.howkuai.com\/wp-content\/uploads\/2014a\/11\/04\/04.jpg","http:\/\/mm.howkuai.com\/wp-content\/uploads\/2014a\/11\/04\/05.jpg","http:\/\/mm.howkuai.com\/wp-content\/uploads\/2014a\/11\/04\/06.jpg"]},{"plaintext":"\u5343\u9065\u306e\u590f \u840c\u840c\u54d2\u5929\u7136\u5446\u5c11\u5973","href":"http:\/\/www.meizitu.com\/a\/4589.html","pic_list":["http:\/\/mm.howkuai.com\/wp-content\/uploads\/2014a\/11\/03\/01.jpg","http:\/\/mm.howkuai.com\/wp-content\/uploads\/2014a\/11\/03\/02.jpg","http:\/\/mm.howkuai.com\/wp-content\/uploads\/2014a\/11\/03\/03.jpg","http:\/\/mm.howkuai.com\/wp-content\/uploads\/2014a\/11\/03\/04.jpg","http:\/\/mm.howkuai.com\/wp-content\/uploads\/2014a\/11\/03\/05.jpg","http:\/\/mm.howkuai.com\/wp-content\/uploads\/2014a\/11\/03\/06.jpg"]},{"plaintext":"\u5de8\u4e73\u7f8e\u5973\u539f\u5e72\u60e0\u6d74\u6c60\u4e2d\u82b1\u74e3\u6d74\u5199\u771f","href":"http:\/\/www.meizitu.com\/a\/4588.html","pic_list":["http:\/\/mm.howkuai.com\/wp-content\/uploads\/2014a\/11\/02\/01.jpg","http:\/\/mm.howkuai.com\/wp-content\/uploads\/2014a\/11\/02\/02.jpg","http:\/\/mm.howkuai.com\/wp-content\/uploads\/2014a\/11\/02\/03.jpg","http:\/\/mm.howkuai.com\/wp-content\/uploads\/2014a\/11\/02\/04.jpg","http:\/\/mm.howkuai.com\/wp-content\/uploads\/2014a\/11\/02\/05.jpg","http:\/\/mm.howkuai.com\/wp-content\/uploads\/2014a\/11\/02\/06.jpg"]},{"plaintext":"\u6027\u611f\u65e5\u672c\u7f8e\u5973\u957f\u53d1\u7ec6\u817f","href":"http:\/\/www.meizitu.com\/a\/4587.html","pic_list":["http:\/\/mm.howkuai.com\/wp-content\/uploads\/2014a\/11\/01\/01.jpg","http:\/\/mm.howkuai.com\/wp-content\/uploads\/2014a\/11\/01\/02.jpg","http:\/\/mm.howkuai.com\/wp-content\/uploads\/2014a\/11\/01\/03.jpg","http:\/\/mm.howkuai.com\/wp-content\/uploads\/2014a\/11\/01\/04.jpg","http:\/\/mm.howkuai.com\/wp-content\/uploads\/2014a\/11\/01\/05.jpg","http:\/\/mm.howkuai.com\/wp-content\/uploads\/2014a\/11\/01\/06.jpg"]},{"plaintext":"\u600e\u80fd\u62b5\u6321\u7f8e\u81c0\u4e0e\u7f8e\u4e73\u7684\u51b2\u51fb\uff0c\u6027\u611f\u7684\u4eba\u513f","href":"http:\/\/www.meizitu.com\/a\/4586.html","pic_list":["http:\/\/mm.howkuai.com\/wp-content\/uploads\/2014a\/10\/72\/01.jpg","http:\/\/mm.howkuai.com\/wp-content\/uploads\/2014a\/10\/72\/02.jpg","http:\/\/mm.howkuai.com\/wp-content\/uploads\/2014a\/10\/72\/03.jpg","http:\/\/mm.howkuai.com\/wp-content\/uploads\/2014a\/10\/72\/04.jpg","http:\/\/mm.howkuai.com\/wp-content\/uploads\/2014a\/10\/72\/05.jpg","http:\/\/mm.howkuai.com\/wp-content\/uploads\/2014a\/10\/72\/06.jpg","http:\/\/mm.howkuai.com\/wp-content\/uploads\/2014a\/10\/72\/07.jpg","http:\/\/mm.howkuai.com\/wp-content\/uploads\/2014a\/10\/72\/08.jpg"]},{"plaintext":"\u5a40\u5a1c\u5c0f\u86ee \u3002\u6f58\u9b13\u6c88\u8170\u3002\u8584\u8584\u9ed1\u7eb1\u8eab\u59ff\u82e5\u8f7b\u4e91","href":"http:\/\/www.meizitu.com\/a\/4585.html","pic_list":["http:\/\/mm.howkuai.com\/wp-content\/uploads\/2014a\/10\/71\/01.jpg","http:\/\/mm.howkuai.com\/wp-content\/uploads\/2014a\/10\/71\/02.jpg","http:\/\/mm.howkuai.com\/wp-content\/uploads\/2014a\/10\/71\/03.jpg","http:\/\/mm.howkuai.com\/wp-content\/uploads\/2014a\/10\/71\/04.jpg","http:\/\/mm.howkuai.com\/wp-content\/uploads\/2014a\/10\/71\/05.jpg","http:\/\/mm.howkuai.com\/wp-content\/uploads\/2014a\/10\/71\/06.jpg","http:\/\/mm.howkuai.com\/wp-content\/uploads\/2014a\/10\/71\/07.jpg"]},{"plaintext":"\u4f60\u7684\u6e05\u6f88\u773c\u775b\u8ba9\u6211\u89c1\u72b9\u601c","href":"http:\/\/www.meizitu.com\/a\/4584.html","pic_list":["http:\/\/mm.howkuai.com\/wp-content\/uploads\/2014a\/10\/70\/01.jpg","http:\/\/mm.howkuai.com\/wp-content\/uploads\/2014a\/10\/70\/02.jpg","http:\/\/mm.howkuai.com\/wp-content\/uploads\/2014a\/10\/70\/03.jpg","http:\/\/mm.howkuai.com\/wp-content\/uploads\/2014a\/10\/70\/04.jpg","http:\/\/mm.howkuai.com\/wp-content\/uploads\/2014a\/10\/70\/05.jpg","http:\/\/mm.howkuai.com\/wp-content\/uploads\/2014a\/10\/70\/06.jpg"]},{"plaintext":"\u73e0\u5706\u7389\u6da6\u7684\u59b9\u5b50\u55f2\u56e1\u56e1\uff0c\u88f8\u9732\u534a\u8eab\u79c0\u6027\u611f","href":"http:\/\/www.meizitu.com\/a\/4583.html","pic_list":["http:\/\/mm.howkuai.com\/wp-content\/uploads\/2014a\/10\/69\/01.jpg","http:\/\/mm.howkuai.com\/wp-content\/uploads\/2014a\/10\/69\/02.jpg","http:\/\/mm.howkuai.com\/wp-content\/uploads\/2014a\/10\/69\/03.jpg","http:\/\/mm.howkuai.com\/wp-content\/uploads\/2014a\/10\/69\/04.jpg","http:\/\/mm.howkuai.com\/wp-content\/uploads\/2014a\/10\/69\/05.jpg","http:\/\/mm.howkuai.com\/wp-content\/uploads\/2014a\/10\/69\/06.jpg"]},{"plaintext":"\u79cb\u65e5\u5496\u5561\u9986\u91cc\u7684\u6e05\u7eaf\u59b9\u7eb8","href":"http:\/\/www.meizitu.com\/a\/4582.html","pic_list":["http:\/\/mm.howkuai.com\/wp-content\/uploads\/2014a\/10\/68\/01.jpg","http:\/\/mm.howkuai.com\/wp-content\/uploads\/2014a\/10\/68\/02.jpg","http:\/\/mm.howkuai.com\/wp-content\/uploads\/2014a\/10\/68\/03.jpg","http:\/\/mm.howkuai.com\/wp-content\/uploads\/2014a\/10\/68\/04.jpg","http:\/\/mm.howkuai.com\/wp-content\/uploads\/2014a\/10\/68\/05.jpg","http:\/\/mm.howkuai.com\/wp-content\/uploads\/2014a\/10\/68\/06.jpg","http:\/\/mm.howkuai.com\/wp-content\/uploads\/2014a\/10\/68\/07.jpg"]},{"plaintext":"\u9152\u5427\u91cc\u7684\u60f9\u706b\u5a07\u5a03\u97e9\u6615\u6021","href":"http:\/\/www.meizitu.com\/a\/4581.html","pic_list":["http:\/\/mm.howkuai.com\/wp-content\/uploads\/2014a\/10\/67\/01.jpg","http:\/\/mm.howkuai.com\/wp-content\/uploads\/2014a\/10\/67\/02.jpg","http:\/\/mm.howkuai.com\/wp-content\/uploads\/2014a\/10\/67\/03.jpg","http:\/\/mm.howkuai.com\/wp-content\/uploads\/2014a\/10\/67\/04.jpg","http:\/\/mm.howkuai.com\/wp-content\/uploads\/2014a\/10\/67\/05.jpg","http:\/\/mm.howkuai.com\/wp-content\/uploads\/2014a\/10\/67\/06.jpg","http:\/\/mm.howkuai.com\/wp-content\/uploads\/2014a\/10\/67\/07.jpg"]},{"plaintext":"\u5ae9\u6a21Anna\u5f90\u5b50\u7426\u7684\u6027\u611f\u7f8e\u4e73\u53cc\u624b\u6342\u4e0d\u4f4f","href":"http:\/\/www.meizitu.com\/a\/4580.html","pic_list":["http:\/\/mm.howkuai.com\/wp-content\/uploads\/2014a\/10\/66\/01.jpg","http:\/\/mm.howkuai.com\/wp-content\/uploads\/2014a\/10\/66\/02.jpg","http:\/\/mm.howkuai.com\/wp-content\/uploads\/2014a\/10\/66\/03.jpg","http:\/\/mm.howkuai.com\/wp-content\/uploads\/2014a\/10\/66\/04.jpg","http:\/\/mm.howkuai.com\/wp-content\/uploads\/2014a\/10\/66\/05.jpg","http:\/\/mm.howkuai.com\/wp-content\/uploads\/2014a\/10\/66\/06.jpg","http:\/\/mm.howkuai.com\/wp-content\/uploads\/2014a\/10\/66\/07.jpg"]},{"plaintext":"\u5fa1\u5973\u90ce\u30fb\u7d2b\u5a77\u30fb\u6027\u611f\u8c6a\u8f66","href":"http:\/\/www.meizitu.com\/a\/4579.html","pic_list":["http:\/\/mm.howkuai.com\/wp-content\/uploads\/2014a\/10\/65\/01.jpg","http:\/\/mm.howkuai.com\/wp-content\/uploads\/2014a\/10\/65\/02.jpg","http:\/\/mm.howkuai.com\/wp-content\/uploads\/2014a\/10\/65\/03.jpg","http:\/\/mm.howkuai.com\/wp-content\/uploads\/2014a\/10\/65\/04.jpg","http:\/\/mm.howkuai.com\/wp-content\/uploads\/2014a\/10\/65\/05.jpg","http:\/\/mm.howkuai.com\/wp-content\/uploads\/2014a\/10\/65\/06.jpg"]},{"plaintext":"\u9633\u5149\u4e0b\u7684\u8bf1\u60d1\uff0c\u4e30\u6ee1\u7f8e\u5973\u738b\u99a8\u7476yanni","href":"http:\/\/www.meizitu.com\/a\/4578.html","pic_list":["http:\/\/mm.howkuai.com\/wp-content\/uploads\/2014a\/10\/64\/01.jpg","http:\/\/mm.howkuai.com\/wp-content\/uploads\/2014a\/10\/64\/02.jpg","http:\/\/mm.howkuai.com\/wp-content\/uploads\/2014a\/10\/64\/03.jpg","http:\/\/mm.howkuai.com\/wp-content\/uploads\/2014a\/10\/64\/04.jpg","http:\/\/mm.howkuai.com\/wp-content\/uploads\/2014a\/10\/64\/05.jpg","http:\/\/mm.howkuai.com\/wp-content\/uploads\/2014a\/10\/64\/06.jpg","http:\/\/mm.howkuai.com\/wp-content\/uploads\/2014a\/10\/64\/07.jpg"]},{"plaintext":"\u59b9\u5b50\u7684\u7761\u8863\u4e16\u754c\u6ee1\u662f\u7c89\u7ea2\u8272\u7684\u56de\u5fc6","href":"http:\/\/www.meizitu.com\/a\/4577.html","pic_list":["http:\/\/mm.howkuai.com\/wp-content\/uploads\/2014a\/10\/63\/01.jpg","http:\/\/mm.howkuai.com\/wp-content\/uploads\/2014a\/10\/63\/02.jpg","http:\/\/mm.howkuai.com\/wp-content\/uploads\/2014a\/10\/63\/03.jpg","http:\/\/mm.howkuai.com\/wp-content\/uploads\/2014a\/10\/63\/04.jpg","http:\/\/mm.howkuai.com\/wp-content\/uploads\/2014a\/10\/63\/05.jpg","http:\/\/mm.howkuai.com\/wp-content\/uploads\/2014a\/10\/63\/06.jpg","http:\/\/mm.howkuai.com\/wp-content\/uploads\/2014a\/10\/63\/07.jpg","http:\/\/mm.howkuai.com\/wp-content\/uploads\/2014a\/10\/63\/08.jpg","http:\/\/mm.howkuai.com\/wp-content\/uploads\/2014a\/10\/63\/09.jpg"]},{"plaintext":"\u6e29\u99a8\u5c0f\u65f6\u5149\uff0c\u597d\u95fa\u871c\u7684\u5e78\u798f\u7a7a\u95f4","href":"http:\/\/www.meizitu.com\/a\/4576.html","pic_list":["http:\/\/mm.howkuai.com\/wp-content\/uploads\/2014a\/10\/62\/01.jpg","http:\/\/mm.howkuai.com\/wp-content\/uploads\/2014a\/10\/62\/02.jpg","http:\/\/mm.howkuai.com\/wp-content\/uploads\/2014a\/10\/62\/03.jpg","http:\/\/mm.howkuai.com\/wp-content\/uploads\/2014a\/10\/62\/04.jpg","http:\/\/mm.howkuai.com\/wp-content\/uploads\/2014a\/10\/62\/05.jpg","http:\/\/mm.howkuai.com\/wp-content\/uploads\/2014a\/10\/62\/06.jpg","http:\/\/mm.howkuai.com\/wp-content\/uploads\/2014a\/10\/62\/07.jpg"]},{"plaintext":"\u5929\u53f0\u4e0a\u7684\u5c11\u5973\uff0c\u5938\u5f20\u7684\u8868\u60c5\u5929\u771f\u53c8\u6d6a\u6f2b","href":"http:\/\/www.meizitu.com\/a\/4575.html","pic_list":["http:\/\/mm.howkuai.com\/wp-content\/uploads\/2014a\/10\/61\/01.jpg","http:\/\/mm.howkuai.com\/wp-content\/uploads\/2014a\/10\/61\/02.jpg","http:\/\/mm.howkuai.com\/wp-content\/uploads\/2014a\/10\/61\/03.jpg","http:\/\/mm.howkuai.com\/wp-content\/uploads\/2014a\/10\/61\/04.jpg","http:\/\/mm.howkuai.com\/wp-content\/uploads\/2014a\/10\/61\/05.jpg","http:\/\/mm.howkuai.com\/wp-content\/uploads\/2014a\/10\/61\/06.jpg"]},{"plaintext":"\u5356NIKE\u978b\u7684\u5973\u5b69\uff0c\u5b66\u751f\u59b9\u59b9\u7684\u5236\u670d\u8bf1\u60d1","href":"http:\/\/www.meizitu.com\/a\/4574.html","pic_list":["http:\/\/mm.howkuai.com\/wp-content\/uploads\/2014a\/10\/60\/01.jpg","http:\/\/mm.howkuai.com\/wp-content\/uploads\/2014a\/10\/60\/02.jpg","http:\/\/mm.howkuai.com\/wp-content\/uploads\/2014a\/10\/60\/03.jpg","http:\/\/mm.howkuai.com\/wp-content\/uploads\/2014a\/10\/60\/04.jpg","http:\/\/mm.howkuai.com\/wp-content\/uploads\/2014a\/10\/60\/05.jpg","http:\/\/mm.howkuai.com\/wp-content\/uploads\/2014a\/10\/60\/06.jpg"]},{"plaintext":"\u6a21\u7279\u5f20\u6893\u7457\u79c0\u5065\u5eb7\u808c\u80a4\uff0c\u6027\u611f\u8eab\u6750","href":"http:\/\/www.meizitu.com\/a\/4573.html","pic_list":["http:\/\/mm.howkuai.com\/wp-content\/uploads\/2014a\/10\/59\/01.jpg","http:\/\/mm.howkuai.com\/wp-content\/uploads\/2014a\/10\/59\/02.jpg","http:\/\/mm.howkuai.com\/wp-content\/uploads\/2014a\/10\/59\/03.jpg","http:\/\/mm.howkuai.com\/wp-content\/uploads\/2014a\/10\/59\/04.jpg","http:\/\/mm.howkuai.com\/wp-content\/uploads\/2014a\/10\/59\/05.jpg","http:\/\/mm.howkuai.com\/wp-content\/uploads\/2014a\/10\/59\/06.jpg"]},{"plaintext":"\u7f8e\u5982\u5176\u82b1\uff0c\u5377\u53d1\u53ef\u7231\u59b9\u7eb8","href":"http:\/\/www.meizitu.com\/a\/4572.html","pic_list":["http:\/\/mm.howkuai.com\/wp-content\/uploads\/2014a\/10\/58\/01.jpg","http:\/\/mm.howkuai.com\/wp-content\/uploads\/2014a\/10\/58\/02.jpg","http:\/\/mm.howkuai.com\/wp-content\/uploads\/2014a\/10\/58\/03.jpg","http:\/\/mm.howkuai.com\/wp-content\/uploads\/2014a\/10\/58\/04.jpg","http:\/\/mm.howkuai.com\/wp-content\/uploads\/2014a\/10\/58\/05.jpg"]},{"plaintext":"\u590f\u65e5\u9752\u6625\uff0c\u5c0f\u6e05\u65b0\u7f8e\u5973\u7684\u4e00\u5b57\u9a6c","href":"http:\/\/www.meizitu.com\/a\/4571.html","pic_list":["http:\/\/mm.howkuai.com\/wp-content\/uploads\/2014a\/10\/57\/01.jpg","http:\/\/mm.howkuai.com\/wp-content\/uploads\/2014a\/10\/57\/02.jpg","http:\/\/mm.howkuai.com\/wp-content\/uploads\/2014a\/10\/57\/03.jpg","http:\/\/mm.howkuai.com\/wp-content\/uploads\/2014a\/10\/57\/04.jpg","http:\/\/mm.howkuai.com\/wp-content\/uploads\/2014a\/10\/57\/05.jpg","http:\/\/mm.howkuai.com\/wp-content\/uploads\/2014a\/10\/57\/06.jpg","http:\/\/mm.howkuai.com\/wp-content\/uploads\/2014a\/10\/57\/07.jpg"]},{"plaintext":"\u70ed\u7231\u5065\u8eab\u7684\u7f8e\u5973\u3002\u9759\u5982\u5904\u5973\uff0c\u52a8\u5219\u5145\u6ee1\u6027\u611f","href":"http:\/\/www.meizitu.com\/a\/4570.html","pic_list":["http:\/\/mm.howkuai.com\/wp-content\/uploads\/2014a\/10\/56\/01.jpg","http:\/\/mm.howkuai.com\/wp-content\/uploads\/2014a\/10\/56\/02.jpg","http:\/\/mm.howkuai.com\/wp-content\/uploads\/2014a\/10\/56\/03.jpg","http:\/\/mm.howkuai.com\/wp-content\/uploads\/2014a\/10\/56\/04.jpg","http:\/\/mm.howkuai.com\/wp-content\/uploads\/2014a\/10\/56\/05.jpg","http:\/\/mm.howkuai.com\/wp-content\/uploads\/2014a\/10\/56\/06.jpg","http:\/\/mm.howkuai.com\/wp-content\/uploads\/2014a\/10\/56\/07.jpg","http:\/\/mm.howkuai.com\/wp-content\/uploads\/2014a\/10\/56\/08.jpg","http:\/\/mm.howkuai.com\/wp-content\/uploads\/2014a\/10\/56\/09.jpg"]},{"plaintext":"\u661f\u7738\u5fae\u55d4\u3002\u674f\u773c\u660e\u4ec1\u3002\u957f\u53d1\u7f8e\u7709\u60ec\u610f\u5496\u5561\u9986","href":"http:\/\/www.meizitu.com\/a\/4569.html","pic_list":["http:\/\/mm.howkuai.com\/wp-content\/uploads\/2014a\/10\/55\/01.jpg","http:\/\/mm.howkuai.com\/wp-content\/uploads\/2014a\/10\/55\/02.jpg","http:\/\/mm.howkuai.com\/wp-content\/uploads\/2014a\/10\/55\/03.jpg","http:\/\/mm.howkuai.com\/wp-content\/uploads\/2014a\/10\/55\/04.jpg","http:\/\/mm.howkuai.com\/wp-content\/uploads\/2014a\/10\/55\/05.jpg","http:\/\/mm.howkuai.com\/wp-content\/uploads\/2014a\/10\/55\/06.jpg"]},{"plaintext":"\u6c14\u8d28\u7f8e\u5973\u7684\u7fd8\u81c0\u5199\u771f","href":"http:\/\/www.meizitu.com\/a\/4568.html","pic_list":["http:\/\/mm.howkuai.com\/wp-content\/uploads\/2014a\/10\/54\/01.jpg","http:\/\/mm.howkuai.com\/wp-content\/uploads\/2014a\/10\/54\/02.jpg","http:\/\/mm.howkuai.com\/wp-content\/uploads\/2014a\/10\/54\/03.jpg","http:\/\/mm.howkuai.com\/wp-content\/uploads\/2014a\/10\/54\/04.jpg","http:\/\/mm.howkuai.com\/wp-content\/uploads\/2014a\/10\/54\/05.jpg","http:\/\/mm.howkuai.com\/wp-content\/uploads\/2014a\/10\/54\/06.jpg"]},{"plaintext":"\u6696\u6696\u7684\u79cb\u65e5\u4e0b\u5348\uff0c\u59b9\u7eb8\u60a0\u95f2\u7684\u65e5\u5b50","href":"http:\/\/www.meizitu.com\/a\/4567.html","pic_list":["http:\/\/mm.howkuai.com\/wp-content\/uploads\/2014a\/10\/53\/01.jpg","http:\/\/mm.howkuai.com\/wp-content\/uploads\/2014a\/10\/53\/02.jpg","http:\/\/mm.howkuai.com\/wp-content\/uploads\/2014a\/10\/53\/03.jpg","http:\/\/mm.howkuai.com\/wp-content\/uploads\/2014a\/10\/53\/04.jpg","http:\/\/mm.howkuai.com\/wp-content\/uploads\/2014a\/10\/53\/05.jpg","http:\/\/mm.howkuai.com\/wp-content\/uploads\/2014a\/10\/53\/06.jpg"]}]