[{"plaintext":"\u751c\u751c\u7684\u67e0\u6aac\u5973\u5b69\uff0c\u7d20\u989c\u4e5f\u5f88\u7f8e","href":"http:\/\/www.meizitu.com\/a\/5145.html","pic_list":["http:\/\/mm.howkuai.com\/wp-content\/uploads\/2015a\/09\/12\/01.jpg","http:\/\/mm.howkuai.com\/wp-content\/uploads\/2015a\/09\/12\/02.jpg","http:\/\/mm.howkuai.com\/wp-content\/uploads\/2015a\/09\/12\/03.jpg","http:\/\/mm.howkuai.com\/wp-content\/uploads\/2015a\/09\/12\/04.jpg","http:\/\/mm.howkuai.com\/wp-content\/uploads\/2015a\/09\/12\/05.jpg","http:\/\/mm.howkuai.com\/wp-content\/uploads\/2015a\/09\/12\/06.jpg","http:\/\/mm.howkuai.com\/wp-content\/uploads\/2015a\/09\/12\/07.jpg"]},{"plaintext":"\u8587\u62c9\u8d1d\u513f\u9633\u5149\u671d\u6c14\u5199\u771f","href":"http:\/\/www.meizitu.com\/a\/5144.html","pic_list":["http:\/\/mm.howkuai.com\/wp-content\/uploads\/2015a\/09\/11\/01.jpg","http:\/\/mm.howkuai.com\/wp-content\/uploads\/2015a\/09\/11\/02.jpg","http:\/\/mm.howkuai.com\/wp-content\/uploads\/2015a\/09\/11\/03.jpg","http:\/\/mm.howkuai.com\/wp-content\/uploads\/2015a\/09\/11\/04.jpg","http:\/\/mm.howkuai.com\/wp-content\/uploads\/2015a\/09\/11\/05.jpg","http:\/\/mm.howkuai.com\/wp-content\/uploads\/2015a\/09\/11\/06.jpg"]},{"plaintext":"\u795e\u60c5\u8bf1\u4eba\uff0c\u8d85\u6a21\u7f8e\u80f8\u79c1\u623f\u56fe","href":"http:\/\/www.meizitu.com\/a\/5143.html","pic_list":["http:\/\/mm.howkuai.com\/wp-content\/uploads\/2015a\/09\/10\/01.jpg","http:\/\/mm.howkuai.com\/wp-content\/uploads\/2015a\/09\/10\/02.jpg","http:\/\/mm.howkuai.com\/wp-content\/uploads\/2015a\/09\/10\/03.jpg","http:\/\/mm.howkuai.com\/wp-content\/uploads\/2015a\/09\/10\/04.jpg","http:\/\/mm.howkuai.com\/wp-content\/uploads\/2015a\/09\/10\/05.jpg"]},{"plaintext":"\u65e5\u672c\u5973\u661f\u771f\u91ce\u60e0\u91cc\u83dc\u4e3a\u65e5\u672c\u5468\u520a\u62cd\u6444\u5199\u771f","href":"http:\/\/www.meizitu.com\/a\/5142.html","pic_list":["http:\/\/mm.howkuai.com\/wp-content\/uploads\/2015a\/09\/09\/01.jpg","http:\/\/mm.howkuai.com\/wp-content\/uploads\/2015a\/09\/09\/02.jpg","http:\/\/mm.howkuai.com\/wp-content\/uploads\/2015a\/09\/09\/03.jpg","http:\/\/mm.howkuai.com\/wp-content\/uploads\/2015a\/09\/09\/04.jpg","http:\/\/mm.howkuai.com\/wp-content\/uploads\/2015a\/09\/09\/05.jpg","http:\/\/mm.howkuai.com\/wp-content\/uploads\/2015a\/09\/09\/06.jpg"]},{"plaintext":"\u552f\u7f8e\u5a5a\u7eb1\u6444\u5f71\uff0c\u7eaf\u7f8e\u5973\u795e\u90ed\u82b8\u840c","href":"http:\/\/www.meizitu.com\/a\/5141.html","pic_list":["http:\/\/mm.howkuai.com\/wp-content\/uploads\/2015a\/09\/08\/01.jpg","http:\/\/mm.howkuai.com\/wp-content\/uploads\/2015a\/09\/08\/02.jpg","http:\/\/mm.howkuai.com\/wp-content\/uploads\/2015a\/09\/08\/03.jpg","http:\/\/mm.howkuai.com\/wp-content\/uploads\/2015a\/09\/08\/04.jpg","http:\/\/mm.howkuai.com\/wp-content\/uploads\/2015a\/09\/08\/05.jpg","http:\/\/mm.howkuai.com\/wp-content\/uploads\/2015a\/09\/08\/06.jpg","http:\/\/mm.howkuai.com\/wp-content\/uploads\/2015a\/09\/08\/07.jpg","http:\/\/mm.howkuai.com\/wp-content\/uploads\/2015a\/09\/08\/08.jpg","http:\/\/mm.howkuai.com\/wp-content\/uploads\/2015a\/09\/08\/09.jpg"]},{"plaintext":"\u5e8a\u4e0a\u5403\u68d2\u68d2\u7cd6\uff0c\u795e\u60c5\u8bf1\u4eba\u6027\u611f\u52b2\u7206","href":"http:\/\/www.meizitu.com\/a\/5140.html","pic_list":["http:\/\/mm.howkuai.com\/wp-content\/uploads\/2015a\/09\/07\/01.jpg","http:\/\/mm.howkuai.com\/wp-content\/uploads\/2015a\/09\/07\/02.jpg","http:\/\/mm.howkuai.com\/wp-content\/uploads\/2015a\/09\/07\/03.jpg","http:\/\/mm.howkuai.com\/wp-content\/uploads\/2015a\/09\/07\/04.jpg","http:\/\/mm.howkuai.com\/wp-content\/uploads\/2015a\/09\/07\/05.jpg","http:\/\/mm.howkuai.com\/wp-content\/uploads\/2015a\/09\/07\/06.jpg","http:\/\/mm.howkuai.com\/wp-content\/uploads\/2015a\/09\/07\/07.jpg"]},{"plaintext":"\u6d74\u7f38\u4e2d\u6f02\u4eae\u53c8\u81ea\u4fe1\u7684\u5973\u5b50","href":"http:\/\/www.meizitu.com\/a\/5139.html","pic_list":["http:\/\/mm.howkuai.com\/wp-content\/uploads\/2015a\/09\/06\/01.jpg","http:\/\/mm.howkuai.com\/wp-content\/uploads\/2015a\/09\/06\/02.jpg","http:\/\/mm.howkuai.com\/wp-content\/uploads\/2015a\/09\/06\/03.jpg","http:\/\/mm.howkuai.com\/wp-content\/uploads\/2015a\/09\/06\/04.jpg","http:\/\/mm.howkuai.com\/wp-content\/uploads\/2015a\/09\/06\/05.jpg","http:\/\/mm.howkuai.com\/wp-content\/uploads\/2015a\/09\/06\/06.jpg","http:\/\/mm.howkuai.com\/wp-content\/uploads\/2015a\/09\/06\/07.jpg","http:\/\/mm.howkuai.com\/wp-content\/uploads\/2015a\/09\/06\/08.jpg","http:\/\/mm.howkuai.com\/wp-content\/uploads\/2015a\/09\/06\/09.jpg"]},{"plaintext":"\u9601\u697c\u5bc6\u8bed\u30fb\u5973\u751f\u90fd\u6709\u4e00\u4e2a\u81ea\u5df1\u7684\u5c0f\u7a9d","href":"http:\/\/www.meizitu.com\/a\/5137.html","pic_list":["http:\/\/mm.howkuai.com\/wp-content\/uploads\/2015a\/09\/04\/01.jpg","http:\/\/mm.howkuai.com\/wp-content\/uploads\/2015a\/09\/04\/02.jpg","http:\/\/mm.howkuai.com\/wp-content\/uploads\/2015a\/09\/04\/03.jpg","http:\/\/mm.howkuai.com\/wp-content\/uploads\/2015a\/09\/04\/04.jpg","http:\/\/mm.howkuai.com\/wp-content\/uploads\/2015a\/09\/04\/05.jpg","http:\/\/mm.howkuai.com\/wp-content\/uploads\/2015a\/09\/04\/06.jpg","http:\/\/mm.howkuai.com\/wp-content\/uploads\/2015a\/09\/04\/07.jpg"]},{"plaintext":"\u8eab\u6750\u5bb9\u8c8c\u4ff1\u4f73\u7684\u9ad8\u59b9\u6a21\u7279","href":"http:\/\/www.meizitu.com\/a\/5136.html","pic_list":["http:\/\/mm.howkuai.com\/wp-content\/uploads\/2015a\/09\/03\/01.jpg","http:\/\/mm.howkuai.com\/wp-content\/uploads\/2015a\/09\/03\/02.jpg","http:\/\/mm.howkuai.com\/wp-content\/uploads\/2015a\/09\/03\/03.jpg","http:\/\/mm.howkuai.com\/wp-content\/uploads\/2015a\/09\/03\/04.jpg","http:\/\/mm.howkuai.com\/wp-content\/uploads\/2015a\/09\/03\/05.jpg","http:\/\/mm.howkuai.com\/wp-content\/uploads\/2015a\/09\/03\/06.jpg","http:\/\/mm.howkuai.com\/wp-content\/uploads\/2015a\/09\/03\/07.jpg","http:\/\/mm.howkuai.com\/wp-content\/uploads\/2015a\/09\/03\/08.jpg","http:\/\/mm.howkuai.com\/wp-content\/uploads\/2015a\/09\/03\/09.jpg","http:\/\/mm.howkuai.com\/wp-content\/uploads\/2015a\/09\/03\/10.jpg"]},{"plaintext":"\u5b89\u9759\u7eaf\u7f8e\u841d\u8389\uff0c\u6696\u6696\u7684\u5c0f\u79c1\u623f","href":"http:\/\/www.meizitu.com\/a\/5135.html","pic_list":["http:\/\/mm.howkuai.com\/wp-content\/uploads\/2015a\/09\/02\/01.jpg","http:\/\/mm.howkuai.com\/wp-content\/uploads\/2015a\/09\/02\/02.jpg","http:\/\/mm.howkuai.com\/wp-content\/uploads\/2015a\/09\/02\/03.jpg","http:\/\/mm.howkuai.com\/wp-content\/uploads\/2015a\/09\/02\/04.jpg","http:\/\/mm.howkuai.com\/wp-content\/uploads\/2015a\/09\/02\/05.jpg","http:\/\/mm.howkuai.com\/wp-content\/uploads\/2015a\/09\/02\/06.jpg","http:\/\/mm.howkuai.com\/wp-content\/uploads\/2015a\/09\/02\/07.jpg","http:\/\/mm.howkuai.com\/wp-content\/uploads\/2015a\/09\/02\/08.jpg"]},{"plaintext":"\u524d\u51f8\u540e\u7fd8\u7684\u5317\u4eac\u6a21\u7279\u513f\u9f50\u6dd1\u541b","href":"http:\/\/www.meizitu.com\/a\/5134.html","pic_list":["http:\/\/mm.howkuai.com\/wp-content\/uploads\/2015a\/09\/01\/01.jpg","http:\/\/mm.howkuai.com\/wp-content\/uploads\/2015a\/09\/01\/02.jpg","http:\/\/mm.howkuai.com\/wp-content\/uploads\/2015a\/09\/01\/03.jpg","http:\/\/mm.howkuai.com\/wp-content\/uploads\/2015a\/09\/01\/04.jpg","http:\/\/mm.howkuai.com\/wp-content\/uploads\/2015a\/09\/01\/05.jpg"]},{"plaintext":"\u4e0e\u4f60\u4e00\u8d77\u7684\u590f\u672b\uff0c\u53d8\u6210\u4e86\u6700\u7f8e\u7684\u56de\u5fc6","href":"http:\/\/www.meizitu.com\/a\/5133.html","pic_list":["http:\/\/mm.howkuai.com\/wp-content\/uploads\/2015a\/08\/38\/01.jpg","http:\/\/mm.howkuai.com\/wp-content\/uploads\/2015a\/08\/38\/02.jpg","http:\/\/mm.howkuai.com\/wp-content\/uploads\/2015a\/08\/38\/03.jpg","http:\/\/mm.howkuai.com\/wp-content\/uploads\/2015a\/08\/38\/04.jpg","http:\/\/mm.howkuai.com\/wp-content\/uploads\/2015a\/08\/38\/05.jpg","http:\/\/mm.howkuai.com\/wp-content\/uploads\/2015a\/08\/38\/06.jpg","http:\/\/mm.howkuai.com\/wp-content\/uploads\/2015a\/08\/38\/07.jpg"]},{"plaintext":"\u6cf3\u6c60\u8fb9\u7684\u6027\u611f\u7cbe\u7075\u5f20\u66e6\u82e5\u56fe\u7247","href":"http:\/\/www.meizitu.com\/a\/5132.html","pic_list":["http:\/\/mm.howkuai.com\/wp-content\/uploads\/2015a\/08\/37\/01.jpg","http:\/\/mm.howkuai.com\/wp-content\/uploads\/2015a\/08\/37\/02.jpg","http:\/\/mm.howkuai.com\/wp-content\/uploads\/2015a\/08\/37\/03.jpg","http:\/\/mm.howkuai.com\/wp-content\/uploads\/2015a\/08\/37\/04.jpg","http:\/\/mm.howkuai.com\/wp-content\/uploads\/2015a\/08\/37\/05.jpg","http:\/\/mm.howkuai.com\/wp-content\/uploads\/2015a\/08\/37\/06.jpg","http:\/\/mm.howkuai.com\/wp-content\/uploads\/2015a\/08\/37\/07.jpg"]},{"plaintext":"\u53ef\u7231\u800c\u53c8\u6027\u611f\u7684\u4fee\u8f66\u5973\u90ce\u5199\u771f","href":"http:\/\/www.meizitu.com\/a\/5131.html","pic_list":["http:\/\/mm.howkuai.com\/wp-content\/uploads\/2015a\/08\/36\/01.jpg","http:\/\/mm.howkuai.com\/wp-content\/uploads\/2015a\/08\/36\/02.jpg","http:\/\/mm.howkuai.com\/wp-content\/uploads\/2015a\/08\/36\/03.jpg","http:\/\/mm.howkuai.com\/wp-content\/uploads\/2015a\/08\/36\/04.jpg","http:\/\/mm.howkuai.com\/wp-content\/uploads\/2015a\/08\/36\/05.jpg","http:\/\/mm.howkuai.com\/wp-content\/uploads\/2015a\/08\/36\/06.jpg","http:\/\/mm.howkuai.com\/wp-content\/uploads\/2015a\/08\/36\/07.jpg"]},{"plaintext":"\u4e58\u7740\u9a91\u58eb\u7684\u9a6c\uff0c\u6458\u4e0b\u9e7f\u89d2\u7684\u82b1","href":"http:\/\/www.meizitu.com\/a\/5130.html","pic_list":["http:\/\/mm.howkuai.com\/wp-content\/uploads\/2015a\/08\/35\/01.jpg","http:\/\/mm.howkuai.com\/wp-content\/uploads\/2015a\/08\/35\/02.jpg","http:\/\/mm.howkuai.com\/wp-content\/uploads\/2015a\/08\/35\/03.jpg","http:\/\/mm.howkuai.com\/wp-content\/uploads\/2015a\/08\/35\/04.jpg","http:\/\/mm.howkuai.com\/wp-content\/uploads\/2015a\/08\/35\/05.jpg","http:\/\/mm.howkuai.com\/wp-content\/uploads\/2015a\/08\/35\/06.jpg","http:\/\/mm.howkuai.com\/wp-content\/uploads\/2015a\/08\/35\/07.jpg"]},{"plaintext":"\u9633\u5149\u53ef\u7231\u59b9\u7eb8\u8d75\u5df2\u6668\u6d77\u8fb9\u620f\u6c34","href":"http:\/\/www.meizitu.com\/a\/5129.html","pic_list":["http:\/\/mm.howkuai.com\/wp-content\/uploads\/2015a\/08\/34\/01.jpg","http:\/\/mm.howkuai.com\/wp-content\/uploads\/2015a\/08\/34\/02.jpg","http:\/\/mm.howkuai.com\/wp-content\/uploads\/2015a\/08\/34\/03.jpg","http:\/\/mm.howkuai.com\/wp-content\/uploads\/2015a\/08\/34\/04.jpg","http:\/\/mm.howkuai.com\/wp-content\/uploads\/2015a\/08\/34\/05.jpg","http:\/\/mm.howkuai.com\/wp-content\/uploads\/2015a\/08\/34\/06.jpg","http:\/\/mm.howkuai.com\/wp-content\/uploads\/2015a\/08\/34\/07.jpg","http:\/\/mm.howkuai.com\/wp-content\/uploads\/2015a\/08\/34\/08.jpg"]},{"plaintext":"\u4e3a\u6052\u5927\u52a0\u6cb9\uff0c\u677e\u679c\u513f\u4e0a\u6f14\u8db3\u7403\u5b9d\u8d1d\u8bf1\u60d1","href":"http:\/\/www.meizitu.com\/a\/5128.html","pic_list":["http:\/\/mm.howkuai.com\/wp-content\/uploads\/2015a\/08\/33\/01.jpg","http:\/\/mm.howkuai.com\/wp-content\/uploads\/2015a\/08\/33\/02.jpg","http:\/\/mm.howkuai.com\/wp-content\/uploads\/2015a\/08\/33\/03.jpg","http:\/\/mm.howkuai.com\/wp-content\/uploads\/2015a\/08\/33\/04.jpg","http:\/\/mm.howkuai.com\/wp-content\/uploads\/2015a\/08\/33\/05.jpg"]},{"plaintext":"\u7ea4\u7ea4\u7389\u624b\u624b\u53ef\u751f\u82b1\u30fb\u6000\u6625\u5c11\u5973\u7684\u68a6","href":"http:\/\/www.meizitu.com\/a\/5127.html","pic_list":["http:\/\/mm.howkuai.com\/wp-content\/uploads\/2015a\/08\/32\/01.jpg","http:\/\/mm.howkuai.com\/wp-content\/uploads\/2015a\/08\/32\/02.jpg","http:\/\/mm.howkuai.com\/wp-content\/uploads\/2015a\/08\/32\/03.jpg","http:\/\/mm.howkuai.com\/wp-content\/uploads\/2015a\/08\/32\/04.jpg","http:\/\/mm.howkuai.com\/wp-content\/uploads\/2015a\/08\/32\/05.jpg","http:\/\/mm.howkuai.com\/wp-content\/uploads\/2015a\/08\/32\/06.jpg","http:\/\/mm.howkuai.com\/wp-content\/uploads\/2015a\/08\/32\/07.jpg"]},{"plaintext":"\u5fa1\u5973\u90ce\u30fb\u5c0f\u68e0\u30fb\u76ae\u8349\u79c1\u623f","href":"http:\/\/www.meizitu.com\/a\/5126.html","pic_list":["http:\/\/mm.howkuai.com\/wp-content\/uploads\/2015a\/08\/31\/01.jpg","http:\/\/mm.howkuai.com\/wp-content\/uploads\/2015a\/08\/31\/02.jpg","http:\/\/mm.howkuai.com\/wp-content\/uploads\/2015a\/08\/31\/03.jpg","http:\/\/mm.howkuai.com\/wp-content\/uploads\/2015a\/08\/31\/04.jpg","http:\/\/mm.howkuai.com\/wp-content\/uploads\/2015a\/08\/31\/05.jpg"]},{"plaintext":"\u5439\u6765\u6027\u611f\u7684\u6c14\u606f\uff0c\u6d77\u8fb9\u7684\u72c2\u91ce\u7f8e\u6a21","href":"http:\/\/www.meizitu.com\/a\/5125.html","pic_list":["http:\/\/mm.howkuai.com\/wp-content\/uploads\/2015a\/08\/30\/01.jpg","http:\/\/mm.howkuai.com\/wp-content\/uploads\/2015a\/08\/30\/02.jpg","http:\/\/mm.howkuai.com\/wp-content\/uploads\/2015a\/08\/30\/03.jpg","http:\/\/mm.howkuai.com\/wp-content\/uploads\/2015a\/08\/30\/04.jpg","http:\/\/mm.howkuai.com\/wp-content\/uploads\/2015a\/08\/30\/05.jpg","http:\/\/mm.howkuai.com\/wp-content\/uploads\/2015a\/08\/30\/06.jpg","http:\/\/mm.howkuai.com\/wp-content\/uploads\/2015a\/08\/30\/07.jpg"]},{"plaintext":"\u9752\u6625\u7f8e\u5c11\u5973\u7684\u8eab\u4f53\uff0c\u50cf\u4e00\u5ea7\u9759\u8c27\u7684\u82b1\u56ed","href":"http:\/\/www.meizitu.com\/a\/5124.html","pic_list":["http:\/\/mm.howkuai.com\/wp-content\/uploads\/2015a\/08\/29\/01.jpg","http:\/\/mm.howkuai.com\/wp-content\/uploads\/2015a\/08\/29\/02.jpg","http:\/\/mm.howkuai.com\/wp-content\/uploads\/2015a\/08\/29\/03.jpg","http:\/\/mm.howkuai.com\/wp-content\/uploads\/2015a\/08\/29\/04.jpg","http:\/\/mm.howkuai.com\/wp-content\/uploads\/2015a\/08\/29\/05.jpg"]},{"plaintext":"\u95fa\u623f\u91cc\u7684\u4e24\u53ea\u5c0f\u53ef\u7231\u30fb\u7d20\u989c\u7490\u7476\u4e0e\u732b","href":"http:\/\/www.meizitu.com\/a\/5123.html","pic_list":["http:\/\/mm.howkuai.com\/wp-content\/uploads\/2015a\/08\/28\/01.jpg","http:\/\/mm.howkuai.com\/wp-content\/uploads\/2015a\/08\/28\/02.jpg","http:\/\/mm.howkuai.com\/wp-content\/uploads\/2015a\/08\/28\/03.jpg","http:\/\/mm.howkuai.com\/wp-content\/uploads\/2015a\/08\/28\/04.jpg","http:\/\/mm.howkuai.com\/wp-content\/uploads\/2015a\/08\/28\/05.jpg","http:\/\/mm.howkuai.com\/wp-content\/uploads\/2015a\/08\/28\/06.jpg"]},{"plaintext":"\u8fd0\u52a8\u5c11\u5973\u30fb\u7bee\u7403\u5b9d\u8d1d","href":"http:\/\/www.meizitu.com\/a\/5122.html","pic_list":["http:\/\/mm.howkuai.com\/wp-content\/uploads\/2015a\/08\/27\/01.jpg","http:\/\/mm.howkuai.com\/wp-content\/uploads\/2015a\/08\/27\/02.jpg","http:\/\/mm.howkuai.com\/wp-content\/uploads\/2015a\/08\/27\/03.jpg","http:\/\/mm.howkuai.com\/wp-content\/uploads\/2015a\/08\/27\/04.jpg","http:\/\/mm.howkuai.com\/wp-content\/uploads\/2015a\/08\/27\/05.jpg"]},{"plaintext":"\u5065\u8eab\u623f\u91cc\u7684\u66fc\u5999\u5434\u5999\u5982miumiu","href":"http:\/\/www.meizitu.com\/a\/5121.html","pic_list":["http:\/\/mm.howkuai.com\/wp-content\/uploads\/2015a\/08\/26\/01.jpg","http:\/\/mm.howkuai.com\/wp-content\/uploads\/2015a\/08\/26\/02.jpg","http:\/\/mm.howkuai.com\/wp-content\/uploads\/2015a\/08\/26\/03.jpg","http:\/\/mm.howkuai.com\/wp-content\/uploads\/2015a\/08\/26\/04.jpg","http:\/\/mm.howkuai.com\/wp-content\/uploads\/2015a\/08\/26\/05.jpg","http:\/\/mm.howkuai.com\/wp-content\/uploads\/2015a\/08\/26\/06.jpg","http:\/\/mm.howkuai.com\/wp-content\/uploads\/2015a\/08\/26\/07.jpg","http:\/\/mm.howkuai.com\/wp-content\/uploads\/2015a\/08\/26\/08.jpg"]},{"plaintext":"\u5e73\u9762\u6a21\u7279\u6768\u96c5\u7199EsSe\u6d77\u8fb9\u5199\u771f","href":"http:\/\/www.meizitu.com\/a\/5120.html","pic_list":["http:\/\/mm.howkuai.com\/wp-content\/uploads\/2015a\/08\/25\/01.jpg","http:\/\/mm.howkuai.com\/wp-content\/uploads\/2015a\/08\/25\/02.jpg","http:\/\/mm.howkuai.com\/wp-content\/uploads\/2015a\/08\/25\/03.jpg","http:\/\/mm.howkuai.com\/wp-content\/uploads\/2015a\/08\/25\/04.jpg","http:\/\/mm.howkuai.com\/wp-content\/uploads\/2015a\/08\/25\/05.jpg","http:\/\/mm.howkuai.com\/wp-content\/uploads\/2015a\/08\/25\/06.jpg","http:\/\/mm.howkuai.com\/wp-content\/uploads\/2015a\/08\/25\/07.jpg"]},{"plaintext":"\u6a21\u7279\u9f50\u8d1d\u8d1d\u6d74\u5ba4\u8bf1\u60d1\u5199\u771f","href":"http:\/\/www.meizitu.com\/a\/5119.html","pic_list":["http:\/\/mm.howkuai.com\/wp-content\/uploads\/2015a\/08\/24\/01.jpg","http:\/\/mm.howkuai.com\/wp-content\/uploads\/2015a\/08\/24\/02.jpg","http:\/\/mm.howkuai.com\/wp-content\/uploads\/2015a\/08\/24\/03.jpg","http:\/\/mm.howkuai.com\/wp-content\/uploads\/2015a\/08\/24\/04.jpg","http:\/\/mm.howkuai.com\/wp-content\/uploads\/2015a\/08\/24\/05.jpg","http:\/\/mm.howkuai.com\/wp-content\/uploads\/2015a\/08\/24\/06.jpg","http:\/\/mm.howkuai.com\/wp-content\/uploads\/2015a\/08\/24\/07.jpg","http:\/\/mm.howkuai.com\/wp-content\/uploads\/2015a\/08\/24\/08.jpg"]},{"plaintext":"\u53f0\u6e7e\u6e05\u7eaf\u5973\u751f\u9648\u67d4\u5e0c\u552f\u7f8e\u5199\u771f","href":"http:\/\/www.meizitu.com\/a\/5118.html","pic_list":["http:\/\/mm.howkuai.com\/wp-content\/uploads\/2015a\/08\/23\/01.jpg","http:\/\/mm.howkuai.com\/wp-content\/uploads\/2015a\/08\/23\/02.jpg","http:\/\/mm.howkuai.com\/wp-content\/uploads\/2015a\/08\/23\/03.jpg","http:\/\/mm.howkuai.com\/wp-content\/uploads\/2015a\/08\/23\/04.jpg","http:\/\/mm.howkuai.com\/wp-content\/uploads\/2015a\/08\/23\/05.jpg","http:\/\/mm.howkuai.com\/wp-content\/uploads\/2015a\/08\/23\/06.jpg","http:\/\/mm.howkuai.com\/wp-content\/uploads\/2015a\/08\/23\/07.jpg","http:\/\/mm.howkuai.com\/wp-content\/uploads\/2015a\/08\/23\/08.jpg"]},{"plaintext":"\u6a21\u7279\u5218\u98de\u513f\u5ea6\u5047\u6751\u6cf3\u6c60\u79c0\u7f8e\u4e73","href":"http:\/\/www.meizitu.com\/a\/5117.html","pic_list":["http:\/\/mm.howkuai.com\/wp-content\/uploads\/2015a\/08\/22\/01.jpg","http:\/\/mm.howkuai.com\/wp-content\/uploads\/2015a\/08\/22\/02.jpg","http:\/\/mm.howkuai.com\/wp-content\/uploads\/2015a\/08\/22\/03.jpg","http:\/\/mm.howkuai.com\/wp-content\/uploads\/2015a\/08\/22\/04.jpg","http:\/\/mm.howkuai.com\/wp-content\/uploads\/2015a\/08\/22\/05.jpg","http:\/\/mm.howkuai.com\/wp-content\/uploads\/2015a\/08\/22\/06.jpg","http:\/\/mm.howkuai.com\/wp-content\/uploads\/2015a\/08\/22\/07.jpg","http:\/\/mm.howkuai.com\/wp-content\/uploads\/2015a\/08\/22\/08.jpg","http:\/\/mm.howkuai.com\/wp-content\/uploads\/2015a\/08\/22\/09.jpg","http:\/\/mm.howkuai.com\/wp-content\/uploads\/2015a\/08\/22\/10.jpg"]},{"plaintext":"\u751f\u547d\u5728\u4e8e\u8fd0\u52a8\uff0c\u5065\u7f8e\u7f8e\u5973\u7684\u9ed1\u767d\u5199\u771f","href":"http:\/\/www.meizitu.com\/a\/5116.html","pic_list":["http:\/\/mm.howkuai.com\/wp-content\/uploads\/2015a\/08\/21\/01.jpg","http:\/\/mm.howkuai.com\/wp-content\/uploads\/2015a\/08\/21\/02.jpg","http:\/\/mm.howkuai.com\/wp-content\/uploads\/2015a\/08\/21\/03.jpg","http:\/\/mm.howkuai.com\/wp-content\/uploads\/2015a\/08\/21\/04.jpg","http:\/\/mm.howkuai.com\/wp-content\/uploads\/2015a\/08\/21\/05.jpg","http:\/\/mm.howkuai.com\/wp-content\/uploads\/2015a\/08\/21\/06.jpg","http:\/\/mm.howkuai.com\/wp-content\/uploads\/2015a\/08\/21\/07.jpg","http:\/\/mm.howkuai.com\/wp-content\/uploads\/2015a\/08\/21\/08.jpg"]}]