[{"plaintext":"\u6a21\u7279\u8463\u5a9b\u5a9b\u62cd\u6444\u4e00\u7ec4\u6027\u611f\u5199\u771f","href":"http:\/\/www.meizitu.com\/a\/5235.html","pic_list":["http:\/\/mm.howkuai.com\/wp-content\/uploads\/2015a\/12\/01\/01.jpg","http:\/\/mm.howkuai.com\/wp-content\/uploads\/2015a\/12\/01\/02.jpg","http:\/\/mm.howkuai.com\/wp-content\/uploads\/2015a\/12\/01\/03.jpg","http:\/\/mm.howkuai.com\/wp-content\/uploads\/2015a\/12\/01\/04.jpg","http:\/\/mm.howkuai.com\/wp-content\/uploads\/2015a\/12\/01\/05.jpg","http:\/\/mm.howkuai.com\/wp-content\/uploads\/2015a\/12\/01\/06.jpg"]},{"plaintext":"\u53ef\u7231\u59b9\u5b50\u4e0e\u72d7\u72d7\u91ce\u9910\u8bb0","href":"http:\/\/www.meizitu.com\/a\/5234.html","pic_list":["http:\/\/mm.howkuai.com\/wp-content\/uploads\/2015a\/11\/29\/01.jpg","http:\/\/mm.howkuai.com\/wp-content\/uploads\/2015a\/11\/29\/02.jpg","http:\/\/mm.howkuai.com\/wp-content\/uploads\/2015a\/11\/29\/03.jpg","http:\/\/mm.howkuai.com\/wp-content\/uploads\/2015a\/11\/29\/04.jpg","http:\/\/mm.howkuai.com\/wp-content\/uploads\/2015a\/11\/29\/05.jpg","http:\/\/mm.howkuai.com\/wp-content\/uploads\/2015a\/11\/29\/06.jpg","http:\/\/mm.howkuai.com\/wp-content\/uploads\/2015a\/11\/29\/07.jpg","http:\/\/mm.howkuai.com\/wp-content\/uploads\/2015a\/11\/29\/08.jpg","http:\/\/mm.howkuai.com\/wp-content\/uploads\/2015a\/11\/29\/09.jpg","http:\/\/mm.howkuai.com\/wp-content\/uploads\/2015a\/11\/29\/10.jpg"]},{"plaintext":"\u4e56\u5de7\u53ef\u7231\u7f8e\u5c11\u5973\u6d74\u7f38\u5199\u771f","href":"http:\/\/www.meizitu.com\/a\/5233.html","pic_list":["http:\/\/mm.howkuai.com\/wp-content\/uploads\/2015a\/11\/28\/01.jpg","http:\/\/mm.howkuai.com\/wp-content\/uploads\/2015a\/11\/28\/02.jpg","http:\/\/mm.howkuai.com\/wp-content\/uploads\/2015a\/11\/28\/03.jpg","http:\/\/mm.howkuai.com\/wp-content\/uploads\/2015a\/11\/28\/04.jpg","http:\/\/mm.howkuai.com\/wp-content\/uploads\/2015a\/11\/28\/05.jpg","http:\/\/mm.howkuai.com\/wp-content\/uploads\/2015a\/11\/28\/06.jpg","http:\/\/mm.howkuai.com\/wp-content\/uploads\/2015a\/11\/28\/07.jpg"]},{"plaintext":"\u5e73\u9762\u6a21\u7279\u513f\u6ed5\u83f2\u83f2\u6c99\u6ee9\u79c0","href":"http:\/\/www.meizitu.com\/a\/5232.html","pic_list":["http:\/\/mm.howkuai.com\/wp-content\/uploads\/2015a\/11\/27\/01.jpg","http:\/\/mm.howkuai.com\/wp-content\/uploads\/2015a\/11\/27\/02.jpg","http:\/\/mm.howkuai.com\/wp-content\/uploads\/2015a\/11\/27\/03.jpg","http:\/\/mm.howkuai.com\/wp-content\/uploads\/2015a\/11\/27\/04.jpg","http:\/\/mm.howkuai.com\/wp-content\/uploads\/2015a\/11\/27\/05.jpg","http:\/\/mm.howkuai.com\/wp-content\/uploads\/2015a\/11\/27\/06.jpg","http:\/\/mm.howkuai.com\/wp-content\/uploads\/2015a\/11\/27\/07.jpg"]},{"plaintext":"\u5927\u773c\u840c\u59b9\u5b50\u7c89\u8272\u7cfb\u5199\u771f\u79c0","href":"http:\/\/www.meizitu.com\/a\/5231.html","pic_list":["http:\/\/mm.howkuai.com\/wp-content\/uploads\/2015a\/11\/26\/01.jpg","http:\/\/mm.howkuai.com\/wp-content\/uploads\/2015a\/11\/26\/02.jpg","http:\/\/mm.howkuai.com\/wp-content\/uploads\/2015a\/11\/26\/03.jpg","http:\/\/mm.howkuai.com\/wp-content\/uploads\/2015a\/11\/26\/04.jpg","http:\/\/mm.howkuai.com\/wp-content\/uploads\/2015a\/11\/26\/05.jpg","http:\/\/mm.howkuai.com\/wp-content\/uploads\/2015a\/11\/26\/06.jpg","http:\/\/mm.howkuai.com\/wp-content\/uploads\/2015a\/11\/26\/07.jpg","http:\/\/mm.howkuai.com\/wp-content\/uploads\/2015a\/11\/26\/08.jpg","http:\/\/mm.howkuai.com\/wp-content\/uploads\/2015a\/11\/26\/09.jpg"]},{"plaintext":"\u51b0\u51b7\u7684\u94a2\u4e0e\u94c1\uff0c\u886c\u6258\u51fa\u6a21\u7279\u7684\u67d4\u7f8e","href":"http:\/\/www.meizitu.com\/a\/5230.html","pic_list":["http:\/\/mm.howkuai.com\/wp-content\/uploads\/2015a\/11\/25\/01.jpg","http:\/\/mm.howkuai.com\/wp-content\/uploads\/2015a\/11\/25\/02.jpg","http:\/\/mm.howkuai.com\/wp-content\/uploads\/2015a\/11\/25\/03.jpg","http:\/\/mm.howkuai.com\/wp-content\/uploads\/2015a\/11\/25\/04.jpg","http:\/\/mm.howkuai.com\/wp-content\/uploads\/2015a\/11\/25\/05.jpg","http:\/\/mm.howkuai.com\/wp-content\/uploads\/2015a\/11\/25\/06.jpg"]},{"plaintext":"\u5973\u795e\u7684\u552f\u7f8e\u5199\u771f\uff0c\u4e00\u5bf9\u7389\u5154\u51e0\u6b32\u6323\u8131","href":"http:\/\/www.meizitu.com\/a\/5229.html","pic_list":["http:\/\/mm.howkuai.com\/wp-content\/uploads\/2015a\/11\/24\/01.jpg","http:\/\/mm.howkuai.com\/wp-content\/uploads\/2015a\/11\/24\/02.jpg","http:\/\/mm.howkuai.com\/wp-content\/uploads\/2015a\/11\/24\/03.jpg","http:\/\/mm.howkuai.com\/wp-content\/uploads\/2015a\/11\/24\/04.jpg","http:\/\/mm.howkuai.com\/wp-content\/uploads\/2015a\/11\/24\/05.jpg","http:\/\/mm.howkuai.com\/wp-content\/uploads\/2015a\/11\/24\/06.jpg","http:\/\/mm.howkuai.com\/wp-content\/uploads\/2015a\/11\/24\/07.jpg","http:\/\/mm.howkuai.com\/wp-content\/uploads\/2015a\/11\/24\/08.jpg"]},{"plaintext":"\u84dd\u8272\u6bd4\u57fa\u5c3c\u4e0e\u6d77\u6d0b\u76f8\u5f97\u76ca\u5f70","href":"http:\/\/www.meizitu.com\/a\/5228.html","pic_list":["http:\/\/mm.howkuai.com\/wp-content\/uploads\/2015a\/11\/23\/01.jpg","http:\/\/mm.howkuai.com\/wp-content\/uploads\/2015a\/11\/23\/02.jpg","http:\/\/mm.howkuai.com\/wp-content\/uploads\/2015a\/11\/23\/03.jpg","http:\/\/mm.howkuai.com\/wp-content\/uploads\/2015a\/11\/23\/04.jpg","http:\/\/mm.howkuai.com\/wp-content\/uploads\/2015a\/11\/23\/05.jpg","http:\/\/mm.howkuai.com\/wp-content\/uploads\/2015a\/11\/23\/06.jpg","http:\/\/mm.howkuai.com\/wp-content\/uploads\/2015a\/11\/23\/07.jpg","http:\/\/mm.howkuai.com\/wp-content\/uploads\/2015a\/11\/23\/08.jpg","http:\/\/mm.howkuai.com\/wp-content\/uploads\/2015a\/11\/23\/09.jpg"]},{"plaintext":"\u65e5\u7cfb\u5199\u771f\u9986\uff0c\u9a6c\u5c3e\u5973\u5b69\u6c34\u4e0a\u4e50\u56ed\u6e38\u8bb0","href":"http:\/\/www.meizitu.com\/a\/5226.html","pic_list":["http:\/\/mm.howkuai.com\/wp-content\/uploads\/2015a\/11\/21\/01.jpg","http:\/\/mm.howkuai.com\/wp-content\/uploads\/2015a\/11\/21\/02.jpg","http:\/\/mm.howkuai.com\/wp-content\/uploads\/2015a\/11\/21\/03.jpg","http:\/\/mm.howkuai.com\/wp-content\/uploads\/2015a\/11\/21\/04.jpg","http:\/\/mm.howkuai.com\/wp-content\/uploads\/2015a\/11\/21\/05.jpg","http:\/\/mm.howkuai.com\/wp-content\/uploads\/2015a\/11\/21\/06.jpg","http:\/\/mm.howkuai.com\/wp-content\/uploads\/2015a\/11\/21\/07.jpg","http:\/\/mm.howkuai.com\/wp-content\/uploads\/2015a\/11\/21\/08.jpg","http:\/\/mm.howkuai.com\/wp-content\/uploads\/2015a\/11\/21\/09.jpg"]},{"plaintext":"\u53cc\u9a6c\u5c3e\u5973\u5b69\u7231\u7bee\u7403\uff0c\u9752\u6625\u9753\u4e3d\u5f15\u5b66\u957f\u4fa7\u76ee","href":"http:\/\/www.meizitu.com\/a\/5225.html","pic_list":["http:\/\/mm.howkuai.com\/wp-content\/uploads\/2015a\/11\/20\/01.jpg","http:\/\/mm.howkuai.com\/wp-content\/uploads\/2015a\/11\/20\/02.jpg","http:\/\/mm.howkuai.com\/wp-content\/uploads\/2015a\/11\/20\/03.jpg","http:\/\/mm.howkuai.com\/wp-content\/uploads\/2015a\/11\/20\/04.jpg","http:\/\/mm.howkuai.com\/wp-content\/uploads\/2015a\/11\/20\/05.jpg","http:\/\/mm.howkuai.com\/wp-content\/uploads\/2015a\/11\/20\/06.jpg","http:\/\/mm.howkuai.com\/wp-content\/uploads\/2015a\/11\/20\/07.jpg","http:\/\/mm.howkuai.com\/wp-content\/uploads\/2015a\/11\/20\/08.jpg","http:\/\/mm.howkuai.com\/wp-content\/uploads\/2015a\/11\/20\/09.jpg","http:\/\/mm.howkuai.com\/wp-content\/uploads\/2015a\/11\/20\/10.jpg"]},{"plaintext":"\u9694\u6237\u6768\u67f3\u5f31\u8885\u8885\uff0c\u6070\u4f3c\u5341\u4e94\u5973\u513f\u8170","href":"http:\/\/www.meizitu.com\/a\/5224.html","pic_list":["http:\/\/mm.howkuai.com\/wp-content\/uploads\/2015a\/11\/19\/01.jpg","http:\/\/mm.howkuai.com\/wp-content\/uploads\/2015a\/11\/19\/02.jpg","http:\/\/mm.howkuai.com\/wp-content\/uploads\/2015a\/11\/19\/03.jpg","http:\/\/mm.howkuai.com\/wp-content\/uploads\/2015a\/11\/19\/04.jpg","http:\/\/mm.howkuai.com\/wp-content\/uploads\/2015a\/11\/19\/05.jpg","http:\/\/mm.howkuai.com\/wp-content\/uploads\/2015a\/11\/19\/06.jpg","http:\/\/mm.howkuai.com\/wp-content\/uploads\/2015a\/11\/19\/07.jpg","http:\/\/mm.howkuai.com\/wp-content\/uploads\/2015a\/11\/19\/08.jpg","http:\/\/mm.howkuai.com\/wp-content\/uploads\/2015a\/11\/19\/09.jpg"]},{"plaintext":"\u957f\u53d1\u7f8e\u5973\u53cc\u819d\u8dea\u5730\u6f14\u7ece\u6c99\u6ee9\u8bf1\u60d1","href":"http:\/\/www.meizitu.com\/a\/5223.html","pic_list":["http:\/\/mm.howkuai.com\/wp-content\/uploads\/2015a\/11\/18\/01.jpg","http:\/\/mm.howkuai.com\/wp-content\/uploads\/2015a\/11\/18\/02.jpg","http:\/\/mm.howkuai.com\/wp-content\/uploads\/2015a\/11\/18\/03.jpg","http:\/\/mm.howkuai.com\/wp-content\/uploads\/2015a\/11\/18\/04.jpg","http:\/\/mm.howkuai.com\/wp-content\/uploads\/2015a\/11\/18\/05.jpg","http:\/\/mm.howkuai.com\/wp-content\/uploads\/2015a\/11\/18\/06.jpg","http:\/\/mm.howkuai.com\/wp-content\/uploads\/2015a\/11\/18\/07.jpg","http:\/\/mm.howkuai.com\/wp-content\/uploads\/2015a\/11\/18\/08.jpg"]},{"plaintext":"\u840c\u840c\u54d2\u8349\u8393\u9171\u767e\u5206\u767e\u7684\u6cbb\u6108\u7cfb\u7f8e\u5c11\u5973","href":"http:\/\/www.meizitu.com\/a\/5222.html","pic_list":["http:\/\/mm.howkuai.com\/wp-content\/uploads\/2015a\/11\/17\/01.jpg","http:\/\/mm.howkuai.com\/wp-content\/uploads\/2015a\/11\/17\/02.jpg","http:\/\/mm.howkuai.com\/wp-content\/uploads\/2015a\/11\/17\/03.jpg","http:\/\/mm.howkuai.com\/wp-content\/uploads\/2015a\/11\/17\/04.jpg","http:\/\/mm.howkuai.com\/wp-content\/uploads\/2015a\/11\/17\/05.jpg","http:\/\/mm.howkuai.com\/wp-content\/uploads\/2015a\/11\/17\/06.jpg","http:\/\/mm.howkuai.com\/wp-content\/uploads\/2015a\/11\/17\/07.jpg","http:\/\/mm.howkuai.com\/wp-content\/uploads\/2015a\/11\/17\/08.jpg"]},{"plaintext":"\u5019\u8865\u751f\u65e5\u672c\u6a21\u7279\u91ce\u7530\u5f69\u52a0\u9ad8\u6e05\u5199\u771f","href":"http:\/\/www.meizitu.com\/a\/5221.html","pic_list":["http:\/\/mm.howkuai.com\/wp-content\/uploads\/2015a\/11\/16\/01.jpg","http:\/\/mm.howkuai.com\/wp-content\/uploads\/2015a\/11\/16\/02.jpg","http:\/\/mm.howkuai.com\/wp-content\/uploads\/2015a\/11\/16\/03.jpg","http:\/\/mm.howkuai.com\/wp-content\/uploads\/2015a\/11\/16\/04.jpg","http:\/\/mm.howkuai.com\/wp-content\/uploads\/2015a\/11\/16\/05.jpg","http:\/\/mm.howkuai.com\/wp-content\/uploads\/2015a\/11\/16\/06.jpg","http:\/\/mm.howkuai.com\/wp-content\/uploads\/2015a\/11\/16\/07.jpg","http:\/\/mm.howkuai.com\/wp-content\/uploads\/2015a\/11\/16\/08.jpg","http:\/\/mm.howkuai.com\/wp-content\/uploads\/2015a\/11\/16\/09.jpg"]},{"plaintext":"\u65e5\u672c\u5973\u6027\u5076\u50cf\u4f50\u85e4\u4e3d\u5948\u5199\u771f","href":"http:\/\/www.meizitu.com\/a\/5220.html","pic_list":["http:\/\/mm.howkuai.com\/wp-content\/uploads\/2015a\/11\/15\/01.jpg","http:\/\/mm.howkuai.com\/wp-content\/uploads\/2015a\/11\/15\/02.jpg","http:\/\/mm.howkuai.com\/wp-content\/uploads\/2015a\/11\/15\/03.jpg","http:\/\/mm.howkuai.com\/wp-content\/uploads\/2015a\/11\/15\/04.jpg","http:\/\/mm.howkuai.com\/wp-content\/uploads\/2015a\/11\/15\/05.jpg","http:\/\/mm.howkuai.com\/wp-content\/uploads\/2015a\/11\/15\/06.jpg","http:\/\/mm.howkuai.com\/wp-content\/uploads\/2015a\/11\/15\/07.jpg","http:\/\/mm.howkuai.com\/wp-content\/uploads\/2015a\/11\/15\/08.jpg"]},{"plaintext":"\u8fd9\u91cc\u7684\u51ac\u5929 \u6709\u9633\u5149\u6696\u6696\u7684\u843d\u5728\u8138\u4e0a","href":"http:\/\/www.meizitu.com\/a\/5219.html","pic_list":["http:\/\/mm.howkuai.com\/wp-content\/uploads\/2015a\/11\/14\/01.jpg","http:\/\/mm.howkuai.com\/wp-content\/uploads\/2015a\/11\/14\/02.jpg","http:\/\/mm.howkuai.com\/wp-content\/uploads\/2015a\/11\/14\/03.jpg","http:\/\/mm.howkuai.com\/wp-content\/uploads\/2015a\/11\/14\/04.jpg","http:\/\/mm.howkuai.com\/wp-content\/uploads\/2015a\/11\/14\/05.jpg","http:\/\/mm.howkuai.com\/wp-content\/uploads\/2015a\/11\/14\/06.jpg"]},{"plaintext":"\u8bf1\u60d1\u5341\u8db3\u7684\u79c1\u623f\u5199\u771f\uff0c\u8868\u60c5\u5f88\u5230\u4f4d","href":"http:\/\/www.meizitu.com\/a\/5218.html","pic_list":["http:\/\/mm.howkuai.com\/wp-content\/uploads\/2015a\/11\/13\/01.jpg","http:\/\/mm.howkuai.com\/wp-content\/uploads\/2015a\/11\/13\/02.jpg","http:\/\/mm.howkuai.com\/wp-content\/uploads\/2015a\/11\/13\/03.jpg","http:\/\/mm.howkuai.com\/wp-content\/uploads\/2015a\/11\/13\/04.jpg","http:\/\/mm.howkuai.com\/wp-content\/uploads\/2015a\/11\/13\/05.jpg","http:\/\/mm.howkuai.com\/wp-content\/uploads\/2015a\/11\/13\/06.jpg","http:\/\/mm.howkuai.com\/wp-content\/uploads\/2015a\/11\/13\/07.jpg"]},{"plaintext":"\u6709\u4eba\u613f\u5316\u4f5c\u8def\uff0c\u6211\u66f4\u613f\u610f\u5316\u4f5c\u90a3\u6876\u6cb9\u6f06","href":"http:\/\/www.meizitu.com\/a\/5217.html","pic_list":["http:\/\/mm.howkuai.com\/wp-content\/uploads\/2015a\/11\/12\/01.jpg","http:\/\/mm.howkuai.com\/wp-content\/uploads\/2015a\/11\/12\/02.jpg","http:\/\/mm.howkuai.com\/wp-content\/uploads\/2015a\/11\/12\/03.jpg","http:\/\/mm.howkuai.com\/wp-content\/uploads\/2015a\/11\/12\/04.jpg","http:\/\/mm.howkuai.com\/wp-content\/uploads\/2015a\/11\/12\/05.jpg","http:\/\/mm.howkuai.com\/wp-content\/uploads\/2015a\/11\/12\/06.jpg","http:\/\/mm.howkuai.com\/wp-content\/uploads\/2015a\/11\/12\/07.jpg"]},{"plaintext":"\u6027\u611f\u91d1\u53d1\u7f8e\u5973\u524d\u51f8\u540e\u7fd8\u5341\u5206\u60f9\u706b","href":"http:\/\/www.meizitu.com\/a\/5216.html","pic_list":["http:\/\/mm.howkuai.com\/wp-content\/uploads\/2015a\/11\/11\/01.jpg","http:\/\/mm.howkuai.com\/wp-content\/uploads\/2015a\/11\/11\/02.jpg","http:\/\/mm.howkuai.com\/wp-content\/uploads\/2015a\/11\/11\/03.jpg","http:\/\/mm.howkuai.com\/wp-content\/uploads\/2015a\/11\/11\/04.jpg","http:\/\/mm.howkuai.com\/wp-content\/uploads\/2015a\/11\/11\/05.jpg","http:\/\/mm.howkuai.com\/wp-content\/uploads\/2015a\/11\/11\/06.jpg","http:\/\/mm.howkuai.com\/wp-content\/uploads\/2015a\/11\/11\/07.jpg","http:\/\/mm.howkuai.com\/wp-content\/uploads\/2015a\/11\/11\/08.jpg","http:\/\/mm.howkuai.com\/wp-content\/uploads\/2015a\/11\/11\/09.jpg","http:\/\/mm.howkuai.com\/wp-content\/uploads\/2015a\/11\/11\/10.jpg"]},{"plaintext":"\u59b9\u7eb8\u8eab\u7a7f\u6050\u9f99\u670d\uff0c\u5f20\u7259\u821e\u722a\u5374\u53ea\u6709\u53ef\u7231","href":"http:\/\/www.meizitu.com\/a\/5215.html","pic_list":["http:\/\/mm.howkuai.com\/wp-content\/uploads\/2015a\/11\/10\/01.jpg","http:\/\/mm.howkuai.com\/wp-content\/uploads\/2015a\/11\/10\/02.jpg","http:\/\/mm.howkuai.com\/wp-content\/uploads\/2015a\/11\/10\/03.jpg","http:\/\/mm.howkuai.com\/wp-content\/uploads\/2015a\/11\/10\/04.jpg","http:\/\/mm.howkuai.com\/wp-content\/uploads\/2015a\/11\/10\/05.jpg","http:\/\/mm.howkuai.com\/wp-content\/uploads\/2015a\/11\/10\/06.jpg"]},{"plaintext":"\u4f60\u7684\u67d4\u7f8e\uff0c\u6211\u4e00\u89c1\u503e\u5fc3","href":"http:\/\/www.meizitu.com\/a\/5214.html","pic_list":["http:\/\/mm.howkuai.com\/wp-content\/uploads\/2015a\/11\/09\/01.jpg","http:\/\/mm.howkuai.com\/wp-content\/uploads\/2015a\/11\/09\/02.jpg","http:\/\/mm.howkuai.com\/wp-content\/uploads\/2015a\/11\/09\/03.jpg","http:\/\/mm.howkuai.com\/wp-content\/uploads\/2015a\/11\/09\/04.jpg","http:\/\/mm.howkuai.com\/wp-content\/uploads\/2015a\/11\/09\/05.jpg","http:\/\/mm.howkuai.com\/wp-content\/uploads\/2015a\/11\/09\/06.jpg","http:\/\/mm.howkuai.com\/wp-content\/uploads\/2015a\/11\/09\/07.jpg","http:\/\/mm.howkuai.com\/wp-content\/uploads\/2015a\/11\/09\/08.jpg"]},{"plaintext":"\u5c0f\u745e\u5e0c\u5b89\u9759\u7eaf\u7f8e\u7684\u5199\u771f","href":"http:\/\/www.meizitu.com\/a\/5211.html","pic_list":["http:\/\/mm.howkuai.com\/wp-content\/uploads\/2015a\/11\/06\/01.jpg","http:\/\/mm.howkuai.com\/wp-content\/uploads\/2015a\/11\/06\/02.jpg","http:\/\/mm.howkuai.com\/wp-content\/uploads\/2015a\/11\/06\/03.jpg","http:\/\/mm.howkuai.com\/wp-content\/uploads\/2015a\/11\/06\/04.jpg","http:\/\/mm.howkuai.com\/wp-content\/uploads\/2015a\/11\/06\/05.jpg","http:\/\/mm.howkuai.com\/wp-content\/uploads\/2015a\/11\/06\/06.jpg","http:\/\/mm.howkuai.com\/wp-content\/uploads\/2015a\/11\/06\/07.jpg","http:\/\/mm.howkuai.com\/wp-content\/uploads\/2015a\/11\/06\/08.jpg","http:\/\/mm.howkuai.com\/wp-content\/uploads\/2015a\/11\/06\/09.jpg"]},{"plaintext":"\u6210\u719f\u77e5\u6027\u7f8e\u5973\u6027\u611f\u7684\u4e00\u9762","href":"http:\/\/www.meizitu.com\/a\/5209.html","pic_list":["http:\/\/mm.howkuai.com\/wp-content\/uploads\/2015a\/11\/04\/01.jpg","http:\/\/mm.howkuai.com\/wp-content\/uploads\/2015a\/11\/04\/02.jpg","http:\/\/mm.howkuai.com\/wp-content\/uploads\/2015a\/11\/04\/03.jpg","http:\/\/mm.howkuai.com\/wp-content\/uploads\/2015a\/11\/04\/04.jpg","http:\/\/mm.howkuai.com\/wp-content\/uploads\/2015a\/11\/04\/05.jpg","http:\/\/mm.howkuai.com\/wp-content\/uploads\/2015a\/11\/04\/06.jpg","http:\/\/mm.howkuai.com\/wp-content\/uploads\/2015a\/11\/04\/07.jpg","http:\/\/mm.howkuai.com\/wp-content\/uploads\/2015a\/11\/04\/08.jpg","http:\/\/mm.howkuai.com\/wp-content\/uploads\/2015a\/11\/04\/09.jpg"]},{"plaintext":"\u5343\u79cd\u98ce\u60c5\u7ed5\u7709\u68a2\uff0c\u9ad8\u6e05\u7f8e\u5973\u8bf1\u60d1","href":"http:\/\/www.meizitu.com\/a\/5208.html","pic_list":["http:\/\/mm.howkuai.com\/wp-content\/uploads\/2015a\/11\/03\/01.jpg","http:\/\/mm.howkuai.com\/wp-content\/uploads\/2015a\/11\/03\/02.jpg","http:\/\/mm.howkuai.com\/wp-content\/uploads\/2015a\/11\/03\/03.jpg","http:\/\/mm.howkuai.com\/wp-content\/uploads\/2015a\/11\/03\/04.jpg","http:\/\/mm.howkuai.com\/wp-content\/uploads\/2015a\/11\/03\/05.jpg","http:\/\/mm.howkuai.com\/wp-content\/uploads\/2015a\/11\/03\/06.jpg","http:\/\/mm.howkuai.com\/wp-content\/uploads\/2015a\/11\/03\/07.jpg"]},{"plaintext":"\u9752\u6625\u9753\u4e3d\u6a21\u7279\u738b\u66fc\u59ae\u7684\u5c0f\u86ee\u8170","href":"http:\/\/www.meizitu.com\/a\/5207.html","pic_list":["http:\/\/mm.howkuai.com\/wp-content\/uploads\/2015a\/11\/02\/01.jpg","http:\/\/mm.howkuai.com\/wp-content\/uploads\/2015a\/11\/02\/02.jpg","http:\/\/mm.howkuai.com\/wp-content\/uploads\/2015a\/11\/02\/03.jpg","http:\/\/mm.howkuai.com\/wp-content\/uploads\/2015a\/11\/02\/04.jpg","http:\/\/mm.howkuai.com\/wp-content\/uploads\/2015a\/11\/02\/05.jpg","http:\/\/mm.howkuai.com\/wp-content\/uploads\/2015a\/11\/02\/06.jpg","http:\/\/mm.howkuai.com\/wp-content\/uploads\/2015a\/11\/02\/07.jpg"]}]