[{"plaintext":"2015\u4e0a\u6d77\u8f66\u5c55\u4e0a\u6e05\u7eaf\u53ef\u4eba\u8f66\u6a21","href":"http:\/\/www.meizitu.com\/a\/4934.html","pic_list":["http:\/\/mm.howkuai.com\/wp-content\/uploads\/2015a\/04\/38\/01.jpg","http:\/\/mm.howkuai.com\/wp-content\/uploads\/2015a\/04\/38\/02.jpg","http:\/\/mm.howkuai.com\/wp-content\/uploads\/2015a\/04\/38\/03.jpg","http:\/\/mm.howkuai.com\/wp-content\/uploads\/2015a\/04\/38\/04.jpg","http:\/\/mm.howkuai.com\/wp-content\/uploads\/2015a\/04\/38\/05.jpg","http:\/\/mm.howkuai.com\/wp-content\/uploads\/2015a\/04\/38\/06.jpg","http:\/\/mm.howkuai.com\/wp-content\/uploads\/2015a\/04\/38\/07.jpg","http:\/\/mm.howkuai.com\/wp-content\/uploads\/2015a\/04\/38\/08.jpg","http:\/\/mm.howkuai.com\/wp-content\/uploads\/2015a\/04\/38\/09.jpg","http:\/\/mm.howkuai.com\/wp-content\/uploads\/2015a\/04\/38\/10.jpg"]},{"plaintext":"\u9ad8\u6311\u5927\u65b9\u7684\u7bee\u7403\u5b9d\u8d1d","href":"http:\/\/www.meizitu.com\/a\/4933.html","pic_list":["http:\/\/mm.howkuai.com\/wp-content\/uploads\/2015a\/04\/37\/01.jpg","http:\/\/mm.howkuai.com\/wp-content\/uploads\/2015a\/04\/37\/02.jpg","http:\/\/mm.howkuai.com\/wp-content\/uploads\/2015a\/04\/37\/03.jpg","http:\/\/mm.howkuai.com\/wp-content\/uploads\/2015a\/04\/37\/04.jpg","http:\/\/mm.howkuai.com\/wp-content\/uploads\/2015a\/04\/37\/05.jpg","http:\/\/mm.howkuai.com\/wp-content\/uploads\/2015a\/04\/37\/06.jpg"]},{"plaintext":"\u6027\u611f\u6a21\u7279\u51af\u96e8\u829d\u70ed\u8fa3\u725b\u4ed4\u5199\u771f","href":"http:\/\/www.meizitu.com\/a\/4932.html","pic_list":["http:\/\/mm.howkuai.com\/wp-content\/uploads\/2015a\/04\/36\/01.jpg","http:\/\/mm.howkuai.com\/wp-content\/uploads\/2015a\/04\/36\/02.jpg","http:\/\/mm.howkuai.com\/wp-content\/uploads\/2015a\/04\/36\/03.jpg","http:\/\/mm.howkuai.com\/wp-content\/uploads\/2015a\/04\/36\/04.jpg","http:\/\/mm.howkuai.com\/wp-content\/uploads\/2015a\/04\/36\/05.jpg","http:\/\/mm.howkuai.com\/wp-content\/uploads\/2015a\/04\/36\/06.jpg"]},{"plaintext":"\u65e5\u672c\u7f8e\u5973\u56fe\u7247\u5c71\u5730\u307e\u308a \u541b\u3068\u91cd\u529b","href":"http:\/\/www.meizitu.com\/a\/4931.html","pic_list":["http:\/\/mm.howkuai.com\/wp-content\/uploads\/2015a\/04\/35\/01.jpg","http:\/\/mm.howkuai.com\/wp-content\/uploads\/2015a\/04\/35\/02.jpg","http:\/\/mm.howkuai.com\/wp-content\/uploads\/2015a\/04\/35\/03.jpg","http:\/\/mm.howkuai.com\/wp-content\/uploads\/2015a\/04\/35\/04.jpg","http:\/\/mm.howkuai.com\/wp-content\/uploads\/2015a\/04\/35\/05.jpg","http:\/\/mm.howkuai.com\/wp-content\/uploads\/2015a\/04\/35\/06.jpg","http:\/\/mm.howkuai.com\/wp-content\/uploads\/2015a\/04\/35\/07.jpg"]},{"plaintext":"\u4f24\u611f\u5973\u751f\uff0c\u4e00\u4e2a\u4eba\u7684\u5c0f\u65f6\u5149","href":"http:\/\/www.meizitu.com\/a\/4930.html","pic_list":["http:\/\/mm.howkuai.com\/wp-content\/uploads\/2015a\/04\/34\/01.jpg","http:\/\/mm.howkuai.com\/wp-content\/uploads\/2015a\/04\/34\/02.jpg","http:\/\/mm.howkuai.com\/wp-content\/uploads\/2015a\/04\/34\/03.jpg","http:\/\/mm.howkuai.com\/wp-content\/uploads\/2015a\/04\/34\/04.jpg","http:\/\/mm.howkuai.com\/wp-content\/uploads\/2015a\/04\/34\/05.jpg","http:\/\/mm.howkuai.com\/wp-content\/uploads\/2015a\/04\/34\/06.jpg"]},{"plaintext":"\u552f\u7f8e\u5973\u795e\u8303\u53f0\u6e7e\u6b4c\u624b\u9648\u67d4\u5e0c\u5199\u771f","href":"http:\/\/www.meizitu.com\/a\/4929.html","pic_list":["http:\/\/mm.howkuai.com\/wp-content\/uploads\/2015a\/04\/33\/01.jpg","http:\/\/mm.howkuai.com\/wp-content\/uploads\/2015a\/04\/33\/02.jpg","http:\/\/mm.howkuai.com\/wp-content\/uploads\/2015a\/04\/33\/03.jpg","http:\/\/mm.howkuai.com\/wp-content\/uploads\/2015a\/04\/33\/04.jpg","http:\/\/mm.howkuai.com\/wp-content\/uploads\/2015a\/04\/33\/05.jpg","http:\/\/mm.howkuai.com\/wp-content\/uploads\/2015a\/04\/33\/06.jpg","http:\/\/mm.howkuai.com\/wp-content\/uploads\/2015a\/04\/33\/07.jpg"]},{"plaintext":"\u8857\u89d2\u968f\u62cd\uff0c\u957f\u53d1\u7f8e\u5973Kila\u6676\u6676","href":"http:\/\/www.meizitu.com\/a\/4928.html","pic_list":["http:\/\/mm.howkuai.com\/wp-content\/uploads\/2015a\/04\/32\/01.jpg","http:\/\/mm.howkuai.com\/wp-content\/uploads\/2015a\/04\/32\/02.jpg","http:\/\/mm.howkuai.com\/wp-content\/uploads\/2015a\/04\/32\/03.jpg","http:\/\/mm.howkuai.com\/wp-content\/uploads\/2015a\/04\/32\/04.jpg","http:\/\/mm.howkuai.com\/wp-content\/uploads\/2015a\/04\/32\/05.jpg","http:\/\/mm.howkuai.com\/wp-content\/uploads\/2015a\/04\/32\/06.jpg","http:\/\/mm.howkuai.com\/wp-content\/uploads\/2015a\/04\/32\/07.jpg","http:\/\/mm.howkuai.com\/wp-content\/uploads\/2015a\/04\/32\/08.jpg","http:\/\/mm.howkuai.com\/wp-content\/uploads\/2015a\/04\/32\/09.jpg"]},{"plaintext":"\u5915\u9633\u4e0b\u7684\u78a7\u6ce2\u9ec4\u6c99\uff0c\u4f73\u4eba\u5982\u8299\u84c9\u51fa\u6c34","href":"http:\/\/www.meizitu.com\/a\/4927.html","pic_list":["http:\/\/mm.howkuai.com\/wp-content\/uploads\/2015a\/04\/31\/01.jpg","http:\/\/mm.howkuai.com\/wp-content\/uploads\/2015a\/04\/31\/02.jpg","http:\/\/mm.howkuai.com\/wp-content\/uploads\/2015a\/04\/31\/03.jpg","http:\/\/mm.howkuai.com\/wp-content\/uploads\/2015a\/04\/31\/04.jpg","http:\/\/mm.howkuai.com\/wp-content\/uploads\/2015a\/04\/31\/05.jpg","http:\/\/mm.howkuai.com\/wp-content\/uploads\/2015a\/04\/31\/06.jpg"]},{"plaintext":"\u8d85\u8fa3\u6a21\u7279\u725b\u4ed4\u5c0f\u77ed\u88e4\u79c0\u7f8e\u817f","href":"http:\/\/www.meizitu.com\/a\/4926.html","pic_list":["http:\/\/mm.howkuai.com\/wp-content\/uploads\/2015a\/04\/30\/01.jpg","http:\/\/mm.howkuai.com\/wp-content\/uploads\/2015a\/04\/30\/02.jpg","http:\/\/mm.howkuai.com\/wp-content\/uploads\/2015a\/04\/30\/03.jpg","http:\/\/mm.howkuai.com\/wp-content\/uploads\/2015a\/04\/30\/04.jpg","http:\/\/mm.howkuai.com\/wp-content\/uploads\/2015a\/04\/30\/05.jpg","http:\/\/mm.howkuai.com\/wp-content\/uploads\/2015a\/04\/30\/06.jpg","http:\/\/mm.howkuai.com\/wp-content\/uploads\/2015a\/04\/30\/07.jpg","http:\/\/mm.howkuai.com\/wp-content\/uploads\/2015a\/04\/30\/08.jpg"]},{"plaintext":"\u6bd5\u4e1a\u5b63\uff0c\u6211\u8981\u7559\u4e0b\u9752\u6625\u7684\u9a6c\u5c3e\u8fab","href":"http:\/\/www.meizitu.com\/a\/4925.html","pic_list":["http:\/\/mm.howkuai.com\/wp-content\/uploads\/2015a\/04\/29\/01.jpg","http:\/\/mm.howkuai.com\/wp-content\/uploads\/2015a\/04\/29\/02.jpg","http:\/\/mm.howkuai.com\/wp-content\/uploads\/2015a\/04\/29\/03.jpg","http:\/\/mm.howkuai.com\/wp-content\/uploads\/2015a\/04\/29\/04.jpg","http:\/\/mm.howkuai.com\/wp-content\/uploads\/2015a\/04\/29\/05.jpg","http:\/\/mm.howkuai.com\/wp-content\/uploads\/2015a\/04\/29\/06.jpg","http:\/\/mm.howkuai.com\/wp-content\/uploads\/2015a\/04\/29\/07.jpg"]},{"plaintext":"\u6dd1\u5973\u624d\u60c5\uff0c\u6e29\u67d4\u4e4b\u81f3\u3002\u6e56\u8fb9\u7684\u751c\u7f8e\u6c14\u8d28\u5c11\u5973","href":"http:\/\/www.meizitu.com\/a\/4924.html","pic_list":["http:\/\/mm.howkuai.com\/wp-content\/uploads\/2015a\/04\/28\/01.jpg","http:\/\/mm.howkuai.com\/wp-content\/uploads\/2015a\/04\/28\/02.jpg","http:\/\/mm.howkuai.com\/wp-content\/uploads\/2015a\/04\/28\/03.jpg","http:\/\/mm.howkuai.com\/wp-content\/uploads\/2015a\/04\/28\/04.jpg","http:\/\/mm.howkuai.com\/wp-content\/uploads\/2015a\/04\/28\/05.jpg","http:\/\/mm.howkuai.com\/wp-content\/uploads\/2015a\/04\/28\/06.jpg","http:\/\/mm.howkuai.com\/wp-content\/uploads\/2015a\/04\/28\/07.jpg"]},{"plaintext":"\u5b8c\u7f8e\u8170\u81c0\u6bd4\u4f8b\uff0c\u9633\u5149\u5065\u7f8e\u6a21\u7279","href":"http:\/\/www.meizitu.com\/a\/4922.html","pic_list":["http:\/\/mm.howkuai.com\/wp-content\/uploads\/2015a\/04\/26\/01.jpg","http:\/\/mm.howkuai.com\/wp-content\/uploads\/2015a\/04\/26\/02.jpg","http:\/\/mm.howkuai.com\/wp-content\/uploads\/2015a\/04\/26\/03.jpg","http:\/\/mm.howkuai.com\/wp-content\/uploads\/2015a\/04\/26\/04.jpg","http:\/\/mm.howkuai.com\/wp-content\/uploads\/2015a\/04\/26\/05.jpg","http:\/\/mm.howkuai.com\/wp-content\/uploads\/2015a\/04\/26\/06.jpg","http:\/\/mm.howkuai.com\/wp-content\/uploads\/2015a\/04\/26\/07.jpg"]},{"plaintext":"\u7edd\u5bf9\u597d\u8eab\u6750\uff0c\u67d4\u6861\u8f7b\u66fc\uff0c\u59a9\u5a9a\u7ea4\u5f31","href":"http:\/\/www.meizitu.com\/a\/4921.html","pic_list":["http:\/\/mm.howkuai.com\/wp-content\/uploads\/2015a\/04\/25\/01.jpg","http:\/\/mm.howkuai.com\/wp-content\/uploads\/2015a\/04\/25\/02.jpg","http:\/\/mm.howkuai.com\/wp-content\/uploads\/2015a\/04\/25\/03.jpg","http:\/\/mm.howkuai.com\/wp-content\/uploads\/2015a\/04\/25\/04.jpg","http:\/\/mm.howkuai.com\/wp-content\/uploads\/2015a\/04\/25\/05.jpg"]},{"plaintext":"2015\u4e0a\u6d77\u6210\u4eba\u5c55\u4e0a\u7684\u5927\u80c6\u6a21\u7279","href":"http:\/\/www.meizitu.com\/a\/4920.html","pic_list":["http:\/\/mm.howkuai.com\/wp-content\/uploads\/2015a\/04\/24\/01.jpg","http:\/\/mm.howkuai.com\/wp-content\/uploads\/2015a\/04\/24\/02.jpg","http:\/\/mm.howkuai.com\/wp-content\/uploads\/2015a\/04\/24\/03.jpg","http:\/\/mm.howkuai.com\/wp-content\/uploads\/2015a\/04\/24\/04.jpg","http:\/\/mm.howkuai.com\/wp-content\/uploads\/2015a\/04\/24\/05.jpg","http:\/\/mm.howkuai.com\/wp-content\/uploads\/2015a\/04\/24\/06.jpg"]},{"plaintext":"\u4e0d\u505a\u5c0f\u86ee\u8170\uff0c\u5c31\u8981\u6027\u611f\u4e30\u6ee1\u7684\u8eab\u6750","href":"http:\/\/www.meizitu.com\/a\/4919.html","pic_list":["http:\/\/mm.howkuai.com\/wp-content\/uploads\/2015a\/04\/23\/01.jpg","http:\/\/mm.howkuai.com\/wp-content\/uploads\/2015a\/04\/23\/02.jpg","http:\/\/mm.howkuai.com\/wp-content\/uploads\/2015a\/04\/23\/03.jpg","http:\/\/mm.howkuai.com\/wp-content\/uploads\/2015a\/04\/23\/04.jpg","http:\/\/mm.howkuai.com\/wp-content\/uploads\/2015a\/04\/23\/05.jpg","http:\/\/mm.howkuai.com\/wp-content\/uploads\/2015a\/04\/23\/06.jpg","http:\/\/mm.howkuai.com\/wp-content\/uploads\/2015a\/04\/23\/07.jpg","http:\/\/mm.howkuai.com\/wp-content\/uploads\/2015a\/04\/23\/08.jpg","http:\/\/mm.howkuai.com\/wp-content\/uploads\/2015a\/04\/23\/09.jpg"]},{"plaintext":"\u7231\u98de\u673a\u7684\u9633\u5149\u6b63\u59b9\uff0c\u4e00\u88ad\u7b80\u88c5\u82f1\u59ff\u98d2\u723d","href":"http:\/\/www.meizitu.com\/a\/4918.html","pic_list":["http:\/\/mm.howkuai.com\/wp-content\/uploads\/2015a\/04\/22\/01.jpg","http:\/\/mm.howkuai.com\/wp-content\/uploads\/2015a\/04\/22\/02.jpg","http:\/\/mm.howkuai.com\/wp-content\/uploads\/2015a\/04\/22\/03.jpg","http:\/\/mm.howkuai.com\/wp-content\/uploads\/2015a\/04\/22\/04.jpg","http:\/\/mm.howkuai.com\/wp-content\/uploads\/2015a\/04\/22\/05.jpg","http:\/\/mm.howkuai.com\/wp-content\/uploads\/2015a\/04\/22\/06.jpg","http:\/\/mm.howkuai.com\/wp-content\/uploads\/2015a\/04\/22\/07.jpg"]},{"plaintext":"\u8d27\u771f\u4ef7\u5b9e\u7684F\u676f\uff0c\u9b54\u9b3c\u8eab\u6750\u4e00\u89c8\u65e0\u4f59","href":"http:\/\/www.meizitu.com\/a\/4917.html","pic_list":["http:\/\/mm.howkuai.com\/wp-content\/uploads\/2015a\/04\/21\/01.jpg","http:\/\/mm.howkuai.com\/wp-content\/uploads\/2015a\/04\/21\/02.jpg","http:\/\/mm.howkuai.com\/wp-content\/uploads\/2015a\/04\/21\/03.jpg","http:\/\/mm.howkuai.com\/wp-content\/uploads\/2015a\/04\/21\/04.jpg","http:\/\/mm.howkuai.com\/wp-content\/uploads\/2015a\/04\/21\/05.jpg","http:\/\/mm.howkuai.com\/wp-content\/uploads\/2015a\/04\/21\/06.jpg","http:\/\/mm.howkuai.com\/wp-content\/uploads\/2015a\/04\/21\/07.jpg"]},{"plaintext":"\u892a\u5230\u4e00\u534a\u7684\u6bd4\u57fa\u5c3c\uff0cluvain\u672c\u80fd\u79c1\u623f","href":"http:\/\/www.meizitu.com\/a\/4916.html","pic_list":["http:\/\/mm.howkuai.com\/wp-content\/uploads\/2015a\/04\/20\/01.jpg","http:\/\/mm.howkuai.com\/wp-content\/uploads\/2015a\/04\/20\/02.jpg","http:\/\/mm.howkuai.com\/wp-content\/uploads\/2015a\/04\/20\/03.jpg","http:\/\/mm.howkuai.com\/wp-content\/uploads\/2015a\/04\/20\/04.jpg","http:\/\/mm.howkuai.com\/wp-content\/uploads\/2015a\/04\/20\/05.jpg","http:\/\/mm.howkuai.com\/wp-content\/uploads\/2015a\/04\/20\/06.jpg"]},{"plaintext":"\u957f\u817f\u201c\u840c\u201d\u59b9\u7eb8\u4e0e\u72d7\u72d7\u5728\u590f\u65e5\u7684\u5348\u540e","href":"http:\/\/www.meizitu.com\/a\/4915.html","pic_list":["http:\/\/mm.howkuai.com\/wp-content\/uploads\/2015a\/04\/19\/01.jpg","http:\/\/mm.howkuai.com\/wp-content\/uploads\/2015a\/04\/19\/02.jpg","http:\/\/mm.howkuai.com\/wp-content\/uploads\/2015a\/04\/19\/03.jpg","http:\/\/mm.howkuai.com\/wp-content\/uploads\/2015a\/04\/19\/04.jpg","http:\/\/mm.howkuai.com\/wp-content\/uploads\/2015a\/04\/19\/05.jpg","http:\/\/mm.howkuai.com\/wp-content\/uploads\/2015a\/04\/19\/06.jpg"]},{"plaintext":"\u59b9\u7eb8\u5c0f\u60c5\u7eea\uff0c\u591c\u662f\u591c\u7684\u7f8e","href":"http:\/\/www.meizitu.com\/a\/4914.html","pic_list":["http:\/\/mm.howkuai.com\/wp-content\/uploads\/2015a\/04\/18\/01.jpg","http:\/\/mm.howkuai.com\/wp-content\/uploads\/2015a\/04\/18\/02.jpg","http:\/\/mm.howkuai.com\/wp-content\/uploads\/2015a\/04\/18\/03.jpg","http:\/\/mm.howkuai.com\/wp-content\/uploads\/2015a\/04\/18\/04.jpg","http:\/\/mm.howkuai.com\/wp-content\/uploads\/2015a\/04\/18\/05.jpg"]},{"plaintext":"\u5065\u5eb7\u80a4\u8272\u6a21\u7279\u7684\u52b2\u7206\u6cf3\u6c60\u5927\u7247","href":"http:\/\/www.meizitu.com\/a\/4913.html","pic_list":["http:\/\/mm.howkuai.com\/wp-content\/uploads\/2015a\/04\/17\/01.jpg","http:\/\/mm.howkuai.com\/wp-content\/uploads\/2015a\/04\/17\/02.jpg","http:\/\/mm.howkuai.com\/wp-content\/uploads\/2015a\/04\/17\/03.jpg","http:\/\/mm.howkuai.com\/wp-content\/uploads\/2015a\/04\/17\/04.jpg","http:\/\/mm.howkuai.com\/wp-content\/uploads\/2015a\/04\/17\/05.jpg","http:\/\/mm.howkuai.com\/wp-content\/uploads\/2015a\/04\/17\/06.jpg"]},{"plaintext":"90\u4faf\u7f8e\u5973\u6797\u5c0f\u5c24\u6e05\u7eaf\u5199\u771f","href":"http:\/\/www.meizitu.com\/a\/4912.html","pic_list":["http:\/\/mm.howkuai.com\/wp-content\/uploads\/2015a\/04\/16\/01.jpg","http:\/\/mm.howkuai.com\/wp-content\/uploads\/2015a\/04\/16\/02.jpg","http:\/\/mm.howkuai.com\/wp-content\/uploads\/2015a\/04\/16\/03.jpg","http:\/\/mm.howkuai.com\/wp-content\/uploads\/2015a\/04\/16\/04.jpg","http:\/\/mm.howkuai.com\/wp-content\/uploads\/2015a\/04\/16\/05.jpg","http:\/\/mm.howkuai.com\/wp-content\/uploads\/2015a\/04\/16\/06.jpg","http:\/\/mm.howkuai.com\/wp-content\/uploads\/2015a\/04\/16\/07.jpg","http:\/\/mm.howkuai.com\/wp-content\/uploads\/2015a\/04\/16\/08.jpg","http:\/\/mm.howkuai.com\/wp-content\/uploads\/2015a\/04\/16\/09.jpg"]},{"plaintext":"\u6dcb\u6d74\u7684\u7f8e\u4eba\uff0c\u5b89\u9759\u7eaf\u7f8e\u4e2d\u5e26\u7740\u6027\u611f","href":"http:\/\/www.meizitu.com\/a\/4911.html","pic_list":["http:\/\/mm.howkuai.com\/wp-content\/uploads\/2015a\/04\/15\/01.jpg","http:\/\/mm.howkuai.com\/wp-content\/uploads\/2015a\/04\/15\/02.jpg","http:\/\/mm.howkuai.com\/wp-content\/uploads\/2015a\/04\/15\/03.jpg","http:\/\/mm.howkuai.com\/wp-content\/uploads\/2015a\/04\/15\/04.jpg","http:\/\/mm.howkuai.com\/wp-content\/uploads\/2015a\/04\/15\/05.jpg","http:\/\/mm.howkuai.com\/wp-content\/uploads\/2015a\/04\/15\/06.jpg","http:\/\/mm.howkuai.com\/wp-content\/uploads\/2015a\/04\/15\/07.jpg"]},{"plaintext":"\u7a7f\u7740\u82b1\u513f\u505a\u6210\u7684\u8863\u88f3\uff0c\u65e5\u672c\u7f8e\u7709\u7f8e\u9189\u4f17\u4eba","href":"http:\/\/www.meizitu.com\/a\/4910.html","pic_list":["http:\/\/mm.howkuai.com\/wp-content\/uploads\/2015a\/04\/14\/01.jpg","http:\/\/mm.howkuai.com\/wp-content\/uploads\/2015a\/04\/14\/02.jpg","http:\/\/mm.howkuai.com\/wp-content\/uploads\/2015a\/04\/14\/03.jpg","http:\/\/mm.howkuai.com\/wp-content\/uploads\/2015a\/04\/14\/04.jpg","http:\/\/mm.howkuai.com\/wp-content\/uploads\/2015a\/04\/14\/05.jpg","http:\/\/mm.howkuai.com\/wp-content\/uploads\/2015a\/04\/14\/06.jpg","http:\/\/mm.howkuai.com\/wp-content\/uploads\/2015a\/04\/14\/07.jpg","http:\/\/mm.howkuai.com\/wp-content\/uploads\/2015a\/04\/14\/08.jpg","http:\/\/mm.howkuai.com\/wp-content\/uploads\/2015a\/04\/14\/09.jpg"]},{"plaintext":"\u9633\u5149\u6b63\u59b9\u79c0\u957f\u817f\uff0c\u59ff\u52bf\u64a9\u4eba","href":"http:\/\/www.meizitu.com\/a\/4909.html","pic_list":["http:\/\/mm.howkuai.com\/wp-content\/uploads\/2015a\/04\/13\/01.jpg","http:\/\/mm.howkuai.com\/wp-content\/uploads\/2015a\/04\/13\/02.jpg","http:\/\/mm.howkuai.com\/wp-content\/uploads\/2015a\/04\/13\/03.jpg","http:\/\/mm.howkuai.com\/wp-content\/uploads\/2015a\/04\/13\/04.jpg","http:\/\/mm.howkuai.com\/wp-content\/uploads\/2015a\/04\/13\/05.jpg","http:\/\/mm.howkuai.com\/wp-content\/uploads\/2015a\/04\/13\/06.jpg","http:\/\/mm.howkuai.com\/wp-content\/uploads\/2015a\/04\/13\/07.jpg","http:\/\/mm.howkuai.com\/wp-content\/uploads\/2015a\/04\/13\/08.jpg"]},{"plaintext":"\u7d20\u989c\u7f8e\u5973\uff0c\u5446\u840c\u7684\u59b9\u5b50\u603b\u662f\u4e00\u8138\u5fe7\u6101","href":"http:\/\/www.meizitu.com\/a\/4908.html","pic_list":["http:\/\/mm.howkuai.com\/wp-content\/uploads\/2015a\/04\/12\/01.jpg","http:\/\/mm.howkuai.com\/wp-content\/uploads\/2015a\/04\/12\/02.jpg","http:\/\/mm.howkuai.com\/wp-content\/uploads\/2015a\/04\/12\/03.jpg","http:\/\/mm.howkuai.com\/wp-content\/uploads\/2015a\/04\/12\/04.jpg","http:\/\/mm.howkuai.com\/wp-content\/uploads\/2015a\/04\/12\/05.jpg","http:\/\/mm.howkuai.com\/wp-content\/uploads\/2015a\/04\/12\/06.jpg","http:\/\/mm.howkuai.com\/wp-content\/uploads\/2015a\/04\/12\/07.jpg"]},{"plaintext":"\u4e30\u6ee1\u8eab\u4f53\uff0c\u5e9f\u589f\u4e2d\u6027\u611f\u80cc\u5f71","href":"http:\/\/www.meizitu.com\/a\/4907.html","pic_list":["http:\/\/mm.howkuai.com\/wp-content\/uploads\/2015a\/04\/11\/01.jpg","http:\/\/mm.howkuai.com\/wp-content\/uploads\/2015a\/04\/11\/02.jpg","http:\/\/mm.howkuai.com\/wp-content\/uploads\/2015a\/04\/11\/03.jpg","http:\/\/mm.howkuai.com\/wp-content\/uploads\/2015a\/04\/11\/04.jpg","http:\/\/mm.howkuai.com\/wp-content\/uploads\/2015a\/04\/11\/05.jpg"]},{"plaintext":"\u65e5\u672c\u5076\u50cf\u7ec4\u5408\u4e43\u6728\u574246\u6210\u5458\u6e05\u7eaf\u7167","href":"http:\/\/www.meizitu.com\/a\/4906.html","pic_list":["http:\/\/mm.howkuai.com\/wp-content\/uploads\/2015a\/04\/10\/01.jpg","http:\/\/mm.howkuai.com\/wp-content\/uploads\/2015a\/04\/10\/02.jpg","http:\/\/mm.howkuai.com\/wp-content\/uploads\/2015a\/04\/10\/03.jpg","http:\/\/mm.howkuai.com\/wp-content\/uploads\/2015a\/04\/10\/04.jpg","http:\/\/mm.howkuai.com\/wp-content\/uploads\/2015a\/04\/10\/05.jpg","http:\/\/mm.howkuai.com\/wp-content\/uploads\/2015a\/04\/10\/06.jpg","http:\/\/mm.howkuai.com\/wp-content\/uploads\/2015a\/04\/10\/07.jpg","http:\/\/mm.howkuai.com\/wp-content\/uploads\/2015a\/04\/10\/08.jpg","http:\/\/mm.howkuai.com\/wp-content\/uploads\/2015a\/04\/10\/09.jpg"]},{"plaintext":"F\u676f\u5de8\u4e73\u6a21\u7279\u738b\u4fea\u4e01\u5ba4\u5916\u5199\u771f","href":"http:\/\/www.meizitu.com\/a\/4905.html","pic_list":["http:\/\/mm.howkuai.com\/wp-content\/uploads\/2015a\/04\/09\/01.jpg","http:\/\/mm.howkuai.com\/wp-content\/uploads\/2015a\/04\/09\/02.jpg","http:\/\/mm.howkuai.com\/wp-content\/uploads\/2015a\/04\/09\/03.jpg","http:\/\/mm.howkuai.com\/wp-content\/uploads\/2015a\/04\/09\/04.jpg","http:\/\/mm.howkuai.com\/wp-content\/uploads\/2015a\/04\/09\/05.jpg","http:\/\/mm.howkuai.com\/wp-content\/uploads\/2015a\/04\/09\/06.jpg","http:\/\/mm.howkuai.com\/wp-content\/uploads\/2015a\/04\/09\/07.jpg"]}]