[{"plaintext":"[\u95fa\u871c\u7cfb\u5217]\u65f6\u5149\u834f\u82d2\u3001\u9752\u6625\u4e0d\u6563","href":"http:\/\/www.meizitu.com\/a\/4844.html","pic_list":["http:\/\/mm.howkuai.com\/wp-content\/uploads\/2015a\/03\/02\/01.jpg","http:\/\/mm.howkuai.com\/wp-content\/uploads\/2015a\/03\/02\/02.jpg","http:\/\/mm.howkuai.com\/wp-content\/uploads\/2015a\/03\/02\/03.jpg","http:\/\/mm.howkuai.com\/wp-content\/uploads\/2015a\/03\/02\/04.jpg","http:\/\/mm.howkuai.com\/wp-content\/uploads\/2015a\/03\/02\/05.jpg","http:\/\/mm.howkuai.com\/wp-content\/uploads\/2015a\/03\/02\/06.jpg","http:\/\/mm.howkuai.com\/wp-content\/uploads\/2015a\/03\/02\/07.jpg","http:\/\/mm.howkuai.com\/wp-content\/uploads\/2015a\/03\/02\/08.jpg","http:\/\/mm.howkuai.com\/wp-content\/uploads\/2015a\/03\/02\/09.jpg"]},{"plaintext":"\u65e9\u6668\u597d\uff0c\u5a07\u5c0f\u53ef\u7231\u7684\u751c\u5fc3","href":"http:\/\/www.meizitu.com\/a\/4842.html","pic_list":["http:\/\/mm.howkuai.com\/wp-content\/uploads\/2015a\/02\/37\/01.jpg","http:\/\/mm.howkuai.com\/wp-content\/uploads\/2015a\/02\/37\/02.jpg","http:\/\/mm.howkuai.com\/wp-content\/uploads\/2015a\/02\/37\/03.jpg","http:\/\/mm.howkuai.com\/wp-content\/uploads\/2015a\/02\/37\/04.jpg","http:\/\/mm.howkuai.com\/wp-content\/uploads\/2015a\/02\/37\/05.jpg","http:\/\/mm.howkuai.com\/wp-content\/uploads\/2015a\/02\/37\/06.jpg","http:\/\/mm.howkuai.com\/wp-content\/uploads\/2015a\/02\/37\/07.jpg","http:\/\/mm.howkuai.com\/wp-content\/uploads\/2015a\/02\/37\/08.jpg"]},{"plaintext":"\u90a3\u65f6\u7684\u68a6\u60f3 \u5982\u4eca\u4ec0\u4e48\u6a21\u6837","href":"http:\/\/www.meizitu.com\/a\/4841.html","pic_list":["http:\/\/mm.howkuai.com\/wp-content\/uploads\/2015a\/02\/36\/01.jpg","http:\/\/mm.howkuai.com\/wp-content\/uploads\/2015a\/02\/36\/02.jpg","http:\/\/mm.howkuai.com\/wp-content\/uploads\/2015a\/02\/36\/03.jpg","http:\/\/mm.howkuai.com\/wp-content\/uploads\/2015a\/02\/36\/04.jpg","http:\/\/mm.howkuai.com\/wp-content\/uploads\/2015a\/02\/36\/05.jpg","http:\/\/mm.howkuai.com\/wp-content\/uploads\/2015a\/02\/36\/06.jpg"]},{"plaintext":"\u5343\u5a07\u767e\u5a9a\u7684\u6f02\u4eae\u6a21\u7279\u513f","href":"http:\/\/www.meizitu.com\/a\/4840.html","pic_list":["http:\/\/mm.howkuai.com\/wp-content\/uploads\/2015a\/02\/35\/01.jpg","http:\/\/mm.howkuai.com\/wp-content\/uploads\/2015a\/02\/35\/02.jpg","http:\/\/mm.howkuai.com\/wp-content\/uploads\/2015a\/02\/35\/03.jpg","http:\/\/mm.howkuai.com\/wp-content\/uploads\/2015a\/02\/35\/04.jpg","http:\/\/mm.howkuai.com\/wp-content\/uploads\/2015a\/02\/35\/05.jpg","http:\/\/mm.howkuai.com\/wp-content\/uploads\/2015a\/02\/35\/06.jpg","http:\/\/mm.howkuai.com\/wp-content\/uploads\/2015a\/02\/35\/07.jpg","http:\/\/mm.howkuai.com\/wp-content\/uploads\/2015a\/02\/35\/08.jpg"]},{"plaintext":"\u6027\u611f\u539a\u5634\u5507\u4e0e\u7ea2\u8272\u7f51\u889c","href":"http:\/\/www.meizitu.com\/a\/4839.html","pic_list":["http:\/\/mm.howkuai.com\/wp-content\/uploads\/2015a\/02\/34\/01.jpg","http:\/\/mm.howkuai.com\/wp-content\/uploads\/2015a\/02\/34\/02.jpg","http:\/\/mm.howkuai.com\/wp-content\/uploads\/2015a\/02\/34\/03.jpg","http:\/\/mm.howkuai.com\/wp-content\/uploads\/2015a\/02\/34\/04.jpg","http:\/\/mm.howkuai.com\/wp-content\/uploads\/2015a\/02\/34\/05.jpg","http:\/\/mm.howkuai.com\/wp-content\/uploads\/2015a\/02\/34\/06.jpg","http:\/\/mm.howkuai.com\/wp-content\/uploads\/2015a\/02\/34\/07.jpg"]},{"plaintext":"\u5446\u840c\u5c0f\u841d\u8389\u7684\u5929\u53f0\u6545\u4e8b","href":"http:\/\/www.meizitu.com\/a\/4838.html","pic_list":["http:\/\/mm.howkuai.com\/wp-content\/uploads\/2015a\/02\/33\/01.jpg","http:\/\/mm.howkuai.com\/wp-content\/uploads\/2015a\/02\/33\/02.jpg","http:\/\/mm.howkuai.com\/wp-content\/uploads\/2015a\/02\/33\/03.jpg","http:\/\/mm.howkuai.com\/wp-content\/uploads\/2015a\/02\/33\/04.jpg","http:\/\/mm.howkuai.com\/wp-content\/uploads\/2015a\/02\/33\/05.jpg","http:\/\/mm.howkuai.com\/wp-content\/uploads\/2015a\/02\/33\/06.jpg"]},{"plaintext":"\u4e30\u8174\u6027\u611f\u59b9\u7eb8\u5e8a\u5934\u4fcf\u76ae\u52fe\u4eba","href":"http:\/\/www.meizitu.com\/a\/4836.html","pic_list":["http:\/\/mm.howkuai.com\/wp-content\/uploads\/2015a\/02\/31\/01.jpg","http:\/\/mm.howkuai.com\/wp-content\/uploads\/2015a\/02\/31\/02.jpg","http:\/\/mm.howkuai.com\/wp-content\/uploads\/2015a\/02\/31\/03.jpg","http:\/\/mm.howkuai.com\/wp-content\/uploads\/2015a\/02\/31\/04.jpg","http:\/\/mm.howkuai.com\/wp-content\/uploads\/2015a\/02\/31\/05.jpg","http:\/\/mm.howkuai.com\/wp-content\/uploads\/2015a\/02\/31\/06.jpg","http:\/\/mm.howkuai.com\/wp-content\/uploads\/2015a\/02\/31\/07.jpg","http:\/\/mm.howkuai.com\/wp-content\/uploads\/2015a\/02\/31\/08.jpg","http:\/\/mm.howkuai.com\/wp-content\/uploads\/2015a\/02\/31\/09.jpg","http:\/\/mm.howkuai.com\/wp-content\/uploads\/2015a\/02\/31\/10.jpg"]},{"plaintext":"\u4e1d\u889c\u5154\u5973\u90ce\u4e3a\u60a8\u9001\u4e0a\u7ea2\u5305","href":"http:\/\/www.meizitu.com\/a\/4835.html","pic_list":["http:\/\/mm.howkuai.com\/wp-content\/uploads\/2015a\/02\/30\/01.jpg","http:\/\/mm.howkuai.com\/wp-content\/uploads\/2015a\/02\/30\/02.jpg","http:\/\/mm.howkuai.com\/wp-content\/uploads\/2015a\/02\/30\/03.jpg","http:\/\/mm.howkuai.com\/wp-content\/uploads\/2015a\/02\/30\/04.jpg","http:\/\/mm.howkuai.com\/wp-content\/uploads\/2015a\/02\/30\/05.jpg","http:\/\/mm.howkuai.com\/wp-content\/uploads\/2015a\/02\/30\/06.jpg","http:\/\/mm.howkuai.com\/wp-content\/uploads\/2015a\/02\/30\/07.jpg"]},{"plaintext":"\u6a31\u6843\u3001\u5973\u4eba\u3001\u82b1\uff0c\u4ee4\u4eba\u5782\u6d8e\u6b32\u6ef4","href":"http:\/\/www.meizitu.com\/a\/4834.html","pic_list":["http:\/\/mm.howkuai.com\/wp-content\/uploads\/2015a\/02\/29\/01.jpg","http:\/\/mm.howkuai.com\/wp-content\/uploads\/2015a\/02\/29\/02.jpg","http:\/\/mm.howkuai.com\/wp-content\/uploads\/2015a\/02\/29\/03.jpg","http:\/\/mm.howkuai.com\/wp-content\/uploads\/2015a\/02\/29\/04.jpg","http:\/\/mm.howkuai.com\/wp-content\/uploads\/2015a\/02\/29\/05.jpg","http:\/\/mm.howkuai.com\/wp-content\/uploads\/2015a\/02\/29\/06.jpg","http:\/\/mm.howkuai.com\/wp-content\/uploads\/2015a\/02\/29\/07.jpg"]},{"plaintext":"\u94c3\u6728\u7231\u7406\uff08Suzuki Airi\uff09\u65e5\u672c\u5c11\u5973\u5076\u50cf\u7ec4\u5408","href":"http:\/\/www.meizitu.com\/a\/4833.html","pic_list":["http:\/\/mm.howkuai.com\/wp-content\/uploads\/2015a\/02\/28\/01.jpg","http:\/\/mm.howkuai.com\/wp-content\/uploads\/2015a\/02\/28\/02.jpg","http:\/\/mm.howkuai.com\/wp-content\/uploads\/2015a\/02\/28\/03.jpg","http:\/\/mm.howkuai.com\/wp-content\/uploads\/2015a\/02\/28\/04.jpg","http:\/\/mm.howkuai.com\/wp-content\/uploads\/2015a\/02\/28\/05.jpg","http:\/\/mm.howkuai.com\/wp-content\/uploads\/2015a\/02\/28\/06.jpg","http:\/\/mm.howkuai.com\/wp-content\/uploads\/2015a\/02\/28\/07.jpg"]},{"plaintext":"\u5ae9\u6a21\u5468\u598d\u5e0c\u7684\u55b7\u8840\u5199\u771f","href":"http:\/\/www.meizitu.com\/a\/4832.html","pic_list":["http:\/\/mm.howkuai.com\/wp-content\/uploads\/2015a\/02\/27\/01.jpg","http:\/\/mm.howkuai.com\/wp-content\/uploads\/2015a\/02\/27\/02.jpg","http:\/\/mm.howkuai.com\/wp-content\/uploads\/2015a\/02\/27\/03.jpg","http:\/\/mm.howkuai.com\/wp-content\/uploads\/2015a\/02\/27\/04.jpg"]},{"plaintext":"\u78a7\u6c34\u84dd\u5929\uff0c\u7ea2\u8272\u6bd4\u57fa\u5c3c\u7f8e\u5973\u79c0\u7fd8\u81c0","href":"http:\/\/www.meizitu.com\/a\/4831.html","pic_list":["http:\/\/mm.howkuai.com\/wp-content\/uploads\/2015a\/02\/26\/01.jpg","http:\/\/mm.howkuai.com\/wp-content\/uploads\/2015a\/02\/26\/02.jpg","http:\/\/mm.howkuai.com\/wp-content\/uploads\/2015a\/02\/26\/03.jpg","http:\/\/mm.howkuai.com\/wp-content\/uploads\/2015a\/02\/26\/04.jpg"]},{"plaintext":"\u4e0e\u6d77\u7684\u65e5\u5b50\uff0c\u6c38\u8fdc\u5feb\u4e50","href":"http:\/\/www.meizitu.com\/a\/4830.html","pic_list":["http:\/\/mm.howkuai.com\/wp-content\/uploads\/2015a\/02\/25\/01.jpg","http:\/\/mm.howkuai.com\/wp-content\/uploads\/2015a\/02\/25\/02.jpg","http:\/\/mm.howkuai.com\/wp-content\/uploads\/2015a\/02\/25\/03.jpg","http:\/\/mm.howkuai.com\/wp-content\/uploads\/2015a\/02\/25\/04.jpg","http:\/\/mm.howkuai.com\/wp-content\/uploads\/2015a\/02\/25\/05.jpg","http:\/\/mm.howkuai.com\/wp-content\/uploads\/2015a\/02\/25\/06.jpg"]},{"plaintext":"\u53d1\u578b\u53ef\u7231\uff0c\u841d\u8389\u7684\u8bf1\u4eba\u8eab\u8eaf","href":"http:\/\/www.meizitu.com\/a\/4829.html","pic_list":["http:\/\/mm.howkuai.com\/wp-content\/uploads\/2015a\/02\/24\/01.jpg","http:\/\/mm.howkuai.com\/wp-content\/uploads\/2015a\/02\/24\/02.jpg","http:\/\/mm.howkuai.com\/wp-content\/uploads\/2015a\/02\/24\/03.jpg","http:\/\/mm.howkuai.com\/wp-content\/uploads\/2015a\/02\/24\/04.jpg","http:\/\/mm.howkuai.com\/wp-content\/uploads\/2015a\/02\/24\/05.jpg","http:\/\/mm.howkuai.com\/wp-content\/uploads\/2015a\/02\/24\/06.jpg","http:\/\/mm.howkuai.com\/wp-content\/uploads\/2015a\/02\/24\/07.jpg","http:\/\/mm.howkuai.com\/wp-content\/uploads\/2015a\/02\/24\/08.jpg"]},{"plaintext":"\u767d\u9886\u4e3d\u4eba\u7684\u9b54\u9b3c\u8eab\u6750","href":"http:\/\/www.meizitu.com\/a\/4828.html","pic_list":["http:\/\/mm.howkuai.com\/wp-content\/uploads\/2015a\/02\/23\/01.jpg","http:\/\/mm.howkuai.com\/wp-content\/uploads\/2015a\/02\/23\/02.jpg","http:\/\/mm.howkuai.com\/wp-content\/uploads\/2015a\/02\/23\/03.jpg","http:\/\/mm.howkuai.com\/wp-content\/uploads\/2015a\/02\/23\/04.jpg","http:\/\/mm.howkuai.com\/wp-content\/uploads\/2015a\/02\/23\/05.jpg","http:\/\/mm.howkuai.com\/wp-content\/uploads\/2015a\/02\/23\/06.jpg"]},{"plaintext":"\u6d77\u8fb9\u6bd4\u57fa\u5c3c\u6027\u611f\u65f6\u5c1a\u5927\u7247","href":"http:\/\/www.meizitu.com\/a\/4827.html","pic_list":["http:\/\/mm.howkuai.com\/wp-content\/uploads\/2015a\/02\/22\/01.jpg","http:\/\/mm.howkuai.com\/wp-content\/uploads\/2015a\/02\/22\/02.jpg","http:\/\/mm.howkuai.com\/wp-content\/uploads\/2015a\/02\/22\/03.jpg","http:\/\/mm.howkuai.com\/wp-content\/uploads\/2015a\/02\/22\/04.jpg","http:\/\/mm.howkuai.com\/wp-content\/uploads\/2015a\/02\/22\/05.jpg","http:\/\/mm.howkuai.com\/wp-content\/uploads\/2015a\/02\/22\/06.jpg","http:\/\/mm.howkuai.com\/wp-content\/uploads\/2015a\/02\/22\/07.jpg"]},{"plaintext":"\u6587\u827a\u5c0f\u6e05\u65b0\uff0c\u90a3\u4e9b\u6e05\u7eaf\u7684\u517b\u773c\u7f8e\u5973","href":"http:\/\/www.meizitu.com\/a\/4826.html","pic_list":["http:\/\/mm.howkuai.com\/wp-content\/uploads\/2015a\/02\/21\/01.jpg","http:\/\/mm.howkuai.com\/wp-content\/uploads\/2015a\/02\/21\/02.jpg","http:\/\/mm.howkuai.com\/wp-content\/uploads\/2015a\/02\/21\/03.jpg","http:\/\/mm.howkuai.com\/wp-content\/uploads\/2015a\/02\/21\/04.jpg","http:\/\/mm.howkuai.com\/wp-content\/uploads\/2015a\/02\/21\/05.jpg","http:\/\/mm.howkuai.com\/wp-content\/uploads\/2015a\/02\/21\/06.jpg","http:\/\/mm.howkuai.com\/wp-content\/uploads\/2015a\/02\/21\/07.jpg","http:\/\/mm.howkuai.com\/wp-content\/uploads\/2015a\/02\/21\/08.jpg","http:\/\/mm.howkuai.com\/wp-content\/uploads\/2015a\/02\/21\/09.jpg","http:\/\/mm.howkuai.com\/wp-content\/uploads\/2015a\/02\/21\/10.jpg"]},{"plaintext":"\u8499\u773c\u5973\u738b\u7684\u76ae\u97ad\uff0c\u90a3\u4e9b\u6027\u611f\u7684\u4eba\u513f\uff0813\uff09","href":"http:\/\/www.meizitu.com\/a\/4825.html","pic_list":["http:\/\/mm.howkuai.com\/wp-content\/uploads\/2015a\/02\/20\/01.jpg","http:\/\/mm.howkuai.com\/wp-content\/uploads\/2015a\/02\/20\/02.jpg","http:\/\/mm.howkuai.com\/wp-content\/uploads\/2015a\/02\/20\/03.jpg","http:\/\/mm.howkuai.com\/wp-content\/uploads\/2015a\/02\/20\/04.jpg","http:\/\/mm.howkuai.com\/wp-content\/uploads\/2015a\/02\/20\/05.jpg","http:\/\/mm.howkuai.com\/wp-content\/uploads\/2015a\/02\/20\/06.jpg","http:\/\/mm.howkuai.com\/wp-content\/uploads\/2015a\/02\/20\/07.jpg","http:\/\/mm.howkuai.com\/wp-content\/uploads\/2015a\/02\/20\/08.jpg","http:\/\/mm.howkuai.com\/wp-content\/uploads\/2015a\/02\/20\/09.jpg","http:\/\/mm.howkuai.com\/wp-content\/uploads\/2015a\/02\/20\/10.jpg"]},{"plaintext":"\u201c\u5168\u7403\u6700\u5e74\u8f7b\u7f8e\u5973\u201d\u5c0f\u841d\u8389\u5c0f\u8288\u6708","href":"http:\/\/www.meizitu.com\/a\/4824.html","pic_list":["http:\/\/mm.howkuai.com\/wp-content\/uploads\/2015a\/02\/19\/01.jpg","http:\/\/mm.howkuai.com\/wp-content\/uploads\/2015a\/02\/19\/02.jpg","http:\/\/mm.howkuai.com\/wp-content\/uploads\/2015a\/02\/19\/03.jpg","http:\/\/mm.howkuai.com\/wp-content\/uploads\/2015a\/02\/19\/04.jpg","http:\/\/mm.howkuai.com\/wp-content\/uploads\/2015a\/02\/19\/05.jpg","http:\/\/mm.howkuai.com\/wp-content\/uploads\/2015a\/02\/19\/06.jpg","http:\/\/mm.howkuai.com\/wp-content\/uploads\/2015a\/02\/19\/07.jpg","http:\/\/mm.howkuai.com\/wp-content\/uploads\/2015a\/02\/19\/08.jpg","http:\/\/mm.howkuai.com\/wp-content\/uploads\/2015a\/02\/19\/09.jpg"]},{"plaintext":"\u300a\u6210\u4eba\u793c\u300b\u7ed9\u81ea\u5df1\u768417\u5c81","href":"http:\/\/www.meizitu.com\/a\/4823.html","pic_list":["http:\/\/mm.howkuai.com\/wp-content\/uploads\/2015a\/02\/18\/01.jpg","http:\/\/mm.howkuai.com\/wp-content\/uploads\/2015a\/02\/18\/02.jpg","http:\/\/mm.howkuai.com\/wp-content\/uploads\/2015a\/02\/18\/03.jpg","http:\/\/mm.howkuai.com\/wp-content\/uploads\/2015a\/02\/18\/04.jpg","http:\/\/mm.howkuai.com\/wp-content\/uploads\/2015a\/02\/18\/05.jpg","http:\/\/mm.howkuai.com\/wp-content\/uploads\/2015a\/02\/18\/06.jpg"]},{"plaintext":"\u8f7b\u7eb1\u540e\u7684\u6c34\u5ae9\u6a21\u7279\uff0cdaisy_\u8292\u679c\u5c0f\u59d0","href":"http:\/\/www.meizitu.com\/a\/4822.html","pic_list":["http:\/\/mm.howkuai.com\/wp-content\/uploads\/2015a\/02\/17\/01.jpg","http:\/\/mm.howkuai.com\/wp-content\/uploads\/2015a\/02\/17\/02.jpg","http:\/\/mm.howkuai.com\/wp-content\/uploads\/2015a\/02\/17\/03.jpg","http:\/\/mm.howkuai.com\/wp-content\/uploads\/2015a\/02\/17\/04.jpg","http:\/\/mm.howkuai.com\/wp-content\/uploads\/2015a\/02\/17\/05.jpg","http:\/\/mm.howkuai.com\/wp-content\/uploads\/2015a\/02\/17\/06.jpg"]},{"plaintext":"\u65f6\u5c1a\u77ed\u88d9\u7684\u6df1\u6c9f\u8bf1\u60d1","href":"http:\/\/www.meizitu.com\/a\/4821.html","pic_list":["http:\/\/mm.howkuai.com\/wp-content\/uploads\/2015a\/02\/16\/01.jpg","http:\/\/mm.howkuai.com\/wp-content\/uploads\/2015a\/02\/16\/02.jpg","http:\/\/mm.howkuai.com\/wp-content\/uploads\/2015a\/02\/16\/03.jpg","http:\/\/mm.howkuai.com\/wp-content\/uploads\/2015a\/02\/16\/04.jpg","http:\/\/mm.howkuai.com\/wp-content\/uploads\/2015a\/02\/16\/05.jpg","http:\/\/mm.howkuai.com\/wp-content\/uploads\/2015a\/02\/16\/06.jpg"]},{"plaintext":"\u673a\u8f66\u5973\u90ce\uff0c\u5f20\u679cFaNtaSy","href":"http:\/\/www.meizitu.com\/a\/4820.html","pic_list":["http:\/\/mm.howkuai.com\/wp-content\/uploads\/2015a\/02\/15\/01.jpg","http:\/\/mm.howkuai.com\/wp-content\/uploads\/2015a\/02\/15\/02.jpg","http:\/\/mm.howkuai.com\/wp-content\/uploads\/2015a\/02\/15\/03.jpg","http:\/\/mm.howkuai.com\/wp-content\/uploads\/2015a\/02\/15\/04.jpg","http:\/\/mm.howkuai.com\/wp-content\/uploads\/2015a\/02\/15\/05.jpg"]},{"plaintext":"\u6731\u5fc6\u97f3\u7684\u6027\u611f\u5c0f\u79c1\u623f","href":"http:\/\/www.meizitu.com\/a\/4819.html","pic_list":["http:\/\/mm.howkuai.com\/wp-content\/uploads\/2015a\/02\/14\/01.jpg","http:\/\/mm.howkuai.com\/wp-content\/uploads\/2015a\/02\/14\/02.jpg","http:\/\/mm.howkuai.com\/wp-content\/uploads\/2015a\/02\/14\/03.jpg","http:\/\/mm.howkuai.com\/wp-content\/uploads\/2015a\/02\/14\/04.jpg","http:\/\/mm.howkuai.com\/wp-content\/uploads\/2015a\/02\/14\/05.jpg","http:\/\/mm.howkuai.com\/wp-content\/uploads\/2015a\/02\/14\/06.jpg","http:\/\/mm.howkuai.com\/wp-content\/uploads\/2015a\/02\/14\/07.jpg","http:\/\/mm.howkuai.com\/wp-content\/uploads\/2015a\/02\/14\/08.jpg"]},{"plaintext":"\u65e515\u5c81\u5929\u4f7f\u642c\u6e05\u7eaf\u5c11\u5973\u8d70\u7ea2","href":"http:\/\/www.meizitu.com\/a\/4818.html","pic_list":["http:\/\/mm.howkuai.com\/wp-content\/uploads\/2015a\/02\/13\/01.jpg","http:\/\/mm.howkuai.com\/wp-content\/uploads\/2015a\/02\/13\/02.jpg","http:\/\/mm.howkuai.com\/wp-content\/uploads\/2015a\/02\/13\/03.jpg","http:\/\/mm.howkuai.com\/wp-content\/uploads\/2015a\/02\/13\/04.jpg","http:\/\/mm.howkuai.com\/wp-content\/uploads\/2015a\/02\/13\/05.jpg","http:\/\/mm.howkuai.com\/wp-content\/uploads\/2015a\/02\/13\/06.jpg","http:\/\/mm.howkuai.com\/wp-content\/uploads\/2015a\/02\/13\/07.jpg","http:\/\/mm.howkuai.com\/wp-content\/uploads\/2015a\/02\/13\/08.jpg","http:\/\/mm.howkuai.com\/wp-content\/uploads\/2015a\/02\/13\/09.jpg","http:\/\/mm.howkuai.com\/wp-content\/uploads\/2015a\/02\/13\/10.jpg","http:\/\/mm.howkuai.com\/wp-content\/uploads\/2015a\/02\/13\/11.jpg"]},{"plaintext":"\u6a21\u7279\u674e\u4e03\u559c\u6027\u611f\u5973\u4ec6\u88c5","href":"http:\/\/www.meizitu.com\/a\/4817.html","pic_list":["http:\/\/mm.howkuai.com\/wp-content\/uploads\/2015a\/02\/12\/01.jpg","http:\/\/mm.howkuai.com\/wp-content\/uploads\/2015a\/02\/12\/02.jpg","http:\/\/mm.howkuai.com\/wp-content\/uploads\/2015a\/02\/12\/03.jpg","http:\/\/mm.howkuai.com\/wp-content\/uploads\/2015a\/02\/12\/04.jpg","http:\/\/mm.howkuai.com\/wp-content\/uploads\/2015a\/02\/12\/05.jpg","http:\/\/mm.howkuai.com\/wp-content\/uploads\/2015a\/02\/12\/06.jpg"]},{"plaintext":"\u6027\u611f\u7f8e\u5973\u5728\u6c99\u6ee9\u4e0a\u98de\u626c","href":"http:\/\/www.meizitu.com\/a\/4816.html","pic_list":["http:\/\/mm.howkuai.com\/wp-content\/uploads\/2015a\/02\/11\/01.jpg","http:\/\/mm.howkuai.com\/wp-content\/uploads\/2015a\/02\/11\/02.jpg","http:\/\/mm.howkuai.com\/wp-content\/uploads\/2015a\/02\/11\/03.jpg","http:\/\/mm.howkuai.com\/wp-content\/uploads\/2015a\/02\/11\/04.jpg","http:\/\/mm.howkuai.com\/wp-content\/uploads\/2015a\/02\/11\/05.jpg","http:\/\/mm.howkuai.com\/wp-content\/uploads\/2015a\/02\/11\/06.jpg"]},{"plaintext":"\u3010\u5c0f\u6b66\u5a9a\u5a18\u3011 \u6709\u5973\u521d\u957f\u6210\uff0c\u7709\u95f4\u70b9\u6731\u7802","href":"http:\/\/www.meizitu.com\/a\/4815.html","pic_list":["http:\/\/mm.howkuai.com\/wp-content\/uploads\/2015a\/02\/10\/01.jpg","http:\/\/mm.howkuai.com\/wp-content\/uploads\/2015a\/02\/10\/02.jpg","http:\/\/mm.howkuai.com\/wp-content\/uploads\/2015a\/02\/10\/03.jpg","http:\/\/mm.howkuai.com\/wp-content\/uploads\/2015a\/02\/10\/04.jpg","http:\/\/mm.howkuai.com\/wp-content\/uploads\/2015a\/02\/10\/05.jpg","http:\/\/mm.howkuai.com\/wp-content\/uploads\/2015a\/02\/10\/06.jpg","http:\/\/mm.howkuai.com\/wp-content\/uploads\/2015a\/02\/10\/07.jpg","http:\/\/mm.howkuai.com\/wp-content\/uploads\/2015a\/02\/10\/08.jpg","http:\/\/mm.howkuai.com\/wp-content\/uploads\/2015a\/02\/10\/09.jpg"]}]