[{"plaintext":"\u6728\u6751\u8475 \u304d\u307e\u3050\u308c\u30cd\u30b3\u30e1\u7f8e\u5c11\u5973\u5165\u5b66","href":"http:\/\/www.meizitu.com\/a\/4963.html","pic_list":["http:\/\/mm.howkuai.com\/wp-content\/uploads\/2015a\/05\/12\/01.jpg","http:\/\/mm.howkuai.com\/wp-content\/uploads\/2015a\/05\/12\/02.jpg","http:\/\/mm.howkuai.com\/wp-content\/uploads\/2015a\/05\/12\/03.jpg","http:\/\/mm.howkuai.com\/wp-content\/uploads\/2015a\/05\/12\/04.jpg","http:\/\/mm.howkuai.com\/wp-content\/uploads\/2015a\/05\/12\/05.jpg","http:\/\/mm.howkuai.com\/wp-content\/uploads\/2015a\/05\/12\/06.jpg","http:\/\/mm.howkuai.com\/wp-content\/uploads\/2015a\/05\/12\/07.jpg","http:\/\/mm.howkuai.com\/wp-content\/uploads\/2015a\/05\/12\/08.jpg"]},{"plaintext":"\u9739\u96f3\u5a07\u5a03007\uff0c\u8ff7\u604b\u519b\u88c5\u7684\u6a21\u7279","href":"http:\/\/www.meizitu.com\/a\/4962.html","pic_list":["http:\/\/mm.howkuai.com\/wp-content\/uploads\/2015a\/05\/11\/01.jpg","http:\/\/mm.howkuai.com\/wp-content\/uploads\/2015a\/05\/11\/02.jpg","http:\/\/mm.howkuai.com\/wp-content\/uploads\/2015a\/05\/11\/03.jpg","http:\/\/mm.howkuai.com\/wp-content\/uploads\/2015a\/05\/11\/04.jpg","http:\/\/mm.howkuai.com\/wp-content\/uploads\/2015a\/05\/11\/05.jpg","http:\/\/mm.howkuai.com\/wp-content\/uploads\/2015a\/05\/11\/06.jpg","http:\/\/mm.howkuai.com\/wp-content\/uploads\/2015a\/05\/11\/07.jpg","http:\/\/mm.howkuai.com\/wp-content\/uploads\/2015a\/05\/11\/08.jpg"]},{"plaintext":"\u7537\u4eba\u68a6\u5bd0\u4ee5\u6c42\uff0c\u8eba\u5728\u5e8a\u4e0a\u7684\u7f8e\u5973\u4e0e\u949e\u7968","href":"http:\/\/www.meizitu.com\/a\/4961.html","pic_list":["http:\/\/mm.howkuai.com\/wp-content\/uploads\/2015a\/05\/10\/01.jpg","http:\/\/mm.howkuai.com\/wp-content\/uploads\/2015a\/05\/10\/02.jpg","http:\/\/mm.howkuai.com\/wp-content\/uploads\/2015a\/05\/10\/03.jpg","http:\/\/mm.howkuai.com\/wp-content\/uploads\/2015a\/05\/10\/04.jpg","http:\/\/mm.howkuai.com\/wp-content\/uploads\/2015a\/05\/10\/05.jpg","http:\/\/mm.howkuai.com\/wp-content\/uploads\/2015a\/05\/10\/06.jpg"]},{"plaintext":"\u5065\u8eab\u623f\u5185\u98ce\u666f\u7ebf\uff0c\u6027\u611f\u7ebf\u6761\u8ba9\u4eba\u6026\u7136\u5fc3\u52a8","href":"http:\/\/www.meizitu.com\/a\/4960.html","pic_list":["http:\/\/mm.howkuai.com\/wp-content\/uploads\/2015a\/05\/09\/01.jpg","http:\/\/mm.howkuai.com\/wp-content\/uploads\/2015a\/05\/09\/02.jpg","http:\/\/mm.howkuai.com\/wp-content\/uploads\/2015a\/05\/09\/03.jpg","http:\/\/mm.howkuai.com\/wp-content\/uploads\/2015a\/05\/09\/04.jpg","http:\/\/mm.howkuai.com\/wp-content\/uploads\/2015a\/05\/09\/05.jpg","http:\/\/mm.howkuai.com\/wp-content\/uploads\/2015a\/05\/09\/06.jpg","http:\/\/mm.howkuai.com\/wp-content\/uploads\/2015a\/05\/09\/07.jpg","http:\/\/mm.howkuai.com\/wp-content\/uploads\/2015a\/05\/09\/08.jpg","http:\/\/mm.howkuai.com\/wp-content\/uploads\/2015a\/05\/09\/09.jpg"]},{"plaintext":"SKE48\u6e05\u7eaf\u65e5\u672c\u5c11\u5973\u5199\u771f","href":"http:\/\/www.meizitu.com\/a\/4959.html","pic_list":["http:\/\/mm.howkuai.com\/wp-content\/uploads\/2015a\/05\/08\/01.jpg","http:\/\/mm.howkuai.com\/wp-content\/uploads\/2015a\/05\/08\/02.jpg","http:\/\/mm.howkuai.com\/wp-content\/uploads\/2015a\/05\/08\/03.jpg","http:\/\/mm.howkuai.com\/wp-content\/uploads\/2015a\/05\/08\/04.jpg","http:\/\/mm.howkuai.com\/wp-content\/uploads\/2015a\/05\/08\/05.jpg","http:\/\/mm.howkuai.com\/wp-content\/uploads\/2015a\/05\/08\/06.jpg","http:\/\/mm.howkuai.com\/wp-content\/uploads\/2015a\/05\/08\/07.jpg","http:\/\/mm.howkuai.com\/wp-content\/uploads\/2015a\/05\/08\/08.jpg","http:\/\/mm.howkuai.com\/wp-content\/uploads\/2015a\/05\/08\/09.jpg","http:\/\/mm.howkuai.com\/wp-content\/uploads\/2015a\/05\/08\/10.jpg"]},{"plaintext":"\u6c14\u8d28\u6a21\u7279\uff0c\u5218\u82b7\u5e0c\u7684\u552f\u7f8e\u957f\u88d9\u5199\u771f","href":"http:\/\/www.meizitu.com\/a\/4958.html","pic_list":["http:\/\/mm.howkuai.com\/wp-content\/uploads\/2015a\/05\/07\/01.jpg","http:\/\/mm.howkuai.com\/wp-content\/uploads\/2015a\/05\/07\/02.jpg","http:\/\/mm.howkuai.com\/wp-content\/uploads\/2015a\/05\/07\/03.jpg","http:\/\/mm.howkuai.com\/wp-content\/uploads\/2015a\/05\/07\/04.jpg","http:\/\/mm.howkuai.com\/wp-content\/uploads\/2015a\/05\/07\/05.jpg","http:\/\/mm.howkuai.com\/wp-content\/uploads\/2015a\/05\/07\/06.jpg"]},{"plaintext":"\u4e66\u623f\u53d8\u8349\u5730\uff0c\u6a21\u7279\u513f\u5218\u7f8e\u4e00\u7f8e\u7167","href":"http:\/\/www.meizitu.com\/a\/4957.html","pic_list":["http:\/\/mm.howkuai.com\/wp-content\/uploads\/2015a\/05\/06\/01.jpg","http:\/\/mm.howkuai.com\/wp-content\/uploads\/2015a\/05\/06\/02.jpg","http:\/\/mm.howkuai.com\/wp-content\/uploads\/2015a\/05\/06\/03.jpg","http:\/\/mm.howkuai.com\/wp-content\/uploads\/2015a\/05\/06\/04.jpg","http:\/\/mm.howkuai.com\/wp-content\/uploads\/2015a\/05\/06\/05.jpg","http:\/\/mm.howkuai.com\/wp-content\/uploads\/2015a\/05\/06\/06.jpg"]},{"plaintext":"\u7fd8\u81c0\u4e0a\u9762\u53ef\u4ee5\u653e\u6c34\u676f\u7684\u6027\u611f\u5973\u5b69","href":"http:\/\/www.meizitu.com\/a\/4956.html","pic_list":["http:\/\/mm.howkuai.com\/wp-content\/uploads\/2015a\/05\/05\/01.jpg","http:\/\/mm.howkuai.com\/wp-content\/uploads\/2015a\/05\/05\/02.jpg","http:\/\/mm.howkuai.com\/wp-content\/uploads\/2015a\/05\/05\/03.jpg","http:\/\/mm.howkuai.com\/wp-content\/uploads\/2015a\/05\/05\/04.jpg","http:\/\/mm.howkuai.com\/wp-content\/uploads\/2015a\/05\/05\/05.jpg","http:\/\/mm.howkuai.com\/wp-content\/uploads\/2015a\/05\/05\/06.jpg","http:\/\/mm.howkuai.com\/wp-content\/uploads\/2015a\/05\/05\/07.jpg"]},{"plaintext":"\u767d\u7699\u4e30\u6ee1\u5de8\u4e73\u7f8e\u7709\u6027\u611f\u51fa\u5883","href":"http:\/\/www.meizitu.com\/a\/4955.html","pic_list":["http:\/\/mm.howkuai.com\/wp-content\/uploads\/2015a\/05\/04\/01.jpg","http:\/\/mm.howkuai.com\/wp-content\/uploads\/2015a\/05\/04\/02.jpg","http:\/\/mm.howkuai.com\/wp-content\/uploads\/2015a\/05\/04\/03.jpg","http:\/\/mm.howkuai.com\/wp-content\/uploads\/2015a\/05\/04\/04.jpg","http:\/\/mm.howkuai.com\/wp-content\/uploads\/2015a\/05\/04\/05.jpg","http:\/\/mm.howkuai.com\/wp-content\/uploads\/2015a\/05\/04\/06.jpg","http:\/\/mm.howkuai.com\/wp-content\/uploads\/2015a\/05\/04\/07.jpg","http:\/\/mm.howkuai.com\/wp-content\/uploads\/2015a\/05\/04\/08.jpg"]},{"plaintext":"\u4f53\u64cd\u670d\u5143\u6c14\u5c11\u5973\uff0c\u4f60\u7684\u6c14\u606f\u5728\u6821\u56ed\u6bcf\u4e00\u4e2a\u89d2\u843d","href":"http:\/\/www.meizitu.com\/a\/4954.html","pic_list":["http:\/\/mm.howkuai.com\/wp-content\/uploads\/2015a\/05\/03\/01.jpg","http:\/\/mm.howkuai.com\/wp-content\/uploads\/2015a\/05\/03\/02.jpg","http:\/\/mm.howkuai.com\/wp-content\/uploads\/2015a\/05\/03\/03.jpg","http:\/\/mm.howkuai.com\/wp-content\/uploads\/2015a\/05\/03\/04.jpg","http:\/\/mm.howkuai.com\/wp-content\/uploads\/2015a\/05\/03\/05.jpg","http:\/\/mm.howkuai.com\/wp-content\/uploads\/2015a\/05\/03\/06.jpg","http:\/\/mm.howkuai.com\/wp-content\/uploads\/2015a\/05\/03\/07.jpg","http:\/\/mm.howkuai.com\/wp-content\/uploads\/2015a\/05\/03\/08.jpg"]},{"plaintext":"\u6e29\u5ba4\u68a6\u5883\u2015\u751c\u7f8e\u59b9\u5b50\u6c90\u6d74\u5728\u6e05\u6668\u7684\u9633\u5149","href":"http:\/\/www.meizitu.com\/a\/4953.html","pic_list":["http:\/\/mm.howkuai.com\/wp-content\/uploads\/2015a\/05\/02\/01.jpg","http:\/\/mm.howkuai.com\/wp-content\/uploads\/2015a\/05\/02\/02.jpg","http:\/\/mm.howkuai.com\/wp-content\/uploads\/2015a\/05\/02\/03.jpg","http:\/\/mm.howkuai.com\/wp-content\/uploads\/2015a\/05\/02\/04.jpg","http:\/\/mm.howkuai.com\/wp-content\/uploads\/2015a\/05\/02\/05.jpg","http:\/\/mm.howkuai.com\/wp-content\/uploads\/2015a\/05\/02\/06.jpg","http:\/\/mm.howkuai.com\/wp-content\/uploads\/2015a\/05\/02\/07.jpg","http:\/\/mm.howkuai.com\/wp-content\/uploads\/2015a\/05\/02\/08.jpg"]},{"plaintext":"\u51b7\u8273\u6b63\u59b9\u4e00\u88ad\u9ed1\u8272\u5185\u8863\uff0c\u524d\u51f8\u540e\u7fd8\u5c3d\u663e\u6027\u611f","href":"http:\/\/www.meizitu.com\/a\/4952.html","pic_list":["http:\/\/mm.howkuai.com\/wp-content\/uploads\/2015a\/05\/01\/01.jpg","http:\/\/mm.howkuai.com\/wp-content\/uploads\/2015a\/05\/01\/02.jpg","http:\/\/mm.howkuai.com\/wp-content\/uploads\/2015a\/05\/01\/03.jpg","http:\/\/mm.howkuai.com\/wp-content\/uploads\/2015a\/05\/01\/04.jpg","http:\/\/mm.howkuai.com\/wp-content\/uploads\/2015a\/05\/01\/05.jpg","http:\/\/mm.howkuai.com\/wp-content\/uploads\/2015a\/05\/01\/06.jpg"]},{"plaintext":"\u6027\u611f\u53cc\u5507\u6495\u54ac\u8863\u88f3\u5c3d\u663e\u59a9\u5a9a","href":"http:\/\/www.meizitu.com\/a\/4951.html","pic_list":["http:\/\/mm.howkuai.com\/wp-content\/uploads\/2015a\/04\/55\/01.jpg","http:\/\/mm.howkuai.com\/wp-content\/uploads\/2015a\/04\/55\/02.jpg","http:\/\/mm.howkuai.com\/wp-content\/uploads\/2015a\/04\/55\/03.jpg","http:\/\/mm.howkuai.com\/wp-content\/uploads\/2015a\/04\/55\/04.jpg","http:\/\/mm.howkuai.com\/wp-content\/uploads\/2015a\/04\/55\/05.jpg"]},{"plaintext":"\u6027\u611f\u6a21\u7279\u5434\u4e39\u4e0a\u6f14\u6bd4\u57fa\u5c3c\u6c99\u6ee9\u8db3\u7403","href":"http:\/\/www.meizitu.com\/a\/4950.html","pic_list":["http:\/\/mm.howkuai.com\/wp-content\/uploads\/2015a\/04\/54\/01.jpg","http:\/\/mm.howkuai.com\/wp-content\/uploads\/2015a\/04\/54\/02.jpg","http:\/\/mm.howkuai.com\/wp-content\/uploads\/2015a\/04\/54\/03.jpg","http:\/\/mm.howkuai.com\/wp-content\/uploads\/2015a\/04\/54\/04.jpg","http:\/\/mm.howkuai.com\/wp-content\/uploads\/2015a\/04\/54\/05.jpg"]},{"plaintext":"\u6a21\u7279\u738b\u66fc\u59ae\u6027\u611f\u79c1\u623f\u7167","href":"http:\/\/www.meizitu.com\/a\/4949.html","pic_list":["http:\/\/mm.howkuai.com\/wp-content\/uploads\/2015a\/04\/53\/01.jpg","http:\/\/mm.howkuai.com\/wp-content\/uploads\/2015a\/04\/53\/02.jpg","http:\/\/mm.howkuai.com\/wp-content\/uploads\/2015a\/04\/53\/03.jpg","http:\/\/mm.howkuai.com\/wp-content\/uploads\/2015a\/04\/53\/04.jpg","http:\/\/mm.howkuai.com\/wp-content\/uploads\/2015a\/04\/53\/05.jpg","http:\/\/mm.howkuai.com\/wp-content\/uploads\/2015a\/04\/53\/06.jpg","http:\/\/mm.howkuai.com\/wp-content\/uploads\/2015a\/04\/53\/07.jpg"]},{"plaintext":"\u773c\u795e\u5145\u6ee1\u9633\u5149\u81ea\u4fe1\uff0c\u80cc\u5e26\u725b\u4ed4\u66f4\u6dfb\u9752\u6625\u6c14\u606f","href":"http:\/\/www.meizitu.com\/a\/4948.html","pic_list":["http:\/\/mm.howkuai.com\/wp-content\/uploads\/2015a\/04\/52\/01.jpg","http:\/\/mm.howkuai.com\/wp-content\/uploads\/2015a\/04\/52\/02.jpg","http:\/\/mm.howkuai.com\/wp-content\/uploads\/2015a\/04\/52\/03.jpg","http:\/\/mm.howkuai.com\/wp-content\/uploads\/2015a\/04\/52\/04.jpg","http:\/\/mm.howkuai.com\/wp-content\/uploads\/2015a\/04\/52\/05.jpg","http:\/\/mm.howkuai.com\/wp-content\/uploads\/2015a\/04\/52\/06.jpg","http:\/\/mm.howkuai.com\/wp-content\/uploads\/2015a\/04\/52\/07.jpg","http:\/\/mm.howkuai.com\/wp-content\/uploads\/2015a\/04\/52\/08.jpg"]},{"plaintext":"\u8868\u60c5\u8d85\u4e30\u5bcc\u7684\u59b9\u7eb8\uff0c\u751c\u7f8e\u53ef\u7231\u561f\u8d77\u5c0f\u5634","href":"http:\/\/www.meizitu.com\/a\/4947.html","pic_list":["http:\/\/mm.howkuai.com\/wp-content\/uploads\/2015a\/04\/51\/01.jpg","http:\/\/mm.howkuai.com\/wp-content\/uploads\/2015a\/04\/51\/02.jpg","http:\/\/mm.howkuai.com\/wp-content\/uploads\/2015a\/04\/51\/03.jpg","http:\/\/mm.howkuai.com\/wp-content\/uploads\/2015a\/04\/51\/04.jpg","http:\/\/mm.howkuai.com\/wp-content\/uploads\/2015a\/04\/51\/05.jpg","http:\/\/mm.howkuai.com\/wp-content\/uploads\/2015a\/04\/51\/06.jpg","http:\/\/mm.howkuai.com\/wp-content\/uploads\/2015a\/04\/51\/07.jpg","http:\/\/mm.howkuai.com\/wp-content\/uploads\/2015a\/04\/51\/08.jpg","http:\/\/mm.howkuai.com\/wp-content\/uploads\/2015a\/04\/51\/09.jpg","http:\/\/mm.howkuai.com\/wp-content\/uploads\/2015a\/04\/51\/10.jpg"]},{"plaintext":"\u6cf3\u6c60\u4e2d\u7684\u4e30\u6ee1\u65e5\u7cfb\u7f8e\u5973\uff0c\u6709\u7740\u9633\u5149\u7387\u771f\u7684\u7b11\u5bb9","href":"http:\/\/www.meizitu.com\/a\/4946.html","pic_list":["http:\/\/mm.howkuai.com\/wp-content\/uploads\/2015a\/04\/50\/01.jpg","http:\/\/mm.howkuai.com\/wp-content\/uploads\/2015a\/04\/50\/02.jpg","http:\/\/mm.howkuai.com\/wp-content\/uploads\/2015a\/04\/50\/03.jpg","http:\/\/mm.howkuai.com\/wp-content\/uploads\/2015a\/04\/50\/04.jpg","http:\/\/mm.howkuai.com\/wp-content\/uploads\/2015a\/04\/50\/05.jpg","http:\/\/mm.howkuai.com\/wp-content\/uploads\/2015a\/04\/50\/06.jpg","http:\/\/mm.howkuai.com\/wp-content\/uploads\/2015a\/04\/50\/07.jpg","http:\/\/mm.howkuai.com\/wp-content\/uploads\/2015a\/04\/50\/08.jpg","http:\/\/mm.howkuai.com\/wp-content\/uploads\/2015a\/04\/50\/09.jpg","http:\/\/mm.howkuai.com\/wp-content\/uploads\/2015a\/04\/50\/10.jpg"]},{"plaintext":"\u6d74\u7f38\u4e2d\u7684\u53ef\u7231\u5c0f\u7f8e\u5973\uff0c\u4eba\u7f8e\u5c31\u662f\u4efb\u6027","href":"http:\/\/www.meizitu.com\/a\/4945.html","pic_list":["http:\/\/mm.howkuai.com\/wp-content\/uploads\/2015a\/04\/49\/01.jpg","http:\/\/mm.howkuai.com\/wp-content\/uploads\/2015a\/04\/49\/02.jpg","http:\/\/mm.howkuai.com\/wp-content\/uploads\/2015a\/04\/49\/03.jpg","http:\/\/mm.howkuai.com\/wp-content\/uploads\/2015a\/04\/49\/04.jpg","http:\/\/mm.howkuai.com\/wp-content\/uploads\/2015a\/04\/49\/05.jpg","http:\/\/mm.howkuai.com\/wp-content\/uploads\/2015a\/04\/49\/06.jpg","http:\/\/mm.howkuai.com\/wp-content\/uploads\/2015a\/04\/49\/07.jpg"]},{"plaintext":"\u6d77\u8fb9\u7684\u6bd4\u57fa\u5c3c\u6a21\u7279\u513f\u5434\u4e39\u5199\u771f","href":"http:\/\/www.meizitu.com\/a\/4944.html","pic_list":["http:\/\/mm.howkuai.com\/wp-content\/uploads\/2015a\/04\/48\/01.jpg","http:\/\/mm.howkuai.com\/wp-content\/uploads\/2015a\/04\/48\/02.jpg","http:\/\/mm.howkuai.com\/wp-content\/uploads\/2015a\/04\/48\/03.jpg","http:\/\/mm.howkuai.com\/wp-content\/uploads\/2015a\/04\/48\/04.jpg","http:\/\/mm.howkuai.com\/wp-content\/uploads\/2015a\/04\/48\/05.jpg","http:\/\/mm.howkuai.com\/wp-content\/uploads\/2015a\/04\/48\/06.jpg"]},{"plaintext":"\u66fe\u7ecf\u5965\u8fd0\u706b\u70ac\u624b\u59b9\u59b9\u5982\u4eca\u5df2\u662f\u52a8\u4eba\u6a21\u6837","href":"http:\/\/www.meizitu.com\/a\/4943.html","pic_list":["http:\/\/mm.howkuai.com\/wp-content\/uploads\/2015a\/04\/47\/01.jpg","http:\/\/mm.howkuai.com\/wp-content\/uploads\/2015a\/04\/47\/02.jpg","http:\/\/mm.howkuai.com\/wp-content\/uploads\/2015a\/04\/47\/03.jpg","http:\/\/mm.howkuai.com\/wp-content\/uploads\/2015a\/04\/47\/04.jpg","http:\/\/mm.howkuai.com\/wp-content\/uploads\/2015a\/04\/47\/05.jpg","http:\/\/mm.howkuai.com\/wp-content\/uploads\/2015a\/04\/47\/06.jpg"]},{"plaintext":"\u4f0a\u83b2\u5a1c\u6d77\u6ee9\u62cd\u5927\u7247 \u8d64\u88f8\u4e0a\u8eab\u79c0\u6c34\u4e2d\u59a9\u5a9a","href":"http:\/\/www.meizitu.com\/a\/4942.html","pic_list":["http:\/\/mm.howkuai.com\/wp-content\/uploads\/2015a\/04\/46\/01.jpg","http:\/\/mm.howkuai.com\/wp-content\/uploads\/2015a\/04\/46\/02.jpg","http:\/\/mm.howkuai.com\/wp-content\/uploads\/2015a\/04\/46\/03.jpg","http:\/\/mm.howkuai.com\/wp-content\/uploads\/2015a\/04\/46\/04.jpg","http:\/\/mm.howkuai.com\/wp-content\/uploads\/2015a\/04\/46\/05.jpg","http:\/\/mm.howkuai.com\/wp-content\/uploads\/2015a\/04\/46\/06.jpg","http:\/\/mm.howkuai.com\/wp-content\/uploads\/2015a\/04\/46\/07.jpg"]},{"plaintext":"\u5185\u9a6c\u5c14\u7684\u706b\u8fa3\u524d\u5973\u53cb\u5e03\u9c81\u5a1c\u9753\u4e3d\u5199\u771f","href":"http:\/\/www.meizitu.com\/a\/4941.html","pic_list":["http:\/\/mm.howkuai.com\/wp-content\/uploads\/2015a\/04\/45\/01.jpg","http:\/\/mm.howkuai.com\/wp-content\/uploads\/2015a\/04\/45\/02.jpg","http:\/\/mm.howkuai.com\/wp-content\/uploads\/2015a\/04\/45\/03.jpg","http:\/\/mm.howkuai.com\/wp-content\/uploads\/2015a\/04\/45\/04.jpg","http:\/\/mm.howkuai.com\/wp-content\/uploads\/2015a\/04\/45\/05.jpg","http:\/\/mm.howkuai.com\/wp-content\/uploads\/2015a\/04\/45\/06.jpg"]},{"plaintext":"\u5f53\u6027\u611f\u5df2\u6210\u4e3a\u4e60\u60ef\uff0c\u9152\u5427\u4e2d\u7684\u5377\u53d1\u59b9\u59b9","href":"http:\/\/www.meizitu.com\/a\/4940.html","pic_list":["http:\/\/mm.howkuai.com\/wp-content\/uploads\/2015a\/04\/44\/01.jpg","http:\/\/mm.howkuai.com\/wp-content\/uploads\/2015a\/04\/44\/02.jpg","http:\/\/mm.howkuai.com\/wp-content\/uploads\/2015a\/04\/44\/03.jpg","http:\/\/mm.howkuai.com\/wp-content\/uploads\/2015a\/04\/44\/04.jpg","http:\/\/mm.howkuai.com\/wp-content\/uploads\/2015a\/04\/44\/05.jpg","http:\/\/mm.howkuai.com\/wp-content\/uploads\/2015a\/04\/44\/06.jpg"]},{"plaintext":"\u62c9\u62c9\u7684\u8bf1\u60d1\uff0c\u7f8e\u5973\u6f14\u7ece\u6027\u611f\u79c1\u5bc6\u8bdd\u8bed","href":"http:\/\/www.meizitu.com\/a\/4939.html","pic_list":["http:\/\/mm.howkuai.com\/wp-content\/uploads\/2015a\/04\/43\/01.jpg","http:\/\/mm.howkuai.com\/wp-content\/uploads\/2015a\/04\/43\/02.jpg","http:\/\/mm.howkuai.com\/wp-content\/uploads\/2015a\/04\/43\/03.jpg","http:\/\/mm.howkuai.com\/wp-content\/uploads\/2015a\/04\/43\/04.jpg","http:\/\/mm.howkuai.com\/wp-content\/uploads\/2015a\/04\/43\/05.jpg"]},{"plaintext":"\u3010\u6cf3\u6c60\u8fb9\u7684\u590f\u5be5\u5be5\u3011\u521d\u89c1\u4f60\u7684\u6a21\u6837","href":"http:\/\/www.meizitu.com\/a\/4938.html","pic_list":["http:\/\/mm.howkuai.com\/wp-content\/uploads\/2015a\/04\/42\/01.jpg","http:\/\/mm.howkuai.com\/wp-content\/uploads\/2015a\/04\/42\/02.jpg","http:\/\/mm.howkuai.com\/wp-content\/uploads\/2015a\/04\/42\/03.jpg","http:\/\/mm.howkuai.com\/wp-content\/uploads\/2015a\/04\/42\/04.jpg","http:\/\/mm.howkuai.com\/wp-content\/uploads\/2015a\/04\/42\/05.jpg","http:\/\/mm.howkuai.com\/wp-content\/uploads\/2015a\/04\/42\/06.jpg","http:\/\/mm.howkuai.com\/wp-content\/uploads\/2015a\/04\/42\/07.jpg","http:\/\/mm.howkuai.com\/wp-content\/uploads\/2015a\/04\/42\/08.jpg"]},{"plaintext":"\u90a3\u4e9b\u6e05\u7eaf\u7684\u517b\u773c\u7f8e\u5973\u56fe\u7247\uff0816\uff09","href":"http:\/\/www.meizitu.com\/a\/4937.html","pic_list":["http:\/\/mm.howkuai.com\/wp-content\/uploads\/2015a\/04\/41\/01.jpg","http:\/\/mm.howkuai.com\/wp-content\/uploads\/2015a\/04\/41\/02.jpg","http:\/\/mm.howkuai.com\/wp-content\/uploads\/2015a\/04\/41\/03.jpg","http:\/\/mm.howkuai.com\/wp-content\/uploads\/2015a\/04\/41\/04.jpg","http:\/\/mm.howkuai.com\/wp-content\/uploads\/2015a\/04\/41\/05.jpg","http:\/\/mm.howkuai.com\/wp-content\/uploads\/2015a\/04\/41\/06.jpg","http:\/\/mm.howkuai.com\/wp-content\/uploads\/2015a\/04\/41\/07.jpg","http:\/\/mm.howkuai.com\/wp-content\/uploads\/2015a\/04\/41\/08.jpg","http:\/\/mm.howkuai.com\/wp-content\/uploads\/2015a\/04\/41\/09.jpg","http:\/\/mm.howkuai.com\/wp-content\/uploads\/2015a\/04\/41\/10.jpg"]},{"plaintext":"\u8352\u91ce\u5c0f\u6e05\u65b0\uff0c\u5e9f\u5f03\u62d6\u62c9\u673a\u4e0a\u7684\u7f8e\u5973","href":"http:\/\/www.meizitu.com\/a\/4935.html","pic_list":["http:\/\/mm.howkuai.com\/wp-content\/uploads\/2015a\/04\/39\/01.jpg","http:\/\/mm.howkuai.com\/wp-content\/uploads\/2015a\/04\/39\/02.jpg","http:\/\/mm.howkuai.com\/wp-content\/uploads\/2015a\/04\/39\/03.jpg","http:\/\/mm.howkuai.com\/wp-content\/uploads\/2015a\/04\/39\/04.jpg","http:\/\/mm.howkuai.com\/wp-content\/uploads\/2015a\/04\/39\/05.jpg","http:\/\/mm.howkuai.com\/wp-content\/uploads\/2015a\/04\/39\/06.jpg","http:\/\/mm.howkuai.com\/wp-content\/uploads\/2015a\/04\/39\/07.jpg"]}]