[{"plaintext":"\u5ae9\u6a21\u9ec4\u53efchristine\u4e3a\u6c7d\u8f66\u7f8e\u5de5\u574a\u5e7f\u544a\u4ee3\u8a00","href":"http:\/\/www.meizitu.com\/a\/4081.html","pic_list":["http:\/\/mm.howkuai.com\/wp-content\/uploads\/2014a\/03\/10\/01.jpg","http:\/\/mm.howkuai.com\/wp-content\/uploads\/2014a\/03\/10\/02.jpg","http:\/\/mm.howkuai.com\/wp-content\/uploads\/2014a\/03\/10\/03.jpg","http:\/\/mm.howkuai.com\/wp-content\/uploads\/2014a\/03\/10\/04.jpg","http:\/\/mm.howkuai.com\/wp-content\/uploads\/2014a\/03\/10\/05.jpg","http:\/\/mm.howkuai.com\/wp-content\/uploads\/2014a\/03\/10\/06.jpg","http:\/\/mm.howkuai.com\/wp-content\/uploads\/2014a\/03\/10\/07.jpg"]},{"plaintext":"\u90e8\u961f\u7684\u5973\u6c49\u5b50\uff0c\u67d4\u60c5\u7f8e\u5973\u8885\u5a1c\u8eab\u59ff\u53e6\u4eba\u5411\u5f80","href":"http:\/\/www.meizitu.com\/a\/4080.html","pic_list":["http:\/\/mm.howkuai.com\/wp-content\/uploads\/2014a\/03\/09\/01.jpg","http:\/\/mm.howkuai.com\/wp-content\/uploads\/2014a\/03\/09\/02.jpg","http:\/\/mm.howkuai.com\/wp-content\/uploads\/2014a\/03\/09\/03.jpg","http:\/\/mm.howkuai.com\/wp-content\/uploads\/2014a\/03\/09\/04.jpg","http:\/\/mm.howkuai.com\/wp-content\/uploads\/2014a\/03\/09\/05.jpg","http:\/\/mm.howkuai.com\/wp-content\/uploads\/2014a\/03\/09\/06.jpg","http:\/\/mm.howkuai.com\/wp-content\/uploads\/2014a\/03\/09\/07.jpg","http:\/\/mm.howkuai.com\/wp-content\/uploads\/2014a\/03\/09\/08.jpg","http:\/\/mm.howkuai.com\/wp-content\/uploads\/2014a\/03\/09\/09.jpg","http:\/\/mm.howkuai.com\/wp-content\/uploads\/2014a\/03\/09\/10.jpg","http:\/\/mm.howkuai.com\/wp-content\/uploads\/2014a\/03\/09\/11.jpg"]},{"plaintext":"\u591c\u8272\u4e0b\uff0c\u8d4f\u5fc3\u60a6\u76ee\u7684\u59a9\u5a9a\u8ff7\u4eba\u59b9\u5b50","href":"http:\/\/www.meizitu.com\/a\/4079.html","pic_list":["http:\/\/mm.howkuai.com\/wp-content\/uploads\/2014a\/03\/08\/01.jpg","http:\/\/mm.howkuai.com\/wp-content\/uploads\/2014a\/03\/08\/02.jpg","http:\/\/mm.howkuai.com\/wp-content\/uploads\/2014a\/03\/08\/03.jpg","http:\/\/mm.howkuai.com\/wp-content\/uploads\/2014a\/03\/08\/04.jpg","http:\/\/mm.howkuai.com\/wp-content\/uploads\/2014a\/03\/08\/05.jpg","http:\/\/mm.howkuai.com\/wp-content\/uploads\/2014a\/03\/08\/06.jpg","http:\/\/mm.howkuai.com\/wp-content\/uploads\/2014a\/03\/08\/07.jpg","http:\/\/mm.howkuai.com\/wp-content\/uploads\/2014a\/03\/08\/08.jpg","http:\/\/mm.howkuai.com\/wp-content\/uploads\/2014a\/03\/08\/09.jpg"]},{"plaintext":"\u767d\u74a7\u65e0\u7455\u7684\u808c\u80a4\uff0c\u591c\u8272\u4e0b\u5996\u5a9a\u7684\u5973\u5b50","href":"http:\/\/www.meizitu.com\/a\/4078.html","pic_list":["http:\/\/mm.howkuai.com\/wp-content\/uploads\/2014a\/03\/07\/01.jpg","http:\/\/mm.howkuai.com\/wp-content\/uploads\/2014a\/03\/07\/02.jpg","http:\/\/mm.howkuai.com\/wp-content\/uploads\/2014a\/03\/07\/03.jpg","http:\/\/mm.howkuai.com\/wp-content\/uploads\/2014a\/03\/07\/04.jpg","http:\/\/mm.howkuai.com\/wp-content\/uploads\/2014a\/03\/07\/05.jpg","http:\/\/mm.howkuai.com\/wp-content\/uploads\/2014a\/03\/07\/06.jpg","http:\/\/mm.howkuai.com\/wp-content\/uploads\/2014a\/03\/07\/07.jpg"]},{"plaintext":"\u751c\u7f8e\u5973\u751f\u60f9\u4eba\u7231\uff0c\u8c01\u77e5\u5c11\u5973\u60c5\u6000","href":"http:\/\/www.meizitu.com\/a\/4077.html","pic_list":["http:\/\/mm.howkuai.com\/wp-content\/uploads\/2014a\/03\/06\/01.jpg","http:\/\/mm.howkuai.com\/wp-content\/uploads\/2014a\/03\/06\/02.jpg","http:\/\/mm.howkuai.com\/wp-content\/uploads\/2014a\/03\/06\/03.jpg","http:\/\/mm.howkuai.com\/wp-content\/uploads\/2014a\/03\/06\/04.jpg","http:\/\/mm.howkuai.com\/wp-content\/uploads\/2014a\/03\/06\/05.jpg","http:\/\/mm.howkuai.com\/wp-content\/uploads\/2014a\/03\/06\/06.jpg","http:\/\/mm.howkuai.com\/wp-content\/uploads\/2014a\/03\/06\/07.jpg"]},{"plaintext":"[\u5c0f\u6e05\u65b0\u7f8e\u5973]\u5a40\u5a1c\u591a\u59ff\uff0c\u67d4\u7f8e\u98d8\u9038\u7684\u6e05\u7eaf\u7f8e\u5973","href":"http:\/\/www.meizitu.com\/a\/4076.html","pic_list":["http:\/\/mm.howkuai.com\/wp-content\/uploads\/2014a\/03\/05\/01.jpg","http:\/\/mm.howkuai.com\/wp-content\/uploads\/2014a\/03\/05\/02.jpg","http:\/\/mm.howkuai.com\/wp-content\/uploads\/2014a\/03\/05\/03.jpg","http:\/\/mm.howkuai.com\/wp-content\/uploads\/2014a\/03\/05\/04.jpg","http:\/\/mm.howkuai.com\/wp-content\/uploads\/2014a\/03\/05\/05.jpg","http:\/\/mm.howkuai.com\/wp-content\/uploads\/2014a\/03\/05\/06.jpg","http:\/\/mm.howkuai.com\/wp-content\/uploads\/2014a\/03\/05\/07.jpg","http:\/\/mm.howkuai.com\/wp-content\/uploads\/2014a\/03\/05\/08.jpg","http:\/\/mm.howkuai.com\/wp-content\/uploads\/2014a\/03\/05\/09.jpg","http:\/\/mm.howkuai.com\/wp-content\/uploads\/2014a\/03\/05\/10.jpg","http:\/\/mm.howkuai.com\/wp-content\/uploads\/2014a\/03\/05\/11.jpg","http:\/\/mm.howkuai.com\/wp-content\/uploads\/2014a\/03\/05\/12.jpg","http:\/\/mm.howkuai.com\/wp-content\/uploads\/2014a\/03\/05\/13.jpg","http:\/\/mm.howkuai.com\/wp-content\/uploads\/2014a\/03\/05\/14.jpg","http:\/\/mm.howkuai.com\/wp-content\/uploads\/2014a\/03\/05\/15.jpg"]},{"plaintext":"\u9ed1\u73cd\u73e0\u7738\u542b\u79cb\u6c34\uff0c\u72c2\u91ce\u52a8\u4eba\u7684\u5ba4\u5185\u5199\u771f","href":"http:\/\/www.meizitu.com\/a\/4075.html","pic_list":["http:\/\/mm.howkuai.com\/wp-content\/uploads\/2014a\/03\/04\/01.jpg","http:\/\/mm.howkuai.com\/wp-content\/uploads\/2014a\/03\/04\/02.jpg","http:\/\/mm.howkuai.com\/wp-content\/uploads\/2014a\/03\/04\/03.jpg","http:\/\/mm.howkuai.com\/wp-content\/uploads\/2014a\/03\/04\/04.jpg","http:\/\/mm.howkuai.com\/wp-content\/uploads\/2014a\/03\/04\/05.jpg","http:\/\/mm.howkuai.com\/wp-content\/uploads\/2014a\/03\/04\/06.jpg"]},{"plaintext":"\u7f8e\u5973\u79c1\u623f\u7167\uff0c\u7edd\u8272\u4f73\u4eba\u7c89\u8102\u51dd\u9999","href":"http:\/\/www.meizitu.com\/a\/4074.html","pic_list":["http:\/\/mm.howkuai.com\/wp-content\/uploads\/2014a\/03\/03\/01.jpg","http:\/\/mm.howkuai.com\/wp-content\/uploads\/2014a\/03\/03\/02.jpg","http:\/\/mm.howkuai.com\/wp-content\/uploads\/2014a\/03\/03\/03.jpg","http:\/\/mm.howkuai.com\/wp-content\/uploads\/2014a\/03\/03\/04.jpg","http:\/\/mm.howkuai.com\/wp-content\/uploads\/2014a\/03\/03\/05.jpg","http:\/\/mm.howkuai.com\/wp-content\/uploads\/2014a\/03\/03\/06.jpg","http:\/\/mm.howkuai.com\/wp-content\/uploads\/2014a\/03\/03\/07.jpg","http:\/\/mm.howkuai.com\/wp-content\/uploads\/2014a\/03\/03\/08.jpg"]},{"plaintext":"\u795e\u6e05\u9aa8\u79c0\u7684\u7f8e\u5973\u677e\u6728\u91cc\u83dc\u4e13\u8f91","href":"http:\/\/www.meizitu.com\/a\/4073.html","pic_list":["http:\/\/mm.howkuai.com\/wp-content\/uploads\/2014a\/03\/02\/01.jpg","http:\/\/mm.howkuai.com\/wp-content\/uploads\/2014a\/03\/02\/02.jpg","http:\/\/mm.howkuai.com\/wp-content\/uploads\/2014a\/03\/02\/03.jpg","http:\/\/mm.howkuai.com\/wp-content\/uploads\/2014a\/03\/02\/04.jpg","http:\/\/mm.howkuai.com\/wp-content\/uploads\/2014a\/03\/02\/05.jpg","http:\/\/mm.howkuai.com\/wp-content\/uploads\/2014a\/03\/02\/06.jpg","http:\/\/mm.howkuai.com\/wp-content\/uploads\/2014a\/03\/02\/07.jpg"]},{"plaintext":"\u6696\u6696\u7684\u9633\u5149\uff0c\u6696\u6696\u7684\u5c11\u5973","href":"http:\/\/www.meizitu.com\/a\/4072.html","pic_list":["http:\/\/mm.howkuai.com\/wp-content\/uploads\/2014a\/03\/01\/01.jpg","http:\/\/mm.howkuai.com\/wp-content\/uploads\/2014a\/03\/01\/02.jpg","http:\/\/mm.howkuai.com\/wp-content\/uploads\/2014a\/03\/01\/03.jpg","http:\/\/mm.howkuai.com\/wp-content\/uploads\/2014a\/03\/01\/04.jpg","http:\/\/mm.howkuai.com\/wp-content\/uploads\/2014a\/03\/01\/05.jpg","http:\/\/mm.howkuai.com\/wp-content\/uploads\/2014a\/03\/01\/06.jpg","http:\/\/mm.howkuai.com\/wp-content\/uploads\/2014a\/03\/01\/07.jpg"]},{"plaintext":"\u7a7a\u8c37\u5e7d\u5170\u3001\u6e05\u4e3d\u8131\u4fd7\u7684\u552f\u7f8e\u7a7a\u59d0\u5199\u771f","href":"http:\/\/www.meizitu.com\/a\/4071.html","pic_list":["http:\/\/mm.howkuai.com\/wp-content\/uploads\/2014a\/02\/63\/01.jpg","http:\/\/mm.howkuai.com\/wp-content\/uploads\/2014a\/02\/63\/02.jpg","http:\/\/mm.howkuai.com\/wp-content\/uploads\/2014a\/02\/63\/03.jpg","http:\/\/mm.howkuai.com\/wp-content\/uploads\/2014a\/02\/63\/04.jpg","http:\/\/mm.howkuai.com\/wp-content\/uploads\/2014a\/02\/63\/05.jpg","http:\/\/mm.howkuai.com\/wp-content\/uploads\/2014a\/02\/63\/06.jpg","http:\/\/mm.howkuai.com\/wp-content\/uploads\/2014a\/02\/63\/07.jpg"]},{"plaintext":"\u6bcf\u5468\u6700\u6e05\u7eaf\u3001\u5c0f\u6e05\u65b0\u7684\u7f8e\u5973\u7279\u8f91","href":"http:\/\/www.meizitu.com\/a\/4070.html","pic_list":["http:\/\/mm.howkuai.com\/wp-content\/uploads\/2014a\/02\/62\/01.jpg","http:\/\/mm.howkuai.com\/wp-content\/uploads\/2014a\/02\/62\/02.jpg","http:\/\/mm.howkuai.com\/wp-content\/uploads\/2014a\/02\/62\/03.jpg","http:\/\/mm.howkuai.com\/wp-content\/uploads\/2014a\/02\/62\/04.jpg","http:\/\/mm.howkuai.com\/wp-content\/uploads\/2014a\/02\/62\/05.jpg","http:\/\/mm.howkuai.com\/wp-content\/uploads\/2014a\/02\/62\/06.jpg","http:\/\/mm.howkuai.com\/wp-content\/uploads\/2014a\/02\/62\/07.jpg","http:\/\/mm.howkuai.com\/wp-content\/uploads\/2014a\/02\/62\/08.jpg","http:\/\/mm.howkuai.com\/wp-content\/uploads\/2014a\/02\/62\/09.jpg","http:\/\/mm.howkuai.com\/wp-content\/uploads\/2014a\/02\/62\/10.jpg","http:\/\/mm.howkuai.com\/wp-content\/uploads\/2014a\/02\/62\/11.jpg"]},{"plaintext":"\u4e30\u76c8\u7a88\u7a95\uff0c\u695a\u695a\u52a8\u4eba\u7684\u5c11\u5973\u841d\u8389\u7684\u6210\u957f\u65e5\u8bb0","href":"http:\/\/www.meizitu.com\/a\/4069.html","pic_list":["http:\/\/mm.howkuai.com\/wp-content\/uploads\/2014a\/02\/61\/01.jpg","http:\/\/mm.howkuai.com\/wp-content\/uploads\/2014a\/02\/61\/02.jpg","http:\/\/mm.howkuai.com\/wp-content\/uploads\/2014a\/02\/61\/03.jpg","http:\/\/mm.howkuai.com\/wp-content\/uploads\/2014a\/02\/61\/04.jpg","http:\/\/mm.howkuai.com\/wp-content\/uploads\/2014a\/02\/61\/05.jpg","http:\/\/mm.howkuai.com\/wp-content\/uploads\/2014a\/02\/61\/06.jpg","http:\/\/mm.howkuai.com\/wp-content\/uploads\/2014a\/02\/61\/07.jpg","http:\/\/mm.howkuai.com\/wp-content\/uploads\/2014a\/02\/61\/08.jpg","http:\/\/mm.howkuai.com\/wp-content\/uploads\/2014a\/02\/61\/09.jpg","http:\/\/mm.howkuai.com\/wp-content\/uploads\/2014a\/02\/61\/10.jpg","http:\/\/mm.howkuai.com\/wp-content\/uploads\/2014a\/02\/61\/11.jpg"]},{"plaintext":"\u5927\u7f8e\u5973\u4e8e\u82b7\u6674\u795d\u5927\u5bb6\u9a6c\u4e0a\u6709mm","href":"http:\/\/www.meizitu.com\/a\/4068.html","pic_list":["http:\/\/mm.howkuai.com\/wp-content\/uploads\/2014a\/02\/60\/01.jpg","http:\/\/mm.howkuai.com\/wp-content\/uploads\/2014a\/02\/60\/02.jpg","http:\/\/mm.howkuai.com\/wp-content\/uploads\/2014a\/02\/60\/03.jpg","http:\/\/mm.howkuai.com\/wp-content\/uploads\/2014a\/02\/60\/04.jpg","http:\/\/mm.howkuai.com\/wp-content\/uploads\/2014a\/02\/60\/05.jpg","http:\/\/mm.howkuai.com\/wp-content\/uploads\/2014a\/02\/60\/06.jpg","http:\/\/mm.howkuai.com\/wp-content\/uploads\/2014a\/02\/60\/07.jpg","http:\/\/mm.howkuai.com\/wp-content\/uploads\/2014a\/02\/60\/08.jpg"]},{"plaintext":"\u53ef\u7231\u4fcf\u76ae\u7684\u59b9\u5b50\uff0c\u9752\u6625\u5973\u4ec6\u53d8\u5b66\u751f\u88c5","href":"http:\/\/www.meizitu.com\/a\/4067.html","pic_list":["http:\/\/mm.howkuai.com\/wp-content\/uploads\/2014a\/02\/59\/01.jpg","http:\/\/mm.howkuai.com\/wp-content\/uploads\/2014a\/02\/59\/02.jpg","http:\/\/mm.howkuai.com\/wp-content\/uploads\/2014a\/02\/59\/03.jpg","http:\/\/mm.howkuai.com\/wp-content\/uploads\/2014a\/02\/59\/04.jpg","http:\/\/mm.howkuai.com\/wp-content\/uploads\/2014a\/02\/59\/05.jpg","http:\/\/mm.howkuai.com\/wp-content\/uploads\/2014a\/02\/59\/06.jpg"]},{"plaintext":"\u6c14\u8d28\u6e05\u65b0\u53ef\u7231\u559c\u6b22\u5356\u840c\u7684\u5b85\u7537\u5973\u795e\u5c0f\u6cfd","href":"http:\/\/www.meizitu.com\/a\/4066.html","pic_list":["http:\/\/mm.howkuai.com\/wp-content\/uploads\/2014a\/02\/58\/01.jpg","http:\/\/mm.howkuai.com\/wp-content\/uploads\/2014a\/02\/58\/02.jpg","http:\/\/mm.howkuai.com\/wp-content\/uploads\/2014a\/02\/58\/03.jpg","http:\/\/mm.howkuai.com\/wp-content\/uploads\/2014a\/02\/58\/04.jpg","http:\/\/mm.howkuai.com\/wp-content\/uploads\/2014a\/02\/58\/05.jpg","http:\/\/mm.howkuai.com\/wp-content\/uploads\/2014a\/02\/58\/06.jpg","http:\/\/mm.howkuai.com\/wp-content\/uploads\/2014a\/02\/58\/07.jpg"]},{"plaintext":"\u6027\u611f\u7f8e\u5973sissi\u8bd7\u8bd7\u6e7f\u8eab\u9ad8\u6e05\u56fe","href":"http:\/\/www.meizitu.com\/a\/4065.html","pic_list":["http:\/\/mm.howkuai.com\/wp-content\/uploads\/2014a\/02\/57\/01.jpg","http:\/\/mm.howkuai.com\/wp-content\/uploads\/2014a\/02\/57\/02.jpg","http:\/\/mm.howkuai.com\/wp-content\/uploads\/2014a\/02\/57\/03.jpg","http:\/\/mm.howkuai.com\/wp-content\/uploads\/2014a\/02\/57\/04.jpg","http:\/\/mm.howkuai.com\/wp-content\/uploads\/2014a\/02\/57\/05.jpg","http:\/\/mm.howkuai.com\/wp-content\/uploads\/2014a\/02\/57\/06.jpg","http:\/\/mm.howkuai.com\/wp-content\/uploads\/2014a\/02\/57\/07.jpg","http:\/\/mm.howkuai.com\/wp-content\/uploads\/2014a\/02\/57\/08.jpg","http:\/\/mm.howkuai.com\/wp-content\/uploads\/2014a\/02\/57\/09.jpg","http:\/\/mm.howkuai.com\/wp-content\/uploads\/2014a\/02\/57\/10.jpg"]},{"plaintext":"\u591c\u8272\u91cc\u67d4\u7f8e\u98d8\u9038\u90bb\u5bb6\u6c14\u8d28\u5973\u5b69","href":"http:\/\/www.meizitu.com\/a\/4064.html","pic_list":["http:\/\/mm.howkuai.com\/wp-content\/uploads\/2014a\/02\/56\/01.jpg","http:\/\/mm.howkuai.com\/wp-content\/uploads\/2014a\/02\/56\/02.jpg","http:\/\/mm.howkuai.com\/wp-content\/uploads\/2014a\/02\/56\/03.jpg","http:\/\/mm.howkuai.com\/wp-content\/uploads\/2014a\/02\/56\/04.jpg","http:\/\/mm.howkuai.com\/wp-content\/uploads\/2014a\/02\/56\/05.jpg","http:\/\/mm.howkuai.com\/wp-content\/uploads\/2014a\/02\/56\/06.jpg","http:\/\/mm.howkuai.com\/wp-content\/uploads\/2014a\/02\/56\/07.jpg","http:\/\/mm.howkuai.com\/wp-content\/uploads\/2014a\/02\/56\/08.jpg"]},{"plaintext":"\u8138\u86cb\u4e5f\u5f88\u7f8e\u7684\u4e9a\u6d32\u6027\u611f\u7f8e\u5973","href":"http:\/\/www.meizitu.com\/a\/4062.html","pic_list":["http:\/\/mm.howkuai.com\/wp-content\/uploads\/2014a\/02\/54\/01.jpg","http:\/\/mm.howkuai.com\/wp-content\/uploads\/2014a\/02\/54\/02.jpg","http:\/\/mm.howkuai.com\/wp-content\/uploads\/2014a\/02\/54\/03.jpg","http:\/\/mm.howkuai.com\/wp-content\/uploads\/2014a\/02\/54\/04.jpg","http:\/\/mm.howkuai.com\/wp-content\/uploads\/2014a\/02\/54\/05.jpg","http:\/\/mm.howkuai.com\/wp-content\/uploads\/2014a\/02\/54\/06.jpg","http:\/\/mm.howkuai.com\/wp-content\/uploads\/2014a\/02\/54\/07.jpg","http:\/\/mm.howkuai.com\/wp-content\/uploads\/2014a\/02\/54\/08.jpg","http:\/\/mm.howkuai.com\/wp-content\/uploads\/2014a\/02\/54\/09.jpg","http:\/\/mm.howkuai.com\/wp-content\/uploads\/2014a\/02\/54\/10.jpg"]},{"plaintext":"\u6ce2\u6d9b\u80f8\u6d8c\u7684\u5ae9\u6a21\u677e\u679c\u513f\u5a07\u5ae9\u4e30\u76c8","href":"http:\/\/www.meizitu.com\/a\/4061.html","pic_list":["http:\/\/mm.howkuai.com\/wp-content\/uploads\/2014a\/02\/53\/01.jpg","http:\/\/mm.howkuai.com\/wp-content\/uploads\/2014a\/02\/53\/02.jpg","http:\/\/mm.howkuai.com\/wp-content\/uploads\/2014a\/02\/53\/03.jpg","http:\/\/mm.howkuai.com\/wp-content\/uploads\/2014a\/02\/53\/04.jpg"]},{"plaintext":"\u6027\u611f\u7f8e\u5973\u7a97\u53f0\u8fb9\u987e\u76fc\u751f\u8f89\uff0c\u64a9\u4eba\u5fc3\u6000","href":"http:\/\/www.meizitu.com\/a\/4060.html","pic_list":["http:\/\/mm.howkuai.com\/wp-content\/uploads\/2014a\/02\/52\/01.jpg","http:\/\/mm.howkuai.com\/wp-content\/uploads\/2014a\/02\/52\/02.jpg","http:\/\/mm.howkuai.com\/wp-content\/uploads\/2014a\/02\/52\/03.jpg","http:\/\/mm.howkuai.com\/wp-content\/uploads\/2014a\/02\/52\/04.jpg","http:\/\/mm.howkuai.com\/wp-content\/uploads\/2014a\/02\/52\/05.jpg","http:\/\/mm.howkuai.com\/wp-content\/uploads\/2014a\/02\/52\/06.jpg","http:\/\/mm.howkuai.com\/wp-content\/uploads\/2014a\/02\/52\/07.jpg"]},{"plaintext":"\u82b3\u9999\u88ad\u4eba\uff0c\u6e05\u7eaf\u5973\u4e3b\u64adMini\u6700\u65b0\u5199\u771f","href":"http:\/\/www.meizitu.com\/a\/4059.html","pic_list":["http:\/\/mm.howkuai.com\/wp-content\/uploads\/2014a\/02\/51\/01.jpg","http:\/\/mm.howkuai.com\/wp-content\/uploads\/2014a\/02\/51\/02.jpg","http:\/\/mm.howkuai.com\/wp-content\/uploads\/2014a\/02\/51\/03.jpg","http:\/\/mm.howkuai.com\/wp-content\/uploads\/2014a\/02\/51\/04.jpg","http:\/\/mm.howkuai.com\/wp-content\/uploads\/2014a\/02\/51\/05.jpg","http:\/\/mm.howkuai.com\/wp-content\/uploads\/2014a\/02\/51\/06.jpg","http:\/\/mm.howkuai.com\/wp-content\/uploads\/2014a\/02\/51\/07.jpg"]},{"plaintext":"\u6d74\u5ba4\u4e2d\u59b9\u5b50\u7f8e\u597d\u8eab\u6750\uff0c\u6e7f\u6e7f\u7684\u8863\u88f3\u8ba9\u4eba\u6c89\u9189","href":"http:\/\/www.meizitu.com\/a\/4058.html","pic_list":["http:\/\/mm.howkuai.com\/wp-content\/uploads\/2014a\/02\/50\/01.jpg","http:\/\/mm.howkuai.com\/wp-content\/uploads\/2014a\/02\/50\/02.jpg","http:\/\/mm.howkuai.com\/wp-content\/uploads\/2014a\/02\/50\/03.jpg","http:\/\/mm.howkuai.com\/wp-content\/uploads\/2014a\/02\/50\/04.jpg","http:\/\/mm.howkuai.com\/wp-content\/uploads\/2014a\/02\/50\/05.jpg"]},{"plaintext":"\u767d\u7699\u7684\u6e05\u7eaf\u59b9\u5b50\uff0c\u6709\u65f6\u9759\u5982\u5904\u5b50\u6709\u65f6\u7b11\u9765\u5982\u82b1","href":"http:\/\/www.meizitu.com\/a\/4057.html","pic_list":["http:\/\/mm.howkuai.com\/wp-content\/uploads\/2014a\/02\/49\/01.jpg","http:\/\/mm.howkuai.com\/wp-content\/uploads\/2014a\/02\/49\/02.jpg","http:\/\/mm.howkuai.com\/wp-content\/uploads\/2014a\/02\/49\/03.jpg","http:\/\/mm.howkuai.com\/wp-content\/uploads\/2014a\/02\/49\/04.jpg","http:\/\/mm.howkuai.com\/wp-content\/uploads\/2014a\/02\/49\/05.jpg","http:\/\/mm.howkuai.com\/wp-content\/uploads\/2014a\/02\/49\/06.jpg","http:\/\/mm.howkuai.com\/wp-content\/uploads\/2014a\/02\/49\/07.jpg"]},{"plaintext":"\u5468\u672b\u798f\u5229\u56fe,\u7f8e\u81c0\u7f8e\u5973\u7cfb\u5217\uff08\u4e8c\uff09","href":"http:\/\/www.meizitu.com\/a\/4056.html","pic_list":["http:\/\/mm.howkuai.com\/wp-content\/uploads\/2014a\/02\/48\/01.jpg","http:\/\/mm.howkuai.com\/wp-content\/uploads\/2014a\/02\/48\/02.jpg","http:\/\/mm.howkuai.com\/wp-content\/uploads\/2014a\/02\/48\/03.jpg","http:\/\/mm.howkuai.com\/wp-content\/uploads\/2014a\/02\/48\/04.jpg","http:\/\/mm.howkuai.com\/wp-content\/uploads\/2014a\/02\/48\/05.jpg","http:\/\/mm.howkuai.com\/wp-content\/uploads\/2014a\/02\/48\/06.jpg","http:\/\/mm.howkuai.com\/wp-content\/uploads\/2014a\/02\/48\/07.jpg","http:\/\/mm.howkuai.com\/wp-content\/uploads\/2014a\/02\/48\/08.jpg","http:\/\/mm.howkuai.com\/wp-content\/uploads\/2014a\/02\/48\/09.jpg"]},{"plaintext":"\u5c0f\u6e05\u65b0\u98ce\u683c\uff0c\u6d74\u7f38\u8fb9\u7684\u6726\u80e7\u7f8e\u5973","href":"http:\/\/www.meizitu.com\/a\/4055.html","pic_list":["http:\/\/mm.howkuai.com\/wp-content\/uploads\/2014a\/02\/47\/01.jpg","http:\/\/mm.howkuai.com\/wp-content\/uploads\/2014a\/02\/47\/02.jpg","http:\/\/mm.howkuai.com\/wp-content\/uploads\/2014a\/02\/47\/03.jpg","http:\/\/mm.howkuai.com\/wp-content\/uploads\/2014a\/02\/47\/04.jpg","http:\/\/mm.howkuai.com\/wp-content\/uploads\/2014a\/02\/47\/05.jpg","http:\/\/mm.howkuai.com\/wp-content\/uploads\/2014a\/02\/47\/06.jpg","http:\/\/mm.howkuai.com\/wp-content\/uploads\/2014a\/02\/47\/07.jpg"]},{"plaintext":"\u6000\u5ff5\u590f\u5929\uff0c\u9633\u5149\u4ee5\u53ca\u6ce2\u6d9b\u6c79\u6d8c\u7684\u59b9\u5b50","href":"http:\/\/www.meizitu.com\/a\/4054.html","pic_list":["http:\/\/mm.howkuai.com\/wp-content\/uploads\/2014a\/02\/46\/01.jpg","http:\/\/mm.howkuai.com\/wp-content\/uploads\/2014a\/02\/46\/02.jpg","http:\/\/mm.howkuai.com\/wp-content\/uploads\/2014a\/02\/46\/03.jpg","http:\/\/mm.howkuai.com\/wp-content\/uploads\/2014a\/02\/46\/04.jpg","http:\/\/mm.howkuai.com\/wp-content\/uploads\/2014a\/02\/46\/05.jpg","http:\/\/mm.howkuai.com\/wp-content\/uploads\/2014a\/02\/46\/06.jpg","http:\/\/mm.howkuai.com\/wp-content\/uploads\/2014a\/02\/46\/07.jpg","http:\/\/mm.howkuai.com\/wp-content\/uploads\/2014a\/02\/46\/08.jpg","http:\/\/mm.howkuai.com\/wp-content\/uploads\/2014a\/02\/46\/09.jpg"]},{"plaintext":"\u8bb0\u5f55rose\u6027\u611f\u8fdb\u884c\u65f6","href":"http:\/\/www.meizitu.com\/a\/4053.html","pic_list":["http:\/\/mm.howkuai.com\/wp-content\/uploads\/2014a\/02\/45\/01.jpg","http:\/\/mm.howkuai.com\/wp-content\/uploads\/2014a\/02\/45\/02.jpg","http:\/\/mm.howkuai.com\/wp-content\/uploads\/2014a\/02\/45\/03.jpg","http:\/\/mm.howkuai.com\/wp-content\/uploads\/2014a\/02\/45\/04.jpg","http:\/\/mm.howkuai.com\/wp-content\/uploads\/2014a\/02\/45\/05.jpg"]},{"plaintext":"\u6c14\u8d28\u5973\u795e\uff0c\u98ce\u4e2d\u51cc\u4e71\u4e86\u6211\u7684\u53d1","href":"http:\/\/www.meizitu.com\/a\/4052.html","pic_list":["http:\/\/mm.howkuai.com\/wp-content\/uploads\/2014a\/02\/44\/01.jpg","http:\/\/mm.howkuai.com\/wp-content\/uploads\/2014a\/02\/44\/02.jpg","http:\/\/mm.howkuai.com\/wp-content\/uploads\/2014a\/02\/44\/03.jpg","http:\/\/mm.howkuai.com\/wp-content\/uploads\/2014a\/02\/44\/04.jpg","http:\/\/mm.howkuai.com\/wp-content\/uploads\/2014a\/02\/44\/05.jpg","http:\/\/mm.howkuai.com\/wp-content\/uploads\/2014a\/02\/44\/06.jpg","http:\/\/mm.howkuai.com\/wp-content\/uploads\/2014a\/02\/44\/07.jpg","http:\/\/mm.howkuai.com\/wp-content\/uploads\/2014a\/02\/44\/08.jpg"]}]