[{"plaintext":"\u559c\u6b22\u4f60\u7b11\u8d77\u6765\u7684\u65f6\u5019\u548c\u886c\u8863\u4e0a\u7684\u9999\u5473","href":"http:\/\/www.meizitu.com\/a\/4633.html","pic_list":["http:\/\/mm.howkuai.com\/wp-content\/uploads\/2014a\/11\/40\/01.jpg","http:\/\/mm.howkuai.com\/wp-content\/uploads\/2014a\/11\/40\/02.jpg","http:\/\/mm.howkuai.com\/wp-content\/uploads\/2014a\/11\/40\/03.jpg","http:\/\/mm.howkuai.com\/wp-content\/uploads\/2014a\/11\/40\/04.jpg","http:\/\/mm.howkuai.com\/wp-content\/uploads\/2014a\/11\/40\/05.jpg","http:\/\/mm.howkuai.com\/wp-content\/uploads\/2014a\/11\/40\/06.jpg","http:\/\/mm.howkuai.com\/wp-content\/uploads\/2014a\/11\/40\/07.jpg","http:\/\/mm.howkuai.com\/wp-content\/uploads\/2014a\/11\/40\/08.jpg","http:\/\/mm.howkuai.com\/wp-content\/uploads\/2014a\/11\/40\/09.jpg"]},{"plaintext":"\u9b45\u529b\u6321\u4e0d\u4f4f\uff0cRainbow\u821e\u53f0\u73b0\u5a07\u7f9e\u6a21\u6837","href":"http:\/\/www.meizitu.com\/a\/4631.html","pic_list":["http:\/\/mm.howkuai.com\/wp-content\/uploads\/2014a\/11\/39\/01.jpg","http:\/\/mm.howkuai.com\/wp-content\/uploads\/2014a\/11\/39\/02.jpg","http:\/\/mm.howkuai.com\/wp-content\/uploads\/2014a\/11\/39\/03.jpg","http:\/\/mm.howkuai.com\/wp-content\/uploads\/2014a\/11\/39\/04.jpg","http:\/\/mm.howkuai.com\/wp-content\/uploads\/2014a\/11\/39\/05.jpg","http:\/\/mm.howkuai.com\/wp-content\/uploads\/2014a\/11\/39\/06.jpg","http:\/\/mm.howkuai.com\/wp-content\/uploads\/2014a\/11\/39\/07.jpg","http:\/\/mm.howkuai.com\/wp-content\/uploads\/2014a\/11\/39\/08.jpg"]},{"plaintext":"\u6027\u611f\u5ae9\u6a21\u9648\u6021\u66fc\u79c0S\u578b\u8eab\u6750","href":"http:\/\/www.meizitu.com\/a\/4630.html","pic_list":["http:\/\/mm.howkuai.com\/wp-content\/uploads\/2014a\/11\/38\/01.jpg","http:\/\/mm.howkuai.com\/wp-content\/uploads\/2014a\/11\/38\/02.jpg","http:\/\/mm.howkuai.com\/wp-content\/uploads\/2014a\/11\/38\/03.jpg","http:\/\/mm.howkuai.com\/wp-content\/uploads\/2014a\/11\/38\/04.jpg"]},{"plaintext":"36F\u6321\u4e0d\u4f4f\uff0c\u5218\u98de\u513fFaye\u4e0a\u6f14\u5973\u4ec6\u7684\u6c14\u606f","href":"http:\/\/www.meizitu.com\/a\/4629.html","pic_list":["http:\/\/mm.howkuai.com\/wp-content\/uploads\/2014a\/11\/37\/01.jpg","http:\/\/mm.howkuai.com\/wp-content\/uploads\/2014a\/11\/37\/02.jpg","http:\/\/mm.howkuai.com\/wp-content\/uploads\/2014a\/11\/37\/03.jpg","http:\/\/mm.howkuai.com\/wp-content\/uploads\/2014a\/11\/37\/04.jpg","http:\/\/mm.howkuai.com\/wp-content\/uploads\/2014a\/11\/37\/05.jpg","http:\/\/mm.howkuai.com\/wp-content\/uploads\/2014a\/11\/37\/06.jpg","http:\/\/mm.howkuai.com\/wp-content\/uploads\/2014a\/11\/37\/07.jpg","http:\/\/mm.howkuai.com\/wp-content\/uploads\/2014a\/11\/37\/08.jpg"]},{"plaintext":"\u8fd9\u662f\u5356\u840c\u7684\u5e74\u4ee3\uff0c\u90a3\u4e9b\u6e05\u7eaf\u7684\u517b\u773c\u7f8e\u5973\u56fe\u7247\uff0812\uff09","href":"http:\/\/www.meizitu.com\/a\/4628.html","pic_list":["http:\/\/mm.howkuai.com\/wp-content\/uploads\/2014a\/11\/36\/01.jpg","http:\/\/mm.howkuai.com\/wp-content\/uploads\/2014a\/11\/36\/02.jpg","http:\/\/mm.howkuai.com\/wp-content\/uploads\/2014a\/11\/36\/03.jpg","http:\/\/mm.howkuai.com\/wp-content\/uploads\/2014a\/11\/36\/04.jpg","http:\/\/mm.howkuai.com\/wp-content\/uploads\/2014a\/11\/36\/05.jpg","http:\/\/mm.howkuai.com\/wp-content\/uploads\/2014a\/11\/36\/06.jpg","http:\/\/mm.howkuai.com\/wp-content\/uploads\/2014a\/11\/36\/07.jpg","http:\/\/mm.howkuai.com\/wp-content\/uploads\/2014a\/11\/36\/08.jpg","http:\/\/mm.howkuai.com\/wp-content\/uploads\/2014a\/11\/36\/09.jpg","http:\/\/mm.howkuai.com\/wp-content\/uploads\/2014a\/11\/36\/10.jpg"]},{"plaintext":"10\u6708\u8f66\u5c55\u4e0a\u7684\u6f02\u4eae\u6a21\u7279\u4eec","href":"http:\/\/www.meizitu.com\/a\/4627.html","pic_list":["http:\/\/mm.howkuai.com\/wp-content\/uploads\/2014a\/11\/35\/01.jpg","http:\/\/mm.howkuai.com\/wp-content\/uploads\/2014a\/11\/35\/02.jpg","http:\/\/mm.howkuai.com\/wp-content\/uploads\/2014a\/11\/35\/03.jpg","http:\/\/mm.howkuai.com\/wp-content\/uploads\/2014a\/11\/35\/04.jpg","http:\/\/mm.howkuai.com\/wp-content\/uploads\/2014a\/11\/35\/05.jpg","http:\/\/mm.howkuai.com\/wp-content\/uploads\/2014a\/11\/35\/06.jpg","http:\/\/mm.howkuai.com\/wp-content\/uploads\/2014a\/11\/35\/07.jpg","http:\/\/mm.howkuai.com\/wp-content\/uploads\/2014a\/11\/35\/08.jpg","http:\/\/mm.howkuai.com\/wp-content\/uploads\/2014a\/11\/35\/09.jpg","http:\/\/mm.howkuai.com\/wp-content\/uploads\/2014a\/11\/35\/10.jpg"]},{"plaintext":"\u8f7b\u543b\u4f60\u7684\u68a6\uff0c\u59d1\u5a18\u7684\u8fab\u5b50","href":"http:\/\/www.meizitu.com\/a\/4626.html","pic_list":["http:\/\/mm.howkuai.com\/wp-content\/uploads\/2014a\/11\/34\/01.jpg","http:\/\/mm.howkuai.com\/wp-content\/uploads\/2014a\/11\/34\/02.jpg","http:\/\/mm.howkuai.com\/wp-content\/uploads\/2014a\/11\/34\/03.jpg","http:\/\/mm.howkuai.com\/wp-content\/uploads\/2014a\/11\/34\/04.jpg","http:\/\/mm.howkuai.com\/wp-content\/uploads\/2014a\/11\/34\/05.jpg","http:\/\/mm.howkuai.com\/wp-content\/uploads\/2014a\/11\/34\/06.jpg"]},{"plaintext":"\u4e30\u6ee1\u7684\u7f8e\u4e73\u5973\u4ec6\uff0c\u5b50\u7eaf\u513fAnnie\u5199\u771f","href":"http:\/\/www.meizitu.com\/a\/4625.html","pic_list":["http:\/\/mm.howkuai.com\/wp-content\/uploads\/2014a\/11\/33\/01.jpg","http:\/\/mm.howkuai.com\/wp-content\/uploads\/2014a\/11\/33\/02.jpg","http:\/\/mm.howkuai.com\/wp-content\/uploads\/2014a\/11\/33\/03.jpg","http:\/\/mm.howkuai.com\/wp-content\/uploads\/2014a\/11\/33\/04.jpg","http:\/\/mm.howkuai.com\/wp-content\/uploads\/2014a\/11\/33\/05.jpg"]},{"plaintext":"\u5f15\u64ce\u76d6\u4e0a\u7684\u8bf1\u60d1\uff0c\u6027\u611f\u7684\u5b9d\u9a6c\u8f66\u6a21","href":"http:\/\/www.meizitu.com\/a\/4623.html","pic_list":["http:\/\/mm.howkuai.com\/wp-content\/uploads\/2014a\/11\/31\/01.jpg","http:\/\/mm.howkuai.com\/wp-content\/uploads\/2014a\/11\/31\/02.jpg","http:\/\/mm.howkuai.com\/wp-content\/uploads\/2014a\/11\/31\/03.jpg","http:\/\/mm.howkuai.com\/wp-content\/uploads\/2014a\/11\/31\/04.jpg","http:\/\/mm.howkuai.com\/wp-content\/uploads\/2014a\/11\/31\/05.jpg","http:\/\/mm.howkuai.com\/wp-content\/uploads\/2014a\/11\/31\/06.jpg","http:\/\/mm.howkuai.com\/wp-content\/uploads\/2014a\/11\/31\/07.jpg"]},{"plaintext":"\u6027\u611f\u7f8e\u4eba\u75e3\uff0c\u4e01\u5b57\u88e4\u7f8e\u6a21","href":"http:\/\/www.meizitu.com\/a\/4622.html","pic_list":["http:\/\/mm.howkuai.com\/wp-content\/uploads\/2014a\/11\/30\/01.jpg","http:\/\/mm.howkuai.com\/wp-content\/uploads\/2014a\/11\/30\/02.jpg","http:\/\/mm.howkuai.com\/wp-content\/uploads\/2014a\/11\/30\/03.jpg","http:\/\/mm.howkuai.com\/wp-content\/uploads\/2014a\/11\/30\/04.jpg","http:\/\/mm.howkuai.com\/wp-content\/uploads\/2014a\/11\/30\/05.jpg","http:\/\/mm.howkuai.com\/wp-content\/uploads\/2014a\/11\/30\/06.jpg","http:\/\/mm.howkuai.com\/wp-content\/uploads\/2014a\/11\/30\/07.jpg"]},{"plaintext":"\u957f\u53d1\u840c\u59b9\u7eb8\u695a\u695a\uff0c\u795e\u60c5\u8bf1\u4eba\u5439\u9152\u74f6","href":"http:\/\/www.meizitu.com\/a\/4621.html","pic_list":["http:\/\/mm.howkuai.com\/wp-content\/uploads\/2014a\/11\/29\/01.jpg","http:\/\/mm.howkuai.com\/wp-content\/uploads\/2014a\/11\/29\/02.jpg","http:\/\/mm.howkuai.com\/wp-content\/uploads\/2014a\/11\/29\/03.jpg","http:\/\/mm.howkuai.com\/wp-content\/uploads\/2014a\/11\/29\/04.jpg","http:\/\/mm.howkuai.com\/wp-content\/uploads\/2014a\/11\/29\/05.jpg","http:\/\/mm.howkuai.com\/wp-content\/uploads\/2014a\/11\/29\/06.jpg","http:\/\/mm.howkuai.com\/wp-content\/uploads\/2014a\/11\/29\/07.jpg","http:\/\/mm.howkuai.com\/wp-content\/uploads\/2014a\/11\/29\/08.jpg"]},{"plaintext":"\u5c0f\u6e05\u65b0\u841d\u8389\u5728\u6696\u6696\u7684\u51ac\u65e5\u4e0b\u5348","href":"http:\/\/www.meizitu.com\/a\/4620.html","pic_list":["http:\/\/mm.howkuai.com\/wp-content\/uploads\/2014a\/11\/28\/01.jpg","http:\/\/mm.howkuai.com\/wp-content\/uploads\/2014a\/11\/28\/02.jpg","http:\/\/mm.howkuai.com\/wp-content\/uploads\/2014a\/11\/28\/03.jpg","http:\/\/mm.howkuai.com\/wp-content\/uploads\/2014a\/11\/28\/04.jpg","http:\/\/mm.howkuai.com\/wp-content\/uploads\/2014a\/11\/28\/05.jpg","http:\/\/mm.howkuai.com\/wp-content\/uploads\/2014a\/11\/28\/06.jpg"]},{"plaintext":"\u5b50\u7eaf\u513fAnnie\u7684\u7f8e\u81c0\uff0c\u5934\u6234\u82b1\u73af\u5982\u82b1\u4ed9\u5b50","href":"http:\/\/www.meizitu.com\/a\/4619.html","pic_list":["http:\/\/mm.howkuai.com\/wp-content\/uploads\/2014a\/11\/27\/01.jpg","http:\/\/mm.howkuai.com\/wp-content\/uploads\/2014a\/11\/27\/02.jpg","http:\/\/mm.howkuai.com\/wp-content\/uploads\/2014a\/11\/27\/03.jpg","http:\/\/mm.howkuai.com\/wp-content\/uploads\/2014a\/11\/27\/04.jpg","http:\/\/mm.howkuai.com\/wp-content\/uploads\/2014a\/11\/27\/05.jpg","http:\/\/mm.howkuai.com\/wp-content\/uploads\/2014a\/11\/27\/06.jpg","http:\/\/mm.howkuai.com\/wp-content\/uploads\/2014a\/11\/27\/07.jpg"]},{"plaintext":"\u604d\u5982\u6cb9\u753b\u91cc\u8d70\u4e0b\u6765\u7684\u5973\u5b50","href":"http:\/\/www.meizitu.com\/a\/4618.html","pic_list":["http:\/\/mm.howkuai.com\/wp-content\/uploads\/2014a\/11\/26\/01.jpg","http:\/\/mm.howkuai.com\/wp-content\/uploads\/2014a\/11\/26\/02.jpg","http:\/\/mm.howkuai.com\/wp-content\/uploads\/2014a\/11\/26\/03.jpg","http:\/\/mm.howkuai.com\/wp-content\/uploads\/2014a\/11\/26\/04.jpg","http:\/\/mm.howkuai.com\/wp-content\/uploads\/2014a\/11\/26\/05.jpg"]},{"plaintext":"\u80a9\u82e5\u524a\u6210\uff0c\u8170\u82e5\u7ea6\u7d20\uff0c\u7f8e\u4e3d\u6027\u611f\u7684\u53f2\u96e8\u59d0\u59d0","href":"http:\/\/www.meizitu.com\/a\/4617.html","pic_list":["http:\/\/mm.howkuai.com\/wp-content\/uploads\/2014a\/11\/25\/01.jpg","http:\/\/mm.howkuai.com\/wp-content\/uploads\/2014a\/11\/25\/02.jpg","http:\/\/mm.howkuai.com\/wp-content\/uploads\/2014a\/11\/25\/03.jpg","http:\/\/mm.howkuai.com\/wp-content\/uploads\/2014a\/11\/25\/04.jpg","http:\/\/mm.howkuai.com\/wp-content\/uploads\/2014a\/11\/25\/05.jpg"]},{"plaintext":"\u6027\u611f\u7684\u4fee\u8f66\u5de5\uff0c\u80fd\u4e0a\u80fd\u4e0b\uff0c\u8ba9\u4eba\u773c\u775b\u65e0\u6cd5\u79bb\u5f00","href":"http:\/\/www.meizitu.com\/a\/4616.html","pic_list":["http:\/\/mm.howkuai.com\/wp-content\/uploads\/2014a\/11\/24\/01.jpg","http:\/\/mm.howkuai.com\/wp-content\/uploads\/2014a\/11\/24\/02.jpg","http:\/\/mm.howkuai.com\/wp-content\/uploads\/2014a\/11\/24\/03.jpg","http:\/\/mm.howkuai.com\/wp-content\/uploads\/2014a\/11\/24\/04.jpg","http:\/\/mm.howkuai.com\/wp-content\/uploads\/2014a\/11\/24\/05.jpg","http:\/\/mm.howkuai.com\/wp-content\/uploads\/2014a\/11\/24\/06.jpg","http:\/\/mm.howkuai.com\/wp-content\/uploads\/2014a\/11\/24\/07.jpg"]},{"plaintext":"\u6c14\u8d28\u59b9\u7eb8\u5c0f\u79c1\u623f\uff0c\u56de\u5fc6\u91cc\u5168\u662f\u5bf9\u4f60\u7684\u601d\u5ff5","href":"http:\/\/www.meizitu.com\/a\/4615.html","pic_list":["http:\/\/mm.howkuai.com\/wp-content\/uploads\/2014a\/11\/23\/01.jpg","http:\/\/mm.howkuai.com\/wp-content\/uploads\/2014a\/11\/23\/02.jpg","http:\/\/mm.howkuai.com\/wp-content\/uploads\/2014a\/11\/23\/03.jpg","http:\/\/mm.howkuai.com\/wp-content\/uploads\/2014a\/11\/23\/04.jpg","http:\/\/mm.howkuai.com\/wp-content\/uploads\/2014a\/11\/23\/05.jpg","http:\/\/mm.howkuai.com\/wp-content\/uploads\/2014a\/11\/23\/06.jpg"]},{"plaintext":"\u6811\u6797\u4e2d\uff0c\u6e05\u65b0\u8131\u4fd7\u7684\u957f\u53d1\u4f73\u4eba","href":"http:\/\/www.meizitu.com\/a\/4614.html","pic_list":["http:\/\/mm.howkuai.com\/wp-content\/uploads\/2014a\/11\/22\/01.jpg","http:\/\/mm.howkuai.com\/wp-content\/uploads\/2014a\/11\/22\/02.jpg","http:\/\/mm.howkuai.com\/wp-content\/uploads\/2014a\/11\/22\/03.jpg","http:\/\/mm.howkuai.com\/wp-content\/uploads\/2014a\/11\/22\/04.jpg","http:\/\/mm.howkuai.com\/wp-content\/uploads\/2014a\/11\/22\/05.jpg","http:\/\/mm.howkuai.com\/wp-content\/uploads\/2014a\/11\/22\/06.jpg","http:\/\/mm.howkuai.com\/wp-content\/uploads\/2014a\/11\/22\/07.jpg"]},{"plaintext":"\u4e30\u6ee1\u53cc\u73e0\u59d0\u59b9\u82b1\uff0c\u65e5\u7cfb\u5185\u8863\u79c0","href":"http:\/\/www.meizitu.com\/a\/4613.html","pic_list":["http:\/\/mm.howkuai.com\/wp-content\/uploads\/2014a\/11\/21\/01.jpg","http:\/\/mm.howkuai.com\/wp-content\/uploads\/2014a\/11\/21\/02.jpg","http:\/\/mm.howkuai.com\/wp-content\/uploads\/2014a\/11\/21\/03.jpg","http:\/\/mm.howkuai.com\/wp-content\/uploads\/2014a\/11\/21\/04.jpg","http:\/\/mm.howkuai.com\/wp-content\/uploads\/2014a\/11\/21\/05.jpg","http:\/\/mm.howkuai.com\/wp-content\/uploads\/2014a\/11\/21\/06.jpg","http:\/\/mm.howkuai.com\/wp-content\/uploads\/2014a\/11\/21\/07.jpg","http:\/\/mm.howkuai.com\/wp-content\/uploads\/2014a\/11\/21\/08.jpg"]},{"plaintext":"\u65e5\u7cfb\u5c0f\u6e05\u65b0\u98ce\uff0c\u4f53\u64cd\u670d\u59b9\u5b50","href":"http:\/\/www.meizitu.com\/a\/4612.html","pic_list":["http:\/\/mm.howkuai.com\/wp-content\/uploads\/2014a\/11\/20\/01.jpg","http:\/\/mm.howkuai.com\/wp-content\/uploads\/2014a\/11\/20\/02.jpg","http:\/\/mm.howkuai.com\/wp-content\/uploads\/2014a\/11\/20\/03.jpg","http:\/\/mm.howkuai.com\/wp-content\/uploads\/2014a\/11\/20\/04.jpg","http:\/\/mm.howkuai.com\/wp-content\/uploads\/2014a\/11\/20\/05.jpg","http:\/\/mm.howkuai.com\/wp-content\/uploads\/2014a\/11\/20\/06.jpg"]},{"plaintext":"Crazy\u5434\u6893\u5ae3\uff0c\u5439\u5587\u53ed....\u82b1\u7684\u59b9\u59b9","href":"http:\/\/www.meizitu.com\/a\/4611.html","pic_list":["http:\/\/mm.howkuai.com\/wp-content\/uploads\/2014a\/11\/19\/01.jpg","http:\/\/mm.howkuai.com\/wp-content\/uploads\/2014a\/11\/19\/02.jpg","http:\/\/mm.howkuai.com\/wp-content\/uploads\/2014a\/11\/19\/03.jpg","http:\/\/mm.howkuai.com\/wp-content\/uploads\/2014a\/11\/19\/04.jpg","http:\/\/mm.howkuai.com\/wp-content\/uploads\/2014a\/11\/19\/05.jpg","http:\/\/mm.howkuai.com\/wp-content\/uploads\/2014a\/11\/19\/06.jpg"]},{"plaintext":"\u6700\u7279\u522b\u7684\u2018\u9ed1\u4e1d\u2019\uff0c\u8eab\u6750\u8d85\u597d\u7684\u6a21\u7279\u4f5f\u9510\u6eaa\u5199\u771f","href":"http:\/\/www.meizitu.com\/a\/4610.html","pic_list":["http:\/\/mm.howkuai.com\/wp-content\/uploads\/2014a\/11\/18\/01.jpg","http:\/\/mm.howkuai.com\/wp-content\/uploads\/2014a\/11\/18\/02.jpg","http:\/\/mm.howkuai.com\/wp-content\/uploads\/2014a\/11\/18\/03.jpg","http:\/\/mm.howkuai.com\/wp-content\/uploads\/2014a\/11\/18\/04.jpg","http:\/\/mm.howkuai.com\/wp-content\/uploads\/2014a\/11\/18\/05.jpg","http:\/\/mm.howkuai.com\/wp-content\/uploads\/2014a\/11\/18\/06.jpg"]},{"plaintext":"\u7edd\u8272\u6c14\u8d28\u5c11\u5973\u53f6\u5b50\u5c0f\u6e05\u65b0\u56fe\u7247","href":"http:\/\/www.meizitu.com\/a\/4609.html","pic_list":["http:\/\/mm.howkuai.com\/wp-content\/uploads\/2014a\/11\/17\/01.jpg","http:\/\/mm.howkuai.com\/wp-content\/uploads\/2014a\/11\/17\/02.jpg","http:\/\/mm.howkuai.com\/wp-content\/uploads\/2014a\/11\/17\/03.jpg","http:\/\/mm.howkuai.com\/wp-content\/uploads\/2014a\/11\/17\/04.jpg","http:\/\/mm.howkuai.com\/wp-content\/uploads\/2014a\/11\/17\/05.jpg","http:\/\/mm.howkuai.com\/wp-content\/uploads\/2014a\/11\/17\/06.jpg","http:\/\/mm.howkuai.com\/wp-content\/uploads\/2014a\/11\/17\/07.jpg"]},{"plaintext":"\u7537\u4eba\u88c5\u88c5\u5973\u90ce\u6c99\u6d32\u8ff7\u5f71\uff0c\u63a2\u79d8\u6c99\u4e0e\u57ce\u7684\u8fb9\u754c","href":"http:\/\/www.meizitu.com\/a\/4608.html","pic_list":["http:\/\/mm.howkuai.com\/wp-content\/uploads\/2014a\/11\/16\/01.jpg","http:\/\/mm.howkuai.com\/wp-content\/uploads\/2014a\/11\/16\/02.jpg","http:\/\/mm.howkuai.com\/wp-content\/uploads\/2014a\/11\/16\/03.jpg","http:\/\/mm.howkuai.com\/wp-content\/uploads\/2014a\/11\/16\/04.jpg","http:\/\/mm.howkuai.com\/wp-content\/uploads\/2014a\/11\/16\/05.jpg","http:\/\/mm.howkuai.com\/wp-content\/uploads\/2014a\/11\/16\/06.jpg","http:\/\/mm.howkuai.com\/wp-content\/uploads\/2014a\/11\/16\/07.jpg","http:\/\/mm.howkuai.com\/wp-content\/uploads\/2014a\/11\/16\/08.jpg","http:\/\/mm.howkuai.com\/wp-content\/uploads\/2014a\/11\/16\/09.jpg","http:\/\/mm.howkuai.com\/wp-content\/uploads\/2014a\/11\/16\/10.jpg"]},{"plaintext":"\u53cb\u60c5\u5728\u9633\u5149\u4e0b\u6210\u957f\uff0c\u95fa\u871c\u7684\u6821\u56ed\u5199\u771f","href":"http:\/\/www.meizitu.com\/a\/4607.html","pic_list":["http:\/\/mm.howkuai.com\/wp-content\/uploads\/2014a\/11\/15\/01.jpg","http:\/\/mm.howkuai.com\/wp-content\/uploads\/2014a\/11\/15\/02.jpg","http:\/\/mm.howkuai.com\/wp-content\/uploads\/2014a\/11\/15\/03.jpg","http:\/\/mm.howkuai.com\/wp-content\/uploads\/2014a\/11\/15\/04.jpg","http:\/\/mm.howkuai.com\/wp-content\/uploads\/2014a\/11\/15\/05.jpg","http:\/\/mm.howkuai.com\/wp-content\/uploads\/2014a\/11\/15\/06.jpg","http:\/\/mm.howkuai.com\/wp-content\/uploads\/2014a\/11\/15\/07.jpg"]},{"plaintext":"\u6027\u611f\u7f8e\u81c0\uff0c\u59ae\u513fBluelabel","href":"http:\/\/www.meizitu.com\/a\/4606.html","pic_list":["http:\/\/mm.howkuai.com\/wp-content\/uploads\/2014a\/11\/14\/01.jpg","http:\/\/mm.howkuai.com\/wp-content\/uploads\/2014a\/11\/14\/02.jpg","http:\/\/mm.howkuai.com\/wp-content\/uploads\/2014a\/11\/14\/03.jpg","http:\/\/mm.howkuai.com\/wp-content\/uploads\/2014a\/11\/14\/04.jpg","http:\/\/mm.howkuai.com\/wp-content\/uploads\/2014a\/11\/14\/05.jpg"]},{"plaintext":"\u5a77\u5a77\u7389\u7acb\uff0c\u56fe\u4e66\u9986\u7684\u6e05\u7eaf\u751c\u59b9\u5b50","href":"http:\/\/www.meizitu.com\/a\/4605.html","pic_list":["http:\/\/mm.howkuai.com\/wp-content\/uploads\/2014a\/11\/13\/01.jpg","http:\/\/mm.howkuai.com\/wp-content\/uploads\/2014a\/11\/13\/02.jpg","http:\/\/mm.howkuai.com\/wp-content\/uploads\/2014a\/11\/13\/03.jpg","http:\/\/mm.howkuai.com\/wp-content\/uploads\/2014a\/11\/13\/04.jpg","http:\/\/mm.howkuai.com\/wp-content\/uploads\/2014a\/11\/13\/05.jpg","http:\/\/mm.howkuai.com\/wp-content\/uploads\/2014a\/11\/13\/06.jpg"]},{"plaintext":"\u5f00\u5b66\u5b63\uff0c\u5927\u5b66\u6821\u56ed\u5185\u7684\u53ef\u7231\u59b9\u5b50","href":"http:\/\/www.meizitu.com\/a\/4604.html","pic_list":["http:\/\/mm.howkuai.com\/wp-content\/uploads\/2014a\/11\/12\/01.jpg","http:\/\/mm.howkuai.com\/wp-content\/uploads\/2014a\/11\/12\/02.jpg","http:\/\/mm.howkuai.com\/wp-content\/uploads\/2014a\/11\/12\/03.jpg","http:\/\/mm.howkuai.com\/wp-content\/uploads\/2014a\/11\/12\/04.jpg","http:\/\/mm.howkuai.com\/wp-content\/uploads\/2014a\/11\/12\/05.jpg","http:\/\/mm.howkuai.com\/wp-content\/uploads\/2014a\/11\/12\/06.jpg"]},{"plaintext":"\u78a7\u6d77\u84dd\u5929\u8fb9\u7684\u91d1\u8272\u7f8e\u4eba\u9c7c","href":"http:\/\/www.meizitu.com\/a\/4603.html","pic_list":["http:\/\/mm.howkuai.com\/wp-content\/uploads\/2014a\/11\/11\/01.jpg","http:\/\/mm.howkuai.com\/wp-content\/uploads\/2014a\/11\/11\/02.jpg","http:\/\/mm.howkuai.com\/wp-content\/uploads\/2014a\/11\/11\/03.jpg","http:\/\/mm.howkuai.com\/wp-content\/uploads\/2014a\/11\/11\/04.jpg","http:\/\/mm.howkuai.com\/wp-content\/uploads\/2014a\/11\/11\/05.jpg","http:\/\/mm.howkuai.com\/wp-content\/uploads\/2014a\/11\/11\/06.jpg"]}]