[{"plaintext":"\u5bc2\u5bde\u4f24\u5fc3\u548c\u70e6\u607c\uff0c\u4e00\u4e2a\u4eba\u7684\u591c","href":"http:\/\/www.meizitu.com\/a\/4475.html","pic_list":["http:\/\/mm.howkuai.com\/wp-content\/uploads\/2014a\/09\/20\/01.jpg","http:\/\/mm.howkuai.com\/wp-content\/uploads\/2014a\/09\/20\/02.jpg","http:\/\/mm.howkuai.com\/wp-content\/uploads\/2014a\/09\/20\/03.jpg","http:\/\/mm.howkuai.com\/wp-content\/uploads\/2014a\/09\/20\/04.jpg","http:\/\/mm.howkuai.com\/wp-content\/uploads\/2014a\/09\/20\/05.jpg","http:\/\/mm.howkuai.com\/wp-content\/uploads\/2014a\/09\/20\/06.jpg"]},{"plaintext":"\u5ae9\u6a21\u91d1\u590f\u6167\u5b50\uff0c\u5de7\u5999\u642d\u914d\u534a\u900f\u660e\u9ed1\u4e1d\u5c3d\u663e\u5f20\u529b","href":"http:\/\/www.meizitu.com\/a\/4474.html","pic_list":["http:\/\/mm.howkuai.com\/wp-content\/uploads\/2014a\/09\/19\/01.jpg","http:\/\/mm.howkuai.com\/wp-content\/uploads\/2014a\/09\/19\/02.jpg","http:\/\/mm.howkuai.com\/wp-content\/uploads\/2014a\/09\/19\/03.jpg","http:\/\/mm.howkuai.com\/wp-content\/uploads\/2014a\/09\/19\/04.jpg","http:\/\/mm.howkuai.com\/wp-content\/uploads\/2014a\/09\/19\/05.jpg","http:\/\/mm.howkuai.com\/wp-content\/uploads\/2014a\/09\/19\/06.jpg","http:\/\/mm.howkuai.com\/wp-content\/uploads\/2014a\/09\/19\/07.jpg"]},{"plaintext":"\u7ae5\u989c\u5de8\u4e73\u5973\u795e@toro\u7fbd\u4f4f\u6700\u65b0\u5199\u771f","href":"http:\/\/www.meizitu.com\/a\/4473.html","pic_list":["http:\/\/mm.howkuai.com\/wp-content\/uploads\/2014a\/09\/18\/01.jpg","http:\/\/mm.howkuai.com\/wp-content\/uploads\/2014a\/09\/18\/02.jpg","http:\/\/mm.howkuai.com\/wp-content\/uploads\/2014a\/09\/18\/03.jpg","http:\/\/mm.howkuai.com\/wp-content\/uploads\/2014a\/09\/18\/04.jpg","http:\/\/mm.howkuai.com\/wp-content\/uploads\/2014a\/09\/18\/05.jpg","http:\/\/mm.howkuai.com\/wp-content\/uploads\/2014a\/09\/18\/06.jpg","http:\/\/mm.howkuai.com\/wp-content\/uploads\/2014a\/09\/18\/07.jpg"]},{"plaintext":"\u94bb\u77f3\u5973\u795e\uff0cWinnie\u7684\u552f\u7f8e\u5199\u771f","href":"http:\/\/www.meizitu.com\/a\/4472.html","pic_list":["http:\/\/mm.howkuai.com\/wp-content\/uploads\/2014a\/09\/17\/01.jpg","http:\/\/mm.howkuai.com\/wp-content\/uploads\/2014a\/09\/17\/02.jpg","http:\/\/mm.howkuai.com\/wp-content\/uploads\/2014a\/09\/17\/03.jpg","http:\/\/mm.howkuai.com\/wp-content\/uploads\/2014a\/09\/17\/04.jpg","http:\/\/mm.howkuai.com\/wp-content\/uploads\/2014a\/09\/17\/05.jpg","http:\/\/mm.howkuai.com\/wp-content\/uploads\/2014a\/09\/17\/06.jpg"]},{"plaintext":"[MyGirl]\u7b2c\u5341\u4e03\u671f\u5973\u795e\u738b\u99a8\u7476yanni","href":"http:\/\/www.meizitu.com\/a\/4471.html","pic_list":["http:\/\/mm.howkuai.com\/wp-content\/uploads\/2014a\/09\/16\/01.jpg","http:\/\/mm.howkuai.com\/wp-content\/uploads\/2014a\/09\/16\/02.jpg","http:\/\/mm.howkuai.com\/wp-content\/uploads\/2014a\/09\/16\/03.jpg","http:\/\/mm.howkuai.com\/wp-content\/uploads\/2014a\/09\/16\/04.jpg","http:\/\/mm.howkuai.com\/wp-content\/uploads\/2014a\/09\/16\/05.jpg","http:\/\/mm.howkuai.com\/wp-content\/uploads\/2014a\/09\/16\/06.jpg","http:\/\/mm.howkuai.com\/wp-content\/uploads\/2014a\/09\/16\/07.jpg"]},{"plaintext":"\u5b81\u9759\u7684\u59b9\u5b50\uff0c\u5b89\u9759\u7684\u5496\u5561\u9986","href":"http:\/\/www.meizitu.com\/a\/4469.html","pic_list":["http:\/\/mm.howkuai.com\/wp-content\/uploads\/2014a\/09\/15\/01.jpg","http:\/\/mm.howkuai.com\/wp-content\/uploads\/2014a\/09\/15\/02.jpg","http:\/\/mm.howkuai.com\/wp-content\/uploads\/2014a\/09\/15\/03.jpg","http:\/\/mm.howkuai.com\/wp-content\/uploads\/2014a\/09\/15\/04.jpg","http:\/\/mm.howkuai.com\/wp-content\/uploads\/2014a\/09\/15\/05.jpg","http:\/\/mm.howkuai.com\/wp-content\/uploads\/2014a\/09\/15\/06.jpg"]},{"plaintext":"\u4e30\u6ee1\u52a8\u4eba\u7684\u5973\u795e\u732a\u732a\u6cf3\u88c5\u79c0","href":"http:\/\/www.meizitu.com\/a\/4468.html","pic_list":["http:\/\/mm.howkuai.com\/wp-content\/uploads\/2014a\/09\/14\/01.jpg","http:\/\/mm.howkuai.com\/wp-content\/uploads\/2014a\/09\/14\/02.jpg","http:\/\/mm.howkuai.com\/wp-content\/uploads\/2014a\/09\/14\/03.jpg","http:\/\/mm.howkuai.com\/wp-content\/uploads\/2014a\/09\/14\/04.jpg","http:\/\/mm.howkuai.com\/wp-content\/uploads\/2014a\/09\/14\/05.jpg","http:\/\/mm.howkuai.com\/wp-content\/uploads\/2014a\/09\/14\/06.jpg","http:\/\/mm.howkuai.com\/wp-content\/uploads\/2014a\/09\/14\/07.jpg","http:\/\/mm.howkuai.com\/wp-content\/uploads\/2014a\/09\/14\/08.jpg"]},{"plaintext":"[\u7f8e\u817f]\u770b\u82b1\u4f17\u4eba\u773c\uff0c\u8c01\u8bf4\u5e74\u5c11\u4e0d\u770b\u817f","href":"http:\/\/www.meizitu.com\/a\/4467.html","pic_list":["http:\/\/mm.howkuai.com\/wp-content\/uploads\/2014a\/09\/13\/01.jpg","http:\/\/mm.howkuai.com\/wp-content\/uploads\/2014a\/09\/13\/02.jpg","http:\/\/mm.howkuai.com\/wp-content\/uploads\/2014a\/09\/13\/03.jpg","http:\/\/mm.howkuai.com\/wp-content\/uploads\/2014a\/09\/13\/04.jpg","http:\/\/mm.howkuai.com\/wp-content\/uploads\/2014a\/09\/13\/05.jpg","http:\/\/mm.howkuai.com\/wp-content\/uploads\/2014a\/09\/13\/06.jpg","http:\/\/mm.howkuai.com\/wp-content\/uploads\/2014a\/09\/13\/07.jpg"]},{"plaintext":"\u5c0f\u5de7\u73b2\u73d1\u7684\u6027\u611f\u5c24\u7269nancy\u5c0f\u59ff","href":"http:\/\/www.meizitu.com\/a\/4466.html","pic_list":["http:\/\/mm.howkuai.com\/wp-content\/uploads\/2014a\/09\/12\/01.jpg","http:\/\/mm.howkuai.com\/wp-content\/uploads\/2014a\/09\/12\/02.jpg","http:\/\/mm.howkuai.com\/wp-content\/uploads\/2014a\/09\/12\/03.jpg","http:\/\/mm.howkuai.com\/wp-content\/uploads\/2014a\/09\/12\/04.jpg","http:\/\/mm.howkuai.com\/wp-content\/uploads\/2014a\/09\/12\/05.jpg","http:\/\/mm.howkuai.com\/wp-content\/uploads\/2014a\/09\/12\/06.jpg","http:\/\/mm.howkuai.com\/wp-content\/uploads\/2014a\/09\/12\/07.jpg","http:\/\/mm.howkuai.com\/wp-content\/uploads\/2014a\/09\/12\/08.jpg"]},{"plaintext":"\u6df7\u8840\u6c14\u8d28\u7684\u5973\u90ce\uff0c\u9690\u7ea6\u767d\u7eb1\u4e0b\u662f\u4fee\u957f\u7684\u7f8e\u817f","href":"http:\/\/www.meizitu.com\/a\/4465.html","pic_list":["http:\/\/mm.howkuai.com\/wp-content\/uploads\/2014a\/09\/11\/01.jpg","http:\/\/mm.howkuai.com\/wp-content\/uploads\/2014a\/09\/11\/02.jpg","http:\/\/mm.howkuai.com\/wp-content\/uploads\/2014a\/09\/11\/03.jpg","http:\/\/mm.howkuai.com\/wp-content\/uploads\/2014a\/09\/11\/04.jpg","http:\/\/mm.howkuai.com\/wp-content\/uploads\/2014a\/09\/11\/05.jpg","http:\/\/mm.howkuai.com\/wp-content\/uploads\/2014a\/09\/11\/06.jpg","http:\/\/mm.howkuai.com\/wp-content\/uploads\/2014a\/09\/11\/07.jpg","http:\/\/mm.howkuai.com\/wp-content\/uploads\/2014a\/09\/11\/08.jpg"]},{"plaintext":"\u6027\u611f\u7684\u7fd8\u81c0\uff0c\u9762\u5177\u4e0b\u7684\u6a21\u7279\u7d2b\u742a","href":"http:\/\/www.meizitu.com\/a\/4464.html","pic_list":["http:\/\/mm.howkuai.com\/wp-content\/uploads\/2014a\/09\/10\/01.jpg","http:\/\/mm.howkuai.com\/wp-content\/uploads\/2014a\/09\/10\/02.jpg","http:\/\/mm.howkuai.com\/wp-content\/uploads\/2014a\/09\/10\/03.jpg","http:\/\/mm.howkuai.com\/wp-content\/uploads\/2014a\/09\/10\/04.jpg","http:\/\/mm.howkuai.com\/wp-content\/uploads\/2014a\/09\/10\/05.jpg","http:\/\/mm.howkuai.com\/wp-content\/uploads\/2014a\/09\/10\/06.jpg"]},{"plaintext":"\u5348\u540e\u7684\u9633\u5149\uff0c\u4f60\u8be0\u91ca\u4e86\u4e00\u4e2a\u59b9\u5b50\u5e94\u6709\u7684\u79cd\u79cd","href":"http:\/\/www.meizitu.com\/a\/4463.html","pic_list":["http:\/\/mm.howkuai.com\/wp-content\/uploads\/2014a\/09\/09\/01.jpg","http:\/\/mm.howkuai.com\/wp-content\/uploads\/2014a\/09\/09\/02.jpg","http:\/\/mm.howkuai.com\/wp-content\/uploads\/2014a\/09\/09\/03.jpg","http:\/\/mm.howkuai.com\/wp-content\/uploads\/2014a\/09\/09\/04.jpg","http:\/\/mm.howkuai.com\/wp-content\/uploads\/2014a\/09\/09\/05.jpg","http:\/\/mm.howkuai.com\/wp-content\/uploads\/2014a\/09\/09\/06.jpg","http:\/\/mm.howkuai.com\/wp-content\/uploads\/2014a\/09\/09\/07.jpg","http:\/\/mm.howkuai.com\/wp-content\/uploads\/2014a\/09\/09\/08.jpg"]},{"plaintext":"\u4e38\u5b50\u7684\u79c1\u623f\uff0c\u6e7f\u6f09\u6f09\u7684\u6027\u611f","href":"http:\/\/www.meizitu.com\/a\/4462.html","pic_list":["http:\/\/mm.howkuai.com\/wp-content\/uploads\/2014a\/09\/08\/01.jpg","http:\/\/mm.howkuai.com\/wp-content\/uploads\/2014a\/09\/08\/02.jpg","http:\/\/mm.howkuai.com\/wp-content\/uploads\/2014a\/09\/08\/03.jpg","http:\/\/mm.howkuai.com\/wp-content\/uploads\/2014a\/09\/08\/04.jpg","http:\/\/mm.howkuai.com\/wp-content\/uploads\/2014a\/09\/08\/05.jpg"]},{"plaintext":"\u61a7\u61ac\uff0c\u4e5f\u8bb8\u53ea\u80fd\u5728\u68a6\u4e2d\u4e0e\u4f60\u76f8\u4f1a","href":"http:\/\/www.meizitu.com\/a\/4461.html","pic_list":["http:\/\/mm.howkuai.com\/wp-content\/uploads\/2014a\/09\/07\/01.jpg","http:\/\/mm.howkuai.com\/wp-content\/uploads\/2014a\/09\/07\/02.jpg","http:\/\/mm.howkuai.com\/wp-content\/uploads\/2014a\/09\/07\/03.jpg","http:\/\/mm.howkuai.com\/wp-content\/uploads\/2014a\/09\/07\/04.jpg","http:\/\/mm.howkuai.com\/wp-content\/uploads\/2014a\/09\/07\/05.jpg","http:\/\/mm.howkuai.com\/wp-content\/uploads\/2014a\/09\/07\/06.jpg","http:\/\/mm.howkuai.com\/wp-content\/uploads\/2014a\/09\/07\/07.jpg","http:\/\/mm.howkuai.com\/wp-content\/uploads\/2014a\/09\/07\/08.jpg"]},{"plaintext":"[\u6cbb\u6108\u7cfb]\u4f60\u5728\u6df1\u95fa\uff0c\u671b\u7a7f\u79cb\u6c34","href":"http:\/\/www.meizitu.com\/a\/4460.html","pic_list":["http:\/\/mm.howkuai.com\/wp-content\/uploads\/2014a\/09\/06\/01.jpg","http:\/\/mm.howkuai.com\/wp-content\/uploads\/2014a\/09\/06\/02.jpg","http:\/\/mm.howkuai.com\/wp-content\/uploads\/2014a\/09\/06\/03.jpg","http:\/\/mm.howkuai.com\/wp-content\/uploads\/2014a\/09\/06\/04.jpg","http:\/\/mm.howkuai.com\/wp-content\/uploads\/2014a\/09\/06\/05.jpg","http:\/\/mm.howkuai.com\/wp-content\/uploads\/2014a\/09\/06\/06.jpg"]},{"plaintext":"\u6027\u611f\u6b63\u59b9\uff0c\u7f51\u7edc\u7ea2\u4eba\u9648\u601d\u96e8\u79c1\u623f\u56fe\u7247","href":"http:\/\/www.meizitu.com\/a\/4459.html","pic_list":["http:\/\/mm.howkuai.com\/wp-content\/uploads\/2014a\/09\/05\/01.jpg","http:\/\/mm.howkuai.com\/wp-content\/uploads\/2014a\/09\/05\/02.jpg","http:\/\/mm.howkuai.com\/wp-content\/uploads\/2014a\/09\/05\/03.jpg","http:\/\/mm.howkuai.com\/wp-content\/uploads\/2014a\/09\/05\/04.jpg","http:\/\/mm.howkuai.com\/wp-content\/uploads\/2014a\/09\/05\/05.jpg","http:\/\/mm.howkuai.com\/wp-content\/uploads\/2014a\/09\/05\/06.jpg","http:\/\/mm.howkuai.com\/wp-content\/uploads\/2014a\/09\/05\/07.jpg"]},{"plaintext":"\u8155\u767d\u808c\u7ea2\uff0c\u7ec6\u5706\u65e0\u8282\uff0c\u53ef\u7231\u59b9\u5b50\u6c34\u4e2d\u620f","href":"http:\/\/www.meizitu.com\/a\/4458.html","pic_list":["http:\/\/mm.howkuai.com\/wp-content\/uploads\/2014a\/09\/04\/01.jpg","http:\/\/mm.howkuai.com\/wp-content\/uploads\/2014a\/09\/04\/02.jpg","http:\/\/mm.howkuai.com\/wp-content\/uploads\/2014a\/09\/04\/03.jpg","http:\/\/mm.howkuai.com\/wp-content\/uploads\/2014a\/09\/04\/04.jpg","http:\/\/mm.howkuai.com\/wp-content\/uploads\/2014a\/09\/04\/05.jpg","http:\/\/mm.howkuai.com\/wp-content\/uploads\/2014a\/09\/04\/06.jpg"]},{"plaintext":"\u590d\u65e6\u53cc\u80de\u80ce\u6821\u82b1\u7167\u7247\uff0c\u840c\u7ffb\u4f17\u4eba","href":"http:\/\/www.meizitu.com\/a\/4457.html","pic_list":["http:\/\/mm.howkuai.com\/wp-content\/uploads\/2014a\/09\/03\/01.jpg","http:\/\/mm.howkuai.com\/wp-content\/uploads\/2014a\/09\/03\/02.jpg","http:\/\/mm.howkuai.com\/wp-content\/uploads\/2014a\/09\/03\/03.jpg","http:\/\/mm.howkuai.com\/wp-content\/uploads\/2014a\/09\/03\/04.jpg","http:\/\/mm.howkuai.com\/wp-content\/uploads\/2014a\/09\/03\/05.jpg","http:\/\/mm.howkuai.com\/wp-content\/uploads\/2014a\/09\/03\/06.jpg","http:\/\/mm.howkuai.com\/wp-content\/uploads\/2014a\/09\/03\/07.jpg","http:\/\/mm.howkuai.com\/wp-content\/uploads\/2014a\/09\/03\/08.jpg","http:\/\/mm.howkuai.com\/wp-content\/uploads\/2014a\/09\/03\/09.jpg"]},{"plaintext":"\u8f7b\u8f7b\u8499\u4e0a\u4f60\u7684\u8138\uff0c\u7bee\u7403\u5b9d\u8d1d\u8d75\u5df2\u6668","href":"http:\/\/www.meizitu.com\/a\/4456.html","pic_list":["http:\/\/mm.howkuai.com\/wp-content\/uploads\/2014a\/09\/02\/01.jpg","http:\/\/mm.howkuai.com\/wp-content\/uploads\/2014a\/09\/02\/02.jpg","http:\/\/mm.howkuai.com\/wp-content\/uploads\/2014a\/09\/02\/03.jpg","http:\/\/mm.howkuai.com\/wp-content\/uploads\/2014a\/09\/02\/04.jpg","http:\/\/mm.howkuai.com\/wp-content\/uploads\/2014a\/09\/02\/05.jpg","http:\/\/mm.howkuai.com\/wp-content\/uploads\/2014a\/09\/02\/06.jpg"]},{"plaintext":"\u6563\u53d1\u7740\u5065\u5eb7\u4e4b\u7f8e\uff0c\u706b\u8fa3\u8eab\u6750\u5f20\u9732\u4ee3\u8a00\u6237\u5916\u54c1\u724c","href":"http:\/\/www.meizitu.com\/a\/4455.html","pic_list":["http:\/\/mm.howkuai.com\/wp-content\/uploads\/2014a\/09\/01\/01.jpg","http:\/\/mm.howkuai.com\/wp-content\/uploads\/2014a\/09\/01\/02.jpg","http:\/\/mm.howkuai.com\/wp-content\/uploads\/2014a\/09\/01\/03.jpg","http:\/\/mm.howkuai.com\/wp-content\/uploads\/2014a\/09\/01\/04.jpg","http:\/\/mm.howkuai.com\/wp-content\/uploads\/2014a\/09\/01\/05.jpg","http:\/\/mm.howkuai.com\/wp-content\/uploads\/2014a\/09\/01\/06.jpg","http:\/\/mm.howkuai.com\/wp-content\/uploads\/2014a\/09\/01\/07.jpg"]},{"plaintext":"\u7d20\u80a4\u82e5\u51dd\u8102\uff0c\u6e05\u7eaf\u7f8e\u5973\u7684\u5bfb\u5149\u96c6","href":"http:\/\/www.meizitu.com\/a\/4454.html","pic_list":["http:\/\/mm.howkuai.com\/wp-content\/uploads\/2014a\/08\/68\/01.jpg","http:\/\/mm.howkuai.com\/wp-content\/uploads\/2014a\/08\/68\/02.jpg","http:\/\/mm.howkuai.com\/wp-content\/uploads\/2014a\/08\/68\/03.jpg","http:\/\/mm.howkuai.com\/wp-content\/uploads\/2014a\/08\/68\/04.jpg","http:\/\/mm.howkuai.com\/wp-content\/uploads\/2014a\/08\/68\/05.jpg","http:\/\/mm.howkuai.com\/wp-content\/uploads\/2014a\/08\/68\/06.jpg","http:\/\/mm.howkuai.com\/wp-content\/uploads\/2014a\/08\/68\/07.jpg","http:\/\/mm.howkuai.com\/wp-content\/uploads\/2014a\/08\/68\/08.jpg"]},{"plaintext":"\u6cf3\u6c60\u8fb9\u7684\u5973\u795e\u83f2\u83f2\uff0c\u795e\u6001\u52a8\u4f5c\u592a\u7f8e\u4e0d\u6562\u770b","href":"http:\/\/www.meizitu.com\/a\/4453.html","pic_list":["http:\/\/mm.howkuai.com\/wp-content\/uploads\/2014a\/08\/67\/01.jpg","http:\/\/mm.howkuai.com\/wp-content\/uploads\/2014a\/08\/67\/02.jpg","http:\/\/mm.howkuai.com\/wp-content\/uploads\/2014a\/08\/67\/03.jpg","http:\/\/mm.howkuai.com\/wp-content\/uploads\/2014a\/08\/67\/04.jpg","http:\/\/mm.howkuai.com\/wp-content\/uploads\/2014a\/08\/67\/05.jpg","http:\/\/mm.howkuai.com\/wp-content\/uploads\/2014a\/08\/67\/06.jpg","http:\/\/mm.howkuai.com\/wp-content\/uploads\/2014a\/08\/67\/07.jpg"]},{"plaintext":"\u5341\u4e03\u5c81\u5ae9\u6a21\u5f20\u5c0f\u654f\uff0c\u6bd4\u57fa\u5c3c\u6d17\u8f66\u620f\u6c34\u770b\u5446\u4e86","href":"http:\/\/www.meizitu.com\/a\/4452.html","pic_list":["http:\/\/mm.howkuai.com\/wp-content\/uploads\/2014a\/08\/66\/01.jpg","http:\/\/mm.howkuai.com\/wp-content\/uploads\/2014a\/08\/66\/02.jpg","http:\/\/mm.howkuai.com\/wp-content\/uploads\/2014a\/08\/66\/03.jpg","http:\/\/mm.howkuai.com\/wp-content\/uploads\/2014a\/08\/66\/04.jpg","http:\/\/mm.howkuai.com\/wp-content\/uploads\/2014a\/08\/66\/05.jpg","http:\/\/mm.howkuai.com\/wp-content\/uploads\/2014a\/08\/66\/06.jpg","http:\/\/mm.howkuai.com\/wp-content\/uploads\/2014a\/08\/66\/07.jpg","http:\/\/mm.howkuai.com\/wp-content\/uploads\/2014a\/08\/66\/08.jpg"]},{"plaintext":"\u5b8c\u7f8e\u8eab\u6750\uff0c\u9752\u6625\u671f\u5973\u4e3b\u89d2\u8d75\u5955\u6b22\u7167\u7247\u96c6","href":"http:\/\/www.meizitu.com\/a\/4451.html","pic_list":["http:\/\/mm.howkuai.com\/wp-content\/uploads\/2014a\/08\/65\/01.jpg","http:\/\/mm.howkuai.com\/wp-content\/uploads\/2014a\/08\/65\/02.jpg","http:\/\/mm.howkuai.com\/wp-content\/uploads\/2014a\/08\/65\/03.jpg","http:\/\/mm.howkuai.com\/wp-content\/uploads\/2014a\/08\/65\/04.jpg","http:\/\/mm.howkuai.com\/wp-content\/uploads\/2014a\/08\/65\/05.jpg","http:\/\/mm.howkuai.com\/wp-content\/uploads\/2014a\/08\/65\/06.jpg","http:\/\/mm.howkuai.com\/wp-content\/uploads\/2014a\/08\/65\/07.jpg","http:\/\/mm.howkuai.com\/wp-content\/uploads\/2014a\/08\/65\/08.jpg"]},{"plaintext":"\u5ae9\u6a21\u97e9\u5b50\u8431\u5de5\u5382\u62cd\u6444\u5199\u771f","href":"http:\/\/www.meizitu.com\/a\/4450.html","pic_list":["http:\/\/mm.howkuai.com\/wp-content\/uploads\/2014a\/08\/64\/01.jpg","http:\/\/mm.howkuai.com\/wp-content\/uploads\/2014a\/08\/64\/02.jpg","http:\/\/mm.howkuai.com\/wp-content\/uploads\/2014a\/08\/64\/03.jpg","http:\/\/mm.howkuai.com\/wp-content\/uploads\/2014a\/08\/64\/04.jpg","http:\/\/mm.howkuai.com\/wp-content\/uploads\/2014a\/08\/64\/05.jpg","http:\/\/mm.howkuai.com\/wp-content\/uploads\/2014a\/08\/64\/06.jpg","http:\/\/mm.howkuai.com\/wp-content\/uploads\/2014a\/08\/64\/07.jpg"]},{"plaintext":"\u7f8e\u7709\u6bd4\u57fa\u5c3c\u7f8e\u8272\u52bf\u4e0d\u53ef\u6321","href":"http:\/\/www.meizitu.com\/a\/4449.html","pic_list":["http:\/\/mm.howkuai.com\/wp-content\/uploads\/2014a\/08\/63\/01.jpg","http:\/\/mm.howkuai.com\/wp-content\/uploads\/2014a\/08\/63\/02.jpg","http:\/\/mm.howkuai.com\/wp-content\/uploads\/2014a\/08\/63\/03.jpg","http:\/\/mm.howkuai.com\/wp-content\/uploads\/2014a\/08\/63\/04.jpg","http:\/\/mm.howkuai.com\/wp-content\/uploads\/2014a\/08\/63\/05.jpg","http:\/\/mm.howkuai.com\/wp-content\/uploads\/2014a\/08\/63\/06.jpg","http:\/\/mm.howkuai.com\/wp-content\/uploads\/2014a\/08\/63\/07.jpg"]},{"plaintext":"\u773c\u795e\u542b\u60c5\u8109\u8109\uff0c\u6e05\u7eaf\u7684\u540c\u65f6\u4e30\u6ee1\u6709\u6599","href":"http:\/\/www.meizitu.com\/a\/4447.html","pic_list":["http:\/\/mm.howkuai.com\/wp-content\/uploads\/2014a\/08\/61\/01.jpg","http:\/\/mm.howkuai.com\/wp-content\/uploads\/2014a\/08\/61\/02.jpg","http:\/\/mm.howkuai.com\/wp-content\/uploads\/2014a\/08\/61\/03.jpg","http:\/\/mm.howkuai.com\/wp-content\/uploads\/2014a\/08\/61\/04.jpg","http:\/\/mm.howkuai.com\/wp-content\/uploads\/2014a\/08\/61\/05.jpg","http:\/\/mm.howkuai.com\/wp-content\/uploads\/2014a\/08\/61\/06.jpg"]},{"plaintext":"\u590f\u5c0f\u8587\u4e4b\u3010\u7d20\u590f\u3011\u6e05\u7eaf\u7c89\u5ae9\u8def\u7ebf","href":"http:\/\/www.meizitu.com\/a\/4446.html","pic_list":["http:\/\/mm.howkuai.com\/wp-content\/uploads\/2014a\/08\/60\/01.jpg","http:\/\/mm.howkuai.com\/wp-content\/uploads\/2014a\/08\/60\/02.jpg","http:\/\/mm.howkuai.com\/wp-content\/uploads\/2014a\/08\/60\/03.jpg","http:\/\/mm.howkuai.com\/wp-content\/uploads\/2014a\/08\/60\/04.jpg","http:\/\/mm.howkuai.com\/wp-content\/uploads\/2014a\/08\/60\/05.jpg","http:\/\/mm.howkuai.com\/wp-content\/uploads\/2014a\/08\/60\/06.jpg"]},{"plaintext":"\u5c0f\u6e05\u65b0\u7f8e\u5973\uff0c\u4f60\u7684\u773c\u795e\u8ba9\u4eba\u5fc3\u9189","href":"http:\/\/www.meizitu.com\/a\/4445.html","pic_list":["http:\/\/mm.howkuai.com\/wp-content\/uploads\/2014a\/08\/59\/01.jpg","http:\/\/mm.howkuai.com\/wp-content\/uploads\/2014a\/08\/59\/02.jpg","http:\/\/mm.howkuai.com\/wp-content\/uploads\/2014a\/08\/59\/03.jpg","http:\/\/mm.howkuai.com\/wp-content\/uploads\/2014a\/08\/59\/04.jpg","http:\/\/mm.howkuai.com\/wp-content\/uploads\/2014a\/08\/59\/05.jpg","http:\/\/mm.howkuai.com\/wp-content\/uploads\/2014a\/08\/59\/06.jpg","http:\/\/mm.howkuai.com\/wp-content\/uploads\/2014a\/08\/59\/07.jpg"]}]