[{"plaintext":"\u3010\u590f\u5be5\u5be5\u3011\u521d\u89c1\uff0c\u7eaf\u51c0\u65e0\u6687\u7684\u4f60\u7b11\u5bb9\u751c\u7f8e","href":"http:\/\/www.meizitu.com\/a\/4414.html","pic_list":["http:\/\/mm.howkuai.com\/wp-content\/uploads\/2014a\/08\/29\/01.jpg","http:\/\/mm.howkuai.com\/wp-content\/uploads\/2014a\/08\/29\/02.jpg","http:\/\/mm.howkuai.com\/wp-content\/uploads\/2014a\/08\/29\/03.jpg","http:\/\/mm.howkuai.com\/wp-content\/uploads\/2014a\/08\/29\/04.jpg","http:\/\/mm.howkuai.com\/wp-content\/uploads\/2014a\/08\/29\/05.jpg","http:\/\/mm.howkuai.com\/wp-content\/uploads\/2014a\/08\/29\/06.jpg","http:\/\/mm.howkuai.com\/wp-content\/uploads\/2014a\/08\/29\/07.jpg","http:\/\/mm.howkuai.com\/wp-content\/uploads\/2014a\/08\/29\/08.jpg"]},{"plaintext":"2014chinajoy\u5b85\u7537\u798f\u5229\uff0c\u6e05\u7eaf\u59b9\u5b50\u6b23\u8d4f","href":"http:\/\/www.meizitu.com\/a\/4413.html","pic_list":["http:\/\/mm.howkuai.com\/wp-content\/uploads\/2014a\/08\/27\/01.jpg","http:\/\/mm.howkuai.com\/wp-content\/uploads\/2014a\/08\/27\/02.jpg","http:\/\/mm.howkuai.com\/wp-content\/uploads\/2014a\/08\/27\/03.jpg","http:\/\/mm.howkuai.com\/wp-content\/uploads\/2014a\/08\/27\/04.jpg","http:\/\/mm.howkuai.com\/wp-content\/uploads\/2014a\/08\/27\/05.jpg","http:\/\/mm.howkuai.com\/wp-content\/uploads\/2014a\/08\/27\/06.jpg","http:\/\/mm.howkuai.com\/wp-content\/uploads\/2014a\/08\/27\/07.jpg","http:\/\/mm.howkuai.com\/wp-content\/uploads\/2014a\/08\/27\/08.jpg","http:\/\/mm.howkuai.com\/wp-content\/uploads\/2014a\/08\/27\/09.jpg","http:\/\/mm.howkuai.com\/wp-content\/uploads\/2014a\/08\/27\/10.jpg","http:\/\/mm.howkuai.com\/wp-content\/uploads\/2014a\/08\/27\/11.jpg","http:\/\/mm.howkuai.com\/wp-content\/uploads\/2014a\/08\/27\/12.jpg"]},{"plaintext":"\u590f\u672b\u65f6\u5206\uff0c\u6e05\u7eaf\u77ed\u53d1\u59b9\u7eb8\u6cf3\u6c60\u4e2d\u6c34\u4e73\u4ea4\u878d","href":"http:\/\/www.meizitu.com\/a\/4412.html","pic_list":["http:\/\/mm.howkuai.com\/wp-content\/uploads\/2014a\/08\/26\/01.jpg","http:\/\/mm.howkuai.com\/wp-content\/uploads\/2014a\/08\/26\/02.jpg","http:\/\/mm.howkuai.com\/wp-content\/uploads\/2014a\/08\/26\/03.jpg","http:\/\/mm.howkuai.com\/wp-content\/uploads\/2014a\/08\/26\/04.jpg","http:\/\/mm.howkuai.com\/wp-content\/uploads\/2014a\/08\/26\/05.jpg","http:\/\/mm.howkuai.com\/wp-content\/uploads\/2014a\/08\/26\/06.jpg","http:\/\/mm.howkuai.com\/wp-content\/uploads\/2014a\/08\/26\/07.jpg","http:\/\/mm.howkuai.com\/wp-content\/uploads\/2014a\/08\/26\/08.jpg"]},{"plaintext":"\u6700\u597d\u8eab\u6750\u6bd4\u4f8b\uff0c\u6b27\u7f8e\u8d85\u6a21\u4eba\u7f8e\u82b1\u4e5f\u7f8e","href":"http:\/\/www.meizitu.com\/a\/4411.html","pic_list":["http:\/\/mm.howkuai.com\/wp-content\/uploads\/2014a\/08\/25\/01.jpg","http:\/\/mm.howkuai.com\/wp-content\/uploads\/2014a\/08\/25\/02.jpg","http:\/\/mm.howkuai.com\/wp-content\/uploads\/2014a\/08\/25\/03.jpg","http:\/\/mm.howkuai.com\/wp-content\/uploads\/2014a\/08\/25\/04.jpg","http:\/\/mm.howkuai.com\/wp-content\/uploads\/2014a\/08\/25\/05.jpg","http:\/\/mm.howkuai.com\/wp-content\/uploads\/2014a\/08\/25\/06.jpg","http:\/\/mm.howkuai.com\/wp-content\/uploads\/2014a\/08\/25\/07.jpg","http:\/\/mm.howkuai.com\/wp-content\/uploads\/2014a\/08\/25\/08.jpg","http:\/\/mm.howkuai.com\/wp-content\/uploads\/2014a\/08\/25\/09.jpg"]},{"plaintext":"\u7f8e\u817f\u7f8e\u7709\uff0c\u2018\u6700\u7f8e\u8f6e\u6ed1\u6559\u7ec3\u2019\u4f53\u80b2\u753b\u62a5","href":"http:\/\/www.meizitu.com\/a\/4410.html","pic_list":["http:\/\/mm.howkuai.com\/wp-content\/uploads\/2014a\/08\/24\/01.jpg","http:\/\/mm.howkuai.com\/wp-content\/uploads\/2014a\/08\/24\/02.jpg","http:\/\/mm.howkuai.com\/wp-content\/uploads\/2014a\/08\/24\/03.jpg","http:\/\/mm.howkuai.com\/wp-content\/uploads\/2014a\/08\/24\/04.jpg","http:\/\/mm.howkuai.com\/wp-content\/uploads\/2014a\/08\/24\/05.jpg"]},{"plaintext":"\u201c\u6700\u4f18\u7f8e\u66f2\u7ebf\u201d\u8d85\u7ea7\u8f66\u6a21\u674e\u9896\u829d\u5199\u771f","href":"http:\/\/www.meizitu.com\/a\/4409.html","pic_list":["http:\/\/mm.howkuai.com\/wp-content\/uploads\/2014a\/08\/24\/01.jpg","http:\/\/mm.howkuai.com\/wp-content\/uploads\/2014a\/08\/24\/02.jpg","http:\/\/mm.howkuai.com\/wp-content\/uploads\/2014a\/08\/24\/03.jpg","http:\/\/mm.howkuai.com\/wp-content\/uploads\/2014a\/08\/24\/04.jpg","http:\/\/mm.howkuai.com\/wp-content\/uploads\/2014a\/08\/24\/05.jpg"]},{"plaintext":"\u6027\u611f\u7f8e\u7709\u5434\u9759\u6021\uff0c\u6cf3\u6c60\u8fb9\u5c55\u73b0\u8ff7\u4eba\u7b11\u5bb9","href":"http:\/\/www.meizitu.com\/a\/4408.html","pic_list":["http:\/\/mm.howkuai.com\/wp-content\/uploads\/2014a\/08\/22\/01.jpg","http:\/\/mm.howkuai.com\/wp-content\/uploads\/2014a\/08\/22\/02.jpg","http:\/\/mm.howkuai.com\/wp-content\/uploads\/2014a\/08\/22\/03.jpg","http:\/\/mm.howkuai.com\/wp-content\/uploads\/2014a\/08\/22\/04.jpg","http:\/\/mm.howkuai.com\/wp-content\/uploads\/2014a\/08\/22\/05.jpg","http:\/\/mm.howkuai.com\/wp-content\/uploads\/2014a\/08\/22\/06.jpg"]},{"plaintext":"\u5a07\u5c0f\u73b2\u73d190\u4faf\u840c\u59b9\u5b50\uff0c\u8eab\u8f7b\u5982\u71d5\u3002\u5f31\u67f3\u6276\u98ce\u3002","href":"http:\/\/www.meizitu.com\/a\/4407.html","pic_list":["http:\/\/mm.howkuai.com\/wp-content\/uploads\/2014a\/08\/21\/01.jpg","http:\/\/mm.howkuai.com\/wp-content\/uploads\/2014a\/08\/21\/02.jpg","http:\/\/mm.howkuai.com\/wp-content\/uploads\/2014a\/08\/21\/03.jpg","http:\/\/mm.howkuai.com\/wp-content\/uploads\/2014a\/08\/21\/04.jpg","http:\/\/mm.howkuai.com\/wp-content\/uploads\/2014a\/08\/21\/05.jpg","http:\/\/mm.howkuai.com\/wp-content\/uploads\/2014a\/08\/21\/06.jpg"]},{"plaintext":"\u74dc\u5b50\u8138\u7f8e\u7709\uff0c\u51b0\u808c\u96ea\u4e73\u7684\u79c1\u623f\u5199\u771f","href":"http:\/\/www.meizitu.com\/a\/4406.html","pic_list":["http:\/\/mm.howkuai.com\/wp-content\/uploads\/2014a\/08\/20\/01.jpg","http:\/\/mm.howkuai.com\/wp-content\/uploads\/2014a\/08\/20\/02.jpg","http:\/\/mm.howkuai.com\/wp-content\/uploads\/2014a\/08\/20\/03.jpg","http:\/\/mm.howkuai.com\/wp-content\/uploads\/2014a\/08\/20\/04.jpg","http:\/\/mm.howkuai.com\/wp-content\/uploads\/2014a\/08\/20\/05.jpg","http:\/\/mm.howkuai.com\/wp-content\/uploads\/2014a\/08\/20\/06.jpg"]},{"plaintext":"Chinajoy2014\u6e05\u7eaf\u7f8e\u5973\u5927\u5934\u5408\u96c6","href":"http:\/\/www.meizitu.com\/a\/4405.html","pic_list":["http:\/\/mm.howkuai.com\/wp-content\/uploads\/2014a\/08\/19\/01.jpg","http:\/\/mm.howkuai.com\/wp-content\/uploads\/2014a\/08\/19\/02.jpg","http:\/\/mm.howkuai.com\/wp-content\/uploads\/2014a\/08\/19\/03.jpg","http:\/\/mm.howkuai.com\/wp-content\/uploads\/2014a\/08\/19\/04.jpg","http:\/\/mm.howkuai.com\/wp-content\/uploads\/2014a\/08\/19\/05.jpg","http:\/\/mm.howkuai.com\/wp-content\/uploads\/2014a\/08\/19\/06.jpg","http:\/\/mm.howkuai.com\/wp-content\/uploads\/2014a\/08\/19\/07.jpg","http:\/\/mm.howkuai.com\/wp-content\/uploads\/2014a\/08\/19\/08.jpg","http:\/\/mm.howkuai.com\/wp-content\/uploads\/2014a\/08\/19\/09.jpg","http:\/\/mm.howkuai.com\/wp-content\/uploads\/2014a\/08\/19\/10.jpg"]},{"plaintext":"\u591c\u6708\u6df1\uff0c\u601d\u7eea\u4e07\u5343\uff0c\u6726\u80e7\u7684\u59a9\u5a9a\u7f8e\u5973","href":"http:\/\/www.meizitu.com\/a\/4404.html","pic_list":["http:\/\/mm.howkuai.com\/wp-content\/uploads\/2014a\/08\/18\/01.jpg","http:\/\/mm.howkuai.com\/wp-content\/uploads\/2014a\/08\/18\/02.jpg","http:\/\/mm.howkuai.com\/wp-content\/uploads\/2014a\/08\/18\/03.jpg","http:\/\/mm.howkuai.com\/wp-content\/uploads\/2014a\/08\/18\/04.jpg","http:\/\/mm.howkuai.com\/wp-content\/uploads\/2014a\/08\/18\/05.jpg","http:\/\/mm.howkuai.com\/wp-content\/uploads\/2014a\/08\/18\/06.jpg"]},{"plaintext":"\u957f\u817f\u59b9\u5b50\u7684\u65c5\u7a0b\uff0c\u591a\u4e48\u552f\u7f8e\u800c\u53c8\u6027\u611f\u7684\u753b\u9762","href":"http:\/\/www.meizitu.com\/a\/4403.html","pic_list":["http:\/\/mm.howkuai.com\/wp-content\/uploads\/2014a\/08\/17\/01.jpg","http:\/\/mm.howkuai.com\/wp-content\/uploads\/2014a\/08\/17\/02.jpg","http:\/\/mm.howkuai.com\/wp-content\/uploads\/2014a\/08\/17\/03.jpg","http:\/\/mm.howkuai.com\/wp-content\/uploads\/2014a\/08\/17\/04.jpg","http:\/\/mm.howkuai.com\/wp-content\/uploads\/2014a\/08\/17\/05.jpg","http:\/\/mm.howkuai.com\/wp-content\/uploads\/2014a\/08\/17\/06.jpg","http:\/\/mm.howkuai.com\/wp-content\/uploads\/2014a\/08\/17\/07.jpg"]},{"plaintext":"\u9690\u85cf\u6389\u7684\u6027\u611f\uff0c\u751c\u7f8e\u840c\u840c\u54d2\u7684\u6d74\u888d\u88c5","href":"http:\/\/www.meizitu.com\/a\/4402.html","pic_list":["http:\/\/mm.howkuai.com\/wp-content\/uploads\/2014a\/08\/16\/01.jpg","http:\/\/mm.howkuai.com\/wp-content\/uploads\/2014a\/08\/16\/02.jpg","http:\/\/mm.howkuai.com\/wp-content\/uploads\/2014a\/08\/16\/03.jpg","http:\/\/mm.howkuai.com\/wp-content\/uploads\/2014a\/08\/16\/04.jpg","http:\/\/mm.howkuai.com\/wp-content\/uploads\/2014a\/08\/16\/05.jpg","http:\/\/mm.howkuai.com\/wp-content\/uploads\/2014a\/08\/16\/06.jpg"]},{"plaintext":"\u6bcf\u4e00\u4e2a\u7f8e\u8273\u7edd\u4f26\uff0c\u8ba9\u4eba\u5fc3\u52a8\u7684\u6e05\u7eaf\u7f8e\u5973\u4eec","href":"http:\/\/www.meizitu.com\/a\/4401.html","pic_list":["http:\/\/mm.howkuai.com\/wp-content\/uploads\/2014a\/08\/15\/01.jpg","http:\/\/mm.howkuai.com\/wp-content\/uploads\/2014a\/08\/15\/02.jpg","http:\/\/mm.howkuai.com\/wp-content\/uploads\/2014a\/08\/15\/03.jpg","http:\/\/mm.howkuai.com\/wp-content\/uploads\/2014a\/08\/15\/04.jpg","http:\/\/mm.howkuai.com\/wp-content\/uploads\/2014a\/08\/15\/05.jpg","http:\/\/mm.howkuai.com\/wp-content\/uploads\/2014a\/08\/15\/06.jpg","http:\/\/mm.howkuai.com\/wp-content\/uploads\/2014a\/08\/15\/07.jpg","http:\/\/mm.howkuai.com\/wp-content\/uploads\/2014a\/08\/15\/08.jpg","http:\/\/mm.howkuai.com\/wp-content\/uploads\/2014a\/08\/15\/09.jpg","http:\/\/mm.howkuai.com\/wp-content\/uploads\/2014a\/08\/15\/10.jpg"]},{"plaintext":"\u5b85\u5973\u7231\u8bfb\u4e66\uff0c\u53f0\u6e7e\u7f8e\u5973\u6797\u91c7\u7f07","href":"http:\/\/www.meizitu.com\/a\/4400.html","pic_list":["http:\/\/mm.howkuai.com\/wp-content\/uploads\/2014a\/08\/14\/01.jpg","http:\/\/mm.howkuai.com\/wp-content\/uploads\/2014a\/08\/14\/02.jpg","http:\/\/mm.howkuai.com\/wp-content\/uploads\/2014a\/08\/14\/03.jpg","http:\/\/mm.howkuai.com\/wp-content\/uploads\/2014a\/08\/14\/04.jpg","http:\/\/mm.howkuai.com\/wp-content\/uploads\/2014a\/08\/14\/05.jpg","http:\/\/mm.howkuai.com\/wp-content\/uploads\/2014a\/08\/14\/06.jpg"]},{"plaintext":"\u4e30\u6ee1\u7684\u9633\u5149\u6b63\u59b9\uff0c\u8ff7\u4eba\u773c\u795e\u64a9\u4eba\u5fc3\u6000","href":"http:\/\/www.meizitu.com\/a\/4399.html","pic_list":["http:\/\/mm.howkuai.com\/wp-content\/uploads\/2014a\/08\/13\/01.jpg","http:\/\/mm.howkuai.com\/wp-content\/uploads\/2014a\/08\/13\/02.jpg","http:\/\/mm.howkuai.com\/wp-content\/uploads\/2014a\/08\/13\/03.jpg","http:\/\/mm.howkuai.com\/wp-content\/uploads\/2014a\/08\/13\/04.jpg","http:\/\/mm.howkuai.com\/wp-content\/uploads\/2014a\/08\/13\/05.jpg","http:\/\/mm.howkuai.com\/wp-content\/uploads\/2014a\/08\/13\/06.jpg"]},{"plaintext":"\u606c\u9759\u5927\u773c\u775b\u7f8e\u5973Miki\u751f\u6d3b\u7167","href":"http:\/\/www.meizitu.com\/a\/4398.html","pic_list":["http:\/\/mm.howkuai.com\/wp-content\/uploads\/2014a\/08\/12\/01.jpg","http:\/\/mm.howkuai.com\/wp-content\/uploads\/2014a\/08\/12\/02.jpg","http:\/\/mm.howkuai.com\/wp-content\/uploads\/2014a\/08\/12\/03.jpg","http:\/\/mm.howkuai.com\/wp-content\/uploads\/2014a\/08\/12\/04.jpg","http:\/\/mm.howkuai.com\/wp-content\/uploads\/2014a\/08\/12\/05.jpg","http:\/\/mm.howkuai.com\/wp-content\/uploads\/2014a\/08\/12\/06.jpg","http:\/\/mm.howkuai.com\/wp-content\/uploads\/2014a\/08\/12\/07.jpg"]},{"plaintext":"\u591c\u573a\u5973\u795e\uff0c\u957f\u817f\u6a21\u7279\u501a\u94a2\u7ba1\u5c55\u59e3\u597d\u8eab\u6750","href":"http:\/\/www.meizitu.com\/a\/4397.html","pic_list":["http:\/\/mm.howkuai.com\/wp-content\/uploads\/2014a\/08\/11\/01.jpg","http:\/\/mm.howkuai.com\/wp-content\/uploads\/2014a\/08\/11\/02.jpg","http:\/\/mm.howkuai.com\/wp-content\/uploads\/2014a\/08\/11\/03.jpg","http:\/\/mm.howkuai.com\/wp-content\/uploads\/2014a\/08\/11\/04.jpg","http:\/\/mm.howkuai.com\/wp-content\/uploads\/2014a\/08\/11\/05.jpg","http:\/\/mm.howkuai.com\/wp-content\/uploads\/2014a\/08\/11\/06.jpg"]},{"plaintext":"\u90a3\u4e9b\u6e05\u7eaf\u7684\u517b\u773c\u7f8e\u5973\u56fe\u7247\uff08\u516b\uff09","href":"http:\/\/www.meizitu.com\/a\/4396.html","pic_list":["http:\/\/mm.howkuai.com\/wp-content\/uploads\/2014a\/08\/10\/01.jpg","http:\/\/mm.howkuai.com\/wp-content\/uploads\/2014a\/08\/10\/02.jpg","http:\/\/mm.howkuai.com\/wp-content\/uploads\/2014a\/08\/10\/03.jpg","http:\/\/mm.howkuai.com\/wp-content\/uploads\/2014a\/08\/10\/04.jpg","http:\/\/mm.howkuai.com\/wp-content\/uploads\/2014a\/08\/10\/05.jpg","http:\/\/mm.howkuai.com\/wp-content\/uploads\/2014a\/08\/10\/06.jpg","http:\/\/mm.howkuai.com\/wp-content\/uploads\/2014a\/08\/10\/07.jpg","http:\/\/mm.howkuai.com\/wp-content\/uploads\/2014a\/08\/10\/08.jpg","http:\/\/mm.howkuai.com\/wp-content\/uploads\/2014a\/08\/10\/09.jpg","http:\/\/mm.howkuai.com\/wp-content\/uploads\/2014a\/08\/10\/10.jpg","http:\/\/mm.howkuai.com\/wp-content\/uploads\/2014a\/08\/10\/11.jpg","http:\/\/mm.howkuai.com\/wp-content\/uploads\/2014a\/08\/10\/12.jpg"]},{"plaintext":"\u5404\u79cd\u6e05\u7eaf\u59b9\u7eb8\uff0c2014\u5e74CJ\u968f\u624b\u62cd","href":"http:\/\/www.meizitu.com\/a\/4395.html","pic_list":["http:\/\/mm.howkuai.com\/wp-content\/uploads\/2014a\/08\/09\/01.jpg","http:\/\/mm.howkuai.com\/wp-content\/uploads\/2014a\/08\/09\/02.jpg","http:\/\/mm.howkuai.com\/wp-content\/uploads\/2014a\/08\/09\/03.jpg","http:\/\/mm.howkuai.com\/wp-content\/uploads\/2014a\/08\/09\/04.jpg","http:\/\/mm.howkuai.com\/wp-content\/uploads\/2014a\/08\/09\/05.jpg","http:\/\/mm.howkuai.com\/wp-content\/uploads\/2014a\/08\/09\/06.jpg","http:\/\/mm.howkuai.com\/wp-content\/uploads\/2014a\/08\/09\/07.jpg","http:\/\/mm.howkuai.com\/wp-content\/uploads\/2014a\/08\/09\/08.jpg"]},{"plaintext":"\u6e05\u7eaf\u5982\u6c34\u5c0f\u7f8e\u5973\u8d85\u4f1a\u626e\u840c","href":"http:\/\/www.meizitu.com\/a\/4393.html","pic_list":["http:\/\/mm.howkuai.com\/wp-content\/uploads\/2014a\/08\/07\/01.jpg","http:\/\/mm.howkuai.com\/wp-content\/uploads\/2014a\/08\/07\/02.jpg","http:\/\/mm.howkuai.com\/wp-content\/uploads\/2014a\/08\/07\/03.jpg","http:\/\/mm.howkuai.com\/wp-content\/uploads\/2014a\/08\/07\/04.jpg","http:\/\/mm.howkuai.com\/wp-content\/uploads\/2014a\/08\/07\/05.jpg","http:\/\/mm.howkuai.com\/wp-content\/uploads\/2014a\/08\/07\/06.jpg"]},{"plaintext":"\u7f8e\u4e3d\u7684\u7011\u5e03\uff0c\u7edd\u4ee3\u6709\u4f73\u4eba\u5e7d\u5c45\u5728\u7a7a\u8c37","href":"http:\/\/www.meizitu.com\/a\/4392.html","pic_list":["http:\/\/mm.howkuai.com\/wp-content\/uploads\/2014a\/08\/06\/01.jpg","http:\/\/mm.howkuai.com\/wp-content\/uploads\/2014a\/08\/06\/02.jpg","http:\/\/mm.howkuai.com\/wp-content\/uploads\/2014a\/08\/06\/03.jpg","http:\/\/mm.howkuai.com\/wp-content\/uploads\/2014a\/08\/06\/04.jpg","http:\/\/mm.howkuai.com\/wp-content\/uploads\/2014a\/08\/06\/05.jpg","http:\/\/mm.howkuai.com\/wp-content\/uploads\/2014a\/08\/06\/06.jpg"]},{"plaintext":"\u8fd9\u4e2a\u91ce\u517d\u4e0d\u592a\u51f6\uff0c\u6f02\u4eae\u59b9\u5b50\u7684\u53ef\u7231\u53c8\u542c\u8bdd\u72d7\u72d7","href":"http:\/\/www.meizitu.com\/a\/4391.html","pic_list":["http:\/\/mm.howkuai.com\/wp-content\/uploads\/2014a\/08\/05\/01.jpg","http:\/\/mm.howkuai.com\/wp-content\/uploads\/2014a\/08\/05\/02.jpg","http:\/\/mm.howkuai.com\/wp-content\/uploads\/2014a\/08\/05\/03.jpg","http:\/\/mm.howkuai.com\/wp-content\/uploads\/2014a\/08\/05\/04.jpg","http:\/\/mm.howkuai.com\/wp-content\/uploads\/2014a\/08\/05\/05.jpg","http:\/\/mm.howkuai.com\/wp-content\/uploads\/2014a\/08\/05\/06.jpg","http:\/\/mm.howkuai.com\/wp-content\/uploads\/2014a\/08\/05\/07.jpg"]},{"plaintext":"\u5b85\u7537\u6700\u7231\uff0c2014 chinajoy \u91cc\u7684\u59b9\u5b50\uff08\u7b2c\u4e8c\u6ce2\uff09","href":"http:\/\/www.meizitu.com\/a\/4390.html","pic_list":["http:\/\/mm.howkuai.com\/wp-content\/uploads\/2014a\/08\/04\/01.jpg","http:\/\/mm.howkuai.com\/wp-content\/uploads\/2014a\/08\/04\/02.jpg","http:\/\/mm.howkuai.com\/wp-content\/uploads\/2014a\/08\/04\/03.jpg","http:\/\/mm.howkuai.com\/wp-content\/uploads\/2014a\/08\/04\/04.jpg","http:\/\/mm.howkuai.com\/wp-content\/uploads\/2014a\/08\/04\/05.jpg","http:\/\/mm.howkuai.com\/wp-content\/uploads\/2014a\/08\/04\/06.jpg","http:\/\/mm.howkuai.com\/wp-content\/uploads\/2014a\/08\/04\/07.jpg","http:\/\/mm.howkuai.com\/wp-content\/uploads\/2014a\/08\/04\/08.jpg","http:\/\/mm.howkuai.com\/wp-content\/uploads\/2014a\/08\/04\/09.jpg"]},{"plaintext":"\u4f53\u64cd\u670d\u7f8e\u5973\uff0c\u6c14\u8d28\u8138\u86cb\u6d6e\u73b0\u5c0f\u68a8\u6da1","href":"http:\/\/www.meizitu.com\/a\/4389.html","pic_list":["http:\/\/mm.howkuai.com\/wp-content\/uploads\/2014a\/08\/03\/01.jpg","http:\/\/mm.howkuai.com\/wp-content\/uploads\/2014a\/08\/03\/02.jpg","http:\/\/mm.howkuai.com\/wp-content\/uploads\/2014a\/08\/03\/03.jpg","http:\/\/mm.howkuai.com\/wp-content\/uploads\/2014a\/08\/03\/04.jpg"]},{"plaintext":"\u7ae5\u989c\u5de8\u4e73\u58f0\u4f18\u5c0f\u5b7d\u73b0\u8eabChinaJoy\u73b0\u573a","href":"http:\/\/www.meizitu.com\/a\/4388.html","pic_list":["http:\/\/mm.howkuai.com\/wp-content\/uploads\/2014a\/08\/02\/01.jpg","http:\/\/mm.howkuai.com\/wp-content\/uploads\/2014a\/08\/02\/02.jpg","http:\/\/mm.howkuai.com\/wp-content\/uploads\/2014a\/08\/02\/03.jpg","http:\/\/mm.howkuai.com\/wp-content\/uploads\/2014a\/08\/02\/04.jpg","http:\/\/mm.howkuai.com\/wp-content\/uploads\/2014a\/08\/02\/05.jpg","http:\/\/mm.howkuai.com\/wp-content\/uploads\/2014a\/08\/02\/06.jpg","http:\/\/mm.howkuai.com\/wp-content\/uploads\/2014a\/08\/02\/07.jpg","http:\/\/mm.howkuai.com\/wp-content\/uploads\/2014a\/08\/02\/08.jpg"]},{"plaintext":"\u7231\u8df3\u821e\u3001\u7231\u5403\u4e1c\u897f\u7684\u5b66\u751f\u59b9\u5b50\u6881\u7f18\u540c\u5b66","href":"http:\/\/www.meizitu.com\/a\/4387.html","pic_list":["http:\/\/mm.howkuai.com\/wp-content\/uploads\/2014a\/08\/01\/01.jpg","http:\/\/mm.howkuai.com\/wp-content\/uploads\/2014a\/08\/01\/02.jpg","http:\/\/mm.howkuai.com\/wp-content\/uploads\/2014a\/08\/01\/03.jpg","http:\/\/mm.howkuai.com\/wp-content\/uploads\/2014a\/08\/01\/04.jpg","http:\/\/mm.howkuai.com\/wp-content\/uploads\/2014a\/08\/01\/05.jpg"]},{"plaintext":"17\u5c81\u7684\u957f\u817f\u59d1\u5a18\uff0c\u590f\u5929\uff0c\u7f8e\u5999\u800c\u7eaf\u51c0","href":"http:\/\/www.meizitu.com\/a\/4386.html","pic_list":["http:\/\/mm.howkuai.com\/wp-content\/uploads\/2014a\/07\/71\/01.jpg","http:\/\/mm.howkuai.com\/wp-content\/uploads\/2014a\/07\/71\/02.jpg","http:\/\/mm.howkuai.com\/wp-content\/uploads\/2014a\/07\/71\/03.jpg","http:\/\/mm.howkuai.com\/wp-content\/uploads\/2014a\/07\/71\/04.jpg","http:\/\/mm.howkuai.com\/wp-content\/uploads\/2014a\/07\/71\/05.jpg","http:\/\/mm.howkuai.com\/wp-content\/uploads\/2014a\/07\/71\/06.jpg"]},{"plaintext":"\u6027\u611f\u6a21\u7279\u8eab\u7740\u6d74\u888d\uff0c\u300a\u7537\u4eba\u88c5\u300b\u62cd\u6444\u5730\u968f\u624b\u62cd","href":"http:\/\/www.meizitu.com\/a\/4385.html","pic_list":["http:\/\/mm.howkuai.com\/wp-content\/uploads\/2014a\/07\/70\/01.jpg","http:\/\/mm.howkuai.com\/wp-content\/uploads\/2014a\/07\/70\/02.jpg","http:\/\/mm.howkuai.com\/wp-content\/uploads\/2014a\/07\/70\/03.jpg","http:\/\/mm.howkuai.com\/wp-content\/uploads\/2014a\/07\/70\/04.jpg","http:\/\/mm.howkuai.com\/wp-content\/uploads\/2014a\/07\/70\/05.jpg"]}]