[{"plaintext":"\u8fd9\u5927\u6982\u662f\u53f2\u4e0a\u6700\u7f8e\u7684\u94c1\u677f\u70e7\u59d1\u5a18","href":"http:\/\/www.meizitu.com\/a\/4505.html","pic_list":["http:\/\/mm.howkuai.com\/wp-content\/uploads\/2014a\/09\/50\/01.jpg","http:\/\/mm.howkuai.com\/wp-content\/uploads\/2014a\/09\/50\/02.jpg","http:\/\/mm.howkuai.com\/wp-content\/uploads\/2014a\/09\/50\/03.jpg","http:\/\/mm.howkuai.com\/wp-content\/uploads\/2014a\/09\/50\/04.jpg","http:\/\/mm.howkuai.com\/wp-content\/uploads\/2014a\/09\/50\/05.jpg","http:\/\/mm.howkuai.com\/wp-content\/uploads\/2014a\/09\/50\/06.jpg","http:\/\/mm.howkuai.com\/wp-content\/uploads\/2014a\/09\/50\/07.jpg","http:\/\/mm.howkuai.com\/wp-content\/uploads\/2014a\/09\/50\/08.jpg"]},{"plaintext":"\u6c99\u6ee9\u8fb9\u7684\u590f\u5be5\u5be5\uff0c\u7f9e\u6da9\u7b11\u5bb9\u540e\u7ea2\u6655\u722c\u4e0a\u82b3\u5bb9","href":"http:\/\/www.meizitu.com\/a\/4504.html","pic_list":["http:\/\/mm.howkuai.com\/wp-content\/uploads\/2014a\/09\/49\/01.jpg","http:\/\/mm.howkuai.com\/wp-content\/uploads\/2014a\/09\/49\/02.jpg","http:\/\/mm.howkuai.com\/wp-content\/uploads\/2014a\/09\/49\/03.jpg","http:\/\/mm.howkuai.com\/wp-content\/uploads\/2014a\/09\/49\/04.jpg","http:\/\/mm.howkuai.com\/wp-content\/uploads\/2014a\/09\/49\/05.jpg","http:\/\/mm.howkuai.com\/wp-content\/uploads\/2014a\/09\/49\/06.jpg"]},{"plaintext":"\u53ef\u7231\u7684\u6821\u82b1\uff0c\u6c27\u6c14\u5973\u5b69\u6559\u5ba4\u7bc7","href":"http:\/\/www.meizitu.com\/a\/4503.html","pic_list":["http:\/\/mm.howkuai.com\/wp-content\/uploads\/2014a\/09\/48\/01.jpg","http:\/\/mm.howkuai.com\/wp-content\/uploads\/2014a\/09\/48\/02.jpg","http:\/\/mm.howkuai.com\/wp-content\/uploads\/2014a\/09\/48\/03.jpg","http:\/\/mm.howkuai.com\/wp-content\/uploads\/2014a\/09\/48\/04.jpg","http:\/\/mm.howkuai.com\/wp-content\/uploads\/2014a\/09\/48\/05.jpg","http:\/\/mm.howkuai.com\/wp-content\/uploads\/2014a\/09\/48\/06.jpg","http:\/\/mm.howkuai.com\/wp-content\/uploads\/2014a\/09\/48\/07.jpg","http:\/\/mm.howkuai.com\/wp-content\/uploads\/2014a\/09\/48\/08.jpg"]},{"plaintext":"\u8ba9\u6027\u611f\u4eb2\u5207\u4e00\u70b9\u513f\uff0c\u975e\u5e38\u6e05\u65b0\u5973\u5b69\u5374\u6709\u9b54\u9b3c\u8eab\u6750","href":"http:\/\/www.meizitu.com\/a\/4502.html","pic_list":["http:\/\/mm.howkuai.com\/wp-content\/uploads\/2014a\/09\/47\/01.jpg","http:\/\/mm.howkuai.com\/wp-content\/uploads\/2014a\/09\/47\/02.jpg","http:\/\/mm.howkuai.com\/wp-content\/uploads\/2014a\/09\/47\/03.jpg","http:\/\/mm.howkuai.com\/wp-content\/uploads\/2014a\/09\/47\/04.jpg","http:\/\/mm.howkuai.com\/wp-content\/uploads\/2014a\/09\/47\/05.jpg","http:\/\/mm.howkuai.com\/wp-content\/uploads\/2014a\/09\/47\/06.jpg","http:\/\/mm.howkuai.com\/wp-content\/uploads\/2014a\/09\/47\/07.jpg"]},{"plaintext":"\u6e05\u7eaf\u65e0\u6bd4\u7684\u7f8e\u5c11\u5973\uff0c\u624e\u8d77\u9a6c\u5c3e\u4e3aGTI\u4ee3\u8a00","href":"http:\/\/www.meizitu.com\/a\/4501.html","pic_list":["http:\/\/mm.howkuai.com\/wp-content\/uploads\/2014a\/09\/46\/01.jpg","http:\/\/mm.howkuai.com\/wp-content\/uploads\/2014a\/09\/46\/02.jpg","http:\/\/mm.howkuai.com\/wp-content\/uploads\/2014a\/09\/46\/03.jpg","http:\/\/mm.howkuai.com\/wp-content\/uploads\/2014a\/09\/46\/04.jpg","http:\/\/mm.howkuai.com\/wp-content\/uploads\/2014a\/09\/46\/05.jpg","http:\/\/mm.howkuai.com\/wp-content\/uploads\/2014a\/09\/46\/06.jpg","http:\/\/mm.howkuai.com\/wp-content\/uploads\/2014a\/09\/46\/07.jpg"]},{"plaintext":"\u633a\u62d4\u7684\u8bf1\u60d1\uff0c\u95fa\u623f\u7d20\u989c\u5468\u7ef4\u5a1c","href":"http:\/\/www.meizitu.com\/a\/4500.html","pic_list":["http:\/\/mm.howkuai.com\/wp-content\/uploads\/2014a\/09\/45\/01.jpg","http:\/\/mm.howkuai.com\/wp-content\/uploads\/2014a\/09\/45\/02.jpg","http:\/\/mm.howkuai.com\/wp-content\/uploads\/2014a\/09\/45\/03.jpg","http:\/\/mm.howkuai.com\/wp-content\/uploads\/2014a\/09\/45\/04.jpg","http:\/\/mm.howkuai.com\/wp-content\/uploads\/2014a\/09\/45\/05.jpg","http:\/\/mm.howkuai.com\/wp-content\/uploads\/2014a\/09\/45\/06.jpg"]},{"plaintext":"\u6e05\u65b0\u53ef\u4eba\u7684\u7bee\u7403\u5c11\u5973\uff0c\u6bcf\u5929\u90fd\u8981\u5143\u6c14\u6ee1\u6ee1\u7684\u54e6","href":"http:\/\/www.meizitu.com\/a\/4499.html","pic_list":["http:\/\/mm.howkuai.com\/wp-content\/uploads\/2014a\/09\/44\/01.jpg","http:\/\/mm.howkuai.com\/wp-content\/uploads\/2014a\/09\/44\/02.jpg","http:\/\/mm.howkuai.com\/wp-content\/uploads\/2014a\/09\/44\/03.jpg","http:\/\/mm.howkuai.com\/wp-content\/uploads\/2014a\/09\/44\/04.jpg","http:\/\/mm.howkuai.com\/wp-content\/uploads\/2014a\/09\/44\/05.jpg","http:\/\/mm.howkuai.com\/wp-content\/uploads\/2014a\/09\/44\/06.jpg","http:\/\/mm.howkuai.com\/wp-content\/uploads\/2014a\/09\/44\/07.jpg","http:\/\/mm.howkuai.com\/wp-content\/uploads\/2014a\/09\/44\/08.jpg"]},{"plaintext":"\u5976\u8336\u59b9\u59b9\u62cd\u6587\u827a\u6e05\u65b0\u5199\u771f\u5927\u79c0\u7f8e\u817f","href":"http:\/\/www.meizitu.com\/a\/4498.html","pic_list":["http:\/\/mm.howkuai.com\/wp-content\/uploads\/2014a\/09\/43\/01.jpg","http:\/\/mm.howkuai.com\/wp-content\/uploads\/2014a\/09\/43\/02.jpg","http:\/\/mm.howkuai.com\/wp-content\/uploads\/2014a\/09\/43\/03.jpg","http:\/\/mm.howkuai.com\/wp-content\/uploads\/2014a\/09\/43\/04.jpg","http:\/\/mm.howkuai.com\/wp-content\/uploads\/2014a\/09\/43\/05.jpg","http:\/\/mm.howkuai.com\/wp-content\/uploads\/2014a\/09\/43\/06.jpg"]},{"plaintext":"\u8d70\u7ea2\u7f51\u7edc\u7684\u7f8e\u5973\u5b66\u751f\u4f1a\u526f\u4e3b\u5e2d\uff0c\u9648\u5b50\u6e44","href":"http:\/\/www.meizitu.com\/a\/4497.html","pic_list":["http:\/\/mm.howkuai.com\/wp-content\/uploads\/2014a\/09\/42\/01.jpg","http:\/\/mm.howkuai.com\/wp-content\/uploads\/2014a\/09\/42\/02.jpg","http:\/\/mm.howkuai.com\/wp-content\/uploads\/2014a\/09\/42\/03.jpg","http:\/\/mm.howkuai.com\/wp-content\/uploads\/2014a\/09\/42\/04.jpg","http:\/\/mm.howkuai.com\/wp-content\/uploads\/2014a\/09\/42\/05.jpg","http:\/\/mm.howkuai.com\/wp-content\/uploads\/2014a\/09\/42\/06.jpg"]},{"plaintext":"\u816e\u6655\u6f6e\u7ea2\uff0c\u6027\u611f\u7684\u59a9\u5a9a\u6a21\u7279\u5ba4\u5185\u5199\u771f","href":"http:\/\/www.meizitu.com\/a\/4496.html","pic_list":["http:\/\/mm.howkuai.com\/wp-content\/uploads\/2014a\/09\/41\/01.jpg","http:\/\/mm.howkuai.com\/wp-content\/uploads\/2014a\/09\/41\/02.jpg","http:\/\/mm.howkuai.com\/wp-content\/uploads\/2014a\/09\/41\/03.jpg","http:\/\/mm.howkuai.com\/wp-content\/uploads\/2014a\/09\/41\/04.jpg","http:\/\/mm.howkuai.com\/wp-content\/uploads\/2014a\/09\/41\/05.jpg","http:\/\/mm.howkuai.com\/wp-content\/uploads\/2014a\/09\/41\/06.jpg","http:\/\/mm.howkuai.com\/wp-content\/uploads\/2014a\/09\/41\/07.jpg"]},{"plaintext":"\u72ec\u7231\u5929\u53f0\uff0c\u59b9\u5b50\uff0c\u4f60\u80fd\u4e00\u5b57\u9a6c\u5417","href":"http:\/\/www.meizitu.com\/a\/4495.html","pic_list":["http:\/\/mm.howkuai.com\/wp-content\/uploads\/2014a\/09\/40\/01.jpg","http:\/\/mm.howkuai.com\/wp-content\/uploads\/2014a\/09\/40\/02.jpg","http:\/\/mm.howkuai.com\/wp-content\/uploads\/2014a\/09\/40\/03.jpg","http:\/\/mm.howkuai.com\/wp-content\/uploads\/2014a\/09\/40\/04.jpg","http:\/\/mm.howkuai.com\/wp-content\/uploads\/2014a\/09\/40\/05.jpg","http:\/\/mm.howkuai.com\/wp-content\/uploads\/2014a\/09\/40\/06.jpg"]},{"plaintext":"\u4f60\u597d\uff0c\u9633\u5149\uff0c\u9648\u6021\u66fc\u7684\u5185\u8863\u79c1\u623f\u5199\u771f","href":"http:\/\/www.meizitu.com\/a\/4494.html","pic_list":["http:\/\/mm.howkuai.com\/wp-content\/uploads\/2014a\/09\/39\/01.jpg","http:\/\/mm.howkuai.com\/wp-content\/uploads\/2014a\/09\/39\/02.jpg","http:\/\/mm.howkuai.com\/wp-content\/uploads\/2014a\/09\/39\/03.jpg","http:\/\/mm.howkuai.com\/wp-content\/uploads\/2014a\/09\/39\/04.jpg","http:\/\/mm.howkuai.com\/wp-content\/uploads\/2014a\/09\/39\/05.jpg","http:\/\/mm.howkuai.com\/wp-content\/uploads\/2014a\/09\/39\/06.jpg"]},{"plaintext":"\u6c14\u8d28\u5f71\u50cf\uff0c\u6027\u611f\u7f8e\u4e73\uff0c\u9ed1\u767d\u4eba\u50cf\u66f4\u5177\u9b45\u529b","href":"http:\/\/www.meizitu.com\/a\/4493.html","pic_list":["http:\/\/mm.howkuai.com\/wp-content\/uploads\/2014a\/09\/38\/01.jpg","http:\/\/mm.howkuai.com\/wp-content\/uploads\/2014a\/09\/38\/02.jpg","http:\/\/mm.howkuai.com\/wp-content\/uploads\/2014a\/09\/38\/03.jpg","http:\/\/mm.howkuai.com\/wp-content\/uploads\/2014a\/09\/38\/04.jpg","http:\/\/mm.howkuai.com\/wp-content\/uploads\/2014a\/09\/38\/05.jpg"]},{"plaintext":"\u590f\u65e5\u306e\u4ed9\u5973\uff0c\u7f8e\u5446\u4e86\u7684\u5c0f\u6e05\u65b0\u59b9\u59b9\u518d\u51fa\u955c","href":"http:\/\/www.meizitu.com\/a\/4492.html","pic_list":["http:\/\/mm.howkuai.com\/wp-content\/uploads\/2014a\/09\/37\/01.jpg","http:\/\/mm.howkuai.com\/wp-content\/uploads\/2014a\/09\/37\/02.jpg","http:\/\/mm.howkuai.com\/wp-content\/uploads\/2014a\/09\/37\/03.jpg","http:\/\/mm.howkuai.com\/wp-content\/uploads\/2014a\/09\/37\/04.jpg","http:\/\/mm.howkuai.com\/wp-content\/uploads\/2014a\/09\/37\/05.jpg","http:\/\/mm.howkuai.com\/wp-content\/uploads\/2014a\/09\/37\/06.jpg","http:\/\/mm.howkuai.com\/wp-content\/uploads\/2014a\/09\/37\/07.jpg","http:\/\/mm.howkuai.com\/wp-content\/uploads\/2014a\/09\/37\/08.jpg"]},{"plaintext":"\u7f8e\u4e3d\u7684\u5929\u4f7f\uff0c\u6e05\u65b0\u59b9\u5b50\u805a\u96c6\u590f\u672b\u5609\u5e74\u534e","href":"http:\/\/www.meizitu.com\/a\/4491.html","pic_list":["http:\/\/mm.howkuai.com\/wp-content\/uploads\/2014a\/09\/36\/01.jpg","http:\/\/mm.howkuai.com\/wp-content\/uploads\/2014a\/09\/36\/02.jpg","http:\/\/mm.howkuai.com\/wp-content\/uploads\/2014a\/09\/36\/03.jpg","http:\/\/mm.howkuai.com\/wp-content\/uploads\/2014a\/09\/36\/04.jpg","http:\/\/mm.howkuai.com\/wp-content\/uploads\/2014a\/09\/36\/05.jpg","http:\/\/mm.howkuai.com\/wp-content\/uploads\/2014a\/09\/36\/06.jpg","http:\/\/mm.howkuai.com\/wp-content\/uploads\/2014a\/09\/36\/07.jpg","http:\/\/mm.howkuai.com\/wp-content\/uploads\/2014a\/09\/36\/08.jpg","http:\/\/mm.howkuai.com\/wp-content\/uploads\/2014a\/09\/36\/09.jpg"]},{"plaintext":"2014 Chinajoy \u9ad8\u6e05\u7f8e\u5973 \u5927\u5408\u96c6","href":"http:\/\/www.meizitu.com\/a\/4490.html","pic_list":["http:\/\/mm.howkuai.com\/wp-content\/uploads\/2014a\/09\/35\/01.jpg","http:\/\/mm.howkuai.com\/wp-content\/uploads\/2014a\/09\/35\/02.jpg","http:\/\/mm.howkuai.com\/wp-content\/uploads\/2014a\/09\/35\/03.jpg","http:\/\/mm.howkuai.com\/wp-content\/uploads\/2014a\/09\/35\/04.jpg","http:\/\/mm.howkuai.com\/wp-content\/uploads\/2014a\/09\/35\/05.jpg","http:\/\/mm.howkuai.com\/wp-content\/uploads\/2014a\/09\/35\/06.jpg","http:\/\/mm.howkuai.com\/wp-content\/uploads\/2014a\/09\/35\/07.jpg","http:\/\/mm.howkuai.com\/wp-content\/uploads\/2014a\/09\/35\/08.jpg","http:\/\/mm.howkuai.com\/wp-content\/uploads\/2014a\/09\/35\/09.jpg","http:\/\/mm.howkuai.com\/wp-content\/uploads\/2014a\/09\/35\/10.jpg"]},{"plaintext":"\u6e05\u65b0\u53ef\u4eba\uff0c\u6c14\u8d28\u59b9\u5b50\u590f\u672b\u8857\u62cd","href":"http:\/\/www.meizitu.com\/a\/4489.html","pic_list":["http:\/\/mm.howkuai.com\/wp-content\/uploads\/2014a\/09\/34\/01.jpg","http:\/\/mm.howkuai.com\/wp-content\/uploads\/2014a\/09\/34\/02.jpg","http:\/\/mm.howkuai.com\/wp-content\/uploads\/2014a\/09\/34\/03.jpg","http:\/\/mm.howkuai.com\/wp-content\/uploads\/2014a\/09\/34\/04.jpg","http:\/\/mm.howkuai.com\/wp-content\/uploads\/2014a\/09\/34\/05.jpg","http:\/\/mm.howkuai.com\/wp-content\/uploads\/2014a\/09\/34\/06.jpg","http:\/\/mm.howkuai.com\/wp-content\/uploads\/2014a\/09\/34\/07.jpg"]},{"plaintext":"\u7ae5\u989c\u5de8\u6c5d\uff0c\u53ef\u513f\u7684\u6bd4\u57fa\u5c3c\u4f9d\u7136\u88f9\u4e0d\u4f4f\u7f8e\u80f8","href":"http:\/\/www.meizitu.com\/a\/4488.html","pic_list":["http:\/\/mm.howkuai.com\/wp-content\/uploads\/2014a\/09\/33\/01.jpg","http:\/\/mm.howkuai.com\/wp-content\/uploads\/2014a\/09\/33\/02.jpg","http:\/\/mm.howkuai.com\/wp-content\/uploads\/2014a\/09\/33\/03.jpg","http:\/\/mm.howkuai.com\/wp-content\/uploads\/2014a\/09\/33\/04.jpg","http:\/\/mm.howkuai.com\/wp-content\/uploads\/2014a\/09\/33\/05.jpg","http:\/\/mm.howkuai.com\/wp-content\/uploads\/2014a\/09\/33\/06.jpg"]},{"plaintext":"\u73af\u80a5\u71d5\u7626\u7684\u5404\u79cd\u6027\u611f\u53c8\u9752\u6625\u7684\u53ef\u4eba","href":"http:\/\/www.meizitu.com\/a\/4487.html","pic_list":["http:\/\/mm.howkuai.com\/wp-content\/uploads\/2014a\/09\/32\/01.jpg","http:\/\/mm.howkuai.com\/wp-content\/uploads\/2014a\/09\/32\/02.jpg","http:\/\/mm.howkuai.com\/wp-content\/uploads\/2014a\/09\/32\/03.jpg","http:\/\/mm.howkuai.com\/wp-content\/uploads\/2014a\/09\/32\/04.jpg","http:\/\/mm.howkuai.com\/wp-content\/uploads\/2014a\/09\/32\/05.jpg","http:\/\/mm.howkuai.com\/wp-content\/uploads\/2014a\/09\/32\/06.jpg","http:\/\/mm.howkuai.com\/wp-content\/uploads\/2014a\/09\/32\/07.jpg","http:\/\/mm.howkuai.com\/wp-content\/uploads\/2014a\/09\/32\/08.jpg","http:\/\/mm.howkuai.com\/wp-content\/uploads\/2014a\/09\/32\/09.jpg","http:\/\/mm.howkuai.com\/wp-content\/uploads\/2014a\/09\/32\/10.jpg"]},{"plaintext":"\u90a3\u4e9b\u6e05\u7eaf\u7684\u517b\u773c\u7f8e\u5973\u56fe\u7247\uff0810\uff09","href":"http:\/\/www.meizitu.com\/a\/4486.html","pic_list":["http:\/\/mm.howkuai.com\/wp-content\/uploads\/2014a\/09\/31\/01.jpg","http:\/\/mm.howkuai.com\/wp-content\/uploads\/2014a\/09\/31\/02.jpg","http:\/\/mm.howkuai.com\/wp-content\/uploads\/2014a\/09\/31\/03.jpg","http:\/\/mm.howkuai.com\/wp-content\/uploads\/2014a\/09\/31\/04.jpg","http:\/\/mm.howkuai.com\/wp-content\/uploads\/2014a\/09\/31\/05.jpg","http:\/\/mm.howkuai.com\/wp-content\/uploads\/2014a\/09\/31\/06.jpg","http:\/\/mm.howkuai.com\/wp-content\/uploads\/2014a\/09\/31\/07.jpg","http:\/\/mm.howkuai.com\/wp-content\/uploads\/2014a\/09\/31\/08.jpg","http:\/\/mm.howkuai.com\/wp-content\/uploads\/2014a\/09\/31\/09.jpg","http:\/\/mm.howkuai.com\/wp-content\/uploads\/2014a\/09\/31\/10.jpg"]},{"plaintext":"\u72c2\u91ce\u6c14\u606f\uff0c\u957f\u817f\u8f66\u6a21\u4e0e\u8d8a\u91ce\u5b8c\u7f8e\u642d\u914d","href":"http:\/\/www.meizitu.com\/a\/4485.html","pic_list":["http:\/\/mm.howkuai.com\/wp-content\/uploads\/2014a\/09\/30\/01.jpg","http:\/\/mm.howkuai.com\/wp-content\/uploads\/2014a\/09\/30\/02.jpg","http:\/\/mm.howkuai.com\/wp-content\/uploads\/2014a\/09\/30\/03.jpg","http:\/\/mm.howkuai.com\/wp-content\/uploads\/2014a\/09\/30\/04.jpg","http:\/\/mm.howkuai.com\/wp-content\/uploads\/2014a\/09\/30\/05.jpg","http:\/\/mm.howkuai.com\/wp-content\/uploads\/2014a\/09\/30\/06.jpg","http:\/\/mm.howkuai.com\/wp-content\/uploads\/2014a\/09\/30\/07.jpg"]},{"plaintext":"Rukiya\u6726\u80e7\u7684\u4eba\u4f53\u5199\u771f\uff0c\u7eaf\u827a\u672f\u771f\u552f\u7f8e","href":"http:\/\/www.meizitu.com\/a\/4484.html","pic_list":["http:\/\/mm.howkuai.com\/wp-content\/uploads\/2014a\/09\/29\/01.jpg","http:\/\/mm.howkuai.com\/wp-content\/uploads\/2014a\/09\/29\/02.jpg","http:\/\/mm.howkuai.com\/wp-content\/uploads\/2014a\/09\/29\/03.jpg","http:\/\/mm.howkuai.com\/wp-content\/uploads\/2014a\/09\/29\/04.jpg","http:\/\/mm.howkuai.com\/wp-content\/uploads\/2014a\/09\/29\/05.jpg","http:\/\/mm.howkuai.com\/wp-content\/uploads\/2014a\/09\/29\/06.jpg","http:\/\/mm.howkuai.com\/wp-content\/uploads\/2014a\/09\/29\/07.jpg","http:\/\/mm.howkuai.com\/wp-content\/uploads\/2014a\/09\/29\/08.jpg"]},{"plaintext":"\u6587\u827a\u8303\u5341\u8db3\u7684\u5c0f\u6e05\u65b0\u7f8e\u5973\uff0c\u4e0d\u9760\u5218\u6d77\u624d\u662f\u771f\u7684\u7f8e","href":"http:\/\/www.meizitu.com\/a\/4483.html","pic_list":["http:\/\/mm.howkuai.com\/wp-content\/uploads\/2014a\/09\/28\/01.jpg","http:\/\/mm.howkuai.com\/wp-content\/uploads\/2014a\/09\/28\/02.jpg","http:\/\/mm.howkuai.com\/wp-content\/uploads\/2014a\/09\/28\/03.jpg","http:\/\/mm.howkuai.com\/wp-content\/uploads\/2014a\/09\/28\/04.jpg","http:\/\/mm.howkuai.com\/wp-content\/uploads\/2014a\/09\/28\/05.jpg","http:\/\/mm.howkuai.com\/wp-content\/uploads\/2014a\/09\/28\/06.jpg","http:\/\/mm.howkuai.com\/wp-content\/uploads\/2014a\/09\/28\/07.jpg","http:\/\/mm.howkuai.com\/wp-content\/uploads\/2014a\/09\/28\/08.jpg"]},{"plaintext":"\u53c8\u662f\u4e00\u5e74\u5f00\u5b66\u5b63\uff0c\u59b9\u5b50\u9752\u6625\u65e0\u90aa\u7684\u7b11\u5bb9","href":"http:\/\/www.meizitu.com\/a\/4482.html","pic_list":["http:\/\/mm.howkuai.com\/wp-content\/uploads\/2014a\/09\/27\/01.jpg","http:\/\/mm.howkuai.com\/wp-content\/uploads\/2014a\/09\/27\/02.jpg","http:\/\/mm.howkuai.com\/wp-content\/uploads\/2014a\/09\/27\/03.jpg","http:\/\/mm.howkuai.com\/wp-content\/uploads\/2014a\/09\/27\/04.jpg","http:\/\/mm.howkuai.com\/wp-content\/uploads\/2014a\/09\/27\/05.jpg","http:\/\/mm.howkuai.com\/wp-content\/uploads\/2014a\/09\/27\/06.jpg"]},{"plaintext":"\u6843\u816e\u674f\u9762\u7eee\u91cc\u5609\u6027\u611f\u5185\u8863\u56fe\u7247","href":"http:\/\/www.meizitu.com\/a\/4481.html","pic_list":["http:\/\/mm.howkuai.com\/wp-content\/uploads\/2014a\/09\/26\/01.jpg","http:\/\/mm.howkuai.com\/wp-content\/uploads\/2014a\/09\/26\/02.jpg","http:\/\/mm.howkuai.com\/wp-content\/uploads\/2014a\/09\/26\/03.jpg","http:\/\/mm.howkuai.com\/wp-content\/uploads\/2014a\/09\/26\/04.jpg","http:\/\/mm.howkuai.com\/wp-content\/uploads\/2014a\/09\/26\/05.jpg","http:\/\/mm.howkuai.com\/wp-content\/uploads\/2014a\/09\/26\/06.jpg","http:\/\/mm.howkuai.com\/wp-content\/uploads\/2014a\/09\/26\/07.jpg"]},{"plaintext":"\u5446\u840c\uff01\u6821\u56ed\u91cc\u7684\u6e05\u7eaf\u602a\u517d\uff0c\u4e4c\u9ed1\u7684\u5927\u773c\u775b","href":"http:\/\/www.meizitu.com\/a\/4480.html","pic_list":["http:\/\/mm.howkuai.com\/wp-content\/uploads\/2014a\/09\/25\/01.jpg","http:\/\/mm.howkuai.com\/wp-content\/uploads\/2014a\/09\/25\/02.jpg","http:\/\/mm.howkuai.com\/wp-content\/uploads\/2014a\/09\/25\/03.jpg","http:\/\/mm.howkuai.com\/wp-content\/uploads\/2014a\/09\/25\/04.jpg","http:\/\/mm.howkuai.com\/wp-content\/uploads\/2014a\/09\/25\/05.jpg","http:\/\/mm.howkuai.com\/wp-content\/uploads\/2014a\/09\/25\/06.jpg","http:\/\/mm.howkuai.com\/wp-content\/uploads\/2014a\/09\/25\/07.jpg","http:\/\/mm.howkuai.com\/wp-content\/uploads\/2014a\/09\/25\/08.jpg"]},{"plaintext":"\u7f8e\u51cc\u683c\u4e4b\u604b\uff0c\u59b9\u5b50\u8eab\u7740\u7687\u9a6c\u7403\u8863\u51fa\u5883","href":"http:\/\/www.meizitu.com\/a\/4479.html","pic_list":["http:\/\/mm.howkuai.com\/wp-content\/uploads\/2014a\/09\/24\/01.jpg","http:\/\/mm.howkuai.com\/wp-content\/uploads\/2014a\/09\/24\/02.jpg","http:\/\/mm.howkuai.com\/wp-content\/uploads\/2014a\/09\/24\/03.jpg","http:\/\/mm.howkuai.com\/wp-content\/uploads\/2014a\/09\/24\/04.jpg","http:\/\/mm.howkuai.com\/wp-content\/uploads\/2014a\/09\/24\/05.jpg","http:\/\/mm.howkuai.com\/wp-content\/uploads\/2014a\/09\/24\/06.jpg"]},{"plaintext":"[MyGirl]\u7b2c25\u671f\u6a21\u7279@Anna\u5f90\u5b50\u7426","href":"http:\/\/www.meizitu.com\/a\/4478.html","pic_list":["http:\/\/mm.howkuai.com\/wp-content\/uploads\/2014a\/09\/23\/01.jpg","http:\/\/mm.howkuai.com\/wp-content\/uploads\/2014a\/09\/23\/02.jpg","http:\/\/mm.howkuai.com\/wp-content\/uploads\/2014a\/09\/23\/03.jpg","http:\/\/mm.howkuai.com\/wp-content\/uploads\/2014a\/09\/23\/04.jpg","http:\/\/mm.howkuai.com\/wp-content\/uploads\/2014a\/09\/23\/05.jpg","http:\/\/mm.howkuai.com\/wp-content\/uploads\/2014a\/09\/23\/06.jpg","http:\/\/mm.howkuai.com\/wp-content\/uploads\/2014a\/09\/23\/07.jpg"]},{"plaintext":"\u90a3\u4e9b\u5e74\uff0c\u4f60\u519b\u8bad\u6ca1\u6709\u89c1\u8fc7\u7684\u840c\u59b9\u7eb8","href":"http:\/\/www.meizitu.com\/a\/4477.html","pic_list":["http:\/\/mm.howkuai.com\/wp-content\/uploads\/2014a\/09\/22\/01.jpg","http:\/\/mm.howkuai.com\/wp-content\/uploads\/2014a\/09\/22\/02.jpg","http:\/\/mm.howkuai.com\/wp-content\/uploads\/2014a\/09\/22\/03.jpg","http:\/\/mm.howkuai.com\/wp-content\/uploads\/2014a\/09\/22\/04.jpg","http:\/\/mm.howkuai.com\/wp-content\/uploads\/2014a\/09\/22\/05.jpg","http:\/\/mm.howkuai.com\/wp-content\/uploads\/2014a\/09\/22\/06.jpg","http:\/\/mm.howkuai.com\/wp-content\/uploads\/2014a\/09\/22\/07.jpg","http:\/\/mm.howkuai.com\/wp-content\/uploads\/2014a\/09\/22\/08.jpg","http:\/\/mm.howkuai.com\/wp-content\/uploads\/2014a\/09\/22\/09.jpg","http:\/\/mm.howkuai.com\/wp-content\/uploads\/2014a\/09\/22\/10.jpg"]},{"plaintext":"\u6f14\u5458\u738b\u59ca\u59ca\u6027\u611f\u65f6\u5c1a\u4e3b\u9898\u5927\u7247","href":"http:\/\/www.meizitu.com\/a\/4476.html","pic_list":["http:\/\/mm.howkuai.com\/wp-content\/uploads\/2014a\/09\/21\/01.jpg","http:\/\/mm.howkuai.com\/wp-content\/uploads\/2014a\/09\/21\/02.jpg","http:\/\/mm.howkuai.com\/wp-content\/uploads\/2014a\/09\/21\/03.jpg","http:\/\/mm.howkuai.com\/wp-content\/uploads\/2014a\/09\/21\/04.jpg","http:\/\/mm.howkuai.com\/wp-content\/uploads\/2014a\/09\/21\/05.jpg","http:\/\/mm.howkuai.com\/wp-content\/uploads\/2014a\/09\/21\/06.jpg","http:\/\/mm.howkuai.com\/wp-content\/uploads\/2014a\/09\/21\/07.jpg"]}]