[{"plaintext":"\u840c\u59b9\u5b50\u7684\u8fde\u4f53\u6cf3\u8863\u7167\uff0c\u65e5\u672c\u6027\u611f\u7f8e\u5973\u6728\u6751\u771f\u5e06","href":"http:\/\/www.meizitu.com\/a\/4111.html","pic_list":["http:\/\/mm.howkuai.com\/wp-content\/uploads\/2014a\/03\/40\/01.jpg","http:\/\/mm.howkuai.com\/wp-content\/uploads\/2014a\/03\/40\/02.jpg","http:\/\/mm.howkuai.com\/wp-content\/uploads\/2014a\/03\/40\/03.jpg","http:\/\/mm.howkuai.com\/wp-content\/uploads\/2014a\/03\/40\/04.jpg","http:\/\/mm.howkuai.com\/wp-content\/uploads\/2014a\/03\/40\/05.jpg","http:\/\/mm.howkuai.com\/wp-content\/uploads\/2014a\/03\/40\/06.jpg","http:\/\/mm.howkuai.com\/wp-content\/uploads\/2014a\/03\/40\/07.jpg","http:\/\/mm.howkuai.com\/wp-content\/uploads\/2014a\/03\/40\/08.jpg"]},{"plaintext":"\u5b85\u7537\u770b\u5446\u4e86\uff0c\u9999\u8273\u6027\u611f\u7f8e\u5973\u5408\u96c6","href":"http:\/\/www.meizitu.com\/a\/4110.html","pic_list":["http:\/\/mm.howkuai.com\/wp-content\/uploads\/2014a\/03\/39\/01.jpg","http:\/\/mm.howkuai.com\/wp-content\/uploads\/2014a\/03\/39\/02.jpg","http:\/\/mm.howkuai.com\/wp-content\/uploads\/2014a\/03\/39\/03.jpg","http:\/\/mm.howkuai.com\/wp-content\/uploads\/2014a\/03\/39\/04.jpg","http:\/\/mm.howkuai.com\/wp-content\/uploads\/2014a\/03\/39\/05.jpg","http:\/\/mm.howkuai.com\/wp-content\/uploads\/2014a\/03\/39\/06.jpg","http:\/\/mm.howkuai.com\/wp-content\/uploads\/2014a\/03\/39\/07.jpg","http:\/\/mm.howkuai.com\/wp-content\/uploads\/2014a\/03\/39\/08.jpg","http:\/\/mm.howkuai.com\/wp-content\/uploads\/2014a\/03\/39\/09.jpg","http:\/\/mm.howkuai.com\/wp-content\/uploads\/2014a\/03\/39\/10.jpg"]},{"plaintext":"\u51f8\u51f9\u8eab\u6750\u6e7f\u8eab\u7684\u7edd\u8272\u5973\u795e\uff0c\u624b\u5feb\u6709\uff0c\u624b\u6162\u65e0","href":"http:\/\/www.meizitu.com\/a\/4109.html","pic_list":["http:\/\/mm.howkuai.com\/wp-content\/uploads\/2014a\/03\/38\/01.jpg","http:\/\/mm.howkuai.com\/wp-content\/uploads\/2014a\/03\/38\/02.jpg","http:\/\/mm.howkuai.com\/wp-content\/uploads\/2014a\/03\/38\/03.jpg","http:\/\/mm.howkuai.com\/wp-content\/uploads\/2014a\/03\/38\/04.jpg","http:\/\/mm.howkuai.com\/wp-content\/uploads\/2014a\/03\/38\/05.jpg","http:\/\/mm.howkuai.com\/wp-content\/uploads\/2014a\/03\/38\/06.jpg"]},{"plaintext":"\u6ce2\u591a\u91ce\u7ed3\u8863\u5fae\u535a\u6652\u53ef\u7231\u81ea\u62cd\u7167+\u5de5\u4f5c\u7167","href":"http:\/\/www.meizitu.com\/a\/4108.html","pic_list":["http:\/\/mm.howkuai.com\/wp-content\/uploads\/2014a\/03\/37\/01.jpg","http:\/\/mm.howkuai.com\/wp-content\/uploads\/2014a\/03\/37\/02.jpg","http:\/\/mm.howkuai.com\/wp-content\/uploads\/2014a\/03\/37\/03.jpg","http:\/\/mm.howkuai.com\/wp-content\/uploads\/2014a\/03\/37\/04.jpg","http:\/\/mm.howkuai.com\/wp-content\/uploads\/2014a\/03\/37\/05.jpg","http:\/\/mm.howkuai.com\/wp-content\/uploads\/2014a\/03\/37\/06.jpg","http:\/\/mm.howkuai.com\/wp-content\/uploads\/2014a\/03\/37\/07.jpg","http:\/\/mm.howkuai.com\/wp-content\/uploads\/2014a\/03\/37\/08.jpg","http:\/\/mm.howkuai.com\/wp-content\/uploads\/2014a\/03\/37\/09.jpg"]},{"plaintext":"\u540d\u6a21\u6797\u839c\u8bfa\u4e00\u7ec4\u5c0f\u79c1\u623f\u64a9\u4eba\u5fc3\u6000","href":"http:\/\/www.meizitu.com\/a\/4107.html","pic_list":["http:\/\/mm.howkuai.com\/wp-content\/uploads\/2014a\/03\/36\/01.jpg","http:\/\/mm.howkuai.com\/wp-content\/uploads\/2014a\/03\/36\/02.jpg","http:\/\/mm.howkuai.com\/wp-content\/uploads\/2014a\/03\/36\/03.jpg","http:\/\/mm.howkuai.com\/wp-content\/uploads\/2014a\/03\/36\/04.jpg","http:\/\/mm.howkuai.com\/wp-content\/uploads\/2014a\/03\/36\/05.jpg","http:\/\/mm.howkuai.com\/wp-content\/uploads\/2014a\/03\/36\/06.jpg","http:\/\/mm.howkuai.com\/wp-content\/uploads\/2014a\/03\/36\/07.jpg","http:\/\/mm.howkuai.com\/wp-content\/uploads\/2014a\/03\/36\/08.jpg"]},{"plaintext":"\u5a34\u9759\u4f3c\u5a07\u82b1\u7167\u6c34\uff0c\u517b\u773c\u7684\u6e05\u7eaf\u7f8e\u7709\u5927\u6bd4\u62fc","href":"http:\/\/www.meizitu.com\/a\/4106.html","pic_list":["http:\/\/mm.howkuai.com\/wp-content\/uploads\/2014a\/03\/35\/01.jpg","http:\/\/mm.howkuai.com\/wp-content\/uploads\/2014a\/03\/35\/02.jpg","http:\/\/mm.howkuai.com\/wp-content\/uploads\/2014a\/03\/35\/03.jpg","http:\/\/mm.howkuai.com\/wp-content\/uploads\/2014a\/03\/35\/04.jpg","http:\/\/mm.howkuai.com\/wp-content\/uploads\/2014a\/03\/35\/05.jpg","http:\/\/mm.howkuai.com\/wp-content\/uploads\/2014a\/03\/35\/06.jpg","http:\/\/mm.howkuai.com\/wp-content\/uploads\/2014a\/03\/35\/07.jpg","http:\/\/mm.howkuai.com\/wp-content\/uploads\/2014a\/03\/35\/08.jpg","http:\/\/mm.howkuai.com\/wp-content\/uploads\/2014a\/03\/35\/09.jpg","http:\/\/mm.howkuai.com\/wp-content\/uploads\/2014a\/03\/35\/10.jpg","http:\/\/mm.howkuai.com\/wp-content\/uploads\/2014a\/03\/35\/11.jpg","http:\/\/mm.howkuai.com\/wp-content\/uploads\/2014a\/03\/35\/12.jpg","http:\/\/mm.howkuai.com\/wp-content\/uploads\/2014a\/03\/35\/13.jpg","http:\/\/mm.howkuai.com\/wp-content\/uploads\/2014a\/03\/35\/14.jpg"]},{"plaintext":"\u6027\u611f\u5c0f\u7f8e\u7709\u7684\u5fe7\u6101\uff0c\u5c0f\u7a97\u51dd\u5750\u72ec\u5e7d\u60c5","href":"http:\/\/www.meizitu.com\/a\/4105.html","pic_list":["http:\/\/mm.howkuai.com\/wp-content\/uploads\/2014a\/03\/34\/01.jpg","http:\/\/mm.howkuai.com\/wp-content\/uploads\/2014a\/03\/34\/02.jpg","http:\/\/mm.howkuai.com\/wp-content\/uploads\/2014a\/03\/34\/03.jpg","http:\/\/mm.howkuai.com\/wp-content\/uploads\/2014a\/03\/34\/04.jpg","http:\/\/mm.howkuai.com\/wp-content\/uploads\/2014a\/03\/34\/05.jpg","http:\/\/mm.howkuai.com\/wp-content\/uploads\/2014a\/03\/34\/06.jpg","http:\/\/mm.howkuai.com\/wp-content\/uploads\/2014a\/03\/34\/07.jpg","http:\/\/mm.howkuai.com\/wp-content\/uploads\/2014a\/03\/34\/08.jpg"]},{"plaintext":"\u6e05\u6f88\u65e0\u7455\u7684\u773c\u775b\uff0c\u6e05\u7eaf\u59b9\u5b50\u653e\u8bfe\u540e","href":"http:\/\/www.meizitu.com\/a\/4104.html","pic_list":["http:\/\/mm.howkuai.com\/wp-content\/uploads\/2014a\/03\/33\/01.jpg","http:\/\/mm.howkuai.com\/wp-content\/uploads\/2014a\/03\/33\/02.jpg","http:\/\/mm.howkuai.com\/wp-content\/uploads\/2014a\/03\/33\/03.jpg","http:\/\/mm.howkuai.com\/wp-content\/uploads\/2014a\/03\/33\/04.jpg","http:\/\/mm.howkuai.com\/wp-content\/uploads\/2014a\/03\/33\/05.jpg","http:\/\/mm.howkuai.com\/wp-content\/uploads\/2014a\/03\/33\/06.jpg","http:\/\/mm.howkuai.com\/wp-content\/uploads\/2014a\/03\/33\/07.jpg","http:\/\/mm.howkuai.com\/wp-content\/uploads\/2014a\/03\/33\/08.jpg"]},{"plaintext":"\u6e38\u620f\u4ee3\u8a00\u7f8e\u5c11\u5973\u96c6\u5408\uff0c\u90fd\u662f\u5b85\u7537\u6700\u7231","href":"http:\/\/www.meizitu.com\/a\/4103.html","pic_list":["http:\/\/mm.howkuai.com\/wp-content\/uploads\/2014a\/03\/32\/01.jpg","http:\/\/mm.howkuai.com\/wp-content\/uploads\/2014a\/03\/32\/02.jpg","http:\/\/mm.howkuai.com\/wp-content\/uploads\/2014a\/03\/32\/03.jpg","http:\/\/mm.howkuai.com\/wp-content\/uploads\/2014a\/03\/32\/04.jpg","http:\/\/mm.howkuai.com\/wp-content\/uploads\/2014a\/03\/32\/05.jpg","http:\/\/mm.howkuai.com\/wp-content\/uploads\/2014a\/03\/32\/06.jpg","http:\/\/mm.howkuai.com\/wp-content\/uploads\/2014a\/03\/32\/07.jpg","http:\/\/mm.howkuai.com\/wp-content\/uploads\/2014a\/03\/32\/08.jpg"]},{"plaintext":"\u957f\u817f\u7f8e\u7709\u79c1\u623f\u8bf1\u60d1\u5c55\u6781\u54c1\u5b8c\u7f8e\u8eab\u6750","href":"http:\/\/www.meizitu.com\/a\/4102.html","pic_list":["http:\/\/mm.howkuai.com\/wp-content\/uploads\/2014a\/03\/31\/01.jpg","http:\/\/mm.howkuai.com\/wp-content\/uploads\/2014a\/03\/31\/02.jpg","http:\/\/mm.howkuai.com\/wp-content\/uploads\/2014a\/03\/31\/03.jpg","http:\/\/mm.howkuai.com\/wp-content\/uploads\/2014a\/03\/31\/04.jpg","http:\/\/mm.howkuai.com\/wp-content\/uploads\/2014a\/03\/31\/05.jpg","http:\/\/mm.howkuai.com\/wp-content\/uploads\/2014a\/03\/31\/06.jpg","http:\/\/mm.howkuai.com\/wp-content\/uploads\/2014a\/03\/31\/07.jpg","http:\/\/mm.howkuai.com\/wp-content\/uploads\/2014a\/03\/31\/08.jpg"]},{"plaintext":"\u6027\u611f\u5c24\u7269\u5fa1\u5973\u90ce\u5c0f\u8431\u201c\u6211\u8981\u62b1\u62b1\u201d","href":"http:\/\/www.meizitu.com\/a\/4101.html","pic_list":["http:\/\/mm.howkuai.com\/wp-content\/uploads\/2014a\/03\/30\/01.jpg","http:\/\/mm.howkuai.com\/wp-content\/uploads\/2014a\/03\/30\/02.jpg","http:\/\/mm.howkuai.com\/wp-content\/uploads\/2014a\/03\/30\/03.jpg","http:\/\/mm.howkuai.com\/wp-content\/uploads\/2014a\/03\/30\/04.jpg","http:\/\/mm.howkuai.com\/wp-content\/uploads\/2014a\/03\/30\/05.jpg","http:\/\/mm.howkuai.com\/wp-content\/uploads\/2014a\/03\/30\/06.jpg"]},{"plaintext":"\u597d\u770b\u7684\u5a74\u513f\u80a5\u59b9\u5b50\uff0c\u559c\u6b22\u8fb9\u8d70\u8fb9\u62cd\u7684\u611f\u89c9","href":"http:\/\/www.meizitu.com\/a\/4100.html","pic_list":["http:\/\/mm.howkuai.com\/wp-content\/uploads\/2014a\/03\/29\/01.jpg","http:\/\/mm.howkuai.com\/wp-content\/uploads\/2014a\/03\/29\/02.jpg","http:\/\/mm.howkuai.com\/wp-content\/uploads\/2014a\/03\/29\/03.jpg","http:\/\/mm.howkuai.com\/wp-content\/uploads\/2014a\/03\/29\/04.jpg","http:\/\/mm.howkuai.com\/wp-content\/uploads\/2014a\/03\/29\/05.jpg","http:\/\/mm.howkuai.com\/wp-content\/uploads\/2014a\/03\/29\/06.jpg"]},{"plaintext":"[\u6027\u611f\u7f8e\u5973]\u6cf3\u6c60\u91cc\u5438\u5f15\u4f60\u773c\u7403\u7684\u7684\u88f8\u8eab\u7f8e\u5973","href":"http:\/\/www.meizitu.com\/a\/4099.html","pic_list":["http:\/\/mm.howkuai.com\/wp-content\/uploads\/2014a\/03\/28\/01.jpg","http:\/\/mm.howkuai.com\/wp-content\/uploads\/2014a\/03\/28\/02.jpg","http:\/\/mm.howkuai.com\/wp-content\/uploads\/2014a\/03\/28\/03.jpg","http:\/\/mm.howkuai.com\/wp-content\/uploads\/2014a\/03\/28\/04.jpg","http:\/\/mm.howkuai.com\/wp-content\/uploads\/2014a\/03\/28\/05.jpg","http:\/\/mm.howkuai.com\/wp-content\/uploads\/2014a\/03\/28\/06.jpg"]},{"plaintext":"\u7eaf\u51c0\u65e0\u6687\u7684\u7f8e\u7709\u5fae\u7b11\u5728\u6a31\u82b1\u98de\u821e\u65f6","href":"http:\/\/www.meizitu.com\/a\/4098.html","pic_list":["http:\/\/mm.howkuai.com\/wp-content\/uploads\/2014a\/03\/27\/01.jpg","http:\/\/mm.howkuai.com\/wp-content\/uploads\/2014a\/03\/27\/02.jpg","http:\/\/mm.howkuai.com\/wp-content\/uploads\/2014a\/03\/27\/03.jpg","http:\/\/mm.howkuai.com\/wp-content\/uploads\/2014a\/03\/27\/04.jpg","http:\/\/mm.howkuai.com\/wp-content\/uploads\/2014a\/03\/27\/05.jpg","http:\/\/mm.howkuai.com\/wp-content\/uploads\/2014a\/03\/27\/06.jpg","http:\/\/mm.howkuai.com\/wp-content\/uploads\/2014a\/03\/27\/07.jpg"]},{"plaintext":"\u6e05\u7eaf16\u5c81\u5973\u751f\u521d\u62cd\u5199\u771f\u7565\u663e\u7f9e\u6da9","href":"http:\/\/www.meizitu.com\/a\/4097.html","pic_list":["http:\/\/mm.howkuai.com\/wp-content\/uploads\/2014a\/03\/26\/01.jpg","http:\/\/mm.howkuai.com\/wp-content\/uploads\/2014a\/03\/26\/02.jpg","http:\/\/mm.howkuai.com\/wp-content\/uploads\/2014a\/03\/26\/03.jpg","http:\/\/mm.howkuai.com\/wp-content\/uploads\/2014a\/03\/26\/04.jpg","http:\/\/mm.howkuai.com\/wp-content\/uploads\/2014a\/03\/26\/05.jpg"]},{"plaintext":"\u65b9\u8212\u9716\u7f8e\u4e73\u8eab\u6750\u5185\u8863\u5199\u771f","href":"http:\/\/www.meizitu.com\/a\/4096.html","pic_list":["http:\/\/mm.howkuai.com\/wp-content\/uploads\/2014a\/03\/25\/01.jpg","http:\/\/mm.howkuai.com\/wp-content\/uploads\/2014a\/03\/25\/02.jpg","http:\/\/mm.howkuai.com\/wp-content\/uploads\/2014a\/03\/25\/03.jpg","http:\/\/mm.howkuai.com\/wp-content\/uploads\/2014a\/03\/25\/04.jpg","http:\/\/mm.howkuai.com\/wp-content\/uploads\/2014a\/03\/25\/05.jpg"]},{"plaintext":"\u5b8c\u7f8e\u8eab\u59ff\uff01\u957f\u817f\u7f8e\u7709\u540c\u6837\u62e5\u6709\u8ff7\u4eba\u7684\u8138\u86cb","href":"http:\/\/www.meizitu.com\/a\/4095.html","pic_list":["http:\/\/mm.howkuai.com\/wp-content\/uploads\/2014a\/03\/24\/01.jpg","http:\/\/mm.howkuai.com\/wp-content\/uploads\/2014a\/03\/24\/02.jpg","http:\/\/mm.howkuai.com\/wp-content\/uploads\/2014a\/03\/24\/03.jpg","http:\/\/mm.howkuai.com\/wp-content\/uploads\/2014a\/03\/24\/04.jpg","http:\/\/mm.howkuai.com\/wp-content\/uploads\/2014a\/03\/24\/05.jpg","http:\/\/mm.howkuai.com\/wp-content\/uploads\/2014a\/03\/24\/06.jpg","http:\/\/mm.howkuai.com\/wp-content\/uploads\/2014a\/03\/24\/07.jpg"]},{"plaintext":"\u706b\u8fa3\u59b9\u5b50\u674e\u4e03\u559c\u7cfb\u5217\uff0c\u5348\u540e\u7a97\u8fb9\u5185\u8863\u79c0","href":"http:\/\/www.meizitu.com\/a\/4094.html","pic_list":["http:\/\/mm.howkuai.com\/wp-content\/uploads\/2014a\/03\/23\/01.jpg","http:\/\/mm.howkuai.com\/wp-content\/uploads\/2014a\/03\/23\/02.jpg","http:\/\/mm.howkuai.com\/wp-content\/uploads\/2014a\/03\/23\/03.jpg","http:\/\/mm.howkuai.com\/wp-content\/uploads\/2014a\/03\/23\/04.jpg","http:\/\/mm.howkuai.com\/wp-content\/uploads\/2014a\/03\/23\/05.jpg","http:\/\/mm.howkuai.com\/wp-content\/uploads\/2014a\/03\/23\/06.jpg","http:\/\/mm.howkuai.com\/wp-content\/uploads\/2014a\/03\/23\/07.jpg","http:\/\/mm.howkuai.com\/wp-content\/uploads\/2014a\/03\/23\/08.jpg"]},{"plaintext":"\u53ef\u7231\u7684\u8f6f\u59b9\u5b50\u62e5\u6709\u5706\u5706\u7684\u8138\u86cb\u6bb7\u6843\u5c0f\u5634","href":"http:\/\/www.meizitu.com\/a\/4093.html","pic_list":["http:\/\/mm.howkuai.com\/wp-content\/uploads\/2014a\/03\/22\/01.jpg","http:\/\/mm.howkuai.com\/wp-content\/uploads\/2014a\/03\/22\/02.jpg","http:\/\/mm.howkuai.com\/wp-content\/uploads\/2014a\/03\/22\/03.jpg","http:\/\/mm.howkuai.com\/wp-content\/uploads\/2014a\/03\/22\/04.jpg","http:\/\/mm.howkuai.com\/wp-content\/uploads\/2014a\/03\/22\/05.jpg","http:\/\/mm.howkuai.com\/wp-content\/uploads\/2014a\/03\/22\/06.jpg","http:\/\/mm.howkuai.com\/wp-content\/uploads\/2014a\/03\/22\/07.jpg"]},{"plaintext":"\u6c14\u8d28\u5c0f\u6e05\u65b0\u6f02\u4eae\u7f8e\u5973\uff0c\u521d\u6625\u8e0f\u6b4c\u884c","href":"http:\/\/www.meizitu.com\/a\/4092.html","pic_list":["http:\/\/mm.howkuai.com\/wp-content\/uploads\/2014a\/03\/21\/01.jpg","http:\/\/mm.howkuai.com\/wp-content\/uploads\/2014a\/03\/21\/02.jpg","http:\/\/mm.howkuai.com\/wp-content\/uploads\/2014a\/03\/21\/03.jpg","http:\/\/mm.howkuai.com\/wp-content\/uploads\/2014a\/03\/21\/04.jpg","http:\/\/mm.howkuai.com\/wp-content\/uploads\/2014a\/03\/21\/05.jpg","http:\/\/mm.howkuai.com\/wp-content\/uploads\/2014a\/03\/21\/06.jpg"]},{"plaintext":"\u7f51\u7edc\u706b\u7206\u7f8e\u5973\u82cf\u590f\u7cfb\u5217\u4e4b\u547c\u4e4b\u6b32\u51fa","href":"http:\/\/www.meizitu.com\/a\/4091.html","pic_list":["http:\/\/mm.howkuai.com\/wp-content\/uploads\/2014a\/03\/20\/01.jpg","http:\/\/mm.howkuai.com\/wp-content\/uploads\/2014a\/03\/20\/02.jpg","http:\/\/mm.howkuai.com\/wp-content\/uploads\/2014a\/03\/20\/03.jpg","http:\/\/mm.howkuai.com\/wp-content\/uploads\/2014a\/03\/20\/04.jpg","http:\/\/mm.howkuai.com\/wp-content\/uploads\/2014a\/03\/20\/05.jpg","http:\/\/mm.howkuai.com\/wp-content\/uploads\/2014a\/03\/20\/06.jpg","http:\/\/mm.howkuai.com\/wp-content\/uploads\/2014a\/03\/20\/07.jpg","http:\/\/mm.howkuai.com\/wp-content\/uploads\/2014a\/03\/20\/08.jpg"]},{"plaintext":"\u53f0\u6e7e\u6e05\u7eaf\u6b63\u59b9\u7d20\u989c\u751f\u6d3b\u7167\u7247\u6d41\u51fa","href":"http:\/\/www.meizitu.com\/a\/4090.html","pic_list":["http:\/\/mm.howkuai.com\/wp-content\/uploads\/2014a\/03\/19\/01.jpg","http:\/\/mm.howkuai.com\/wp-content\/uploads\/2014a\/03\/19\/02.jpg","http:\/\/mm.howkuai.com\/wp-content\/uploads\/2014a\/03\/19\/03.jpg","http:\/\/mm.howkuai.com\/wp-content\/uploads\/2014a\/03\/19\/04.jpg","http:\/\/mm.howkuai.com\/wp-content\/uploads\/2014a\/03\/19\/05.jpg","http:\/\/mm.howkuai.com\/wp-content\/uploads\/2014a\/03\/19\/06.jpg","http:\/\/mm.howkuai.com\/wp-content\/uploads\/2014a\/03\/19\/07.jpg","http:\/\/mm.howkuai.com\/wp-content\/uploads\/2014a\/03\/19\/08.jpg","http:\/\/mm.howkuai.com\/wp-content\/uploads\/2014a\/03\/19\/09.jpg","http:\/\/mm.howkuai.com\/wp-content\/uploads\/2014a\/03\/19\/10.jpg","http:\/\/mm.howkuai.com\/wp-content\/uploads\/2014a\/03\/19\/11.jpg","http:\/\/mm.howkuai.com\/wp-content\/uploads\/2014a\/03\/19\/12.jpg"]},{"plaintext":"\u4e8e\u5927\u5c0f\u59d0ayu\u8eab\u7a7f\u91d1\u8272\u5185\u8863\u4e3a\u6c7d\u8f66\u7f8e\u5de5\u574a\u505a\u5ba3\u4f20","href":"http:\/\/www.meizitu.com\/a\/4089.html","pic_list":["http:\/\/mm.howkuai.com\/wp-content\/uploads\/2014a\/03\/18\/01.jpg","http:\/\/mm.howkuai.com\/wp-content\/uploads\/2014a\/03\/18\/02.jpg","http:\/\/mm.howkuai.com\/wp-content\/uploads\/2014a\/03\/18\/03.jpg","http:\/\/mm.howkuai.com\/wp-content\/uploads\/2014a\/03\/18\/04.jpg","http:\/\/mm.howkuai.com\/wp-content\/uploads\/2014a\/03\/18\/05.jpg","http:\/\/mm.howkuai.com\/wp-content\/uploads\/2014a\/03\/18\/06.jpg","http:\/\/mm.howkuai.com\/wp-content\/uploads\/2014a\/03\/18\/07.jpg","http:\/\/mm.howkuai.com\/wp-content\/uploads\/2014a\/03\/18\/08.jpg","http:\/\/mm.howkuai.com\/wp-content\/uploads\/2014a\/03\/18\/09.jpg"]},{"plaintext":"\u6b27\u7f8e\u5185\u8863\u6027\u611f\u98ce\uff0c\u7edd\u4f73\u8eab\u6750\u7684\u897f\u6d0b\u7f8e\u5973","href":"http:\/\/www.meizitu.com\/a\/4088.html","pic_list":["http:\/\/mm.howkuai.com\/wp-content\/uploads\/2014a\/03\/17\/01.jpg","http:\/\/mm.howkuai.com\/wp-content\/uploads\/2014a\/03\/17\/02.jpg","http:\/\/mm.howkuai.com\/wp-content\/uploads\/2014a\/03\/17\/03.jpg","http:\/\/mm.howkuai.com\/wp-content\/uploads\/2014a\/03\/17\/04.jpg","http:\/\/mm.howkuai.com\/wp-content\/uploads\/2014a\/03\/17\/05.jpg","http:\/\/mm.howkuai.com\/wp-content\/uploads\/2014a\/03\/17\/06.jpg","http:\/\/mm.howkuai.com\/wp-content\/uploads\/2014a\/03\/17\/07.jpg","http:\/\/mm.howkuai.com\/wp-content\/uploads\/2014a\/03\/17\/08.jpg","http:\/\/mm.howkuai.com\/wp-content\/uploads\/2014a\/03\/17\/09.jpg"]},{"plaintext":"\u7edd\u8272\u6027\u611f\u7f8e\u5973\uff0c\u5962\u534e\u623f\u8f66\u4e2d\u68a6\u9192","href":"http:\/\/www.meizitu.com\/a\/4087.html","pic_list":["http:\/\/mm.howkuai.com\/wp-content\/uploads\/2014a\/03\/16\/01.jpg","http:\/\/mm.howkuai.com\/wp-content\/uploads\/2014a\/03\/16\/02.jpg","http:\/\/mm.howkuai.com\/wp-content\/uploads\/2014a\/03\/16\/03.jpg","http:\/\/mm.howkuai.com\/wp-content\/uploads\/2014a\/03\/16\/04.jpg","http:\/\/mm.howkuai.com\/wp-content\/uploads\/2014a\/03\/16\/05.jpg","http:\/\/mm.howkuai.com\/wp-content\/uploads\/2014a\/03\/16\/06.jpg","http:\/\/mm.howkuai.com\/wp-content\/uploads\/2014a\/03\/16\/07.jpg"]},{"plaintext":"\u6d74\u5ba4\u4e2d\u5ae9\u6a21\u98ce\u60c5\uff0c\u706b\u8fa3\u7684\u59b9\u5b50\u674e\u4e03\u559c","href":"http:\/\/www.meizitu.com\/a\/4086.html","pic_list":["http:\/\/mm.howkuai.com\/wp-content\/uploads\/2014a\/03\/15\/01.jpg","http:\/\/mm.howkuai.com\/wp-content\/uploads\/2014a\/03\/15\/02.jpg","http:\/\/mm.howkuai.com\/wp-content\/uploads\/2014a\/03\/15\/03.jpg","http:\/\/mm.howkuai.com\/wp-content\/uploads\/2014a\/03\/15\/04.jpg","http:\/\/mm.howkuai.com\/wp-content\/uploads\/2014a\/03\/15\/05.jpg","http:\/\/mm.howkuai.com\/wp-content\/uploads\/2014a\/03\/15\/06.jpg","http:\/\/mm.howkuai.com\/wp-content\/uploads\/2014a\/03\/15\/07.jpg","http:\/\/mm.howkuai.com\/wp-content\/uploads\/2014a\/03\/15\/08.jpg","http:\/\/mm.howkuai.com\/wp-content\/uploads\/2014a\/03\/15\/09.jpg"]},{"plaintext":"\u53cd\u5bf9\u8d70\u5149\uff0c\u6e05\u7eaf\u53c8\u5343\u5a07\u767e\u5a9a\u7684\u6027\u611f\u8f66\u6a21","href":"http:\/\/www.meizitu.com\/a\/4085.html","pic_list":["http:\/\/mm.howkuai.com\/wp-content\/uploads\/2014a\/03\/14\/01.jpg","http:\/\/mm.howkuai.com\/wp-content\/uploads\/2014a\/03\/14\/02.jpg","http:\/\/mm.howkuai.com\/wp-content\/uploads\/2014a\/03\/14\/03.jpg","http:\/\/mm.howkuai.com\/wp-content\/uploads\/2014a\/03\/14\/04.jpg","http:\/\/mm.howkuai.com\/wp-content\/uploads\/2014a\/03\/14\/05.jpg","http:\/\/mm.howkuai.com\/wp-content\/uploads\/2014a\/03\/14\/06.jpg","http:\/\/mm.howkuai.com\/wp-content\/uploads\/2014a\/03\/14\/07.jpg","http:\/\/mm.howkuai.com\/wp-content\/uploads\/2014a\/03\/14\/08.jpg","http:\/\/mm.howkuai.com\/wp-content\/uploads\/2014a\/03\/14\/09.jpg","http:\/\/mm.howkuai.com\/wp-content\/uploads\/2014a\/03\/14\/10.jpg"]},{"plaintext":"\u98de\u989c\u5973\u795e\uff0c\u4e3d\u8d28\u5929\u6210\u53ef\u4eba\u5f20\u5a34\u6797","href":"http:\/\/www.meizitu.com\/a\/4084.html","pic_list":["http:\/\/mm.howkuai.com\/wp-content\/uploads\/2014a\/03\/13\/01.jpg","http:\/\/mm.howkuai.com\/wp-content\/uploads\/2014a\/03\/13\/02.jpg","http:\/\/mm.howkuai.com\/wp-content\/uploads\/2014a\/03\/13\/03.jpg","http:\/\/mm.howkuai.com\/wp-content\/uploads\/2014a\/03\/13\/04.jpg","http:\/\/mm.howkuai.com\/wp-content\/uploads\/2014a\/03\/13\/05.jpg"]},{"plaintext":"\u751c\u751c\u7f8e\u7f8e\u7684MM\u8584\u7eb1\u5c0f\u79c1\u623f","href":"http:\/\/www.meizitu.com\/a\/4083.html","pic_list":["http:\/\/mm.howkuai.com\/wp-content\/uploads\/2014a\/03\/12\/01.jpg","http:\/\/mm.howkuai.com\/wp-content\/uploads\/2014a\/03\/12\/02.jpg","http:\/\/mm.howkuai.com\/wp-content\/uploads\/2014a\/03\/12\/03.jpg","http:\/\/mm.howkuai.com\/wp-content\/uploads\/2014a\/03\/12\/04.jpg","http:\/\/mm.howkuai.com\/wp-content\/uploads\/2014a\/03\/12\/05.jpg","http:\/\/mm.howkuai.com\/wp-content\/uploads\/2014a\/03\/12\/06.jpg"]},{"plaintext":"\u751c\u7d20\u7eaf\u5b66\u59d0\uff0c\u6e29\u6587\u5c14\u96c5\u5145\u6ee1\u7740\u5fa1\u59d0\u8303\u513f","href":"http:\/\/www.meizitu.com\/a\/4082.html","pic_list":["http:\/\/mm.howkuai.com\/wp-content\/uploads\/2014a\/03\/11\/01.jpg","http:\/\/mm.howkuai.com\/wp-content\/uploads\/2014a\/03\/11\/02.jpg","http:\/\/mm.howkuai.com\/wp-content\/uploads\/2014a\/03\/11\/03.jpg","http:\/\/mm.howkuai.com\/wp-content\/uploads\/2014a\/03\/11\/04.jpg","http:\/\/mm.howkuai.com\/wp-content\/uploads\/2014a\/03\/11\/05.jpg","http:\/\/mm.howkuai.com\/wp-content\/uploads\/2014a\/03\/11\/06.jpg","http:\/\/mm.howkuai.com\/wp-content\/uploads\/2014a\/03\/11\/07.jpg"]}]