[{"plaintext":"\u8eab\u6750\u59e3\u597d\u7684\u751c\u7f8e\u59b9\u5b50\u66dd\u7d20\u989c\u751f\u6d3b\u7167","href":"http:\/\/www.meizitu.com\/a\/4051.html","pic_list":["http:\/\/mm.howkuai.com\/wp-content\/uploads\/2014a\/02\/43\/01.jpg","http:\/\/mm.howkuai.com\/wp-content\/uploads\/2014a\/02\/43\/02.jpg","http:\/\/mm.howkuai.com\/wp-content\/uploads\/2014a\/02\/43\/03.jpg","http:\/\/mm.howkuai.com\/wp-content\/uploads\/2014a\/02\/43\/04.jpg","http:\/\/mm.howkuai.com\/wp-content\/uploads\/2014a\/02\/43\/05.jpg","http:\/\/mm.howkuai.com\/wp-content\/uploads\/2014a\/02\/43\/06.jpg","http:\/\/mm.howkuai.com\/wp-content\/uploads\/2014a\/02\/43\/07.jpg"]},{"plaintext":"\u4ee4\u4eba\u70ed\u8840\u6cb8\u817e\u7684\u6c34\u5ae9\u7f8e\u599e\u6027\u611f\u56fe\u7247","href":"http:\/\/www.meizitu.com\/a\/4050.html","pic_list":["http:\/\/mm.howkuai.com\/wp-content\/uploads\/2014a\/02\/42\/01.jpg","http:\/\/mm.howkuai.com\/wp-content\/uploads\/2014a\/02\/42\/02.jpg","http:\/\/mm.howkuai.com\/wp-content\/uploads\/2014a\/02\/42\/03.jpg","http:\/\/mm.howkuai.com\/wp-content\/uploads\/2014a\/02\/42\/04.jpg","http:\/\/mm.howkuai.com\/wp-content\/uploads\/2014a\/02\/42\/05.jpg","http:\/\/mm.howkuai.com\/wp-content\/uploads\/2014a\/02\/42\/06.jpg"]},{"plaintext":"\u6c14\u8d28\u4e0e\u6027\u611f\u517c\u6709\u7684\u4e00\u7ec4\u6b63\u70b9\u7f8e\u5973\u56fe\u7247","href":"http:\/\/www.meizitu.com\/a\/4049.html","pic_list":["http:\/\/mm.howkuai.com\/wp-content\/uploads\/2014a\/02\/41\/01.jpg","http:\/\/mm.howkuai.com\/wp-content\/uploads\/2014a\/02\/41\/02.jpg","http:\/\/mm.howkuai.com\/wp-content\/uploads\/2014a\/02\/41\/03.jpg","http:\/\/mm.howkuai.com\/wp-content\/uploads\/2014a\/02\/41\/04.jpg","http:\/\/mm.howkuai.com\/wp-content\/uploads\/2014a\/02\/41\/05.jpg","http:\/\/mm.howkuai.com\/wp-content\/uploads\/2014a\/02\/41\/06.jpg","http:\/\/mm.howkuai.com\/wp-content\/uploads\/2014a\/02\/41\/07.jpg"]},{"plaintext":"\u7edd\u7f8e\u5c11\u5973\uff0c\u5b85\u7537\u7684\u68a6\u4e2d\u60c5\u4eba","href":"http:\/\/www.meizitu.com\/a\/4048.html","pic_list":["http:\/\/mm.howkuai.com\/wp-content\/uploads\/2014a\/02\/40\/01.jpg","http:\/\/mm.howkuai.com\/wp-content\/uploads\/2014a\/02\/40\/02.jpg","http:\/\/mm.howkuai.com\/wp-content\/uploads\/2014a\/02\/40\/03.jpg"]},{"plaintext":"\u6d51\u8eab\u6563\u53d1\u8ff7\u4eba\u6c14\u606f\u7684\u957f\u817f\u6f02\u4eae\u5973\u5b69","href":"http:\/\/www.meizitu.com\/a\/4047.html","pic_list":["http:\/\/mm.howkuai.com\/wp-content\/uploads\/2014a\/02\/39\/01.jpg","http:\/\/mm.howkuai.com\/wp-content\/uploads\/2014a\/02\/39\/02.jpg","http:\/\/mm.howkuai.com\/wp-content\/uploads\/2014a\/02\/39\/03.jpg","http:\/\/mm.howkuai.com\/wp-content\/uploads\/2014a\/02\/39\/04.jpg","http:\/\/mm.howkuai.com\/wp-content\/uploads\/2014a\/02\/39\/05.jpg","http:\/\/mm.howkuai.com\/wp-content\/uploads\/2014a\/02\/39\/06.jpg","http:\/\/mm.howkuai.com\/wp-content\/uploads\/2014a\/02\/39\/07.jpg","http:\/\/mm.howkuai.com\/wp-content\/uploads\/2014a\/02\/39\/08.jpg","http:\/\/mm.howkuai.com\/wp-content\/uploads\/2014a\/02\/39\/09.jpg"]},{"plaintext":"\u6e05\u7eaf\u53c8\u98ce\u60c5\u5341\u8db3\u7684\u5ae9\u59b9\u7eb8\u6027\u611f\u5199\u771f","href":"http:\/\/www.meizitu.com\/a\/4046.html","pic_list":["http:\/\/mm.howkuai.com\/wp-content\/uploads\/2014a\/02\/38\/01.jpg","http:\/\/mm.howkuai.com\/wp-content\/uploads\/2014a\/02\/38\/02.jpg","http:\/\/mm.howkuai.com\/wp-content\/uploads\/2014a\/02\/38\/03.jpg","http:\/\/mm.howkuai.com\/wp-content\/uploads\/2014a\/02\/38\/04.jpg","http:\/\/mm.howkuai.com\/wp-content\/uploads\/2014a\/02\/38\/05.jpg","http:\/\/mm.howkuai.com\/wp-content\/uploads\/2014a\/02\/38\/06.jpg"]},{"plaintext":"\u7f8e\u4e3d\u52a8\u4eba\u7684\u821e\u8e48\u5973\u5b69\uff0c\u5c11\u5973\u4e0e\u82ad\u857e","href":"http:\/\/www.meizitu.com\/a\/4045.html","pic_list":["http:\/\/mm.howkuai.com\/wp-content\/uploads\/2014a\/02\/37\/01.jpg","http:\/\/mm.howkuai.com\/wp-content\/uploads\/2014a\/02\/37\/02.jpg","http:\/\/mm.howkuai.com\/wp-content\/uploads\/2014a\/02\/37\/03.jpg","http:\/\/mm.howkuai.com\/wp-content\/uploads\/2014a\/02\/37\/04.jpg","http:\/\/mm.howkuai.com\/wp-content\/uploads\/2014a\/02\/37\/05.jpg","http:\/\/mm.howkuai.com\/wp-content\/uploads\/2014a\/02\/37\/06.jpg","http:\/\/mm.howkuai.com\/wp-content\/uploads\/2014a\/02\/37\/07.jpg","http:\/\/mm.howkuai.com\/wp-content\/uploads\/2014a\/02\/37\/08.jpg"]},{"plaintext":"[\u5c0f\u6e05\u65b0\u7f8e\u5973]\u90a3\u4e9b\u5e74\u6211\u4eec\u4e00\u8d77\u8ffd\u8fc7\u7684\u5973\u5b69","href":"http:\/\/www.meizitu.com\/a\/4044.html","pic_list":["http:\/\/mm.howkuai.com\/wp-content\/uploads\/2014a\/02\/36\/01.jpg","http:\/\/mm.howkuai.com\/wp-content\/uploads\/2014a\/02\/36\/02.jpg","http:\/\/mm.howkuai.com\/wp-content\/uploads\/2014a\/02\/36\/03.jpg","http:\/\/mm.howkuai.com\/wp-content\/uploads\/2014a\/02\/36\/04.jpg","http:\/\/mm.howkuai.com\/wp-content\/uploads\/2014a\/02\/36\/05.jpg","http:\/\/mm.howkuai.com\/wp-content\/uploads\/2014a\/02\/36\/06.jpg"]},{"plaintext":"\u8bf1\u4eba\u7684\u6027\u611f\u6a21\u7279\u6768\u4f9d\u53e3\u8854\u73ab\u7470\u79c0\u7f8e\u597d\u8eab\u6750","href":"http:\/\/www.meizitu.com\/a\/4043.html","pic_list":["http:\/\/mm.howkuai.com\/wp-content\/uploads\/2014a\/02\/35\/01.jpg","http:\/\/mm.howkuai.com\/wp-content\/uploads\/2014a\/02\/35\/02.jpg","http:\/\/mm.howkuai.com\/wp-content\/uploads\/2014a\/02\/35\/03.jpg","http:\/\/mm.howkuai.com\/wp-content\/uploads\/2014a\/02\/35\/04.jpg","http:\/\/mm.howkuai.com\/wp-content\/uploads\/2014a\/02\/35\/05.jpg"]},{"plaintext":"\u6c14\u8d28\u7f8e\u5973\u7fd8\u7740\u811a\u4e2b\u5b50\uff0c\u4eab\u53d7\u4e09\u4e9a\u81ea\u7531\u81ea\u5728\u7684\u9633\u5149","href":"http:\/\/www.meizitu.com\/a\/4042.html","pic_list":["http:\/\/mm.howkuai.com\/wp-content\/uploads\/2014a\/02\/34\/01.jpg","http:\/\/mm.howkuai.com\/wp-content\/uploads\/2014a\/02\/34\/02.jpg","http:\/\/mm.howkuai.com\/wp-content\/uploads\/2014a\/02\/34\/03.jpg","http:\/\/mm.howkuai.com\/wp-content\/uploads\/2014a\/02\/34\/04.jpg","http:\/\/mm.howkuai.com\/wp-content\/uploads\/2014a\/02\/34\/05.jpg","http:\/\/mm.howkuai.com\/wp-content\/uploads\/2014a\/02\/34\/06.jpg","http:\/\/mm.howkuai.com\/wp-content\/uploads\/2014a\/02\/34\/07.jpg"]},{"plaintext":"\u6726\u80e7\u7684\u6027\u611f\u8bf1\u60d1\uff0c\u6175\u61d2\u6c14\u8d28Beauty","href":"http:\/\/www.meizitu.com\/a\/4041.html","pic_list":["http:\/\/mm.howkuai.com\/wp-content\/uploads\/2014a\/02\/33\/01.jpg","http:\/\/mm.howkuai.com\/wp-content\/uploads\/2014a\/02\/33\/02.jpg","http:\/\/mm.howkuai.com\/wp-content\/uploads\/2014a\/02\/33\/03.jpg","http:\/\/mm.howkuai.com\/wp-content\/uploads\/2014a\/02\/33\/04.jpg","http:\/\/mm.howkuai.com\/wp-content\/uploads\/2014a\/02\/33\/05.jpg","http:\/\/mm.howkuai.com\/wp-content\/uploads\/2014a\/02\/33\/06.jpg","http:\/\/mm.howkuai.com\/wp-content\/uploads\/2014a\/02\/33\/07.jpg"]},{"plaintext":"\u591c\u95f4\u7684\u7cbe\u7075\uff0c\u7f8e\u5973\u603b\u662f\u8d8a\u591c\u8d8a\u7cbe\u5f69","href":"http:\/\/www.meizitu.com\/a\/4040.html","pic_list":["http:\/\/mm.howkuai.com\/wp-content\/uploads\/2014a\/02\/32\/01.jpg","http:\/\/mm.howkuai.com\/wp-content\/uploads\/2014a\/02\/32\/02.jpg","http:\/\/mm.howkuai.com\/wp-content\/uploads\/2014a\/02\/32\/03.jpg","http:\/\/mm.howkuai.com\/wp-content\/uploads\/2014a\/02\/32\/04.jpg","http:\/\/mm.howkuai.com\/wp-content\/uploads\/2014a\/02\/32\/05.jpg","http:\/\/mm.howkuai.com\/wp-content\/uploads\/2014a\/02\/32\/06.jpg","http:\/\/mm.howkuai.com\/wp-content\/uploads\/2014a\/02\/32\/07.jpg","http:\/\/mm.howkuai.com\/wp-content\/uploads\/2014a\/02\/32\/08.jpg"]},{"plaintext":"\u53ef\u7231\u7684\u6258\u816e\u561f\u5634\uff0c\u6e05\u7eaf\u7f8e\u5973\u5408\u96c6","href":"http:\/\/www.meizitu.com\/a\/4039.html","pic_list":["http:\/\/mm.howkuai.com\/wp-content\/uploads\/2014a\/02\/31\/01.jpg","http:\/\/mm.howkuai.com\/wp-content\/uploads\/2014a\/02\/31\/02.jpg","http:\/\/mm.howkuai.com\/wp-content\/uploads\/2014a\/02\/31\/03.jpg","http:\/\/mm.howkuai.com\/wp-content\/uploads\/2014a\/02\/31\/04.jpg","http:\/\/mm.howkuai.com\/wp-content\/uploads\/2014a\/02\/31\/05.jpg","http:\/\/mm.howkuai.com\/wp-content\/uploads\/2014a\/02\/31\/06.jpg","http:\/\/mm.howkuai.com\/wp-content\/uploads\/2014a\/02\/31\/07.jpg","http:\/\/mm.howkuai.com\/wp-content\/uploads\/2014a\/02\/31\/08.jpg","http:\/\/mm.howkuai.com\/wp-content\/uploads\/2014a\/02\/31\/09.jpg","http:\/\/mm.howkuai.com\/wp-content\/uploads\/2014a\/02\/31\/10.jpg","http:\/\/mm.howkuai.com\/wp-content\/uploads\/2014a\/02\/31\/11.jpg","http:\/\/mm.howkuai.com\/wp-content\/uploads\/2014a\/02\/31\/12.jpg","http:\/\/mm.howkuai.com\/wp-content\/uploads\/2014a\/02\/31\/13.jpg","http:\/\/mm.howkuai.com\/wp-content\/uploads\/2014a\/02\/31\/14.jpg","http:\/\/mm.howkuai.com\/wp-content\/uploads\/2014a\/02\/31\/15.jpg"]},{"plaintext":"\u6e29\u6696\u7684\u57ce\u5e02\uff0c\u53ef\u7231\u6a21\u7279\u80e1\u80e1\u7231\u4e0a\u6cf3\u8863","href":"http:\/\/www.meizitu.com\/a\/4038.html","pic_list":["http:\/\/mm.howkuai.com\/wp-content\/uploads\/2014a\/02\/30\/01.jpg","http:\/\/mm.howkuai.com\/wp-content\/uploads\/2014a\/02\/30\/02.jpg","http:\/\/mm.howkuai.com\/wp-content\/uploads\/2014a\/02\/30\/03.jpg","http:\/\/mm.howkuai.com\/wp-content\/uploads\/2014a\/02\/30\/04.jpg","http:\/\/mm.howkuai.com\/wp-content\/uploads\/2014a\/02\/30\/05.jpg","http:\/\/mm.howkuai.com\/wp-content\/uploads\/2014a\/02\/30\/06.jpg","http:\/\/mm.howkuai.com\/wp-content\/uploads\/2014a\/02\/30\/07.jpg","http:\/\/mm.howkuai.com\/wp-content\/uploads\/2014a\/02\/30\/08.jpg","http:\/\/mm.howkuai.com\/wp-content\/uploads\/2014a\/02\/30\/09.jpg"]},{"plaintext":"V\u5973\u90ce\u5168\u65b9\u4f4d\u5927\u80c6\u5199\u771f","href":"http:\/\/www.meizitu.com\/a\/4037.html","pic_list":["http:\/\/mm.howkuai.com\/wp-content\/uploads\/2014a\/02\/29\/01.jpg","http:\/\/mm.howkuai.com\/wp-content\/uploads\/2014a\/02\/29\/02.jpg","http:\/\/mm.howkuai.com\/wp-content\/uploads\/2014a\/02\/29\/03.jpg","http:\/\/mm.howkuai.com\/wp-content\/uploads\/2014a\/02\/29\/04.jpg","http:\/\/mm.howkuai.com\/wp-content\/uploads\/2014a\/02\/29\/05.jpg","http:\/\/mm.howkuai.com\/wp-content\/uploads\/2014a\/02\/29\/06.jpg","http:\/\/mm.howkuai.com\/wp-content\/uploads\/2014a\/02\/29\/07.jpg"]},{"plaintext":"\u7f8e\u4e73\u5ae9\u6a21\u5927\u5c3a\u5ea6\u5199\u771f\u8bf1\u60d1\u5b85\u7537","href":"http:\/\/www.meizitu.com\/a\/4036.html","pic_list":["http:\/\/mm.howkuai.com\/wp-content\/uploads\/2014a\/02\/28\/01.jpg","http:\/\/mm.howkuai.com\/wp-content\/uploads\/2014a\/02\/28\/02.jpg","http:\/\/mm.howkuai.com\/wp-content\/uploads\/2014a\/02\/28\/03.jpg","http:\/\/mm.howkuai.com\/wp-content\/uploads\/2014a\/02\/28\/04.jpg","http:\/\/mm.howkuai.com\/wp-content\/uploads\/2014a\/02\/28\/05.jpg","http:\/\/mm.howkuai.com\/wp-content\/uploads\/2014a\/02\/28\/06.jpg","http:\/\/mm.howkuai.com\/wp-content\/uploads\/2014a\/02\/28\/07.jpg","http:\/\/mm.howkuai.com\/wp-content\/uploads\/2014a\/02\/28\/08.jpg"]},{"plaintext":"\u8fd0\u52a8\u53ef\u4eba\uff0c\u59a9\u5a9a\u52a8\u4eba\u7684\u53f0\u7403\u5b9d\u8d1d\u827e\u5e0c","href":"http:\/\/www.meizitu.com\/a\/4035.html","pic_list":["http:\/\/mm.howkuai.com\/wp-content\/uploads\/2014a\/02\/27\/01.jpg","http:\/\/mm.howkuai.com\/wp-content\/uploads\/2014a\/02\/27\/02.jpg","http:\/\/mm.howkuai.com\/wp-content\/uploads\/2014a\/02\/27\/03.jpg","http:\/\/mm.howkuai.com\/wp-content\/uploads\/2014a\/02\/27\/04.jpg","http:\/\/mm.howkuai.com\/wp-content\/uploads\/2014a\/02\/27\/05.jpg","http:\/\/mm.howkuai.com\/wp-content\/uploads\/2014a\/02\/27\/06.jpg","http:\/\/mm.howkuai.com\/wp-content\/uploads\/2014a\/02\/27\/07.jpg","http:\/\/mm.howkuai.com\/wp-content\/uploads\/2014a\/02\/27\/08.jpg","http:\/\/mm.howkuai.com\/wp-content\/uploads\/2014a\/02\/27\/09.jpg"]},{"plaintext":"\u7f8e\u8273\u5ae9\u6a21\u7167\u6cf3\u88c5\u5199\u771f\u6027\u611f\u64a9\u4eba","href":"http:\/\/www.meizitu.com\/a\/4034.html","pic_list":["http:\/\/mm.howkuai.com\/wp-content\/uploads\/2014a\/02\/26\/01.jpg","http:\/\/mm.howkuai.com\/wp-content\/uploads\/2014a\/02\/26\/02.jpg","http:\/\/mm.howkuai.com\/wp-content\/uploads\/2014a\/02\/26\/03.jpg","http:\/\/mm.howkuai.com\/wp-content\/uploads\/2014a\/02\/26\/04.jpg","http:\/\/mm.howkuai.com\/wp-content\/uploads\/2014a\/02\/26\/05.jpg","http:\/\/mm.howkuai.com\/wp-content\/uploads\/2014a\/02\/26\/06.jpg"]},{"plaintext":"\u68ee\u7cfb\u5c0f\u6e05\u65b0\uff0c\u975e\u5e38\u7cbe\u81f4\u7684\u59b9\u5b50","href":"http:\/\/www.meizitu.com\/a\/4033.html","pic_list":["http:\/\/mm.howkuai.com\/wp-content\/uploads\/2014a\/02\/25\/01.jpg","http:\/\/mm.howkuai.com\/wp-content\/uploads\/2014a\/02\/25\/02.jpg","http:\/\/mm.howkuai.com\/wp-content\/uploads\/2014a\/02\/25\/03.jpg","http:\/\/mm.howkuai.com\/wp-content\/uploads\/2014a\/02\/25\/04.jpg","http:\/\/mm.howkuai.com\/wp-content\/uploads\/2014a\/02\/25\/05.jpg","http:\/\/mm.howkuai.com\/wp-content\/uploads\/2014a\/02\/25\/06.jpg","http:\/\/mm.howkuai.com\/wp-content\/uploads\/2014a\/02\/25\/07.jpg","http:\/\/mm.howkuai.com\/wp-content\/uploads\/2014a\/02\/25\/08.jpg","http:\/\/mm.howkuai.com\/wp-content\/uploads\/2014a\/02\/25\/09.jpg"]},{"plaintext":"\u9752\u6625\u6d0b\u6ea2\u7684\u5de8\u4e73\u5973\u795e@\u9ec4\u53efchristine","href":"http:\/\/www.meizitu.com\/a\/4032.html","pic_list":["http:\/\/mm.howkuai.com\/wp-content\/uploads\/2014a\/02\/24\/01.jpg","http:\/\/mm.howkuai.com\/wp-content\/uploads\/2014a\/02\/24\/02.jpg","http:\/\/mm.howkuai.com\/wp-content\/uploads\/2014a\/02\/24\/03.jpg","http:\/\/mm.howkuai.com\/wp-content\/uploads\/2014a\/02\/24\/04.jpg","http:\/\/mm.howkuai.com\/wp-content\/uploads\/2014a\/02\/24\/05.jpg","http:\/\/mm.howkuai.com\/wp-content\/uploads\/2014a\/02\/24\/06.jpg"]},{"plaintext":"\u5927\u5c3a\u5ea6\u798f\u5229\u56fe\uff0c\u4e1c\u65b9\u9ad8\u6e05\u7f8e\u8272\u4e3d\u4eba","href":"http:\/\/www.meizitu.com\/a\/4031.html","pic_list":["http:\/\/mm.howkuai.com\/wp-content\/uploads\/2014a\/02\/23\/01.jpg","http:\/\/mm.howkuai.com\/wp-content\/uploads\/2014a\/02\/23\/02.jpg","http:\/\/mm.howkuai.com\/wp-content\/uploads\/2014a\/02\/23\/03.jpg","http:\/\/mm.howkuai.com\/wp-content\/uploads\/2014a\/02\/23\/04.jpg","http:\/\/mm.howkuai.com\/wp-content\/uploads\/2014a\/02\/23\/05.jpg"]},{"plaintext":"\u6709\u4e00\u5f20\u660e\u661f\u8138\u86cb\u7684\u751c\u7f8e\u7cfb\u5c11\u5973\u7f8e\u817f\u5199\u771f","href":"http:\/\/www.meizitu.com\/a\/4030.html","pic_list":["http:\/\/mm.howkuai.com\/wp-content\/uploads\/2014a\/02\/21\/01.jpg","http:\/\/mm.howkuai.com\/wp-content\/uploads\/2014a\/02\/21\/02.jpg","http:\/\/mm.howkuai.com\/wp-content\/uploads\/2014a\/02\/21\/03.jpg","http:\/\/mm.howkuai.com\/wp-content\/uploads\/2014a\/02\/21\/04.jpg","http:\/\/mm.howkuai.com\/wp-content\/uploads\/2014a\/02\/21\/05.jpg","http:\/\/mm.howkuai.com\/wp-content\/uploads\/2014a\/02\/21\/06.jpg","http:\/\/mm.howkuai.com\/wp-content\/uploads\/2014a\/02\/21\/07.jpg"]},{"plaintext":"\u4e30\u6ee1\u7684\u5c45\u5bb6\u59b9\u5b50\u5728\u6d74\u7f38\u5185\u7684\u7206\u4e73\u59ff\u6001","href":"http:\/\/www.meizitu.com\/a\/4029.html","pic_list":["http:\/\/mm.howkuai.com\/wp-content\/uploads\/2014a\/02\/20\/01.jpg","http:\/\/mm.howkuai.com\/wp-content\/uploads\/2014a\/02\/20\/02.jpg","http:\/\/mm.howkuai.com\/wp-content\/uploads\/2014a\/02\/20\/03.jpg","http:\/\/mm.howkuai.com\/wp-content\/uploads\/2014a\/02\/20\/04.jpg","http:\/\/mm.howkuai.com\/wp-content\/uploads\/2014a\/02\/20\/05.jpg"]},{"plaintext":"\u751c\u5230\u9aa8\u5b50\u91cc\u7684\u5473\u9053\uff0c\u672c\u5468\u5c0f\u6e05\u65b0\u7f8e\u5973\u7279\u8f91","href":"http:\/\/www.meizitu.com\/a\/4028.html","pic_list":["http:\/\/mm.howkuai.com\/wp-content\/uploads\/2014a\/02\/19\/01.jpg","http:\/\/mm.howkuai.com\/wp-content\/uploads\/2014a\/02\/19\/02.jpg","http:\/\/mm.howkuai.com\/wp-content\/uploads\/2014a\/02\/19\/03.jpg","http:\/\/mm.howkuai.com\/wp-content\/uploads\/2014a\/02\/19\/04.jpg","http:\/\/mm.howkuai.com\/wp-content\/uploads\/2014a\/02\/19\/05.jpg","http:\/\/mm.howkuai.com\/wp-content\/uploads\/2014a\/02\/19\/06.jpg","http:\/\/mm.howkuai.com\/wp-content\/uploads\/2014a\/02\/19\/07.jpg","http:\/\/mm.howkuai.com\/wp-content\/uploads\/2014a\/02\/19\/08.jpg","http:\/\/mm.howkuai.com\/wp-content\/uploads\/2014a\/02\/19\/09.jpg","http:\/\/mm.howkuai.com\/wp-content\/uploads\/2014a\/02\/19\/10.jpg","http:\/\/mm.howkuai.com\/wp-content\/uploads\/2014a\/02\/19\/11.jpg","http:\/\/mm.howkuai.com\/wp-content\/uploads\/2014a\/02\/19\/12.jpg","http:\/\/mm.howkuai.com\/wp-content\/uploads\/2014a\/02\/19\/13.jpg","http:\/\/mm.howkuai.com\/wp-content\/uploads\/2014a\/02\/19\/14.jpg","http:\/\/mm.howkuai.com\/wp-content\/uploads\/2014a\/02\/19\/15.jpg"]},{"plaintext":"[\u6027\u611f\u7f8e\u5973]\u90a3\u4e9b\u6027\u611f\u7684\u7f8e\u4eba\u513f","href":"http:\/\/www.meizitu.com\/a\/4027.html","pic_list":["http:\/\/mm.howkuai.com\/wp-content\/uploads\/2014a\/02\/18\/01.jpg","http:\/\/mm.howkuai.com\/wp-content\/uploads\/2014a\/02\/18\/02.jpg","http:\/\/mm.howkuai.com\/wp-content\/uploads\/2014a\/02\/18\/03.jpg","http:\/\/mm.howkuai.com\/wp-content\/uploads\/2014a\/02\/18\/04.jpg","http:\/\/mm.howkuai.com\/wp-content\/uploads\/2014a\/02\/18\/05.jpg","http:\/\/mm.howkuai.com\/wp-content\/uploads\/2014a\/02\/18\/06.jpg","http:\/\/mm.howkuai.com\/wp-content\/uploads\/2014a\/02\/18\/07.jpg","http:\/\/mm.howkuai.com\/wp-content\/uploads\/2014a\/02\/18\/08.jpg"]},{"plaintext":"\u91ce\u6027\u8c79\u7eb9\u5996\u5a06\u4e30\u76c8\u7f8e\u5973\u5750\u62e5\u5954\u9a70","href":"http:\/\/www.meizitu.com\/a\/4026.html","pic_list":["http:\/\/mm.howkuai.com\/wp-content\/uploads\/2014a\/02\/17\/01.jpg","http:\/\/mm.howkuai.com\/wp-content\/uploads\/2014a\/02\/17\/02.jpg","http:\/\/mm.howkuai.com\/wp-content\/uploads\/2014a\/02\/17\/03.jpg","http:\/\/mm.howkuai.com\/wp-content\/uploads\/2014a\/02\/17\/04.jpg","http:\/\/mm.howkuai.com\/wp-content\/uploads\/2014a\/02\/17\/05.jpg","http:\/\/mm.howkuai.com\/wp-content\/uploads\/2014a\/02\/17\/06.jpg","http:\/\/mm.howkuai.com\/wp-content\/uploads\/2014a\/02\/17\/07.jpg"]},{"plaintext":"\u7f8e\u5a9b\u9986\u5973\u795e90\u540e\u5de8\u4e73\u5973\u751f@\u9ec4\u53efchristine","href":"http:\/\/www.meizitu.com\/a\/4025.html","pic_list":["http:\/\/mm.howkuai.com\/wp-content\/uploads\/2014a\/02\/16\/01.jpg","http:\/\/mm.howkuai.com\/wp-content\/uploads\/2014a\/02\/16\/02.jpg","http:\/\/mm.howkuai.com\/wp-content\/uploads\/2014a\/02\/16\/03.jpg","http:\/\/mm.howkuai.com\/wp-content\/uploads\/2014a\/02\/16\/04.jpg","http:\/\/mm.howkuai.com\/wp-content\/uploads\/2014a\/02\/16\/05.jpg","http:\/\/mm.howkuai.com\/wp-content\/uploads\/2014a\/02\/16\/06.jpg","http:\/\/mm.howkuai.com\/wp-content\/uploads\/2014a\/02\/16\/07.jpg","http:\/\/mm.howkuai.com\/wp-content\/uploads\/2014a\/02\/16\/08.jpg","http:\/\/mm.howkuai.com\/wp-content\/uploads\/2014a\/02\/16\/09.jpg"]},{"plaintext":"\u5f53\u8863\u88f3\u5c3d\u88c2\uff0c\u72c2\u91ce\u5c0f\u79c1\u623f","href":"http:\/\/www.meizitu.com\/a\/4024.html","pic_list":["http:\/\/mm.howkuai.com\/wp-content\/uploads\/2014a\/02\/15\/01.jpg","http:\/\/mm.howkuai.com\/wp-content\/uploads\/2014a\/02\/15\/02.jpg","http:\/\/mm.howkuai.com\/wp-content\/uploads\/2014a\/02\/15\/03.jpg","http:\/\/mm.howkuai.com\/wp-content\/uploads\/2014a\/02\/15\/04.jpg"]},{"plaintext":"\u6cf3\u6c60\u8fb9\u7684\u957f\u817f\u7f8e\u81c0\uff0c\u540d\u6a21\u53f6\u6893\u8431\u5199\u771f","href":"http:\/\/www.meizitu.com\/a\/4023.html","pic_list":["http:\/\/mm.howkuai.com\/wp-content\/uploads\/2014a\/02\/14\/01.jpg","http:\/\/mm.howkuai.com\/wp-content\/uploads\/2014a\/02\/14\/02.jpg","http:\/\/mm.howkuai.com\/wp-content\/uploads\/2014a\/02\/14\/03.jpg","http:\/\/mm.howkuai.com\/wp-content\/uploads\/2014a\/02\/14\/04.jpg","http:\/\/mm.howkuai.com\/wp-content\/uploads\/2014a\/02\/14\/05.jpg","http:\/\/mm.howkuai.com\/wp-content\/uploads\/2014a\/02\/14\/06.jpg"]},{"plaintext":"\u840c\u6001\u5c3d\u73b0\uff0c\u53ef\u7231\u8f6f\u59b9\u5b50\u8587\u8587\u840c\u7ffb\u4f17\u4eba","href":"http:\/\/www.meizitu.com\/a\/4022.html","pic_list":["http:\/\/mm.howkuai.com\/wp-content\/uploads\/2014a\/02\/13\/01.jpg","http:\/\/mm.howkuai.com\/wp-content\/uploads\/2014a\/02\/13\/02.jpg","http:\/\/mm.howkuai.com\/wp-content\/uploads\/2014a\/02\/13\/03.jpg","http:\/\/mm.howkuai.com\/wp-content\/uploads\/2014a\/02\/13\/04.jpg","http:\/\/mm.howkuai.com\/wp-content\/uploads\/2014a\/02\/13\/05.jpg","http:\/\/mm.howkuai.com\/wp-content\/uploads\/2014a\/02\/13\/06.jpg"]}]