[{"plaintext":"\u7c89\u5ae9\u5ae9\u7684\u840c\u59b9\u5b50\uff0c\u8fdf\u5230\u7684\u5723\u8bde\u793c\u7269","href":"http:\/\/www.meizitu.com\/a\/3930.html","pic_list":["http:\/\/mm.howkuai.com\/wp-content\/uploads\/2013a\/12\/64\/01.jpg","http:\/\/mm.howkuai.com\/wp-content\/uploads\/2013a\/12\/64\/02.jpg","http:\/\/mm.howkuai.com\/wp-content\/uploads\/2013a\/12\/64\/03.jpg","http:\/\/mm.howkuai.com\/wp-content\/uploads\/2013a\/12\/64\/04.jpg","http:\/\/mm.howkuai.com\/wp-content\/uploads\/2013a\/12\/64\/05.jpg","http:\/\/mm.howkuai.com\/wp-content\/uploads\/2013a\/12\/64\/06.jpg","http:\/\/mm.howkuai.com\/wp-content\/uploads\/2013a\/12\/64\/07.jpg","http:\/\/mm.howkuai.com\/wp-content\/uploads\/2013a\/12\/64\/08.jpg","http:\/\/mm.howkuai.com\/wp-content\/uploads\/2013a\/12\/64\/09.jpg","http:\/\/mm.howkuai.com\/wp-content\/uploads\/2013a\/12\/64\/10.jpg"]},{"plaintext":"\u8f66\u5c55\u4e0a\u5f88\u53ef\u7231\u7684\u4e00\u4e2a\u97e9\u56fd\u59b9\u7eb8","href":"http:\/\/www.meizitu.com\/a\/3924.html","pic_list":["http:\/\/mm.howkuai.com\/wp-content\/uploads\/2013a\/12\/60\/01.jpg","http:\/\/mm.howkuai.com\/wp-content\/uploads\/2013a\/12\/60\/02.jpg","http:\/\/mm.howkuai.com\/wp-content\/uploads\/2013a\/12\/60\/03.jpg","http:\/\/mm.howkuai.com\/wp-content\/uploads\/2013a\/12\/60\/04.jpg","http:\/\/mm.howkuai.com\/wp-content\/uploads\/2013a\/12\/60\/05.jpg","http:\/\/mm.howkuai.com\/wp-content\/uploads\/2013a\/12\/60\/06.jpg","http:\/\/mm.howkuai.com\/wp-content\/uploads\/2013a\/12\/60\/07.jpg","http:\/\/mm.howkuai.com\/wp-content\/uploads\/2013a\/12\/60\/08.jpg"]},{"plaintext":"\u840c\u59b9\u5b50\u626e\u6f14\u732b\u54aa\u60f9\u4eba\u601c\u7231","href":"http:\/\/www.meizitu.com\/a\/3911.html","pic_list":["http:\/\/mm.howkuai.com\/wp-content\/uploads\/2013a\/12\/47\/01.jpg","http:\/\/mm.howkuai.com\/wp-content\/uploads\/2013a\/12\/47\/02.jpg","http:\/\/mm.howkuai.com\/wp-content\/uploads\/2013a\/12\/47\/03.jpg","http:\/\/mm.howkuai.com\/wp-content\/uploads\/2013a\/12\/47\/04.jpg","http:\/\/mm.howkuai.com\/wp-content\/uploads\/2013a\/12\/47\/05.jpg","http:\/\/mm.howkuai.com\/wp-content\/uploads\/2013a\/12\/47\/06.jpg","http:\/\/mm.howkuai.com\/wp-content\/uploads\/2013a\/12\/47\/07.jpg"]},{"plaintext":"\u7c89\u6251\u6251\u5a07\u5ae9\u53c8\u53ef\u4eba\u7684\u8f6f\u59b9\u5b50","href":"http:\/\/www.meizitu.com\/a\/3901.html","pic_list":["http:\/\/mm.howkuai.com\/wp-content\/uploads\/2013a\/12\/37\/01.jpg","http:\/\/mm.howkuai.com\/wp-content\/uploads\/2013a\/12\/37\/02.jpg","http:\/\/mm.howkuai.com\/wp-content\/uploads\/2013a\/12\/37\/03.jpg","http:\/\/mm.howkuai.com\/wp-content\/uploads\/2013a\/12\/37\/04.jpg","http:\/\/mm.howkuai.com\/wp-content\/uploads\/2013a\/12\/37\/05.jpg","http:\/\/mm.howkuai.com\/wp-content\/uploads\/2013a\/12\/37\/06.jpg","http:\/\/mm.howkuai.com\/wp-content\/uploads\/2013a\/12\/37\/07.jpg","http:\/\/mm.howkuai.com\/wp-content\/uploads\/2013a\/12\/37\/08.jpg","http:\/\/mm.howkuai.com\/wp-content\/uploads\/2013a\/12\/37\/09.jpg","http:\/\/mm.howkuai.com\/wp-content\/uploads\/2013a\/12\/37\/10.jpg"]},{"plaintext":"\u53ef\u7231\uff01\u751c\u7f8e\u53ef\u4eba\u7684\u8f6f\u59b9\u5b50\u4e00\u679a","href":"http:\/\/www.meizitu.com\/a\/3883.html","pic_list":["http:\/\/mm.howkuai.com\/wp-content\/uploads\/2013a\/12\/19\/01.jpg","http:\/\/mm.howkuai.com\/wp-content\/uploads\/2013a\/12\/19\/02.jpg","http:\/\/mm.howkuai.com\/wp-content\/uploads\/2013a\/12\/19\/03.jpg","http:\/\/mm.howkuai.com\/wp-content\/uploads\/2013a\/12\/19\/04.jpg","http:\/\/mm.howkuai.com\/wp-content\/uploads\/2013a\/12\/19\/05.jpg","http:\/\/mm.howkuai.com\/wp-content\/uploads\/2013a\/12\/19\/06.jpg","http:\/\/mm.howkuai.com\/wp-content\/uploads\/2013a\/12\/19\/07.jpg","http:\/\/mm.howkuai.com\/wp-content\/uploads\/2013a\/12\/19\/08.jpg"]},{"plaintext":"\u8f6f\u59b9\u5b50,\u751c\u7f8e\u53ef\u7231\u7684\u7d20\u989c\u5c0f\u7f8e\u5973","href":"http:\/\/www.meizitu.com\/a\/3810.html","pic_list":["http:\/\/mm.howkuai.com\/wp-content\/uploads\/2013a\/11\/25\/01.jpg","http:\/\/mm.howkuai.com\/wp-content\/uploads\/2013a\/11\/25\/02.jpg","http:\/\/mm.howkuai.com\/wp-content\/uploads\/2013a\/11\/25\/03.jpg","http:\/\/mm.howkuai.com\/wp-content\/uploads\/2013a\/11\/25\/04.jpg","http:\/\/mm.howkuai.com\/wp-content\/uploads\/2013a\/11\/25\/05.jpg","http:\/\/mm.howkuai.com\/wp-content\/uploads\/2013a\/11\/25\/06.jpg","http:\/\/mm.howkuai.com\/wp-content\/uploads\/2013a\/11\/25\/07.jpg","http:\/\/mm.howkuai.com\/wp-content\/uploads\/2013a\/11\/25\/08.jpg","http:\/\/mm.howkuai.com\/wp-content\/uploads\/2013a\/11\/25\/09.jpg","http:\/\/mm.howkuai.com\/wp-content\/uploads\/2013a\/11\/25\/10.jpg"]},{"plaintext":"\u6676\u83b9\u96ea\u767d\u7684\u8f6f\u59b9\u5b50\u4e00\u679a","href":"http:\/\/www.meizitu.com\/a\/3790.html","pic_list":["http:\/\/mm.howkuai.com\/wp-content\/uploads\/2013a\/11\/05\/01.jpg","http:\/\/mm.howkuai.com\/wp-content\/uploads\/2013a\/11\/05\/02.jpg","http:\/\/mm.howkuai.com\/wp-content\/uploads\/2013a\/11\/05\/03.jpg","http:\/\/mm.howkuai.com\/wp-content\/uploads\/2013a\/11\/05\/04.jpg","http:\/\/mm.howkuai.com\/wp-content\/uploads\/2013a\/11\/05\/05.jpg"]},{"plaintext":"\u751c\u751c\u7684\u59b9\u5b50\u7cfb\u5217\u4e00","href":"http:\/\/www.meizitu.com\/a\/3754.html","pic_list":["http:\/\/mm.howkuai.com\/wp-content\/uploads\/2013a\/10\/36\/01.jpg","http:\/\/mm.howkuai.com\/wp-content\/uploads\/2013a\/10\/36\/02.jpg","http:\/\/mm.howkuai.com\/wp-content\/uploads\/2013a\/10\/36\/03.jpg","http:\/\/mm.howkuai.com\/wp-content\/uploads\/2013a\/10\/36\/04.jpg","http:\/\/mm.howkuai.com\/wp-content\/uploads\/2013a\/10\/36\/05.jpg","http:\/\/mm.howkuai.com\/wp-content\/uploads\/2013a\/10\/36\/06.jpg","http:\/\/mm.howkuai.com\/wp-content\/uploads\/2013a\/10\/36\/07.jpg","http:\/\/mm.howkuai.com\/wp-content\/uploads\/2013a\/10\/36\/08.jpg","http:\/\/mm.howkuai.com\/wp-content\/uploads\/2013a\/10\/36\/09.jpg"]},{"plaintext":"[\u6e05\u7eaf]\u7f8e\u5973\u6797\u91c7\u7f07\u9ad8\u6e05\u56fe\u7247","href":"http:\/\/www.meizitu.com\/a\/3753.html","pic_list":["http:\/\/mm.howkuai.com\/wp-content\/uploads\/2013a\/10\/35\/01.jpg","http:\/\/mm.howkuai.com\/wp-content\/uploads\/2013a\/10\/35\/02.jpg","http:\/\/mm.howkuai.com\/wp-content\/uploads\/2013a\/10\/35\/03.jpg","http:\/\/mm.howkuai.com\/wp-content\/uploads\/2013a\/10\/35\/04.jpg","http:\/\/mm.howkuai.com\/wp-content\/uploads\/2013a\/10\/35\/05.jpg","http:\/\/mm.howkuai.com\/wp-content\/uploads\/2013a\/10\/35\/06.jpg","http:\/\/mm.howkuai.com\/wp-content\/uploads\/2013a\/10\/35\/07.jpg","http:\/\/mm.howkuai.com\/wp-content\/uploads\/2013a\/10\/35\/08.jpg"]},{"plaintext":"[\u6e05\u7eaf]\u8d85\u840c\u7684\u7eaf\u7d20\u751c\u7f8e\u5973\u4eec","href":"http:\/\/www.meizitu.com\/a\/3752.html","pic_list":["http:\/\/mm.howkuai.com\/wp-content\/uploads\/2013a\/10\/34\/01.jpg","http:\/\/mm.howkuai.com\/wp-content\/uploads\/2013a\/10\/34\/02.jpg","http:\/\/mm.howkuai.com\/wp-content\/uploads\/2013a\/10\/34\/03.jpg","http:\/\/mm.howkuai.com\/wp-content\/uploads\/2013a\/10\/34\/04.jpg","http:\/\/mm.howkuai.com\/wp-content\/uploads\/2013a\/10\/34\/05.jpg"]},{"plaintext":"\u8f66\u5c55\u5c31\u662f\u62e3\u59b9\u5b50\u7684\u5730\u65b9","href":"http:\/\/www.meizitu.com\/a\/3740.html","pic_list":["http:\/\/mm.howkuai.com\/wp-content\/uploads\/2013a\/10\/22\/01.jpg","http:\/\/mm.howkuai.com\/wp-content\/uploads\/2013a\/10\/22\/02.jpg","http:\/\/mm.howkuai.com\/wp-content\/uploads\/2013a\/10\/22\/03.jpg"]},{"plaintext":"\u6e05\u65b0\u59b9\u5b50\u7684\u5c0f\u65f6\u5149","href":"http:\/\/www.meizitu.com\/a\/3725.html","pic_list":["http:\/\/mm.howkuai.com\/wp-content\/uploads\/2013a\/10\/07\/01.jpg","http:\/\/mm.howkuai.com\/wp-content\/uploads\/2013a\/10\/07\/02.jpg","http:\/\/mm.howkuai.com\/wp-content\/uploads\/2013a\/10\/07\/03.jpg","http:\/\/mm.howkuai.com\/wp-content\/uploads\/2013a\/10\/07\/04.jpg","http:\/\/mm.howkuai.com\/wp-content\/uploads\/2013a\/10\/07\/05.jpg","http:\/\/mm.howkuai.com\/wp-content\/uploads\/2013a\/10\/07\/06.jpg"]},{"plaintext":"[\u6e05\u7eaf\u5f6d\u96e8\u8377]\u8fd0\u52a8\u9633\u5149\u59b9\u5b50\u4e00\u679a","href":"http:\/\/www.meizitu.com\/a\/3690.html","pic_list":["http:\/\/mm.howkuai.com\/wp-content\/uploads\/2013a\/09\/03\/01.jpg","http:\/\/mm.howkuai.com\/wp-content\/uploads\/2013a\/09\/03\/02.jpg","http:\/\/mm.howkuai.com\/wp-content\/uploads\/2013a\/09\/03\/03.jpg","http:\/\/mm.howkuai.com\/wp-content\/uploads\/2013a\/09\/03\/04.jpg","http:\/\/mm.howkuai.com\/wp-content\/uploads\/2013a\/09\/03\/05.jpg","http:\/\/mm.howkuai.com\/wp-content\/uploads\/2013a\/09\/03\/06.jpg","http:\/\/mm.howkuai.com\/wp-content\/uploads\/2013a\/09\/03\/07.jpg","http:\/\/mm.howkuai.com\/wp-content\/uploads\/2013a\/09\/03\/08.jpg"]},{"plaintext":"\u751c\u7f8e\u6559\u4e3b\u79c1\u623f\u5199\u771f","href":"http:\/\/www.meizitu.com\/a\/3689.html","pic_list":["http:\/\/mm.howkuai.com\/wp-content\/uploads\/2013a\/09\/02\/01.jpg","http:\/\/mm.howkuai.com\/wp-content\/uploads\/2013a\/09\/02\/02.jpg","http:\/\/mm.howkuai.com\/wp-content\/uploads\/2013a\/09\/02\/03.jpg","http:\/\/mm.howkuai.com\/wp-content\/uploads\/2013a\/09\/02\/04.jpg","http:\/\/mm.howkuai.com\/wp-content\/uploads\/2013a\/09\/02\/05.jpg"]},{"plaintext":"\u6e05\u7eaf\u59b9\u5b50\u674e\u96ef\u7a97\u8fb9\u53ef\u7231\u5356\u840c","href":"http:\/\/www.meizitu.com\/a\/3623.html","pic_list":["http:\/\/mm.howkuai.com\/wp-content\/uploads\/2013a\/06\/24\/01.jpg","http:\/\/mm.howkuai.com\/wp-content\/uploads\/2013a\/06\/24\/02.jpg","http:\/\/mm.howkuai.com\/wp-content\/uploads\/2013a\/06\/24\/03.jpg","http:\/\/mm.howkuai.com\/wp-content\/uploads\/2013a\/06\/24\/04.jpg","http:\/\/mm.howkuai.com\/wp-content\/uploads\/2013a\/06\/24\/05.jpg","http:\/\/mm.howkuai.com\/wp-content\/uploads\/2013a\/06\/24\/06.jpg","http:\/\/mm.howkuai.com\/wp-content\/uploads\/2013a\/06\/24\/07.jpg","http:\/\/mm.howkuai.com\/wp-content\/uploads\/2013a\/06\/24\/08.jpg","http:\/\/mm.howkuai.com\/wp-content\/uploads\/2013a\/06\/24\/09.jpg","http:\/\/mm.howkuai.com\/wp-content\/uploads\/2013a\/06\/24\/10.jpg","http:\/\/mm.howkuai.com\/wp-content\/uploads\/2013a\/06\/24\/11.jpg","http:\/\/mm.howkuai.com\/wp-content\/uploads\/2013a\/06\/24\/12.jpg"]},{"plaintext":"\u6027\u611f\u5c0f\u732b\u5218\u96ef\u96ef\u751c\u7f8e\u8ff7\u4eba","href":"http:\/\/www.meizitu.com\/a\/3601.html","pic_list":["http:\/\/mm.howkuai.com\/wp-content\/uploads\/2013a\/06\/02\/01.jpg","http:\/\/mm.howkuai.com\/wp-content\/uploads\/2013a\/06\/02\/02.jpg","http:\/\/mm.howkuai.com\/wp-content\/uploads\/2013a\/06\/02\/03.jpg","http:\/\/mm.howkuai.com\/wp-content\/uploads\/2013a\/06\/02\/04.jpg","http:\/\/mm.howkuai.com\/wp-content\/uploads\/2013a\/06\/02\/05.jpg","http:\/\/mm.howkuai.com\/wp-content\/uploads\/2013a\/06\/02\/06.jpg","http:\/\/mm.howkuai.com\/wp-content\/uploads\/2013a\/06\/02\/07.jpg","http:\/\/mm.howkuai.com\/wp-content\/uploads\/2013a\/06\/02\/08.jpg","http:\/\/mm.howkuai.com\/wp-content\/uploads\/2013a\/06\/02\/09.jpg"]},{"plaintext":"\u59b9\u5b50\u751c\u7f8e\u79c1\u623f\u6027\u611f\u9732\u9165\u80f8","href":"http:\/\/www.meizitu.com\/a\/3569.html","pic_list":["http:\/\/mm.howkuai.com\/wp-content\/uploads\/2013a\/05\/14\/01.jpg","http:\/\/mm.howkuai.com\/wp-content\/uploads\/2013a\/05\/14\/02.jpg","http:\/\/mm.howkuai.com\/wp-content\/uploads\/2013a\/05\/14\/03.jpg","http:\/\/mm.howkuai.com\/wp-content\/uploads\/2013a\/05\/14\/04.jpg","http:\/\/mm.howkuai.com\/wp-content\/uploads\/2013a\/05\/14\/05.jpg","http:\/\/mm.howkuai.com\/wp-content\/uploads\/2013a\/05\/14\/06.jpg","http:\/\/mm.howkuai.com\/wp-content\/uploads\/2013a\/05\/14\/07.jpg","http:\/\/mm.howkuai.com\/wp-content\/uploads\/2013a\/05\/14\/08.jpg","http:\/\/mm.howkuai.com\/wp-content\/uploads\/2013a\/05\/14\/09.jpg","http:\/\/mm.howkuai.com\/wp-content\/uploads\/2013a\/05\/14\/10.jpg","http:\/\/mm.howkuai.com\/wp-content\/uploads\/2013a\/05\/14\/11.jpg","http:\/\/mm.howkuai.com\/wp-content\/uploads\/2013a\/05\/14\/12.jpg"]}]