[{"plaintext":"\u6027\u611f\u77ed\u53d1\u6b63\u59b9\u4e3a\u963f\u6839\u5ef7\u52a0\u6cb9","href":"http:\/\/www.meizitu.com\/a\/4344.html","pic_list":["http:\/\/mm.howkuai.com\/wp-content\/uploads\/2014a\/07\/29\/01.jpg","http:\/\/mm.howkuai.com\/wp-content\/uploads\/2014a\/07\/29\/02.jpg","http:\/\/mm.howkuai.com\/wp-content\/uploads\/2014a\/07\/29\/03.jpg","http:\/\/mm.howkuai.com\/wp-content\/uploads\/2014a\/07\/29\/04.jpg","http:\/\/mm.howkuai.com\/wp-content\/uploads\/2014a\/07\/29\/05.jpg"]},{"plaintext":"\u5c0f\u6e05\u65b0\u59b9\u7eb8\u5ba4\u5185\u968f\u62cd\uff0c\u6709\u7740\u6027\u611f\u7684\u5634\u5507","href":"http:\/\/www.meizitu.com\/a\/4336.html","pic_list":["http:\/\/mm.howkuai.com\/wp-content\/uploads\/2014a\/07\/21\/01.jpg","http:\/\/mm.howkuai.com\/wp-content\/uploads\/2014a\/07\/21\/02.jpg","http:\/\/mm.howkuai.com\/wp-content\/uploads\/2014a\/07\/21\/03.jpg","http:\/\/mm.howkuai.com\/wp-content\/uploads\/2014a\/07\/21\/04.jpg","http:\/\/mm.howkuai.com\/wp-content\/uploads\/2014a\/07\/21\/05.jpg","http:\/\/mm.howkuai.com\/wp-content\/uploads\/2014a\/07\/21\/06.jpg"]},{"plaintext":"\u957f\u817f\u59b9\u7eb8\u590f\u65e5\u91cc\u7684\u4e00\u62b9\u6e05\u51c9","href":"http:\/\/www.meizitu.com\/a\/4320.html","pic_list":["http:\/\/mm.howkuai.com\/wp-content\/uploads\/2014a\/07\/05\/01.jpg","http:\/\/mm.howkuai.com\/wp-content\/uploads\/2014a\/07\/05\/02.jpg","http:\/\/mm.howkuai.com\/wp-content\/uploads\/2014a\/07\/05\/03.jpg","http:\/\/mm.howkuai.com\/wp-content\/uploads\/2014a\/07\/05\/04.jpg","http:\/\/mm.howkuai.com\/wp-content\/uploads\/2014a\/07\/05\/05.jpg"]},{"plaintext":"[\u4f53\u64cd\u670d]\u9752\u6625\u6d0b\u6ea2\u70ed\u7231\u8fd0\u52a8\u768495\u540e\u59b9\u7eb8","href":"http:\/\/www.meizitu.com\/a\/4310.html","pic_list":["http:\/\/mm.howkuai.com\/wp-content\/uploads\/2014a\/06\/62\/01.jpg","http:\/\/mm.howkuai.com\/wp-content\/uploads\/2014a\/06\/62\/02.jpg","http:\/\/mm.howkuai.com\/wp-content\/uploads\/2014a\/06\/62\/03.jpg","http:\/\/mm.howkuai.com\/wp-content\/uploads\/2014a\/06\/62\/04.jpg","http:\/\/mm.howkuai.com\/wp-content\/uploads\/2014a\/06\/62\/05.jpg","http:\/\/mm.howkuai.com\/wp-content\/uploads\/2014a\/06\/62\/06.jpg","http:\/\/mm.howkuai.com\/wp-content\/uploads\/2014a\/06\/62\/07.jpg","http:\/\/mm.howkuai.com\/wp-content\/uploads\/2014a\/06\/62\/08.jpg"]},{"plaintext":"\u6cbb\u6108\u7cfb\u59b9\u7eb8\uff0c\u590f\u65e5\u851a\u84dd\u7684\u5929\u7a7a\u53bb\u6253\u68d2\u7403","href":"http:\/\/www.meizitu.com\/a\/4305.html","pic_list":["http:\/\/mm.howkuai.com\/wp-content\/uploads\/2014a\/06\/57\/01.jpg","http:\/\/mm.howkuai.com\/wp-content\/uploads\/2014a\/06\/57\/02.jpg","http:\/\/mm.howkuai.com\/wp-content\/uploads\/2014a\/06\/57\/03.jpg","http:\/\/mm.howkuai.com\/wp-content\/uploads\/2014a\/06\/57\/04.jpg","http:\/\/mm.howkuai.com\/wp-content\/uploads\/2014a\/06\/57\/05.jpg","http:\/\/mm.howkuai.com\/wp-content\/uploads\/2014a\/06\/57\/06.jpg","http:\/\/mm.howkuai.com\/wp-content\/uploads\/2014a\/06\/57\/07.jpg","http:\/\/mm.howkuai.com\/wp-content\/uploads\/2014a\/06\/57\/08.jpg","http:\/\/mm.howkuai.com\/wp-content\/uploads\/2014a\/06\/57\/09.jpg"]},{"plaintext":"\u6bd5\u4e1a\u5728\u5373\uff0c\u6e05\u7eaf\u59b9\u7eb8\u7559\u604b\u6821\u56ed\u751f\u6d3b","href":"http:\/\/www.meizitu.com\/a\/4298.html","pic_list":["http:\/\/mm.howkuai.com\/wp-content\/uploads\/2014a\/06\/50\/01.jpg","http:\/\/mm.howkuai.com\/wp-content\/uploads\/2014a\/06\/50\/02.jpg","http:\/\/mm.howkuai.com\/wp-content\/uploads\/2014a\/06\/50\/03.jpg","http:\/\/mm.howkuai.com\/wp-content\/uploads\/2014a\/06\/50\/04.jpg","http:\/\/mm.howkuai.com\/wp-content\/uploads\/2014a\/06\/50\/05.jpg"]},{"plaintext":"\u7f8e\u4e3d\u7684\u77ed\u53d1\u5973\u5b69DUDU\uff0c\u773c\u795e\u592a\u7f8e\u4e0d\u6562\u770b","href":"http:\/\/www.meizitu.com\/a\/4269.html","pic_list":["http:\/\/mm.howkuai.com\/wp-content\/uploads\/2014a\/06\/21\/01.jpg","http:\/\/mm.howkuai.com\/wp-content\/uploads\/2014a\/06\/21\/02.jpg","http:\/\/mm.howkuai.com\/wp-content\/uploads\/2014a\/06\/21\/03.jpg","http:\/\/mm.howkuai.com\/wp-content\/uploads\/2014a\/06\/21\/04.jpg","http:\/\/mm.howkuai.com\/wp-content\/uploads\/2014a\/06\/21\/05.jpg","http:\/\/mm.howkuai.com\/wp-content\/uploads\/2014a\/06\/21\/06.jpg","http:\/\/mm.howkuai.com\/wp-content\/uploads\/2014a\/06\/21\/07.jpg","http:\/\/mm.howkuai.com\/wp-content\/uploads\/2014a\/06\/21\/08.jpg"]},{"plaintext":"\u9ad8\u8003\u7684\u840c\u59b9\u5b50\u52a0\u6cb9\u5440","href":"http:\/\/www.meizitu.com\/a\/4268.html","pic_list":["http:\/\/mm.howkuai.com\/wp-content\/uploads\/2014a\/06\/20\/01.jpg","http:\/\/mm.howkuai.com\/wp-content\/uploads\/2014a\/06\/20\/02.jpg","http:\/\/mm.howkuai.com\/wp-content\/uploads\/2014a\/06\/20\/03.jpg","http:\/\/mm.howkuai.com\/wp-content\/uploads\/2014a\/06\/20\/04.jpg","http:\/\/mm.howkuai.com\/wp-content\/uploads\/2014a\/06\/20\/05.jpg"]},{"plaintext":"\u6bcf\u4e2a\u5973\u5b69\u90fd\u6709\u5c5e\u4e8e\u81ea\u5df1\u7eaf\u767d\u7684\u68a6","href":"http:\/\/www.meizitu.com\/a\/4264.html","pic_list":["http:\/\/mm.howkuai.com\/wp-content\/uploads\/2014a\/06\/16\/01.jpg","http:\/\/mm.howkuai.com\/wp-content\/uploads\/2014a\/06\/16\/02.jpg","http:\/\/mm.howkuai.com\/wp-content\/uploads\/2014a\/06\/16\/03.jpg","http:\/\/mm.howkuai.com\/wp-content\/uploads\/2014a\/06\/16\/04.jpg","http:\/\/mm.howkuai.com\/wp-content\/uploads\/2014a\/06\/16\/05.jpg"]},{"plaintext":"\u4e00\u4e2a\u50cf\u590f\u5929\u4e00\u4e2a\u50cf\u79cb\u5929\uff0c\u6f02\u4eae\u95fa\u871c\u7f8e\u62cd","href":"http:\/\/www.meizitu.com\/a\/4261.html","pic_list":["http:\/\/mm.howkuai.com\/wp-content\/uploads\/2014a\/06\/13\/01.jpg","http:\/\/mm.howkuai.com\/wp-content\/uploads\/2014a\/06\/13\/02.jpg","http:\/\/mm.howkuai.com\/wp-content\/uploads\/2014a\/06\/13\/03.jpg"]},{"plaintext":"\u6821\u56ed\u6e05\u65b0\uff0c\u5c0f\u5154\u7259\u53ef\u7231\u59b9\u7eb8","href":"http:\/\/www.meizitu.com\/a\/4257.html","pic_list":["http:\/\/mm.howkuai.com\/wp-content\/uploads\/2014a\/06\/09\/01.jpg","http:\/\/mm.howkuai.com\/wp-content\/uploads\/2014a\/06\/09\/02.jpg","http:\/\/mm.howkuai.com\/wp-content\/uploads\/2014a\/06\/09\/03.jpg","http:\/\/mm.howkuai.com\/wp-content\/uploads\/2014a\/06\/09\/04.jpg","http:\/\/mm.howkuai.com\/wp-content\/uploads\/2014a\/06\/09\/05.jpg","http:\/\/mm.howkuai.com\/wp-content\/uploads\/2014a\/06\/09\/06.jpg","http:\/\/mm.howkuai.com\/wp-content\/uploads\/2014a\/06\/09\/07.jpg","http:\/\/mm.howkuai.com\/wp-content\/uploads\/2014a\/06\/09\/08.jpg"]},{"plaintext":"\u5496\u5561\u9986\u91cc\u7684\u751c\u7f8e\u59b9\u5b50\uff0c\u4f60\u8981\u4e00\u76f4\u5fae\u7b11","href":"http:\/\/www.meizitu.com\/a\/4246.html","pic_list":["http:\/\/mm.howkuai.com\/wp-content\/uploads\/2014a\/05\/47\/01.jpg","http:\/\/mm.howkuai.com\/wp-content\/uploads\/2014a\/05\/47\/02.jpg","http:\/\/mm.howkuai.com\/wp-content\/uploads\/2014a\/05\/47\/03.jpg","http:\/\/mm.howkuai.com\/wp-content\/uploads\/2014a\/05\/47\/04.jpg","http:\/\/mm.howkuai.com\/wp-content\/uploads\/2014a\/05\/47\/05.jpg","http:\/\/mm.howkuai.com\/wp-content\/uploads\/2014a\/05\/47\/06.jpg"]},{"plaintext":"\u751c\u7f8e\u53ef\u4eba\u7684\u59b9\u5b50\uff0c\u6c38\u8fdc\u4e0d\u4f1a\u54ed\u6ce3\u7684\u6843\u4e50\u4e1d","href":"http:\/\/www.meizitu.com\/a\/4242.html","pic_list":["http:\/\/mm.howkuai.com\/wp-content\/uploads\/2014a\/05\/43\/01.jpg","http:\/\/mm.howkuai.com\/wp-content\/uploads\/2014a\/05\/43\/02.jpg","http:\/\/mm.howkuai.com\/wp-content\/uploads\/2014a\/05\/43\/03.jpg","http:\/\/mm.howkuai.com\/wp-content\/uploads\/2014a\/05\/43\/04.jpg","http:\/\/mm.howkuai.com\/wp-content\/uploads\/2014a\/05\/43\/05.jpg","http:\/\/mm.howkuai.com\/wp-content\/uploads\/2014a\/05\/43\/06.jpg","http:\/\/mm.howkuai.com\/wp-content\/uploads\/2014a\/05\/43\/07.jpg"]},{"plaintext":"\u7f8e\u4eba\u75e3\uff0c\u5c9b\u56fd\u7684\u6e05\u7eaf\u6027\u611f\u59b9\u7eb8","href":"http:\/\/www.meizitu.com\/a\/4237.html","pic_list":["http:\/\/mm.howkuai.com\/wp-content\/uploads\/2014a\/05\/38\/01.jpg","http:\/\/mm.howkuai.com\/wp-content\/uploads\/2014a\/05\/38\/02.jpg","http:\/\/mm.howkuai.com\/wp-content\/uploads\/2014a\/05\/38\/03.jpg","http:\/\/mm.howkuai.com\/wp-content\/uploads\/2014a\/05\/38\/04.jpg"]},{"plaintext":"\u5b85\u5973\uff0c\u6676\u83b9\u767d\u7699\u768495\u540e\u53ef\u8010\u59b9\u7eb8","href":"http:\/\/www.meizitu.com\/a\/4236.html","pic_list":["http:\/\/mm.howkuai.com\/wp-content\/uploads\/2014a\/05\/37\/01.jpg","http:\/\/mm.howkuai.com\/wp-content\/uploads\/2014a\/05\/37\/02.jpg","http:\/\/mm.howkuai.com\/wp-content\/uploads\/2014a\/05\/37\/03.jpg","http:\/\/mm.howkuai.com\/wp-content\/uploads\/2014a\/05\/37\/04.jpg","http:\/\/mm.howkuai.com\/wp-content\/uploads\/2014a\/05\/37\/05.jpg","http:\/\/mm.howkuai.com\/wp-content\/uploads\/2014a\/05\/37\/06.jpg"]},{"plaintext":"\u6e05\u6c34\u51fa\u8299\u84c9\uff0c\u6e05\u7eaf\u7684\u6cbb\u6108\u7cfb\u7f8e\u5973\u56fe\u7247","href":"http:\/\/www.meizitu.com\/a\/4172.html","pic_list":["http:\/\/mm.howkuai.com\/wp-content\/uploads\/2014a\/04\/34\/01.jpg","http:\/\/mm.howkuai.com\/wp-content\/uploads\/2014a\/04\/34\/02.jpg","http:\/\/mm.howkuai.com\/wp-content\/uploads\/2014a\/04\/34\/03.jpg","http:\/\/mm.howkuai.com\/wp-content\/uploads\/2014a\/04\/34\/04.jpg","http:\/\/mm.howkuai.com\/wp-content\/uploads\/2014a\/04\/34\/05.jpg","http:\/\/mm.howkuai.com\/wp-content\/uploads\/2014a\/04\/34\/06.jpg","http:\/\/mm.howkuai.com\/wp-content\/uploads\/2014a\/04\/34\/07.jpg","http:\/\/mm.howkuai.com\/wp-content\/uploads\/2014a\/04\/34\/08.jpg"]},{"plaintext":"\u6de1\u96c5\u5982\u4ed9\u98ce\u5a07\u6c34\u5a9a\u3002\u68a8\u82b1\u7f8e\u8f6f\u59b9\u5b50\u66f4\u7f8e","href":"http:\/\/www.meizitu.com\/a\/4151.html","pic_list":["http:\/\/mm.howkuai.com\/wp-content\/uploads\/2014a\/04\/13\/01.jpg","http:\/\/mm.howkuai.com\/wp-content\/uploads\/2014a\/04\/13\/02.jpg","http:\/\/mm.howkuai.com\/wp-content\/uploads\/2014a\/04\/13\/03.jpg","http:\/\/mm.howkuai.com\/wp-content\/uploads\/2014a\/04\/13\/04.jpg","http:\/\/mm.howkuai.com\/wp-content\/uploads\/2014a\/04\/13\/05.jpg","http:\/\/mm.howkuai.com\/wp-content\/uploads\/2014a\/04\/13\/06.jpg","http:\/\/mm.howkuai.com\/wp-content\/uploads\/2014a\/04\/13\/07.jpg","http:\/\/mm.howkuai.com\/wp-content\/uploads\/2014a\/04\/13\/08.jpg"]},{"plaintext":"\u8ff7\u4eba\u7684\u77ed\u53d1\u5973\u90ce\uff0c\u9999\u8f66\u7f8e\u5973\u65e0\u9650\u9050\u601d","href":"http:\/\/www.meizitu.com\/a\/4148.html","pic_list":["http:\/\/mm.howkuai.com\/wp-content\/uploads\/2014a\/04\/10\/01.jpg","http:\/\/mm.howkuai.com\/wp-content\/uploads\/2014a\/04\/10\/02.jpg","http:\/\/mm.howkuai.com\/wp-content\/uploads\/2014a\/04\/10\/03.jpg","http:\/\/mm.howkuai.com\/wp-content\/uploads\/2014a\/04\/10\/04.jpg","http:\/\/mm.howkuai.com\/wp-content\/uploads\/2014a\/04\/10\/05.jpg","http:\/\/mm.howkuai.com\/wp-content\/uploads\/2014a\/04\/10\/06.jpg","http:\/\/mm.howkuai.com\/wp-content\/uploads\/2014a\/04\/10\/07.jpg"]},{"plaintext":"\u6697\u9999\u88ad\u6765\uff0c\u6e05\u7eaf\u7f8e\u5973\u8f6f\u59b9\u5b50\u4e0e\u53ef\u7231\u7f8e\u5973\u5408\u96c6","href":"http:\/\/www.meizitu.com\/a\/4146.html","pic_list":["http:\/\/mm.howkuai.com\/wp-content\/uploads\/2014a\/04\/08\/01.jpg","http:\/\/mm.howkuai.com\/wp-content\/uploads\/2014a\/04\/08\/02.jpg","http:\/\/mm.howkuai.com\/wp-content\/uploads\/2014a\/04\/08\/03.jpg","http:\/\/mm.howkuai.com\/wp-content\/uploads\/2014a\/04\/08\/04.jpg","http:\/\/mm.howkuai.com\/wp-content\/uploads\/2014a\/04\/08\/05.jpg","http:\/\/mm.howkuai.com\/wp-content\/uploads\/2014a\/04\/08\/06.jpg","http:\/\/mm.howkuai.com\/wp-content\/uploads\/2014a\/04\/08\/07.jpg","http:\/\/mm.howkuai.com\/wp-content\/uploads\/2014a\/04\/08\/08.jpg","http:\/\/mm.howkuai.com\/wp-content\/uploads\/2014a\/04\/08\/09.jpg","http:\/\/mm.howkuai.com\/wp-content\/uploads\/2014a\/04\/08\/10.jpg","http:\/\/mm.howkuai.com\/wp-content\/uploads\/2014a\/04\/08\/11.jpg","http:\/\/mm.howkuai.com\/wp-content\/uploads\/2014a\/04\/08\/12.jpg"]},{"plaintext":"\u53ef\u7231\u7684\u8f6f\u59b9\u5b50\u62e5\u6709\u5706\u5706\u7684\u8138\u86cb\u6bb7\u6843\u5c0f\u5634","href":"http:\/\/www.meizitu.com\/a\/4093.html","pic_list":["http:\/\/mm.howkuai.com\/wp-content\/uploads\/2014a\/03\/22\/01.jpg","http:\/\/mm.howkuai.com\/wp-content\/uploads\/2014a\/03\/22\/02.jpg","http:\/\/mm.howkuai.com\/wp-content\/uploads\/2014a\/03\/22\/03.jpg","http:\/\/mm.howkuai.com\/wp-content\/uploads\/2014a\/03\/22\/04.jpg","http:\/\/mm.howkuai.com\/wp-content\/uploads\/2014a\/03\/22\/05.jpg","http:\/\/mm.howkuai.com\/wp-content\/uploads\/2014a\/03\/22\/06.jpg","http:\/\/mm.howkuai.com\/wp-content\/uploads\/2014a\/03\/22\/07.jpg"]},{"plaintext":"\u591c\u8272\u4e0b\uff0c\u8d4f\u5fc3\u60a6\u76ee\u7684\u59a9\u5a9a\u8ff7\u4eba\u59b9\u5b50","href":"http:\/\/www.meizitu.com\/a\/4079.html","pic_list":["http:\/\/mm.howkuai.com\/wp-content\/uploads\/2014a\/03\/08\/01.jpg","http:\/\/mm.howkuai.com\/wp-content\/uploads\/2014a\/03\/08\/02.jpg","http:\/\/mm.howkuai.com\/wp-content\/uploads\/2014a\/03\/08\/03.jpg","http:\/\/mm.howkuai.com\/wp-content\/uploads\/2014a\/03\/08\/04.jpg","http:\/\/mm.howkuai.com\/wp-content\/uploads\/2014a\/03\/08\/05.jpg","http:\/\/mm.howkuai.com\/wp-content\/uploads\/2014a\/03\/08\/06.jpg","http:\/\/mm.howkuai.com\/wp-content\/uploads\/2014a\/03\/08\/07.jpg","http:\/\/mm.howkuai.com\/wp-content\/uploads\/2014a\/03\/08\/08.jpg","http:\/\/mm.howkuai.com\/wp-content\/uploads\/2014a\/03\/08\/09.jpg"]},{"plaintext":"\u82b3\u9999\u88ad\u4eba\uff0c\u6e05\u7eaf\u5973\u4e3b\u64adMini\u6700\u65b0\u5199\u771f","href":"http:\/\/www.meizitu.com\/a\/4059.html","pic_list":["http:\/\/mm.howkuai.com\/wp-content\/uploads\/2014a\/02\/51\/01.jpg","http:\/\/mm.howkuai.com\/wp-content\/uploads\/2014a\/02\/51\/02.jpg","http:\/\/mm.howkuai.com\/wp-content\/uploads\/2014a\/02\/51\/03.jpg","http:\/\/mm.howkuai.com\/wp-content\/uploads\/2014a\/02\/51\/04.jpg","http:\/\/mm.howkuai.com\/wp-content\/uploads\/2014a\/02\/51\/05.jpg","http:\/\/mm.howkuai.com\/wp-content\/uploads\/2014a\/02\/51\/06.jpg","http:\/\/mm.howkuai.com\/wp-content\/uploads\/2014a\/02\/51\/07.jpg"]},{"plaintext":"\u767d\u7699\u7684\u6e05\u7eaf\u59b9\u5b50\uff0c\u6709\u65f6\u9759\u5982\u5904\u5b50\u6709\u65f6\u7b11\u9765\u5982\u82b1","href":"http:\/\/www.meizitu.com\/a\/4057.html","pic_list":["http:\/\/mm.howkuai.com\/wp-content\/uploads\/2014a\/02\/49\/01.jpg","http:\/\/mm.howkuai.com\/wp-content\/uploads\/2014a\/02\/49\/02.jpg","http:\/\/mm.howkuai.com\/wp-content\/uploads\/2014a\/02\/49\/03.jpg","http:\/\/mm.howkuai.com\/wp-content\/uploads\/2014a\/02\/49\/04.jpg","http:\/\/mm.howkuai.com\/wp-content\/uploads\/2014a\/02\/49\/05.jpg","http:\/\/mm.howkuai.com\/wp-content\/uploads\/2014a\/02\/49\/06.jpg","http:\/\/mm.howkuai.com\/wp-content\/uploads\/2014a\/02\/49\/07.jpg"]},{"plaintext":"\u6e05\u7eaf\u53c8\u98ce\u60c5\u5341\u8db3\u7684\u5ae9\u59b9\u7eb8\u6027\u611f\u5199\u771f","href":"http:\/\/www.meizitu.com\/a\/4046.html","pic_list":["http:\/\/mm.howkuai.com\/wp-content\/uploads\/2014a\/02\/38\/01.jpg","http:\/\/mm.howkuai.com\/wp-content\/uploads\/2014a\/02\/38\/02.jpg","http:\/\/mm.howkuai.com\/wp-content\/uploads\/2014a\/02\/38\/03.jpg","http:\/\/mm.howkuai.com\/wp-content\/uploads\/2014a\/02\/38\/04.jpg","http:\/\/mm.howkuai.com\/wp-content\/uploads\/2014a\/02\/38\/05.jpg","http:\/\/mm.howkuai.com\/wp-content\/uploads\/2014a\/02\/38\/06.jpg"]},{"plaintext":"\u840c\u6001\u5c3d\u73b0\uff0c\u53ef\u7231\u8f6f\u59b9\u5b50\u8587\u8587\u840c\u7ffb\u4f17\u4eba","href":"http:\/\/www.meizitu.com\/a\/4022.html","pic_list":["http:\/\/mm.howkuai.com\/wp-content\/uploads\/2014a\/02\/13\/01.jpg","http:\/\/mm.howkuai.com\/wp-content\/uploads\/2014a\/02\/13\/02.jpg","http:\/\/mm.howkuai.com\/wp-content\/uploads\/2014a\/02\/13\/03.jpg","http:\/\/mm.howkuai.com\/wp-content\/uploads\/2014a\/02\/13\/04.jpg","http:\/\/mm.howkuai.com\/wp-content\/uploads\/2014a\/02\/13\/05.jpg","http:\/\/mm.howkuai.com\/wp-content\/uploads\/2014a\/02\/13\/06.jpg"]},{"plaintext":"\u6e05\u7eaf\u7f8e\u5973\u8f9b\u54a9\u54a9\uff0c\u90bb\u5bb6\u6709\u5973\u521d\u957f\u6210","href":"http:\/\/www.meizitu.com\/a\/4011.html","pic_list":["http:\/\/mm.howkuai.com\/wp-content\/uploads\/2014a\/02\/02\/01.jpg","http:\/\/mm.howkuai.com\/wp-content\/uploads\/2014a\/02\/02\/02.jpg","http:\/\/mm.howkuai.com\/wp-content\/uploads\/2014a\/02\/02\/03.jpg","http:\/\/mm.howkuai.com\/wp-content\/uploads\/2014a\/02\/02\/04.jpg","http:\/\/mm.howkuai.com\/wp-content\/uploads\/2014a\/02\/02\/05.jpg"]},{"plaintext":"\u6cbb\u6108\u7cfb\u59b9\u5b50\u8ba9\u4eba\u6211\u89c1\u72b9\u601c","href":"http:\/\/www.meizitu.com\/a\/3971.html","pic_list":["http:\/\/mm.howkuai.com\/wp-content\/uploads\/2014a\/01\/37\/01.jpg","http:\/\/mm.howkuai.com\/wp-content\/uploads\/2014a\/01\/37\/02.jpg","http:\/\/mm.howkuai.com\/wp-content\/uploads\/2014a\/01\/37\/03.jpg","http:\/\/mm.howkuai.com\/wp-content\/uploads\/2014a\/01\/37\/04.jpg","http:\/\/mm.howkuai.com\/wp-content\/uploads\/2014a\/01\/37\/05.jpg"]},{"plaintext":"\u53ef\u7231\u7684\u5403\u8d27\uff0c\u5929\u7136\u5446\u840c\u7f8e\u5973","href":"http:\/\/www.meizitu.com\/a\/3940.html","pic_list":["http:\/\/mm.howkuai.com\/wp-content\/uploads\/2014a\/01\/07\/01.jpg","http:\/\/mm.howkuai.com\/wp-content\/uploads\/2014a\/01\/07\/02.jpg","http:\/\/mm.howkuai.com\/wp-content\/uploads\/2014a\/01\/07\/03.jpg","http:\/\/mm.howkuai.com\/wp-content\/uploads\/2014a\/01\/07\/04.jpg","http:\/\/mm.howkuai.com\/wp-content\/uploads\/2014a\/01\/07\/05.jpg"]}]