[{"plaintext":"\u4fca\u7709\u4fee\u773c\uff0c\u987e\u76fc\u795e\u98de\uff0c\u6e05\u7eaf\u7f8e\u5973\u773c\u775b\u4f1a\u8bf4\u8bdd","href":"http:\/\/www.meizitu.com\/a\/4439.html","pic_list":["http:\/\/mm.howkuai.com\/wp-content\/uploads\/2014a\/08\/53\/01.jpg","http:\/\/mm.howkuai.com\/wp-content\/uploads\/2014a\/08\/53\/02.jpg","http:\/\/mm.howkuai.com\/wp-content\/uploads\/2014a\/08\/53\/03.jpg","http:\/\/mm.howkuai.com\/wp-content\/uploads\/2014a\/08\/53\/04.jpg","http:\/\/mm.howkuai.com\/wp-content\/uploads\/2014a\/08\/53\/05.jpg","http:\/\/mm.howkuai.com\/wp-content\/uploads\/2014a\/08\/53\/06.jpg","http:\/\/mm.howkuai.com\/wp-content\/uploads\/2014a\/08\/53\/07.jpg","http:\/\/mm.howkuai.com\/wp-content\/uploads\/2014a\/08\/53\/08.jpg"]},{"plaintext":"\u8ba9\u6211\u5728\u8fd9\u6837\u7684\u5c0f\u5c4b\u91cc\u6d88\u78e8\u65f6\u5149","href":"http:\/\/www.meizitu.com\/a\/4435.html","pic_list":["http:\/\/mm.howkuai.com\/wp-content\/uploads\/2014a\/08\/49\/01.jpg","http:\/\/mm.howkuai.com\/wp-content\/uploads\/2014a\/08\/49\/02.jpg","http:\/\/mm.howkuai.com\/wp-content\/uploads\/2014a\/08\/49\/03.jpg","http:\/\/mm.howkuai.com\/wp-content\/uploads\/2014a\/08\/49\/04.jpg","http:\/\/mm.howkuai.com\/wp-content\/uploads\/2014a\/08\/49\/05.jpg","http:\/\/mm.howkuai.com\/wp-content\/uploads\/2014a\/08\/49\/06.jpg","http:\/\/mm.howkuai.com\/wp-content\/uploads\/2014a\/08\/49\/07.jpg"]},{"plaintext":"\u6e05\u7eaf\u9ebb\u8c46\uff0c\u7a97\u5916\u7684\u7ec6\u8bed\uff0c\u8f7b\u8f7b\u5524\u9192\u505a\u68a6\u7684\u4f60","href":"http:\/\/www.meizitu.com\/a\/4430.html","pic_list":["http:\/\/mm.howkuai.com\/wp-content\/uploads\/2014a\/08\/44\/01.jpg","http:\/\/mm.howkuai.com\/wp-content\/uploads\/2014a\/08\/44\/02.jpg","http:\/\/mm.howkuai.com\/wp-content\/uploads\/2014a\/08\/44\/03.jpg","http:\/\/mm.howkuai.com\/wp-content\/uploads\/2014a\/08\/44\/04.jpg","http:\/\/mm.howkuai.com\/wp-content\/uploads\/2014a\/08\/44\/05.jpg","http:\/\/mm.howkuai.com\/wp-content\/uploads\/2014a\/08\/44\/06.jpg","http:\/\/mm.howkuai.com\/wp-content\/uploads\/2014a\/08\/44\/07.jpg","http:\/\/mm.howkuai.com\/wp-content\/uploads\/2014a\/08\/44\/08.jpg","http:\/\/mm.howkuai.com\/wp-content\/uploads\/2014a\/08\/44\/09.jpg","http:\/\/mm.howkuai.com\/wp-content\/uploads\/2014a\/08\/44\/10.jpg"]},{"plaintext":"\u6f02\u4eae\u7684\u8001\u677f\u5a18\uff0c\u77ed\u53d1\u6f14\u7ece\u4e0d\u4e00\u822c\u7684\u5fc3\u52a8","href":"http:\/\/www.meizitu.com\/a\/4424.html","pic_list":["http:\/\/mm.howkuai.com\/wp-content\/uploads\/2014a\/08\/38\/01.jpg","http:\/\/mm.howkuai.com\/wp-content\/uploads\/2014a\/08\/38\/02.jpg","http:\/\/mm.howkuai.com\/wp-content\/uploads\/2014a\/08\/38\/03.jpg","http:\/\/mm.howkuai.com\/wp-content\/uploads\/2014a\/08\/38\/04.jpg","http:\/\/mm.howkuai.com\/wp-content\/uploads\/2014a\/08\/38\/05.jpg","http:\/\/mm.howkuai.com\/wp-content\/uploads\/2014a\/08\/38\/06.jpg","http:\/\/mm.howkuai.com\/wp-content\/uploads\/2014a\/08\/38\/07.jpg"]},{"plaintext":"\u590f\u5929\u7684\u98ce\uff0c\u4f9d\u7136\u8ba9\u4eba\u61d2\u61d2\u4e0d\u60f3\u52a8","href":"http:\/\/www.meizitu.com\/a\/4422.html","pic_list":["http:\/\/mm.howkuai.com\/wp-content\/uploads\/2014a\/08\/36\/01.jpg","http:\/\/mm.howkuai.com\/wp-content\/uploads\/2014a\/08\/36\/02.jpg","http:\/\/mm.howkuai.com\/wp-content\/uploads\/2014a\/08\/36\/03.jpg","http:\/\/mm.howkuai.com\/wp-content\/uploads\/2014a\/08\/36\/04.jpg","http:\/\/mm.howkuai.com\/wp-content\/uploads\/2014a\/08\/36\/05.jpg","http:\/\/mm.howkuai.com\/wp-content\/uploads\/2014a\/08\/36\/06.jpg"]},{"plaintext":"\u6027\u611f\u6a31\u6843\u5c0f\u5634\u7f8e\u5973\u9752\u6625\u6d3b\u529b\u5341\u8db3","href":"http:\/\/www.meizitu.com\/a\/4417.html","pic_list":["http:\/\/mm.howkuai.com\/wp-content\/uploads\/2014a\/08\/31\/01.jpg","http:\/\/mm.howkuai.com\/wp-content\/uploads\/2014a\/08\/31\/02.jpg","http:\/\/mm.howkuai.com\/wp-content\/uploads\/2014a\/08\/31\/03.jpg","http:\/\/mm.howkuai.com\/wp-content\/uploads\/2014a\/08\/31\/04.jpg","http:\/\/mm.howkuai.com\/wp-content\/uploads\/2014a\/08\/31\/05.jpg","http:\/\/mm.howkuai.com\/wp-content\/uploads\/2014a\/08\/31\/06.jpg"]},{"plaintext":"2014chinajoy\u5b85\u7537\u798f\u5229\uff0c\u6e05\u7eaf\u59b9\u5b50\u6b23\u8d4f","href":"http:\/\/www.meizitu.com\/a\/4413.html","pic_list":["http:\/\/mm.howkuai.com\/wp-content\/uploads\/2014a\/08\/27\/01.jpg","http:\/\/mm.howkuai.com\/wp-content\/uploads\/2014a\/08\/27\/02.jpg","http:\/\/mm.howkuai.com\/wp-content\/uploads\/2014a\/08\/27\/03.jpg","http:\/\/mm.howkuai.com\/wp-content\/uploads\/2014a\/08\/27\/04.jpg","http:\/\/mm.howkuai.com\/wp-content\/uploads\/2014a\/08\/27\/05.jpg","http:\/\/mm.howkuai.com\/wp-content\/uploads\/2014a\/08\/27\/06.jpg","http:\/\/mm.howkuai.com\/wp-content\/uploads\/2014a\/08\/27\/07.jpg","http:\/\/mm.howkuai.com\/wp-content\/uploads\/2014a\/08\/27\/08.jpg","http:\/\/mm.howkuai.com\/wp-content\/uploads\/2014a\/08\/27\/09.jpg","http:\/\/mm.howkuai.com\/wp-content\/uploads\/2014a\/08\/27\/10.jpg","http:\/\/mm.howkuai.com\/wp-content\/uploads\/2014a\/08\/27\/11.jpg","http:\/\/mm.howkuai.com\/wp-content\/uploads\/2014a\/08\/27\/12.jpg"]},{"plaintext":"\u590f\u672b\u65f6\u5206\uff0c\u6e05\u7eaf\u77ed\u53d1\u59b9\u7eb8\u6cf3\u6c60\u4e2d\u6c34\u4e73\u4ea4\u878d","href":"http:\/\/www.meizitu.com\/a\/4412.html","pic_list":["http:\/\/mm.howkuai.com\/wp-content\/uploads\/2014a\/08\/26\/01.jpg","http:\/\/mm.howkuai.com\/wp-content\/uploads\/2014a\/08\/26\/02.jpg","http:\/\/mm.howkuai.com\/wp-content\/uploads\/2014a\/08\/26\/03.jpg","http:\/\/mm.howkuai.com\/wp-content\/uploads\/2014a\/08\/26\/04.jpg","http:\/\/mm.howkuai.com\/wp-content\/uploads\/2014a\/08\/26\/05.jpg","http:\/\/mm.howkuai.com\/wp-content\/uploads\/2014a\/08\/26\/06.jpg","http:\/\/mm.howkuai.com\/wp-content\/uploads\/2014a\/08\/26\/07.jpg","http:\/\/mm.howkuai.com\/wp-content\/uploads\/2014a\/08\/26\/08.jpg"]},{"plaintext":"\u5a07\u5c0f\u73b2\u73d190\u4faf\u840c\u59b9\u5b50\uff0c\u8eab\u8f7b\u5982\u71d5\u3002\u5f31\u67f3\u6276\u98ce\u3002","href":"http:\/\/www.meizitu.com\/a\/4407.html","pic_list":["http:\/\/mm.howkuai.com\/wp-content\/uploads\/2014a\/08\/21\/01.jpg","http:\/\/mm.howkuai.com\/wp-content\/uploads\/2014a\/08\/21\/02.jpg","http:\/\/mm.howkuai.com\/wp-content\/uploads\/2014a\/08\/21\/03.jpg","http:\/\/mm.howkuai.com\/wp-content\/uploads\/2014a\/08\/21\/04.jpg","http:\/\/mm.howkuai.com\/wp-content\/uploads\/2014a\/08\/21\/05.jpg","http:\/\/mm.howkuai.com\/wp-content\/uploads\/2014a\/08\/21\/06.jpg"]},{"plaintext":"\u6bcf\u4e00\u4e2a\u7f8e\u8273\u7edd\u4f26\uff0c\u8ba9\u4eba\u5fc3\u52a8\u7684\u6e05\u7eaf\u7f8e\u5973\u4eec","href":"http:\/\/www.meizitu.com\/a\/4401.html","pic_list":["http:\/\/mm.howkuai.com\/wp-content\/uploads\/2014a\/08\/15\/01.jpg","http:\/\/mm.howkuai.com\/wp-content\/uploads\/2014a\/08\/15\/02.jpg","http:\/\/mm.howkuai.com\/wp-content\/uploads\/2014a\/08\/15\/03.jpg","http:\/\/mm.howkuai.com\/wp-content\/uploads\/2014a\/08\/15\/04.jpg","http:\/\/mm.howkuai.com\/wp-content\/uploads\/2014a\/08\/15\/05.jpg","http:\/\/mm.howkuai.com\/wp-content\/uploads\/2014a\/08\/15\/06.jpg","http:\/\/mm.howkuai.com\/wp-content\/uploads\/2014a\/08\/15\/07.jpg","http:\/\/mm.howkuai.com\/wp-content\/uploads\/2014a\/08\/15\/08.jpg","http:\/\/mm.howkuai.com\/wp-content\/uploads\/2014a\/08\/15\/09.jpg","http:\/\/mm.howkuai.com\/wp-content\/uploads\/2014a\/08\/15\/10.jpg"]},{"plaintext":"\u5b85\u5973\u7231\u8bfb\u4e66\uff0c\u53f0\u6e7e\u7f8e\u5973\u6797\u91c7\u7f07","href":"http:\/\/www.meizitu.com\/a\/4400.html","pic_list":["http:\/\/mm.howkuai.com\/wp-content\/uploads\/2014a\/08\/14\/01.jpg","http:\/\/mm.howkuai.com\/wp-content\/uploads\/2014a\/08\/14\/02.jpg","http:\/\/mm.howkuai.com\/wp-content\/uploads\/2014a\/08\/14\/03.jpg","http:\/\/mm.howkuai.com\/wp-content\/uploads\/2014a\/08\/14\/04.jpg","http:\/\/mm.howkuai.com\/wp-content\/uploads\/2014a\/08\/14\/05.jpg","http:\/\/mm.howkuai.com\/wp-content\/uploads\/2014a\/08\/14\/06.jpg"]},{"plaintext":"\u4e30\u6ee1\u7684\u9633\u5149\u6b63\u59b9\uff0c\u8ff7\u4eba\u773c\u795e\u64a9\u4eba\u5fc3\u6000","href":"http:\/\/www.meizitu.com\/a\/4399.html","pic_list":["http:\/\/mm.howkuai.com\/wp-content\/uploads\/2014a\/08\/13\/01.jpg","http:\/\/mm.howkuai.com\/wp-content\/uploads\/2014a\/08\/13\/02.jpg","http:\/\/mm.howkuai.com\/wp-content\/uploads\/2014a\/08\/13\/03.jpg","http:\/\/mm.howkuai.com\/wp-content\/uploads\/2014a\/08\/13\/04.jpg","http:\/\/mm.howkuai.com\/wp-content\/uploads\/2014a\/08\/13\/05.jpg","http:\/\/mm.howkuai.com\/wp-content\/uploads\/2014a\/08\/13\/06.jpg"]},{"plaintext":"\u606c\u9759\u5927\u773c\u775b\u7f8e\u5973Miki\u751f\u6d3b\u7167","href":"http:\/\/www.meizitu.com\/a\/4398.html","pic_list":["http:\/\/mm.howkuai.com\/wp-content\/uploads\/2014a\/08\/12\/01.jpg","http:\/\/mm.howkuai.com\/wp-content\/uploads\/2014a\/08\/12\/02.jpg","http:\/\/mm.howkuai.com\/wp-content\/uploads\/2014a\/08\/12\/03.jpg","http:\/\/mm.howkuai.com\/wp-content\/uploads\/2014a\/08\/12\/04.jpg","http:\/\/mm.howkuai.com\/wp-content\/uploads\/2014a\/08\/12\/05.jpg","http:\/\/mm.howkuai.com\/wp-content\/uploads\/2014a\/08\/12\/06.jpg","http:\/\/mm.howkuai.com\/wp-content\/uploads\/2014a\/08\/12\/07.jpg"]},{"plaintext":"\u90a3\u4e9b\u6e05\u7eaf\u7684\u517b\u773c\u7f8e\u5973\u56fe\u7247\uff08\u516b\uff09","href":"http:\/\/www.meizitu.com\/a\/4396.html","pic_list":["http:\/\/mm.howkuai.com\/wp-content\/uploads\/2014a\/08\/10\/01.jpg","http:\/\/mm.howkuai.com\/wp-content\/uploads\/2014a\/08\/10\/02.jpg","http:\/\/mm.howkuai.com\/wp-content\/uploads\/2014a\/08\/10\/03.jpg","http:\/\/mm.howkuai.com\/wp-content\/uploads\/2014a\/08\/10\/04.jpg","http:\/\/mm.howkuai.com\/wp-content\/uploads\/2014a\/08\/10\/05.jpg","http:\/\/mm.howkuai.com\/wp-content\/uploads\/2014a\/08\/10\/06.jpg","http:\/\/mm.howkuai.com\/wp-content\/uploads\/2014a\/08\/10\/07.jpg","http:\/\/mm.howkuai.com\/wp-content\/uploads\/2014a\/08\/10\/08.jpg","http:\/\/mm.howkuai.com\/wp-content\/uploads\/2014a\/08\/10\/09.jpg","http:\/\/mm.howkuai.com\/wp-content\/uploads\/2014a\/08\/10\/10.jpg","http:\/\/mm.howkuai.com\/wp-content\/uploads\/2014a\/08\/10\/11.jpg","http:\/\/mm.howkuai.com\/wp-content\/uploads\/2014a\/08\/10\/12.jpg"]},{"plaintext":"\u5404\u79cd\u6e05\u7eaf\u59b9\u7eb8\uff0c2014\u5e74CJ\u968f\u624b\u62cd","href":"http:\/\/www.meizitu.com\/a\/4395.html","pic_list":["http:\/\/mm.howkuai.com\/wp-content\/uploads\/2014a\/08\/09\/01.jpg","http:\/\/mm.howkuai.com\/wp-content\/uploads\/2014a\/08\/09\/02.jpg","http:\/\/mm.howkuai.com\/wp-content\/uploads\/2014a\/08\/09\/03.jpg","http:\/\/mm.howkuai.com\/wp-content\/uploads\/2014a\/08\/09\/04.jpg","http:\/\/mm.howkuai.com\/wp-content\/uploads\/2014a\/08\/09\/05.jpg","http:\/\/mm.howkuai.com\/wp-content\/uploads\/2014a\/08\/09\/06.jpg","http:\/\/mm.howkuai.com\/wp-content\/uploads\/2014a\/08\/09\/07.jpg","http:\/\/mm.howkuai.com\/wp-content\/uploads\/2014a\/08\/09\/08.jpg"]},{"plaintext":"\u6e05\u7eaf\u5982\u6c34\u5c0f\u7f8e\u5973\u8d85\u4f1a\u626e\u840c","href":"http:\/\/www.meizitu.com\/a\/4393.html","pic_list":["http:\/\/mm.howkuai.com\/wp-content\/uploads\/2014a\/08\/07\/01.jpg","http:\/\/mm.howkuai.com\/wp-content\/uploads\/2014a\/08\/07\/02.jpg","http:\/\/mm.howkuai.com\/wp-content\/uploads\/2014a\/08\/07\/03.jpg","http:\/\/mm.howkuai.com\/wp-content\/uploads\/2014a\/08\/07\/04.jpg","http:\/\/mm.howkuai.com\/wp-content\/uploads\/2014a\/08\/07\/05.jpg","http:\/\/mm.howkuai.com\/wp-content\/uploads\/2014a\/08\/07\/06.jpg"]},{"plaintext":"\u7f8e\u4e3d\u7684\u7011\u5e03\uff0c\u7edd\u4ee3\u6709\u4f73\u4eba\u5e7d\u5c45\u5728\u7a7a\u8c37","href":"http:\/\/www.meizitu.com\/a\/4392.html","pic_list":["http:\/\/mm.howkuai.com\/wp-content\/uploads\/2014a\/08\/06\/01.jpg","http:\/\/mm.howkuai.com\/wp-content\/uploads\/2014a\/08\/06\/02.jpg","http:\/\/mm.howkuai.com\/wp-content\/uploads\/2014a\/08\/06\/03.jpg","http:\/\/mm.howkuai.com\/wp-content\/uploads\/2014a\/08\/06\/04.jpg","http:\/\/mm.howkuai.com\/wp-content\/uploads\/2014a\/08\/06\/05.jpg","http:\/\/mm.howkuai.com\/wp-content\/uploads\/2014a\/08\/06\/06.jpg"]},{"plaintext":"\u5b85\u7537\u6700\u7231\uff0c2014 chinajoy \u91cc\u7684\u59b9\u5b50\uff08\u7b2c\u4e8c\u6ce2\uff09","href":"http:\/\/www.meizitu.com\/a\/4390.html","pic_list":["http:\/\/mm.howkuai.com\/wp-content\/uploads\/2014a\/08\/04\/01.jpg","http:\/\/mm.howkuai.com\/wp-content\/uploads\/2014a\/08\/04\/02.jpg","http:\/\/mm.howkuai.com\/wp-content\/uploads\/2014a\/08\/04\/03.jpg","http:\/\/mm.howkuai.com\/wp-content\/uploads\/2014a\/08\/04\/04.jpg","http:\/\/mm.howkuai.com\/wp-content\/uploads\/2014a\/08\/04\/05.jpg","http:\/\/mm.howkuai.com\/wp-content\/uploads\/2014a\/08\/04\/06.jpg","http:\/\/mm.howkuai.com\/wp-content\/uploads\/2014a\/08\/04\/07.jpg","http:\/\/mm.howkuai.com\/wp-content\/uploads\/2014a\/08\/04\/08.jpg","http:\/\/mm.howkuai.com\/wp-content\/uploads\/2014a\/08\/04\/09.jpg"]},{"plaintext":"\u7231\u8df3\u821e\u3001\u7231\u5403\u4e1c\u897f\u7684\u5b66\u751f\u59b9\u5b50\u6881\u7f18\u540c\u5b66","href":"http:\/\/www.meizitu.com\/a\/4387.html","pic_list":["http:\/\/mm.howkuai.com\/wp-content\/uploads\/2014a\/08\/01\/01.jpg","http:\/\/mm.howkuai.com\/wp-content\/uploads\/2014a\/08\/01\/02.jpg","http:\/\/mm.howkuai.com\/wp-content\/uploads\/2014a\/08\/01\/03.jpg","http:\/\/mm.howkuai.com\/wp-content\/uploads\/2014a\/08\/01\/04.jpg","http:\/\/mm.howkuai.com\/wp-content\/uploads\/2014a\/08\/01\/05.jpg"]},{"plaintext":"\u81ea\u4e60\u5ba4\u91cc\u7684\u6e05\u7eaf\u59b9\u7eb8\uff0c\u8ba4\u771f\u7684\u6a21\u6837\u6700\u9189\u4eba","href":"http:\/\/www.meizitu.com\/a\/4382.html","pic_list":["http:\/\/mm.howkuai.com\/wp-content\/uploads\/2014a\/07\/67\/01.jpg","http:\/\/mm.howkuai.com\/wp-content\/uploads\/2014a\/07\/67\/02.jpg","http:\/\/mm.howkuai.com\/wp-content\/uploads\/2014a\/07\/67\/03.jpg","http:\/\/mm.howkuai.com\/wp-content\/uploads\/2014a\/07\/67\/04.jpg","http:\/\/mm.howkuai.com\/wp-content\/uploads\/2014a\/07\/67\/05.jpg","http:\/\/mm.howkuai.com\/wp-content\/uploads\/2014a\/07\/67\/06.jpg"]},{"plaintext":"\u90a3\u4e9b\u6e05\u7eaf\u7684\u517b\u773c\u7f8e\u5973\u56fe\u7247\uff08\u4e03\uff09","href":"http:\/\/www.meizitu.com\/a\/4378.html","pic_list":["http:\/\/mm.howkuai.com\/wp-content\/uploads\/2014a\/07\/63\/01.jpg","http:\/\/mm.howkuai.com\/wp-content\/uploads\/2014a\/07\/63\/02.jpg","http:\/\/mm.howkuai.com\/wp-content\/uploads\/2014a\/07\/63\/03.jpg","http:\/\/mm.howkuai.com\/wp-content\/uploads\/2014a\/07\/63\/04.jpg","http:\/\/mm.howkuai.com\/wp-content\/uploads\/2014a\/07\/63\/05.jpg","http:\/\/mm.howkuai.com\/wp-content\/uploads\/2014a\/07\/63\/06.jpg","http:\/\/mm.howkuai.com\/wp-content\/uploads\/2014a\/07\/63\/07.jpg","http:\/\/mm.howkuai.com\/wp-content\/uploads\/2014a\/07\/63\/08.jpg","http:\/\/mm.howkuai.com\/wp-content\/uploads\/2014a\/07\/63\/09.jpg","http:\/\/mm.howkuai.com\/wp-content\/uploads\/2014a\/07\/63\/10.jpg"]},{"plaintext":"\u6bcf\u4e00\u4e2a\u73b0\u5728\u7f8e\u4e3d\u77ac\u95f4\uff0c\u90fd\u662f\u6211\u4eec\u4ee5\u540e\u7684\u8bb0\u5fc6","href":"http:\/\/www.meizitu.com\/a\/4377.html","pic_list":["http:\/\/mm.howkuai.com\/wp-content\/uploads\/2014a\/07\/62\/01.jpg","http:\/\/mm.howkuai.com\/wp-content\/uploads\/2014a\/07\/62\/02.jpg","http:\/\/mm.howkuai.com\/wp-content\/uploads\/2014a\/07\/62\/03.jpg","http:\/\/mm.howkuai.com\/wp-content\/uploads\/2014a\/07\/62\/04.jpg","http:\/\/mm.howkuai.com\/wp-content\/uploads\/2014a\/07\/62\/05.jpg","http:\/\/mm.howkuai.com\/wp-content\/uploads\/2014a\/07\/62\/06.jpg"]},{"plaintext":"\u5982\u540c\u7ae5\u8bdd\u91cc\u7684\u4ed9\u5973\uff0c\u5206\u4eab\u7684\u5f7c\u6b64\u6700\u73cd\u8d35\u7684\u9752\u6625","href":"http:\/\/www.meizitu.com\/a\/4374.html","pic_list":["http:\/\/mm.howkuai.com\/wp-content\/uploads\/2014a\/07\/59\/01.jpg","http:\/\/mm.howkuai.com\/wp-content\/uploads\/2014a\/07\/59\/02.jpg","http:\/\/mm.howkuai.com\/wp-content\/uploads\/2014a\/07\/59\/03.jpg","http:\/\/mm.howkuai.com\/wp-content\/uploads\/2014a\/07\/59\/04.jpg","http:\/\/mm.howkuai.com\/wp-content\/uploads\/2014a\/07\/59\/05.jpg","http:\/\/mm.howkuai.com\/wp-content\/uploads\/2014a\/07\/59\/06.jpg","http:\/\/mm.howkuai.com\/wp-content\/uploads\/2014a\/07\/59\/07.jpg"]},{"plaintext":"\u54c8\u8428\u514b\u65af\u5766\u957f\u817f\u6392\u7403\u840c\u59b9\u5b50\uff0c\u7eaf\u60c5\u773c\u795e\u8ff7\u5012\u4f17\u751f","href":"http:\/\/www.meizitu.com\/a\/4373.html","pic_list":["http:\/\/mm.howkuai.com\/wp-content\/uploads\/2014a\/07\/58\/01.jpg","http:\/\/mm.howkuai.com\/wp-content\/uploads\/2014a\/07\/58\/02.jpg","http:\/\/mm.howkuai.com\/wp-content\/uploads\/2014a\/07\/58\/03.jpg","http:\/\/mm.howkuai.com\/wp-content\/uploads\/2014a\/07\/58\/04.jpg","http:\/\/mm.howkuai.com\/wp-content\/uploads\/2014a\/07\/58\/05.jpg","http:\/\/mm.howkuai.com\/wp-content\/uploads\/2014a\/07\/58\/06.jpg","http:\/\/mm.howkuai.com\/wp-content\/uploads\/2014a\/07\/58\/07.jpg"]},{"plaintext":"\u795d\u59b9\u5b50\u524d\u7a0b\u4f3c\u9526\uff0c\u540d\u6a21\u738b\u7199\u7136\u6bd5\u4e1a\u7167","href":"http:\/\/www.meizitu.com\/a\/4372.html","pic_list":["http:\/\/mm.howkuai.com\/wp-content\/uploads\/2014a\/07\/57\/01.jpg","http:\/\/mm.howkuai.com\/wp-content\/uploads\/2014a\/07\/57\/02.jpg","http:\/\/mm.howkuai.com\/wp-content\/uploads\/2014a\/07\/57\/03.jpg","http:\/\/mm.howkuai.com\/wp-content\/uploads\/2014a\/07\/57\/04.jpg","http:\/\/mm.howkuai.com\/wp-content\/uploads\/2014a\/07\/57\/05.jpg","http:\/\/mm.howkuai.com\/wp-content\/uploads\/2014a\/07\/57\/06.jpg","http:\/\/mm.howkuai.com\/wp-content\/uploads\/2014a\/07\/57\/07.jpg","http:\/\/mm.howkuai.com\/wp-content\/uploads\/2014a\/07\/57\/08.jpg"]},{"plaintext":"\u773c\u775b\u592a\u6e05\u6f88\uff0c\uff3b\u6c34\u4ed9\u59d1\u5a18\uff3d\u6d74\u7f38\u4e2d\u68a6\u5e7b\u5199\u771f","href":"http:\/\/www.meizitu.com\/a\/4371.html","pic_list":["http:\/\/mm.howkuai.com\/wp-content\/uploads\/2014a\/07\/56\/01.jpg","http:\/\/mm.howkuai.com\/wp-content\/uploads\/2014a\/07\/56\/02.jpg","http:\/\/mm.howkuai.com\/wp-content\/uploads\/2014a\/07\/56\/03.jpg","http:\/\/mm.howkuai.com\/wp-content\/uploads\/2014a\/07\/56\/04.jpg","http:\/\/mm.howkuai.com\/wp-content\/uploads\/2014a\/07\/56\/05.jpg","http:\/\/mm.howkuai.com\/wp-content\/uploads\/2014a\/07\/56\/06.jpg","http:\/\/mm.howkuai.com\/wp-content\/uploads\/2014a\/07\/56\/07.jpg"]},{"plaintext":"\u4e0a\u6d77\u53ef\u7231\u840c\u59b9\u5b50\uff0c\u5706\u6846\u9ed1\u773c\u955c\u53cc\u76ee\u6f84\u6f88","href":"http:\/\/www.meizitu.com\/a\/4366.html","pic_list":["http:\/\/mm.howkuai.com\/wp-content\/uploads\/2014a\/07\/51\/01.jpg","http:\/\/mm.howkuai.com\/wp-content\/uploads\/2014a\/07\/51\/02.jpg","http:\/\/mm.howkuai.com\/wp-content\/uploads\/2014a\/07\/51\/03.jpg","http:\/\/mm.howkuai.com\/wp-content\/uploads\/2014a\/07\/51\/04.jpg","http:\/\/mm.howkuai.com\/wp-content\/uploads\/2014a\/07\/51\/05.jpg","http:\/\/mm.howkuai.com\/wp-content\/uploads\/2014a\/07\/51\/06.jpg"]},{"plaintext":"\u6e05\u65b0\u77e5\u6027\u59b9\u7eb8\u6d77\u8fb9\u7167\u7247\uff0c\u590f\u65e5\u60a0\u6e38","href":"http:\/\/www.meizitu.com\/a\/4362.html","pic_list":["http:\/\/mm.howkuai.com\/wp-content\/uploads\/2014a\/07\/47\/01.jpg","http:\/\/mm.howkuai.com\/wp-content\/uploads\/2014a\/07\/47\/02.jpg","http:\/\/mm.howkuai.com\/wp-content\/uploads\/2014a\/07\/47\/03.jpg","http:\/\/mm.howkuai.com\/wp-content\/uploads\/2014a\/07\/47\/04.jpg","http:\/\/mm.howkuai.com\/wp-content\/uploads\/2014a\/07\/47\/05.jpg","http:\/\/mm.howkuai.com\/wp-content\/uploads\/2014a\/07\/47\/06.jpg","http:\/\/mm.howkuai.com\/wp-content\/uploads\/2014a\/07\/47\/07.jpg"]},{"plaintext":"\u590f\u5929\u7684\u5c0f\u9662\u548c\u897f\u74dc\uff0c\u6e05\u7eaf\u59b9\u5b50\u7231\u626e\u840c","href":"http:\/\/www.meizitu.com\/a\/4350.html","pic_list":["http:\/\/mm.howkuai.com\/wp-content\/uploads\/2014a\/07\/35\/01.jpg","http:\/\/mm.howkuai.com\/wp-content\/uploads\/2014a\/07\/35\/02.jpg","http:\/\/mm.howkuai.com\/wp-content\/uploads\/2014a\/07\/35\/03.jpg","http:\/\/mm.howkuai.com\/wp-content\/uploads\/2014a\/07\/35\/04.jpg","http:\/\/mm.howkuai.com\/wp-content\/uploads\/2014a\/07\/35\/05.jpg","http:\/\/mm.howkuai.com\/wp-content\/uploads\/2014a\/07\/35\/06.jpg","http:\/\/mm.howkuai.com\/wp-content\/uploads\/2014a\/07\/35\/07.jpg","http:\/\/mm.howkuai.com\/wp-content\/uploads\/2014a\/07\/35\/08.jpg"]}]