[{"plaintext":"\u65e5\u7cfb\u98ce\uff0c\u5947\u5947\u306e\u6cf3\u6c60\u5199\u771f\u96c6","href":"http:\/\/www.meizitu.com\/a\/5205.html","pic_list":["http:\/\/mm.howkuai.com\/wp-content\/uploads\/2015a\/10\/36\/01.jpg","http:\/\/mm.howkuai.com\/wp-content\/uploads\/2015a\/10\/36\/02.jpg","http:\/\/mm.howkuai.com\/wp-content\/uploads\/2015a\/10\/36\/03.jpg","http:\/\/mm.howkuai.com\/wp-content\/uploads\/2015a\/10\/36\/04.jpg","http:\/\/mm.howkuai.com\/wp-content\/uploads\/2015a\/10\/36\/05.jpg","http:\/\/mm.howkuai.com\/wp-content\/uploads\/2015a\/10\/36\/06.jpg","http:\/\/mm.howkuai.com\/wp-content\/uploads\/2015a\/10\/36\/07.jpg","http:\/\/mm.howkuai.com\/wp-content\/uploads\/2015a\/10\/36\/08.jpg","http:\/\/mm.howkuai.com\/wp-content\/uploads\/2015a\/10\/36\/09.jpg","http:\/\/mm.howkuai.com\/wp-content\/uploads\/2015a\/10\/36\/10.jpg"]},{"plaintext":"\u770b\u5230\u4f60\u5c31\u9633\u5149\u707f\u70c2\uff0c\u840c\u59b9\u5b50\u5356\u840c\u8bb0","href":"http:\/\/www.meizitu.com\/a\/5189.html","pic_list":["http:\/\/mm.howkuai.com\/wp-content\/uploads\/2015a\/10\/20\/01.jpg","http:\/\/mm.howkuai.com\/wp-content\/uploads\/2015a\/10\/20\/02.jpg","http:\/\/mm.howkuai.com\/wp-content\/uploads\/2015a\/10\/20\/03.jpg","http:\/\/mm.howkuai.com\/wp-content\/uploads\/2015a\/10\/20\/04.jpg","http:\/\/mm.howkuai.com\/wp-content\/uploads\/2015a\/10\/20\/05.jpg","http:\/\/mm.howkuai.com\/wp-content\/uploads\/2015a\/10\/20\/06.jpg","http:\/\/mm.howkuai.com\/wp-content\/uploads\/2015a\/10\/20\/07.jpg","http:\/\/mm.howkuai.com\/wp-content\/uploads\/2015a\/10\/20\/08.jpg"]},{"plaintext":"\u989c\u503c\u9ad8,\u8eab\u6750\u59e3\u597d\u7684\u59b9\u5b50\u8ff7\u4eba\u7684\u5fae\u7b11","href":"http:\/\/www.meizitu.com\/a\/5187.html","pic_list":["http:\/\/mm.howkuai.com\/wp-content\/uploads\/2015a\/10\/18\/01.jpg","http:\/\/mm.howkuai.com\/wp-content\/uploads\/2015a\/10\/18\/02.jpg","http:\/\/mm.howkuai.com\/wp-content\/uploads\/2015a\/10\/18\/03.jpg","http:\/\/mm.howkuai.com\/wp-content\/uploads\/2015a\/10\/18\/04.jpg","http:\/\/mm.howkuai.com\/wp-content\/uploads\/2015a\/10\/18\/05.jpg","http:\/\/mm.howkuai.com\/wp-content\/uploads\/2015a\/10\/18\/06.jpg","http:\/\/mm.howkuai.com\/wp-content\/uploads\/2015a\/10\/18\/07.jpg"]},{"plaintext":"\u6821\u56ed\u91cc\u7684\u957f\u817f\u8f6f\u59b9\u5b50\u4e00\u679a","href":"http:\/\/www.meizitu.com\/a\/5184.html","pic_list":["http:\/\/mm.howkuai.com\/wp-content\/uploads\/2015a\/10\/15\/01.jpg","http:\/\/mm.howkuai.com\/wp-content\/uploads\/2015a\/10\/15\/02.jpg","http:\/\/mm.howkuai.com\/wp-content\/uploads\/2015a\/10\/15\/03.jpg","http:\/\/mm.howkuai.com\/wp-content\/uploads\/2015a\/10\/15\/04.jpg","http:\/\/mm.howkuai.com\/wp-content\/uploads\/2015a\/10\/15\/05.jpg","http:\/\/mm.howkuai.com\/wp-content\/uploads\/2015a\/10\/15\/06.jpg","http:\/\/mm.howkuai.com\/wp-content\/uploads\/2015a\/10\/15\/07.jpg","http:\/\/mm.howkuai.com\/wp-content\/uploads\/2015a\/10\/15\/08.jpg","http:\/\/mm.howkuai.com\/wp-content\/uploads\/2015a\/10\/15\/09.jpg"]},{"plaintext":"\u64cd\u573a\u4e0a\u7684\u53ef\u7231\u957f\u53d1\u5c0f\u732b\u54aa","href":"http:\/\/www.meizitu.com\/a\/5172.html","pic_list":["http:\/\/mm.howkuai.com\/wp-content\/uploads\/2015a\/10\/03\/01.jpg","http:\/\/mm.howkuai.com\/wp-content\/uploads\/2015a\/10\/03\/02.jpg","http:\/\/mm.howkuai.com\/wp-content\/uploads\/2015a\/10\/03\/03.jpg","http:\/\/mm.howkuai.com\/wp-content\/uploads\/2015a\/10\/03\/04.jpg","http:\/\/mm.howkuai.com\/wp-content\/uploads\/2015a\/10\/03\/05.jpg","http:\/\/mm.howkuai.com\/wp-content\/uploads\/2015a\/10\/03\/06.jpg"]},{"plaintext":"\u5929\u53f0\u30fb18\u5c81\u7684\u7d20\u989c\u5c11\u5973\u732b\u5b50","href":"http:\/\/www.meizitu.com\/a\/5155.html","pic_list":["http:\/\/mm.howkuai.com\/wp-content\/uploads\/2015a\/09\/22\/01.jpg","http:\/\/mm.howkuai.com\/wp-content\/uploads\/2015a\/09\/22\/02.jpg","http:\/\/mm.howkuai.com\/wp-content\/uploads\/2015a\/09\/22\/03.jpg","http:\/\/mm.howkuai.com\/wp-content\/uploads\/2015a\/09\/22\/04.jpg","http:\/\/mm.howkuai.com\/wp-content\/uploads\/2015a\/09\/22\/05.jpg","http:\/\/mm.howkuai.com\/wp-content\/uploads\/2015a\/09\/22\/06.jpg"]},{"plaintext":"\u9633\u5149\u53ef\u7231\u59b9\u7eb8\u8d75\u5df2\u6668\u6d77\u8fb9\u620f\u6c34","href":"http:\/\/www.meizitu.com\/a\/5129.html","pic_list":["http:\/\/mm.howkuai.com\/wp-content\/uploads\/2015a\/08\/34\/01.jpg","http:\/\/mm.howkuai.com\/wp-content\/uploads\/2015a\/08\/34\/02.jpg","http:\/\/mm.howkuai.com\/wp-content\/uploads\/2015a\/08\/34\/03.jpg","http:\/\/mm.howkuai.com\/wp-content\/uploads\/2015a\/08\/34\/04.jpg","http:\/\/mm.howkuai.com\/wp-content\/uploads\/2015a\/08\/34\/05.jpg","http:\/\/mm.howkuai.com\/wp-content\/uploads\/2015a\/08\/34\/06.jpg","http:\/\/mm.howkuai.com\/wp-content\/uploads\/2015a\/08\/34\/07.jpg","http:\/\/mm.howkuai.com\/wp-content\/uploads\/2015a\/08\/34\/08.jpg"]},{"plaintext":"\u7ea4\u7ea4\u7389\u624b\u624b\u53ef\u751f\u82b1\u30fb\u6000\u6625\u5c11\u5973\u7684\u68a6","href":"http:\/\/www.meizitu.com\/a\/5127.html","pic_list":["http:\/\/mm.howkuai.com\/wp-content\/uploads\/2015a\/08\/32\/01.jpg","http:\/\/mm.howkuai.com\/wp-content\/uploads\/2015a\/08\/32\/02.jpg","http:\/\/mm.howkuai.com\/wp-content\/uploads\/2015a\/08\/32\/03.jpg","http:\/\/mm.howkuai.com\/wp-content\/uploads\/2015a\/08\/32\/04.jpg","http:\/\/mm.howkuai.com\/wp-content\/uploads\/2015a\/08\/32\/05.jpg","http:\/\/mm.howkuai.com\/wp-content\/uploads\/2015a\/08\/32\/06.jpg","http:\/\/mm.howkuai.com\/wp-content\/uploads\/2015a\/08\/32\/07.jpg"]},{"plaintext":"2015 China Joy \u4e0a\u7684\u53ef\u7231\u59b9\u5b50","href":"http:\/\/www.meizitu.com\/a\/5108.html","pic_list":["http:\/\/mm.howkuai.com\/wp-content\/uploads\/2015a\/08\/13\/01.jpg","http:\/\/mm.howkuai.com\/wp-content\/uploads\/2015a\/08\/13\/02.jpg","http:\/\/mm.howkuai.com\/wp-content\/uploads\/2015a\/08\/13\/03.jpg","http:\/\/mm.howkuai.com\/wp-content\/uploads\/2015a\/08\/13\/04.jpg","http:\/\/mm.howkuai.com\/wp-content\/uploads\/2015a\/08\/13\/05.jpg","http:\/\/mm.howkuai.com\/wp-content\/uploads\/2015a\/08\/13\/06.jpg","http:\/\/mm.howkuai.com\/wp-content\/uploads\/2015a\/08\/13\/07.jpg","http:\/\/mm.howkuai.com\/wp-content\/uploads\/2015a\/08\/13\/08.jpg","http:\/\/mm.howkuai.com\/wp-content\/uploads\/2015a\/08\/13\/09.jpg","http:\/\/mm.howkuai.com\/wp-content\/uploads\/2015a\/08\/13\/10.jpg"]},{"plaintext":"\u7bee\u7403\u573a\u4e0a\u7684\u7eaf\u60c5\u897f\u74dc\u59b9\u7eb8","href":"http:\/\/www.meizitu.com\/a\/5098.html","pic_list":["http:\/\/mm.howkuai.com\/wp-content\/uploads\/2015a\/08\/03\/01.jpg","http:\/\/mm.howkuai.com\/wp-content\/uploads\/2015a\/08\/03\/02.jpg","http:\/\/mm.howkuai.com\/wp-content\/uploads\/2015a\/08\/03\/03.jpg","http:\/\/mm.howkuai.com\/wp-content\/uploads\/2015a\/08\/03\/04.jpg","http:\/\/mm.howkuai.com\/wp-content\/uploads\/2015a\/08\/03\/05.jpg","http:\/\/mm.howkuai.com\/wp-content\/uploads\/2015a\/08\/03\/06.jpg","http:\/\/mm.howkuai.com\/wp-content\/uploads\/2015a\/08\/03\/07.jpg"]},{"plaintext":"\u590f\u5929\u6765\u4e86\uff0c\u6e7f\u6f09\u6f09\u7684\u59b9\u5b50\u5f88\u6027\u611f","href":"http:\/\/www.meizitu.com\/a\/5083.html","pic_list":["http:\/\/mm.howkuai.com\/wp-content\/uploads\/2015a\/07\/34\/01.jpg","http:\/\/mm.howkuai.com\/wp-content\/uploads\/2015a\/07\/34\/02.jpg","http:\/\/mm.howkuai.com\/wp-content\/uploads\/2015a\/07\/34\/03.jpg","http:\/\/mm.howkuai.com\/wp-content\/uploads\/2015a\/07\/34\/04.jpg","http:\/\/mm.howkuai.com\/wp-content\/uploads\/2015a\/07\/34\/05.jpg","http:\/\/mm.howkuai.com\/wp-content\/uploads\/2015a\/07\/34\/06.jpg","http:\/\/mm.howkuai.com\/wp-content\/uploads\/2015a\/07\/34\/07.jpg","http:\/\/mm.howkuai.com\/wp-content\/uploads\/2015a\/07\/34\/08.jpg"]},{"plaintext":"\u7f8e\u672f\u7cfb\u5973\u751f\u6027\u683c\u6587\u9759\u4eba\u7f8e\u5982\u753b","href":"http:\/\/www.meizitu.com\/a\/5073.html","pic_list":["http:\/\/mm.howkuai.com\/wp-content\/uploads\/2015a\/07\/24\/01.jpg","http:\/\/mm.howkuai.com\/wp-content\/uploads\/2015a\/07\/24\/02.jpg","http:\/\/mm.howkuai.com\/wp-content\/uploads\/2015a\/07\/24\/03.jpg","http:\/\/mm.howkuai.com\/wp-content\/uploads\/2015a\/07\/24\/04.jpg","http:\/\/mm.howkuai.com\/wp-content\/uploads\/2015a\/07\/24\/05.jpg","http:\/\/mm.howkuai.com\/wp-content\/uploads\/2015a\/07\/24\/06.jpg","http:\/\/mm.howkuai.com\/wp-content\/uploads\/2015a\/07\/24\/07.jpg","http:\/\/mm.howkuai.com\/wp-content\/uploads\/2015a\/07\/24\/08.jpg","http:\/\/mm.howkuai.com\/wp-content\/uploads\/2015a\/07\/24\/09.jpg","http:\/\/mm.howkuai.com\/wp-content\/uploads\/2015a\/07\/24\/10.jpg"]},{"plaintext":"\u773c\u775b\u987e\u76fc\u751f\u8f89\uff0c\u6f02\u4eae\u5973\u5b69\u9152\u5427\u968f\u62cd","href":"http:\/\/www.meizitu.com\/a\/5069.html","pic_list":["http:\/\/mm.howkuai.com\/wp-content\/uploads\/2015a\/07\/20\/01.jpg","http:\/\/mm.howkuai.com\/wp-content\/uploads\/2015a\/07\/20\/02.jpg","http:\/\/mm.howkuai.com\/wp-content\/uploads\/2015a\/07\/20\/03.jpg","http:\/\/mm.howkuai.com\/wp-content\/uploads\/2015a\/07\/20\/04.jpg","http:\/\/mm.howkuai.com\/wp-content\/uploads\/2015a\/07\/20\/05.jpg","http:\/\/mm.howkuai.com\/wp-content\/uploads\/2015a\/07\/20\/06.jpg","http:\/\/mm.howkuai.com\/wp-content\/uploads\/2015a\/07\/20\/07.jpg","http:\/\/mm.howkuai.com\/wp-content\/uploads\/2015a\/07\/20\/08.jpg"]},{"plaintext":"\u5377\u53d1\u59b9\u5b50\u6536\u62fe\u597d\u5fc3\u60c5\uff0c\u51c6\u5907\u51fa\u822a","href":"http:\/\/www.meizitu.com\/a\/5065.html","pic_list":["http:\/\/mm.howkuai.com\/wp-content\/uploads\/2015a\/07\/16\/01.jpg","http:\/\/mm.howkuai.com\/wp-content\/uploads\/2015a\/07\/16\/02.jpg","http:\/\/mm.howkuai.com\/wp-content\/uploads\/2015a\/07\/16\/03.jpg","http:\/\/mm.howkuai.com\/wp-content\/uploads\/2015a\/07\/16\/04.jpg","http:\/\/mm.howkuai.com\/wp-content\/uploads\/2015a\/07\/16\/05.jpg","http:\/\/mm.howkuai.com\/wp-content\/uploads\/2015a\/07\/16\/06.jpg","http:\/\/mm.howkuai.com\/wp-content\/uploads\/2015a\/07\/16\/07.jpg","http:\/\/mm.howkuai.com\/wp-content\/uploads\/2015a\/07\/16\/08.jpg"]},{"plaintext":"\u4e56\u5de7\u53ef\u7231\u7684\u5973\u5b69\uff0c\u4e0e\u9c7c\u4e0e\u6a31\u6843\u7684\u590f\u65e5\u53cb\u60c5","href":"http:\/\/www.meizitu.com\/a\/5063.html","pic_list":["http:\/\/mm.howkuai.com\/wp-content\/uploads\/2015a\/07\/14\/01.jpg","http:\/\/mm.howkuai.com\/wp-content\/uploads\/2015a\/07\/14\/02.jpg","http:\/\/mm.howkuai.com\/wp-content\/uploads\/2015a\/07\/14\/03.jpg","http:\/\/mm.howkuai.com\/wp-content\/uploads\/2015a\/07\/14\/04.jpg","http:\/\/mm.howkuai.com\/wp-content\/uploads\/2015a\/07\/14\/05.jpg","http:\/\/mm.howkuai.com\/wp-content\/uploads\/2015a\/07\/14\/06.jpg","http:\/\/mm.howkuai.com\/wp-content\/uploads\/2015a\/07\/14\/07.jpg","http:\/\/mm.howkuai.com\/wp-content\/uploads\/2015a\/07\/14\/08.jpg"]},{"plaintext":"\u8ff7\u4eba\u7f8e\u817f\u59b9\u7eb8\u60c5\u7eea\u5c0f\u79c1\u623f","href":"http:\/\/www.meizitu.com\/a\/5058.html","pic_list":["http:\/\/mm.howkuai.com\/wp-content\/uploads\/2015a\/07\/09\/01.jpg","http:\/\/mm.howkuai.com\/wp-content\/uploads\/2015a\/07\/09\/02.jpg","http:\/\/mm.howkuai.com\/wp-content\/uploads\/2015a\/07\/09\/03.jpg","http:\/\/mm.howkuai.com\/wp-content\/uploads\/2015a\/07\/09\/04.jpg","http:\/\/mm.howkuai.com\/wp-content\/uploads\/2015a\/07\/09\/05.jpg","http:\/\/mm.howkuai.com\/wp-content\/uploads\/2015a\/07\/09\/06.jpg","http:\/\/mm.howkuai.com\/wp-content\/uploads\/2015a\/07\/09\/07.jpg","http:\/\/mm.howkuai.com\/wp-content\/uploads\/2015a\/07\/09\/08.jpg"]},{"plaintext":"\u5446\u5446\u840c\u840c\u7684\u59b9\u5b50\uff0c\u60f3\u89c1\u4f60\u7b11\u7684\u6a21\u6837","href":"http:\/\/www.meizitu.com\/a\/5049.html","pic_list":["http:\/\/mm.howkuai.com\/wp-content\/uploads\/2015a\/06\/42\/01.jpg","http:\/\/mm.howkuai.com\/wp-content\/uploads\/2015a\/06\/42\/02.jpg","http:\/\/mm.howkuai.com\/wp-content\/uploads\/2015a\/06\/42\/03.jpg","http:\/\/mm.howkuai.com\/wp-content\/uploads\/2015a\/06\/42\/04.jpg","http:\/\/mm.howkuai.com\/wp-content\/uploads\/2015a\/06\/42\/05.jpg","http:\/\/mm.howkuai.com\/wp-content\/uploads\/2015a\/06\/42\/06.jpg","http:\/\/mm.howkuai.com\/wp-content\/uploads\/2015a\/06\/42\/07.jpg"]},{"plaintext":"\u6709\u4e00\u5929\u4f60\u4f1a\u9047\u5230\u4e00\u4e2a\u5f69\u8679\u822c\u7eda\u4e3d\u7684\u4eba","href":"http:\/\/www.meizitu.com\/a\/5042.html","pic_list":["http:\/\/mm.howkuai.com\/wp-content\/uploads\/2015a\/06\/35\/01.jpg","http:\/\/mm.howkuai.com\/wp-content\/uploads\/2015a\/06\/35\/02.jpg","http:\/\/mm.howkuai.com\/wp-content\/uploads\/2015a\/06\/35\/03.jpg","http:\/\/mm.howkuai.com\/wp-content\/uploads\/2015a\/06\/35\/04.jpg","http:\/\/mm.howkuai.com\/wp-content\/uploads\/2015a\/06\/35\/05.jpg","http:\/\/mm.howkuai.com\/wp-content\/uploads\/2015a\/06\/35\/06.jpg"]},{"plaintext":"\u79c0\u9765\u8273\u6bd4\u82b1\u5a07\uff0c\u5411\u65e5\u8475\u4ece\u4e2d\u7684\u5c0f\u4ed9\u5973","href":"http:\/\/www.meizitu.com\/a\/5035.html","pic_list":["http:\/\/mm.howkuai.com\/wp-content\/uploads\/2015a\/06\/28\/01.jpg","http:\/\/mm.howkuai.com\/wp-content\/uploads\/2015a\/06\/28\/02.jpg","http:\/\/mm.howkuai.com\/wp-content\/uploads\/2015a\/06\/28\/03.jpg","http:\/\/mm.howkuai.com\/wp-content\/uploads\/2015a\/06\/28\/04.jpg","http:\/\/mm.howkuai.com\/wp-content\/uploads\/2015a\/06\/28\/05.jpg","http:\/\/mm.howkuai.com\/wp-content\/uploads\/2015a\/06\/28\/06.jpg","http:\/\/mm.howkuai.com\/wp-content\/uploads\/2015a\/06\/28\/07.jpg","http:\/\/mm.howkuai.com\/wp-content\/uploads\/2015a\/06\/28\/08.jpg"]},{"plaintext":"\u9752\u6625\u65e0\u654c\uff0c\u6821\u670d\u7f8e\uff0c\u59b9\u5b50\u66f4\u597d\u770b","href":"http:\/\/www.meizitu.com\/a\/5028.html","pic_list":["http:\/\/mm.howkuai.com\/wp-content\/uploads\/2015a\/06\/21\/01.jpg","http:\/\/mm.howkuai.com\/wp-content\/uploads\/2015a\/06\/21\/02.jpg","http:\/\/mm.howkuai.com\/wp-content\/uploads\/2015a\/06\/21\/03.jpg","http:\/\/mm.howkuai.com\/wp-content\/uploads\/2015a\/06\/21\/04.jpg","http:\/\/mm.howkuai.com\/wp-content\/uploads\/2015a\/06\/21\/05.jpg","http:\/\/mm.howkuai.com\/wp-content\/uploads\/2015a\/06\/21\/06.jpg","http:\/\/mm.howkuai.com\/wp-content\/uploads\/2015a\/06\/21\/07.jpg","http:\/\/mm.howkuai.com\/wp-content\/uploads\/2015a\/06\/21\/08.jpg","http:\/\/mm.howkuai.com\/wp-content\/uploads\/2015a\/06\/21\/09.jpg"]},{"plaintext":"\u82b1\u74e3\u6668\u9999\uff0c\u4e0e\u6821\u670d\u7684\u88d9\u6446\u4e00\u8d77\u98de\u626c","href":"http:\/\/www.meizitu.com\/a\/5013.html","pic_list":["http:\/\/mm.howkuai.com\/wp-content\/uploads\/2015a\/06\/06\/01.jpg","http:\/\/mm.howkuai.com\/wp-content\/uploads\/2015a\/06\/06\/02.jpg","http:\/\/mm.howkuai.com\/wp-content\/uploads\/2015a\/06\/06\/03.jpg","http:\/\/mm.howkuai.com\/wp-content\/uploads\/2015a\/06\/06\/04.jpg","http:\/\/mm.howkuai.com\/wp-content\/uploads\/2015a\/06\/06\/05.jpg","http:\/\/mm.howkuai.com\/wp-content\/uploads\/2015a\/06\/06\/06.jpg"]},{"plaintext":"\u5065\u5eb7\u7684\u7f8e\uff0c\u7231\u8fd0\u52a8\u7684\u59b9\u5b50\u6700\u6027\u611f","href":"http:\/\/www.meizitu.com\/a\/5006.html","pic_list":["http:\/\/mm.howkuai.com\/wp-content\/uploads\/2015a\/05\/56\/01.jpg","http:\/\/mm.howkuai.com\/wp-content\/uploads\/2015a\/05\/56\/02.jpg","http:\/\/mm.howkuai.com\/wp-content\/uploads\/2015a\/05\/56\/03.jpg","http:\/\/mm.howkuai.com\/wp-content\/uploads\/2015a\/05\/56\/04.jpg","http:\/\/mm.howkuai.com\/wp-content\/uploads\/2015a\/05\/56\/05.jpg"]},{"plaintext":"\u9648\u67d4\u5e0c\u6e05\u51c9\u4e00\u590f\u5199\u771f\uff0c\u5973\u795e\u559d\u6c34\u59ff\u6001\u90fd\u8d85\u7f8e","href":"http:\/\/www.meizitu.com\/a\/5001.html","pic_list":["http:\/\/mm.howkuai.com\/wp-content\/uploads\/2015a\/05\/51\/01.jpg","http:\/\/mm.howkuai.com\/wp-content\/uploads\/2015a\/05\/51\/02.jpg","http:\/\/mm.howkuai.com\/wp-content\/uploads\/2015a\/05\/51\/03.jpg","http:\/\/mm.howkuai.com\/wp-content\/uploads\/2015a\/05\/51\/04.jpg","http:\/\/mm.howkuai.com\/wp-content\/uploads\/2015a\/05\/51\/05.jpg","http:\/\/mm.howkuai.com\/wp-content\/uploads\/2015a\/05\/51\/06.jpg","http:\/\/mm.howkuai.com\/wp-content\/uploads\/2015a\/05\/51\/07.jpg","http:\/\/mm.howkuai.com\/wp-content\/uploads\/2015a\/05\/51\/08.jpg","http:\/\/mm.howkuai.com\/wp-content\/uploads\/2015a\/05\/51\/09.jpg"]},{"plaintext":"\u4e0d\u7531\u81ea\u4e3b\u88ab\u5979\u611f\u67d3\uff0c\u6e38\u8247\u4e0a\u7684\u5feb\u4e50\u7f8e\u5c11\u5973","href":"http:\/\/www.meizitu.com\/a\/4982.html","pic_list":["http:\/\/mm.howkuai.com\/wp-content\/uploads\/2015a\/05\/32\/01.jpg","http:\/\/mm.howkuai.com\/wp-content\/uploads\/2015a\/05\/32\/02.jpg","http:\/\/mm.howkuai.com\/wp-content\/uploads\/2015a\/05\/32\/03.jpg","http:\/\/mm.howkuai.com\/wp-content\/uploads\/2015a\/05\/32\/04.jpg","http:\/\/mm.howkuai.com\/wp-content\/uploads\/2015a\/05\/32\/05.jpg","http:\/\/mm.howkuai.com\/wp-content\/uploads\/2015a\/05\/32\/06.jpg"]},{"plaintext":"\u5317\u4f53\u6821\u82b1\u4e00\u5b57\u9a6c\u7206\u7ea2 \u8702\u8170\u7fd8\u81c0\u8d8a\u770b\u8d8a\u96be\u5fcd","href":"http:\/\/www.meizitu.com\/a\/4977.html","pic_list":["http:\/\/mm.howkuai.com\/wp-content\/uploads\/2015a\/05\/27\/01.jpg","http:\/\/mm.howkuai.com\/wp-content\/uploads\/2015a\/05\/27\/02.jpg","http:\/\/mm.howkuai.com\/wp-content\/uploads\/2015a\/05\/27\/03.jpg","http:\/\/mm.howkuai.com\/wp-content\/uploads\/2015a\/05\/27\/04.jpg","http:\/\/mm.howkuai.com\/wp-content\/uploads\/2015a\/05\/27\/05.jpg","http:\/\/mm.howkuai.com\/wp-content\/uploads\/2015a\/05\/27\/06.jpg","http:\/\/mm.howkuai.com\/wp-content\/uploads\/2015a\/05\/27\/07.jpg"]},{"plaintext":"\u591c\u8272\u4e2d\u7684\u7cbe\u81f4\u77ed\u53d1\u59b9\u7eb8","href":"http:\/\/www.meizitu.com\/a\/4968.html","pic_list":["http:\/\/mm.howkuai.com\/wp-content\/uploads\/2015a\/05\/17\/01.jpg","http:\/\/mm.howkuai.com\/wp-content\/uploads\/2015a\/05\/17\/02.jpg","http:\/\/mm.howkuai.com\/wp-content\/uploads\/2015a\/05\/17\/03.jpg","http:\/\/mm.howkuai.com\/wp-content\/uploads\/2015a\/05\/17\/04.jpg","http:\/\/mm.howkuai.com\/wp-content\/uploads\/2015a\/05\/17\/05.jpg","http:\/\/mm.howkuai.com\/wp-content\/uploads\/2015a\/05\/17\/06.jpg","http:\/\/mm.howkuai.com\/wp-content\/uploads\/2015a\/05\/17\/07.jpg"]},{"plaintext":"\u66fe\u7ecf\u5965\u8fd0\u706b\u70ac\u624b\u59b9\u59b9\u5982\u4eca\u5df2\u662f\u52a8\u4eba\u6a21\u6837","href":"http:\/\/www.meizitu.com\/a\/4943.html","pic_list":["http:\/\/mm.howkuai.com\/wp-content\/uploads\/2015a\/04\/47\/01.jpg","http:\/\/mm.howkuai.com\/wp-content\/uploads\/2015a\/04\/47\/02.jpg","http:\/\/mm.howkuai.com\/wp-content\/uploads\/2015a\/04\/47\/03.jpg","http:\/\/mm.howkuai.com\/wp-content\/uploads\/2015a\/04\/47\/04.jpg","http:\/\/mm.howkuai.com\/wp-content\/uploads\/2015a\/04\/47\/05.jpg","http:\/\/mm.howkuai.com\/wp-content\/uploads\/2015a\/04\/47\/06.jpg"]},{"plaintext":"\u4f24\u611f\u5973\u751f\uff0c\u4e00\u4e2a\u4eba\u7684\u5c0f\u65f6\u5149","href":"http:\/\/www.meizitu.com\/a\/4930.html","pic_list":["http:\/\/mm.howkuai.com\/wp-content\/uploads\/2015a\/04\/34\/01.jpg","http:\/\/mm.howkuai.com\/wp-content\/uploads\/2015a\/04\/34\/02.jpg","http:\/\/mm.howkuai.com\/wp-content\/uploads\/2015a\/04\/34\/03.jpg","http:\/\/mm.howkuai.com\/wp-content\/uploads\/2015a\/04\/34\/04.jpg","http:\/\/mm.howkuai.com\/wp-content\/uploads\/2015a\/04\/34\/05.jpg","http:\/\/mm.howkuai.com\/wp-content\/uploads\/2015a\/04\/34\/06.jpg"]},{"plaintext":"\u7231\u98de\u673a\u7684\u9633\u5149\u6b63\u59b9\uff0c\u4e00\u88ad\u7b80\u88c5\u82f1\u59ff\u98d2\u723d","href":"http:\/\/www.meizitu.com\/a\/4918.html","pic_list":["http:\/\/mm.howkuai.com\/wp-content\/uploads\/2015a\/04\/22\/01.jpg","http:\/\/mm.howkuai.com\/wp-content\/uploads\/2015a\/04\/22\/02.jpg","http:\/\/mm.howkuai.com\/wp-content\/uploads\/2015a\/04\/22\/03.jpg","http:\/\/mm.howkuai.com\/wp-content\/uploads\/2015a\/04\/22\/04.jpg","http:\/\/mm.howkuai.com\/wp-content\/uploads\/2015a\/04\/22\/05.jpg","http:\/\/mm.howkuai.com\/wp-content\/uploads\/2015a\/04\/22\/06.jpg","http:\/\/mm.howkuai.com\/wp-content\/uploads\/2015a\/04\/22\/07.jpg"]}]