[{"plaintext":"\u65e5\u7cfb\u5c0f\u6e05\u65b0\u98ce\uff0c\u4f53\u64cd\u670d\u59b9\u5b50","href":"http:\/\/www.meizitu.com\/a\/4612.html","pic_list":["http:\/\/mm.howkuai.com\/wp-content\/uploads\/2014a\/11\/20\/01.jpg","http:\/\/mm.howkuai.com\/wp-content\/uploads\/2014a\/11\/20\/02.jpg","http:\/\/mm.howkuai.com\/wp-content\/uploads\/2014a\/11\/20\/03.jpg","http:\/\/mm.howkuai.com\/wp-content\/uploads\/2014a\/11\/20\/04.jpg","http:\/\/mm.howkuai.com\/wp-content\/uploads\/2014a\/11\/20\/05.jpg","http:\/\/mm.howkuai.com\/wp-content\/uploads\/2014a\/11\/20\/06.jpg"]},{"plaintext":"\u5f00\u5b66\u5b63\uff0c\u5927\u5b66\u6821\u56ed\u5185\u7684\u53ef\u7231\u59b9\u5b50","href":"http:\/\/www.meizitu.com\/a\/4604.html","pic_list":["http:\/\/mm.howkuai.com\/wp-content\/uploads\/2014a\/11\/12\/01.jpg","http:\/\/mm.howkuai.com\/wp-content\/uploads\/2014a\/11\/12\/02.jpg","http:\/\/mm.howkuai.com\/wp-content\/uploads\/2014a\/11\/12\/03.jpg","http:\/\/mm.howkuai.com\/wp-content\/uploads\/2014a\/11\/12\/04.jpg","http:\/\/mm.howkuai.com\/wp-content\/uploads\/2014a\/11\/12\/05.jpg","http:\/\/mm.howkuai.com\/wp-content\/uploads\/2014a\/11\/12\/06.jpg"]},{"plaintext":"\u5403\u8d27\u59b9\u5b50\u4e00\u679a\uff0c\u552f\u7f8e\u98df\u4e0d\u53ef\u8f9c\u8d1f","href":"http:\/\/www.meizitu.com\/a\/4601.html","pic_list":["http:\/\/mm.howkuai.com\/wp-content\/uploads\/2014a\/11\/09\/01.jpg","http:\/\/mm.howkuai.com\/wp-content\/uploads\/2014a\/11\/09\/02.jpg","http:\/\/mm.howkuai.com\/wp-content\/uploads\/2014a\/11\/09\/03.jpg","http:\/\/mm.howkuai.com\/wp-content\/uploads\/2014a\/11\/09\/04.jpg","http:\/\/mm.howkuai.com\/wp-content\/uploads\/2014a\/11\/09\/05.jpg","http:\/\/mm.howkuai.com\/wp-content\/uploads\/2014a\/11\/09\/06.jpg","http:\/\/mm.howkuai.com\/wp-content\/uploads\/2014a\/11\/09\/07.jpg","http:\/\/mm.howkuai.com\/wp-content\/uploads\/2014a\/11\/09\/08.jpg"]},{"plaintext":"\u5343\u9065\u306e\u590f \u840c\u840c\u54d2\u5929\u7136\u5446\u5c11\u5973","href":"http:\/\/www.meizitu.com\/a\/4589.html","pic_list":["http:\/\/mm.howkuai.com\/wp-content\/uploads\/2014a\/11\/03\/01.jpg","http:\/\/mm.howkuai.com\/wp-content\/uploads\/2014a\/11\/03\/02.jpg","http:\/\/mm.howkuai.com\/wp-content\/uploads\/2014a\/11\/03\/03.jpg","http:\/\/mm.howkuai.com\/wp-content\/uploads\/2014a\/11\/03\/04.jpg","http:\/\/mm.howkuai.com\/wp-content\/uploads\/2014a\/11\/03\/05.jpg","http:\/\/mm.howkuai.com\/wp-content\/uploads\/2014a\/11\/03\/06.jpg"]},{"plaintext":"\u5929\u53f0\u4e0a\u7684\u5c11\u5973\uff0c\u5938\u5f20\u7684\u8868\u60c5\u5929\u771f\u53c8\u6d6a\u6f2b","href":"http:\/\/www.meizitu.com\/a\/4575.html","pic_list":["http:\/\/mm.howkuai.com\/wp-content\/uploads\/2014a\/10\/61\/01.jpg","http:\/\/mm.howkuai.com\/wp-content\/uploads\/2014a\/10\/61\/02.jpg","http:\/\/mm.howkuai.com\/wp-content\/uploads\/2014a\/10\/61\/03.jpg","http:\/\/mm.howkuai.com\/wp-content\/uploads\/2014a\/10\/61\/04.jpg","http:\/\/mm.howkuai.com\/wp-content\/uploads\/2014a\/10\/61\/05.jpg","http:\/\/mm.howkuai.com\/wp-content\/uploads\/2014a\/10\/61\/06.jpg"]},{"plaintext":"\u5356NIKE\u978b\u7684\u5973\u5b69\uff0c\u5b66\u751f\u59b9\u59b9\u7684\u5236\u670d\u8bf1\u60d1","href":"http:\/\/www.meizitu.com\/a\/4574.html","pic_list":["http:\/\/mm.howkuai.com\/wp-content\/uploads\/2014a\/10\/60\/01.jpg","http:\/\/mm.howkuai.com\/wp-content\/uploads\/2014a\/10\/60\/02.jpg","http:\/\/mm.howkuai.com\/wp-content\/uploads\/2014a\/10\/60\/03.jpg","http:\/\/mm.howkuai.com\/wp-content\/uploads\/2014a\/10\/60\/04.jpg","http:\/\/mm.howkuai.com\/wp-content\/uploads\/2014a\/10\/60\/05.jpg","http:\/\/mm.howkuai.com\/wp-content\/uploads\/2014a\/10\/60\/06.jpg"]},{"plaintext":"\u7f8e\u5982\u5176\u82b1\uff0c\u5377\u53d1\u53ef\u7231\u59b9\u7eb8","href":"http:\/\/www.meizitu.com\/a\/4572.html","pic_list":["http:\/\/mm.howkuai.com\/wp-content\/uploads\/2014a\/10\/58\/01.jpg","http:\/\/mm.howkuai.com\/wp-content\/uploads\/2014a\/10\/58\/02.jpg","http:\/\/mm.howkuai.com\/wp-content\/uploads\/2014a\/10\/58\/03.jpg","http:\/\/mm.howkuai.com\/wp-content\/uploads\/2014a\/10\/58\/04.jpg","http:\/\/mm.howkuai.com\/wp-content\/uploads\/2014a\/10\/58\/05.jpg"]},{"plaintext":"\u53cc\u751f\u7edd\u4ee3\u4eba\u3002\u6d41\u5e74\u5a49\u8f6c\uff0c\u59ca\u59b9\u76f8\u4f9d","href":"http:\/\/www.meizitu.com\/a\/4564.html","pic_list":["http:\/\/mm.howkuai.com\/wp-content\/uploads\/2014a\/10\/50\/01.jpg","http:\/\/mm.howkuai.com\/wp-content\/uploads\/2014a\/10\/50\/02.jpg","http:\/\/mm.howkuai.com\/wp-content\/uploads\/2014a\/10\/50\/03.jpg","http:\/\/mm.howkuai.com\/wp-content\/uploads\/2014a\/10\/50\/04.jpg","http:\/\/mm.howkuai.com\/wp-content\/uploads\/2014a\/10\/50\/05.jpg","http:\/\/mm.howkuai.com\/wp-content\/uploads\/2014a\/10\/50\/06.jpg","http:\/\/mm.howkuai.com\/wp-content\/uploads\/2014a\/10\/50\/07.jpg","http:\/\/mm.howkuai.com\/wp-content\/uploads\/2014a\/10\/50\/08.jpg"]},{"plaintext":"\u53ef\u7231\u59b9\u5b50\u6709\u7740\u7cbe\u81f4\u7684\u4e94\u5b98\uff0c\u5b9b\u5982\u7cbe\u5fc3\u96d5\u7422","href":"http:\/\/www.meizitu.com\/a\/4555.html","pic_list":["http:\/\/mm.howkuai.com\/wp-content\/uploads\/2014a\/10\/41\/01.jpg","http:\/\/mm.howkuai.com\/wp-content\/uploads\/2014a\/10\/41\/02.jpg","http:\/\/mm.howkuai.com\/wp-content\/uploads\/2014a\/10\/41\/03.jpg","http:\/\/mm.howkuai.com\/wp-content\/uploads\/2014a\/10\/41\/04.jpg","http:\/\/mm.howkuai.com\/wp-content\/uploads\/2014a\/10\/41\/05.jpg","http:\/\/mm.howkuai.com\/wp-content\/uploads\/2014a\/10\/41\/06.jpg","http:\/\/mm.howkuai.com\/wp-content\/uploads\/2014a\/10\/41\/07.jpg","http:\/\/mm.howkuai.com\/wp-content\/uploads\/2014a\/10\/41\/08.jpg"]},{"plaintext":"\u6027\u611f\u5c0f\u62a4\u58eb\uff0c\u6bcf\u4e2a\u7537\u4eba\u5fc3\u4e2d\u7684\u68a6\u60f3","href":"http:\/\/www.meizitu.com\/a\/4537.html","pic_list":["http:\/\/mm.howkuai.com\/wp-content\/uploads\/2014a\/10\/24\/01.jpg","http:\/\/mm.howkuai.com\/wp-content\/uploads\/2014a\/10\/24\/02.jpg","http:\/\/mm.howkuai.com\/wp-content\/uploads\/2014a\/10\/24\/03.jpg","http:\/\/mm.howkuai.com\/wp-content\/uploads\/2014a\/10\/24\/04.jpg","http:\/\/mm.howkuai.com\/wp-content\/uploads\/2014a\/10\/24\/05.jpg","http:\/\/mm.howkuai.com\/wp-content\/uploads\/2014a\/10\/24\/06.jpg","http:\/\/mm.howkuai.com\/wp-content\/uploads\/2014a\/10\/24\/07.jpg","http:\/\/mm.howkuai.com\/wp-content\/uploads\/2014a\/10\/24\/08.jpg"]},{"plaintext":"\u5c0f\u5ae9\u8089\u59d0\u59b9\u95fa\u871c\uff0c\u60f3\u5ff5\u4f60\u7684\u98de\u543b","href":"http:\/\/www.meizitu.com\/a\/4534.html","pic_list":["http:\/\/mm.howkuai.com\/wp-content\/uploads\/2014a\/10\/21\/01.jpg","http:\/\/mm.howkuai.com\/wp-content\/uploads\/2014a\/10\/21\/02.jpg","http:\/\/mm.howkuai.com\/wp-content\/uploads\/2014a\/10\/21\/03.jpg","http:\/\/mm.howkuai.com\/wp-content\/uploads\/2014a\/10\/21\/04.jpg","http:\/\/mm.howkuai.com\/wp-content\/uploads\/2014a\/10\/21\/05.jpg","http:\/\/mm.howkuai.com\/wp-content\/uploads\/2014a\/10\/21\/06.jpg","http:\/\/mm.howkuai.com\/wp-content\/uploads\/2014a\/10\/21\/07.jpg","http:\/\/mm.howkuai.com\/wp-content\/uploads\/2014a\/10\/21\/08.jpg"]},{"plaintext":"\u957f\u53d1\u59b9\u5b50\u674e\u6db5\u7199\u7684\u95fa\u623f\u7d20\u989c\u56fe\u7247","href":"http:\/\/www.meizitu.com\/a\/4531.html","pic_list":["http:\/\/mm.howkuai.com\/wp-content\/uploads\/2014a\/10\/18\/01.jpg","http:\/\/mm.howkuai.com\/wp-content\/uploads\/2014a\/10\/18\/02.jpg","http:\/\/mm.howkuai.com\/wp-content\/uploads\/2014a\/10\/18\/03.jpg","http:\/\/mm.howkuai.com\/wp-content\/uploads\/2014a\/10\/18\/04.jpg","http:\/\/mm.howkuai.com\/wp-content\/uploads\/2014a\/10\/18\/05.jpg","http:\/\/mm.howkuai.com\/wp-content\/uploads\/2014a\/10\/18\/06.jpg"]},{"plaintext":"\u68ee\u7cfb\uff0c\u96ea\u767d\u857e\u4e1d\u59b9\u7eb8\u5728\u79cb\u5929","href":"http:\/\/www.meizitu.com\/a\/4525.html","pic_list":["http:\/\/mm.howkuai.com\/wp-content\/uploads\/2014a\/10\/12\/01.jpg","http:\/\/mm.howkuai.com\/wp-content\/uploads\/2014a\/10\/12\/02.jpg","http:\/\/mm.howkuai.com\/wp-content\/uploads\/2014a\/10\/12\/03.jpg","http:\/\/mm.howkuai.com\/wp-content\/uploads\/2014a\/10\/12\/04.jpg","http:\/\/mm.howkuai.com\/wp-content\/uploads\/2014a\/10\/12\/05.jpg","http:\/\/mm.howkuai.com\/wp-content\/uploads\/2014a\/10\/12\/06.jpg"]},{"plaintext":"\u4e3d\u8d28\u5929\u6210\uff0c\u6c14\u8d28\u7f8e\u5973\u7684\u5496\u5561\u65f6\u5149","href":"http:\/\/www.meizitu.com\/a\/4521.html","pic_list":["http:\/\/mm.howkuai.com\/wp-content\/uploads\/2014a\/10\/08\/01.jpg","http:\/\/mm.howkuai.com\/wp-content\/uploads\/2014a\/10\/08\/02.jpg","http:\/\/mm.howkuai.com\/wp-content\/uploads\/2014a\/10\/08\/03.jpg","http:\/\/mm.howkuai.com\/wp-content\/uploads\/2014a\/10\/08\/04.jpg","http:\/\/mm.howkuai.com\/wp-content\/uploads\/2014a\/10\/08\/05.jpg","http:\/\/mm.howkuai.com\/wp-content\/uploads\/2014a\/10\/08\/06.jpg","http:\/\/mm.howkuai.com\/wp-content\/uploads\/2014a\/10\/08\/07.jpg","http:\/\/mm.howkuai.com\/wp-content\/uploads\/2014a\/10\/08\/08.jpg"]},{"plaintext":"\u7709\u76ee\u5982\u753b\uff0c\u6e05\u7eaf\u5982\u6c34\u7684\u8f6f\u59b9\u5b50","href":"http:\/\/www.meizitu.com\/a\/4520.html","pic_list":["http:\/\/mm.howkuai.com\/wp-content\/uploads\/2014a\/10\/07\/01.jpg","http:\/\/mm.howkuai.com\/wp-content\/uploads\/2014a\/10\/07\/02.jpg","http:\/\/mm.howkuai.com\/wp-content\/uploads\/2014a\/10\/07\/03.jpg","http:\/\/mm.howkuai.com\/wp-content\/uploads\/2014a\/10\/07\/04.jpg","http:\/\/mm.howkuai.com\/wp-content\/uploads\/2014a\/10\/07\/05.jpg","http:\/\/mm.howkuai.com\/wp-content\/uploads\/2014a\/10\/07\/06.jpg","http:\/\/mm.howkuai.com\/wp-content\/uploads\/2014a\/10\/07\/07.jpg","http:\/\/mm.howkuai.com\/wp-content\/uploads\/2014a\/10\/07\/08.jpg"]},{"plaintext":"\u7bee\u7403\u5c11\u5973\uff0c\u6c27\u6c14\u5973\u5b69\u64cd\u573a\u7bc7","href":"http:\/\/www.meizitu.com\/a\/4514.html","pic_list":["http:\/\/mm.howkuai.com\/wp-content\/uploads\/2014a\/10\/01\/01.jpg","http:\/\/mm.howkuai.com\/wp-content\/uploads\/2014a\/10\/01\/02.jpg","http:\/\/mm.howkuai.com\/wp-content\/uploads\/2014a\/10\/01\/03.jpg","http:\/\/mm.howkuai.com\/wp-content\/uploads\/2014a\/10\/01\/04.jpg","http:\/\/mm.howkuai.com\/wp-content\/uploads\/2014a\/10\/01\/05.jpg","http:\/\/mm.howkuai.com\/wp-content\/uploads\/2014a\/10\/01\/06.jpg","http:\/\/mm.howkuai.com\/wp-content\/uploads\/2014a\/10\/01\/07.jpg","http:\/\/mm.howkuai.com\/wp-content\/uploads\/2014a\/10\/01\/08.jpg","http:\/\/mm.howkuai.com\/wp-content\/uploads\/2014a\/10\/01\/09.jpg"]},{"plaintext":"\u6e05\u7eaf\u59b9\u5b50\u7684\u6821\u56ed\u884c\uff0c\u5076\u5c14\u8fd8\u662f\u4f1a\u60f3\u8d77\u4f60","href":"http:\/\/www.meizitu.com\/a\/4513.html","pic_list":["http:\/\/mm.howkuai.com\/wp-content\/uploads\/2014a\/09\/58\/01.jpg","http:\/\/mm.howkuai.com\/wp-content\/uploads\/2014a\/09\/58\/02.jpg","http:\/\/mm.howkuai.com\/wp-content\/uploads\/2014a\/09\/58\/03.jpg","http:\/\/mm.howkuai.com\/wp-content\/uploads\/2014a\/09\/58\/04.jpg","http:\/\/mm.howkuai.com\/wp-content\/uploads\/2014a\/09\/58\/05.jpg","http:\/\/mm.howkuai.com\/wp-content\/uploads\/2014a\/09\/58\/06.jpg","http:\/\/mm.howkuai.com\/wp-content\/uploads\/2014a\/09\/58\/07.jpg","http:\/\/mm.howkuai.com\/wp-content\/uploads\/2014a\/09\/58\/08.jpg"]},{"plaintext":"\u8fd9\u5927\u6982\u662f\u53f2\u4e0a\u6700\u7f8e\u7684\u94c1\u677f\u70e7\u59d1\u5a18","href":"http:\/\/www.meizitu.com\/a\/4505.html","pic_list":["http:\/\/mm.howkuai.com\/wp-content\/uploads\/2014a\/09\/50\/01.jpg","http:\/\/mm.howkuai.com\/wp-content\/uploads\/2014a\/09\/50\/02.jpg","http:\/\/mm.howkuai.com\/wp-content\/uploads\/2014a\/09\/50\/03.jpg","http:\/\/mm.howkuai.com\/wp-content\/uploads\/2014a\/09\/50\/04.jpg","http:\/\/mm.howkuai.com\/wp-content\/uploads\/2014a\/09\/50\/05.jpg","http:\/\/mm.howkuai.com\/wp-content\/uploads\/2014a\/09\/50\/06.jpg","http:\/\/mm.howkuai.com\/wp-content\/uploads\/2014a\/09\/50\/07.jpg","http:\/\/mm.howkuai.com\/wp-content\/uploads\/2014a\/09\/50\/08.jpg"]},{"plaintext":"\u8ba9\u6027\u611f\u4eb2\u5207\u4e00\u70b9\u513f\uff0c\u975e\u5e38\u6e05\u65b0\u5973\u5b69\u5374\u6709\u9b54\u9b3c\u8eab\u6750","href":"http:\/\/www.meizitu.com\/a\/4502.html","pic_list":["http:\/\/mm.howkuai.com\/wp-content\/uploads\/2014a\/09\/47\/01.jpg","http:\/\/mm.howkuai.com\/wp-content\/uploads\/2014a\/09\/47\/02.jpg","http:\/\/mm.howkuai.com\/wp-content\/uploads\/2014a\/09\/47\/03.jpg","http:\/\/mm.howkuai.com\/wp-content\/uploads\/2014a\/09\/47\/04.jpg","http:\/\/mm.howkuai.com\/wp-content\/uploads\/2014a\/09\/47\/05.jpg","http:\/\/mm.howkuai.com\/wp-content\/uploads\/2014a\/09\/47\/06.jpg","http:\/\/mm.howkuai.com\/wp-content\/uploads\/2014a\/09\/47\/07.jpg"]},{"plaintext":"\u8d70\u7ea2\u7f51\u7edc\u7684\u7f8e\u5973\u5b66\u751f\u4f1a\u526f\u4e3b\u5e2d\uff0c\u9648\u5b50\u6e44","href":"http:\/\/www.meizitu.com\/a\/4497.html","pic_list":["http:\/\/mm.howkuai.com\/wp-content\/uploads\/2014a\/09\/42\/01.jpg","http:\/\/mm.howkuai.com\/wp-content\/uploads\/2014a\/09\/42\/02.jpg","http:\/\/mm.howkuai.com\/wp-content\/uploads\/2014a\/09\/42\/03.jpg","http:\/\/mm.howkuai.com\/wp-content\/uploads\/2014a\/09\/42\/04.jpg","http:\/\/mm.howkuai.com\/wp-content\/uploads\/2014a\/09\/42\/05.jpg","http:\/\/mm.howkuai.com\/wp-content\/uploads\/2014a\/09\/42\/06.jpg"]},{"plaintext":"\u72ec\u7231\u5929\u53f0\uff0c\u59b9\u5b50\uff0c\u4f60\u80fd\u4e00\u5b57\u9a6c\u5417","href":"http:\/\/www.meizitu.com\/a\/4495.html","pic_list":["http:\/\/mm.howkuai.com\/wp-content\/uploads\/2014a\/09\/40\/01.jpg","http:\/\/mm.howkuai.com\/wp-content\/uploads\/2014a\/09\/40\/02.jpg","http:\/\/mm.howkuai.com\/wp-content\/uploads\/2014a\/09\/40\/03.jpg","http:\/\/mm.howkuai.com\/wp-content\/uploads\/2014a\/09\/40\/04.jpg","http:\/\/mm.howkuai.com\/wp-content\/uploads\/2014a\/09\/40\/05.jpg","http:\/\/mm.howkuai.com\/wp-content\/uploads\/2014a\/09\/40\/06.jpg"]},{"plaintext":"\u590f\u65e5\u306e\u4ed9\u5973\uff0c\u7f8e\u5446\u4e86\u7684\u5c0f\u6e05\u65b0\u59b9\u59b9\u518d\u51fa\u955c","href":"http:\/\/www.meizitu.com\/a\/4492.html","pic_list":["http:\/\/mm.howkuai.com\/wp-content\/uploads\/2014a\/09\/37\/01.jpg","http:\/\/mm.howkuai.com\/wp-content\/uploads\/2014a\/09\/37\/02.jpg","http:\/\/mm.howkuai.com\/wp-content\/uploads\/2014a\/09\/37\/03.jpg","http:\/\/mm.howkuai.com\/wp-content\/uploads\/2014a\/09\/37\/04.jpg","http:\/\/mm.howkuai.com\/wp-content\/uploads\/2014a\/09\/37\/05.jpg","http:\/\/mm.howkuai.com\/wp-content\/uploads\/2014a\/09\/37\/06.jpg","http:\/\/mm.howkuai.com\/wp-content\/uploads\/2014a\/09\/37\/07.jpg","http:\/\/mm.howkuai.com\/wp-content\/uploads\/2014a\/09\/37\/08.jpg"]},{"plaintext":"\u53c8\u662f\u4e00\u5e74\u5f00\u5b66\u5b63\uff0c\u59b9\u5b50\u9752\u6625\u65e0\u90aa\u7684\u7b11\u5bb9","href":"http:\/\/www.meizitu.com\/a\/4482.html","pic_list":["http:\/\/mm.howkuai.com\/wp-content\/uploads\/2014a\/09\/27\/01.jpg","http:\/\/mm.howkuai.com\/wp-content\/uploads\/2014a\/09\/27\/02.jpg","http:\/\/mm.howkuai.com\/wp-content\/uploads\/2014a\/09\/27\/03.jpg","http:\/\/mm.howkuai.com\/wp-content\/uploads\/2014a\/09\/27\/04.jpg","http:\/\/mm.howkuai.com\/wp-content\/uploads\/2014a\/09\/27\/05.jpg","http:\/\/mm.howkuai.com\/wp-content\/uploads\/2014a\/09\/27\/06.jpg"]},{"plaintext":"\u90a3\u4e9b\u5e74\uff0c\u4f60\u519b\u8bad\u6ca1\u6709\u89c1\u8fc7\u7684\u840c\u59b9\u7eb8","href":"http:\/\/www.meizitu.com\/a\/4477.html","pic_list":["http:\/\/mm.howkuai.com\/wp-content\/uploads\/2014a\/09\/22\/01.jpg","http:\/\/mm.howkuai.com\/wp-content\/uploads\/2014a\/09\/22\/02.jpg","http:\/\/mm.howkuai.com\/wp-content\/uploads\/2014a\/09\/22\/03.jpg","http:\/\/mm.howkuai.com\/wp-content\/uploads\/2014a\/09\/22\/04.jpg","http:\/\/mm.howkuai.com\/wp-content\/uploads\/2014a\/09\/22\/05.jpg","http:\/\/mm.howkuai.com\/wp-content\/uploads\/2014a\/09\/22\/06.jpg","http:\/\/mm.howkuai.com\/wp-content\/uploads\/2014a\/09\/22\/07.jpg","http:\/\/mm.howkuai.com\/wp-content\/uploads\/2014a\/09\/22\/08.jpg","http:\/\/mm.howkuai.com\/wp-content\/uploads\/2014a\/09\/22\/09.jpg","http:\/\/mm.howkuai.com\/wp-content\/uploads\/2014a\/09\/22\/10.jpg"]},{"plaintext":"\u5b81\u9759\u7684\u59b9\u5b50\uff0c\u5b89\u9759\u7684\u5496\u5561\u9986","href":"http:\/\/www.meizitu.com\/a\/4469.html","pic_list":["http:\/\/mm.howkuai.com\/wp-content\/uploads\/2014a\/09\/15\/01.jpg","http:\/\/mm.howkuai.com\/wp-content\/uploads\/2014a\/09\/15\/02.jpg","http:\/\/mm.howkuai.com\/wp-content\/uploads\/2014a\/09\/15\/03.jpg","http:\/\/mm.howkuai.com\/wp-content\/uploads\/2014a\/09\/15\/04.jpg","http:\/\/mm.howkuai.com\/wp-content\/uploads\/2014a\/09\/15\/05.jpg","http:\/\/mm.howkuai.com\/wp-content\/uploads\/2014a\/09\/15\/06.jpg"]},{"plaintext":"\u5348\u540e\u7684\u9633\u5149\uff0c\u4f60\u8be0\u91ca\u4e86\u4e00\u4e2a\u59b9\u5b50\u5e94\u6709\u7684\u79cd\u79cd","href":"http:\/\/www.meizitu.com\/a\/4463.html","pic_list":["http:\/\/mm.howkuai.com\/wp-content\/uploads\/2014a\/09\/09\/01.jpg","http:\/\/mm.howkuai.com\/wp-content\/uploads\/2014a\/09\/09\/02.jpg","http:\/\/mm.howkuai.com\/wp-content\/uploads\/2014a\/09\/09\/03.jpg","http:\/\/mm.howkuai.com\/wp-content\/uploads\/2014a\/09\/09\/04.jpg","http:\/\/mm.howkuai.com\/wp-content\/uploads\/2014a\/09\/09\/05.jpg","http:\/\/mm.howkuai.com\/wp-content\/uploads\/2014a\/09\/09\/06.jpg","http:\/\/mm.howkuai.com\/wp-content\/uploads\/2014a\/09\/09\/07.jpg","http:\/\/mm.howkuai.com\/wp-content\/uploads\/2014a\/09\/09\/08.jpg"]},{"plaintext":"\u61a7\u61ac\uff0c\u4e5f\u8bb8\u53ea\u80fd\u5728\u68a6\u4e2d\u4e0e\u4f60\u76f8\u4f1a","href":"http:\/\/www.meizitu.com\/a\/4461.html","pic_list":["http:\/\/mm.howkuai.com\/wp-content\/uploads\/2014a\/09\/07\/01.jpg","http:\/\/mm.howkuai.com\/wp-content\/uploads\/2014a\/09\/07\/02.jpg","http:\/\/mm.howkuai.com\/wp-content\/uploads\/2014a\/09\/07\/03.jpg","http:\/\/mm.howkuai.com\/wp-content\/uploads\/2014a\/09\/07\/04.jpg","http:\/\/mm.howkuai.com\/wp-content\/uploads\/2014a\/09\/07\/05.jpg","http:\/\/mm.howkuai.com\/wp-content\/uploads\/2014a\/09\/07\/06.jpg","http:\/\/mm.howkuai.com\/wp-content\/uploads\/2014a\/09\/07\/07.jpg","http:\/\/mm.howkuai.com\/wp-content\/uploads\/2014a\/09\/07\/08.jpg"]},{"plaintext":"\u8155\u767d\u808c\u7ea2\uff0c\u7ec6\u5706\u65e0\u8282\uff0c\u53ef\u7231\u59b9\u5b50\u6c34\u4e2d\u620f","href":"http:\/\/www.meizitu.com\/a\/4458.html","pic_list":["http:\/\/mm.howkuai.com\/wp-content\/uploads\/2014a\/09\/04\/01.jpg","http:\/\/mm.howkuai.com\/wp-content\/uploads\/2014a\/09\/04\/02.jpg","http:\/\/mm.howkuai.com\/wp-content\/uploads\/2014a\/09\/04\/03.jpg","http:\/\/mm.howkuai.com\/wp-content\/uploads\/2014a\/09\/04\/04.jpg","http:\/\/mm.howkuai.com\/wp-content\/uploads\/2014a\/09\/04\/05.jpg","http:\/\/mm.howkuai.com\/wp-content\/uploads\/2014a\/09\/04\/06.jpg"]},{"plaintext":"\u897f\u74dc\u5927\u4f5c\u6218\uff0c\u590f\u5929\u5feb\u8fc7\u53bb\u4e86\uff0c\u59b9\u5b50\u6293\u7d27\u5403","href":"http:\/\/www.meizitu.com\/a\/4442.html","pic_list":["http:\/\/mm.howkuai.com\/wp-content\/uploads\/2014a\/08\/56\/01.jpg","http:\/\/mm.howkuai.com\/wp-content\/uploads\/2014a\/08\/56\/02.jpg","http:\/\/mm.howkuai.com\/wp-content\/uploads\/2014a\/08\/56\/03.jpg","http:\/\/mm.howkuai.com\/wp-content\/uploads\/2014a\/08\/56\/04.jpg","http:\/\/mm.howkuai.com\/wp-content\/uploads\/2014a\/08\/56\/05.jpg","http:\/\/mm.howkuai.com\/wp-content\/uploads\/2014a\/08\/56\/06.jpg","http:\/\/mm.howkuai.com\/wp-content\/uploads\/2014a\/08\/56\/07.jpg","http:\/\/mm.howkuai.com\/wp-content\/uploads\/2014a\/08\/56\/08.jpg"]},{"plaintext":"\u4fee\u957f\u7684\u7389\u6307\u767d\u7699\u7684\u808c\u80a4\uff0c\u6e05\u65b0\u98ce\u4f53\u64cd\u670d\u59b9\u5b50","href":"http:\/\/www.meizitu.com\/a\/4441.html","pic_list":["http:\/\/mm.howkuai.com\/wp-content\/uploads\/2014a\/08\/55\/01.jpg","http:\/\/mm.howkuai.com\/wp-content\/uploads\/2014a\/08\/55\/02.jpg","http:\/\/mm.howkuai.com\/wp-content\/uploads\/2014a\/08\/55\/03.jpg","http:\/\/mm.howkuai.com\/wp-content\/uploads\/2014a\/08\/55\/04.jpg","http:\/\/mm.howkuai.com\/wp-content\/uploads\/2014a\/08\/55\/05.jpg","http:\/\/mm.howkuai.com\/wp-content\/uploads\/2014a\/08\/55\/06.jpg"]}]