[{"plaintext":"\u8fd9\u6837\u7684\u59b9\u5b50\uff0c\u5c31\u95ee\u4f60\u559c\u6b22\u4e0d\u559c\u6b22","href":"http:\/\/www.meizitu.com\/a\/5467.html","pic_list":["http:\/\/mm.howkuai.com\/wp-content\/uploads\/2016a\/08\/22\/01.jpg","http:\/\/mm.howkuai.com\/wp-content\/uploads\/2016a\/08\/22\/02.jpg","http:\/\/mm.howkuai.com\/wp-content\/uploads\/2016a\/08\/22\/03.jpg","http:\/\/mm.howkuai.com\/wp-content\/uploads\/2016a\/08\/22\/04.jpg","http:\/\/mm.howkuai.com\/wp-content\/uploads\/2016a\/08\/22\/05.jpg","http:\/\/mm.howkuai.com\/wp-content\/uploads\/2016a\/08\/22\/06.jpg","http:\/\/mm.howkuai.com\/wp-content\/uploads\/2016a\/08\/22\/07.jpg","http:\/\/mm.howkuai.com\/wp-content\/uploads\/2016a\/08\/22\/08.jpg"]},{"plaintext":"\u6cbb\u6108\u7cfb\uff0c\u559c\u6b22\u4f60\u7684\u5c0f\u9152\u7a9d","href":"http:\/\/www.meizitu.com\/a\/5457.html","pic_list":["http:\/\/mm.howkuai.com\/wp-content\/uploads\/2016a\/08\/12\/01.jpg","http:\/\/mm.howkuai.com\/wp-content\/uploads\/2016a\/08\/12\/02.jpg","http:\/\/mm.howkuai.com\/wp-content\/uploads\/2016a\/08\/12\/03.jpg","http:\/\/mm.howkuai.com\/wp-content\/uploads\/2016a\/08\/12\/04.jpg","http:\/\/mm.howkuai.com\/wp-content\/uploads\/2016a\/08\/12\/05.jpg","http:\/\/mm.howkuai.com\/wp-content\/uploads\/2016a\/08\/12\/06.jpg"]},{"plaintext":"\u5c31\u559c\u6b22\u4f60\u65e0\u5fe7\u65e0\u8651\u505a\u767d\u65e5\u68a6\u7684\u6837\u5b50","href":"http:\/\/www.meizitu.com\/a\/5442.html","pic_list":["http:\/\/mm.howkuai.com\/wp-content\/uploads\/2016a\/07\/39\/01.jpg","http:\/\/mm.howkuai.com\/wp-content\/uploads\/2016a\/07\/39\/02.jpg","http:\/\/mm.howkuai.com\/wp-content\/uploads\/2016a\/07\/39\/03.jpg","http:\/\/mm.howkuai.com\/wp-content\/uploads\/2016a\/07\/39\/04.jpg","http:\/\/mm.howkuai.com\/wp-content\/uploads\/2016a\/07\/39\/05.jpg","http:\/\/mm.howkuai.com\/wp-content\/uploads\/2016a\/07\/39\/06.jpg","http:\/\/mm.howkuai.com\/wp-content\/uploads\/2016a\/07\/39\/07.jpg","http:\/\/mm.howkuai.com\/wp-content\/uploads\/2016a\/07\/39\/08.jpg"]},{"plaintext":"\u53ef\u7231\u5973\u5b69\u6e29\u67d4\u65f6\u4f3c\u6c34\uff0c\u70ed\u60c5\u65f6\u4f3c\u706b","href":"http:\/\/www.meizitu.com\/a\/5423.html","pic_list":["http:\/\/mm.howkuai.com\/wp-content\/uploads\/2016a\/07\/20\/01.jpg","http:\/\/mm.howkuai.com\/wp-content\/uploads\/2016a\/07\/20\/02.jpg","http:\/\/mm.howkuai.com\/wp-content\/uploads\/2016a\/07\/20\/03.jpg","http:\/\/mm.howkuai.com\/wp-content\/uploads\/2016a\/07\/20\/04.jpg","http:\/\/mm.howkuai.com\/wp-content\/uploads\/2016a\/07\/20\/05.jpg","http:\/\/mm.howkuai.com\/wp-content\/uploads\/2016a\/07\/20\/06.jpg","http:\/\/mm.howkuai.com\/wp-content\/uploads\/2016a\/07\/20\/07.jpg","http:\/\/mm.howkuai.com\/wp-content\/uploads\/2016a\/07\/20\/08.jpg","http:\/\/mm.howkuai.com\/wp-content\/uploads\/2016a\/07\/20\/09.jpg"]},{"plaintext":"\u4f20\u8bf4\u4e2d\u7684\u65e5\u7cfb\u59b9\u5b50\u5230\u5e95\u662f\u4ec0\u4e48\u6837\u5b50\uff1f","href":"http:\/\/www.meizitu.com\/a\/5419.html","pic_list":["http:\/\/mm.howkuai.com\/wp-content\/uploads\/2016a\/07\/16\/01.jpg","http:\/\/mm.howkuai.com\/wp-content\/uploads\/2016a\/07\/16\/02.jpg","http:\/\/mm.howkuai.com\/wp-content\/uploads\/2016a\/07\/16\/03.jpg","http:\/\/mm.howkuai.com\/wp-content\/uploads\/2016a\/07\/16\/04.jpg","http:\/\/mm.howkuai.com\/wp-content\/uploads\/2016a\/07\/16\/05.jpg","http:\/\/mm.howkuai.com\/wp-content\/uploads\/2016a\/07\/16\/06.jpg","http:\/\/mm.howkuai.com\/wp-content\/uploads\/2016a\/07\/16\/07.jpg","http:\/\/mm.howkuai.com\/wp-content\/uploads\/2016a\/07\/16\/08.jpg","http:\/\/mm.howkuai.com\/wp-content\/uploads\/2016a\/07\/16\/09.jpg","http:\/\/mm.howkuai.com\/wp-content\/uploads\/2016a\/07\/16\/10.jpg"]},{"plaintext":"\u5065\u8eab\u623f\u91cc\u7684\u59b9\u5b50\u8eab\u6750\u5c31\u662f\u68d2\u68d2\u54d2","href":"http:\/\/www.meizitu.com\/a\/5409.html","pic_list":["http:\/\/mm.howkuai.com\/wp-content\/uploads\/2016a\/07\/06\/1.jpg","http:\/\/mm.howkuai.com\/wp-content\/uploads\/2016a\/07\/06\/2.jpg","http:\/\/mm.howkuai.com\/wp-content\/uploads\/2016a\/07\/06\/3.jpg","http:\/\/mm.howkuai.com\/wp-content\/uploads\/2016a\/07\/06\/4.jpg","http:\/\/mm.howkuai.com\/wp-content\/uploads\/2016a\/07\/06\/5.jpg","http:\/\/mm.howkuai.com\/wp-content\/uploads\/2016a\/07\/06\/6.jpg","http:\/\/mm.howkuai.com\/wp-content\/uploads\/2016a\/07\/06\/7.jpg","http:\/\/mm.howkuai.com\/wp-content\/uploads\/2016a\/07\/06\/8.jpg","http:\/\/mm.howkuai.com\/wp-content\/uploads\/2016a\/07\/06\/9.jpg","http:\/\/mm.howkuai.com\/wp-content\/uploads\/2016a\/07\/06\/10.jpg","http:\/\/mm.howkuai.com\/wp-content\/uploads\/2016a\/07\/06\/11.jpg","http:\/\/mm.howkuai.com\/wp-content\/uploads\/2016a\/07\/06\/12.jpg","http:\/\/mm.howkuai.com\/wp-content\/uploads\/2016a\/07\/06\/13.jpg","http:\/\/mm.howkuai.com\/wp-content\/uploads\/2016a\/07\/06\/14.jpg"]},{"plaintext":"360\u5ea6\u65e0\u6b7b\u89d2\uff0c\u8fd9\u59b9\u5b50\u4e00\u5b9a\u662f\u8868\u6f14\u7cfb\u7684\uff01","href":"http:\/\/www.meizitu.com\/a\/5403.html","pic_list":["http:\/\/mm.howkuai.com\/wp-content\/uploads\/2016a\/07\/01\/01.jpg","http:\/\/mm.howkuai.com\/wp-content\/uploads\/2016a\/07\/01\/02.jpg","http:\/\/mm.howkuai.com\/wp-content\/uploads\/2016a\/07\/01\/03.jpg","http:\/\/mm.howkuai.com\/wp-content\/uploads\/2016a\/07\/01\/04.jpg","http:\/\/mm.howkuai.com\/wp-content\/uploads\/2016a\/07\/01\/05.jpg","http:\/\/mm.howkuai.com\/wp-content\/uploads\/2016a\/07\/01\/06.jpg","http:\/\/mm.howkuai.com\/wp-content\/uploads\/2016a\/07\/01\/07.jpg","http:\/\/mm.howkuai.com\/wp-content\/uploads\/2016a\/07\/01\/08.jpg","http:\/\/mm.howkuai.com\/wp-content\/uploads\/2016a\/07\/01\/09.jpg","http:\/\/mm.howkuai.com\/wp-content\/uploads\/2016a\/07\/01\/10.jpg","http:\/\/mm.howkuai.com\/wp-content\/uploads\/2016a\/07\/01\/11.jpg"]},{"plaintext":"\u59b9\u7eb8\u4eec\u53c8\u5230\u4e86\u4e00\u5e74\u6bd5\u4e1a\u5b63\uff0c\u518d\u89c1\u6821\u56ed","href":"http:\/\/www.meizitu.com\/a\/5401.html","pic_list":["http:\/\/mm.howkuai.com\/wp-content\/uploads\/2016a\/06\/15\/01.jpg","http:\/\/mm.howkuai.com\/wp-content\/uploads\/2016a\/06\/15\/02.jpg","http:\/\/mm.howkuai.com\/wp-content\/uploads\/2016a\/06\/15\/03.jpg","http:\/\/mm.howkuai.com\/wp-content\/uploads\/2016a\/06\/15\/04.jpg","http:\/\/mm.howkuai.com\/wp-content\/uploads\/2016a\/06\/15\/05.jpg","http:\/\/mm.howkuai.com\/wp-content\/uploads\/2016a\/06\/15\/06.jpg","http:\/\/mm.howkuai.com\/wp-content\/uploads\/2016a\/06\/15\/07.jpg","http:\/\/mm.howkuai.com\/wp-content\/uploads\/2016a\/06\/15\/08.jpg","http:\/\/mm.howkuai.com\/wp-content\/uploads\/2016a\/06\/15\/09.jpg","http:\/\/mm.howkuai.com\/wp-content\/uploads\/2016a\/06\/15\/10.jpg"]},{"plaintext":"\u897f\u74dc\u548c\u70ed\u88e4\u90fd\u662f\u59b9\u5b50\u4eec\u7684\u5fc5\u5907","href":"http:\/\/www.meizitu.com\/a\/5397.html","pic_list":["http:\/\/mm.howkuai.com\/wp-content\/uploads\/2016a\/06\/12\/01.jpg","http:\/\/mm.howkuai.com\/wp-content\/uploads\/2016a\/06\/12\/02.jpg","http:\/\/mm.howkuai.com\/wp-content\/uploads\/2016a\/06\/12\/03.jpg","http:\/\/mm.howkuai.com\/wp-content\/uploads\/2016a\/06\/12\/04.jpg","http:\/\/mm.howkuai.com\/wp-content\/uploads\/2016a\/06\/12\/05.jpg","http:\/\/mm.howkuai.com\/wp-content\/uploads\/2016a\/06\/12\/06.jpg","http:\/\/mm.howkuai.com\/wp-content\/uploads\/2016a\/06\/12\/07.jpg","http:\/\/mm.howkuai.com\/wp-content\/uploads\/2016a\/06\/12\/08.jpg"]},{"plaintext":"\u59b9\u5b50\u5237\u7259\u6d17\u8138\u7761\u89c9\uff0c\u8981\u76f4\u64ad\u7684\u8282\u594f\u5417\uff1f","href":"http:\/\/www.meizitu.com\/a\/5388.html","pic_list":["http:\/\/mm.howkuai.com\/wp-content\/uploads\/2016a\/06\/03\/01.jpg","http:\/\/mm.howkuai.com\/wp-content\/uploads\/2016a\/06\/03\/02.jpg","http:\/\/mm.howkuai.com\/wp-content\/uploads\/2016a\/06\/03\/03.jpg","http:\/\/mm.howkuai.com\/wp-content\/uploads\/2016a\/06\/03\/04.jpg","http:\/\/mm.howkuai.com\/wp-content\/uploads\/2016a\/06\/03\/05.jpg","http:\/\/mm.howkuai.com\/wp-content\/uploads\/2016a\/06\/03\/06.jpg","http:\/\/mm.howkuai.com\/wp-content\/uploads\/2016a\/06\/03\/07.jpg","http:\/\/mm.howkuai.com\/wp-content\/uploads\/2016a\/06\/03\/08.jpg","http:\/\/mm.howkuai.com\/wp-content\/uploads\/2016a\/06\/03\/09.jpg"]},{"plaintext":"\u6559\u5ba4\u91cc\u59b9\u7eb8\u4efb\u6027\u6446\u62cd \u7f51\u53cb\uff1a\u6709\u540c\u5b66\u65f6\u6562\u5417\uff1f","href":"http:\/\/www.meizitu.com\/a\/5381.html","pic_list":["http:\/\/mm.howkuai.com\/wp-content\/uploads\/2016a\/05\/19\/01.jpg","http:\/\/mm.howkuai.com\/wp-content\/uploads\/2016a\/05\/19\/02.jpg","http:\/\/mm.howkuai.com\/wp-content\/uploads\/2016a\/05\/19\/03.jpg","http:\/\/mm.howkuai.com\/wp-content\/uploads\/2016a\/05\/19\/04.jpg","http:\/\/mm.howkuai.com\/wp-content\/uploads\/2016a\/05\/19\/05.jpg","http:\/\/mm.howkuai.com\/wp-content\/uploads\/2016a\/05\/19\/06.jpg","http:\/\/mm.howkuai.com\/wp-content\/uploads\/2016a\/05\/19\/07.jpg","http:\/\/mm.howkuai.com\/wp-content\/uploads\/2016a\/05\/19\/08.jpg","http:\/\/mm.howkuai.com\/wp-content\/uploads\/2016a\/05\/19\/09.jpg"]},{"plaintext":"\u6e05\u7eaf\u7f8e\u5973\u767e\u770b\u4e0d\u817b\uff0c\u989c\u503c\u662f\u5173\u952e","href":"http:\/\/www.meizitu.com\/a\/5375.html","pic_list":["http:\/\/mm.howkuai.com\/wp-content\/uploads\/2016a\/05\/13\/01.jpg","http:\/\/mm.howkuai.com\/wp-content\/uploads\/2016a\/05\/13\/02.jpg","http:\/\/mm.howkuai.com\/wp-content\/uploads\/2016a\/05\/13\/03.jpg","http:\/\/mm.howkuai.com\/wp-content\/uploads\/2016a\/05\/13\/04.jpg","http:\/\/mm.howkuai.com\/wp-content\/uploads\/2016a\/05\/13\/05.jpg","http:\/\/mm.howkuai.com\/wp-content\/uploads\/2016a\/05\/13\/06.jpg","http:\/\/mm.howkuai.com\/wp-content\/uploads\/2016a\/05\/13\/07.jpg","http:\/\/mm.howkuai.com\/wp-content\/uploads\/2016a\/05\/13\/08.jpg","http:\/\/mm.howkuai.com\/wp-content\/uploads\/2016a\/05\/13\/09.jpg","http:\/\/mm.howkuai.com\/wp-content\/uploads\/2016a\/05\/13\/10.jpg"]},{"plaintext":"\u770b\u7684\u5b85\u7537\u5fc3\u90fd\u878d\u5316\u4e86\uff0c\u6361\u6765\u7684\u6700\u7f8e\u732b\u54aa","href":"http:\/\/www.meizitu.com\/a\/5359.html","pic_list":["http:\/\/mm.howkuai.com\/wp-content\/uploads\/2016a\/04\/19\/01.jpg","http:\/\/mm.howkuai.com\/wp-content\/uploads\/2016a\/04\/19\/02.jpg","http:\/\/mm.howkuai.com\/wp-content\/uploads\/2016a\/04\/19\/03.jpg","http:\/\/mm.howkuai.com\/wp-content\/uploads\/2016a\/04\/19\/04.jpg","http:\/\/mm.howkuai.com\/wp-content\/uploads\/2016a\/04\/19\/05.jpg","http:\/\/mm.howkuai.com\/wp-content\/uploads\/2016a\/04\/19\/06.jpg","http:\/\/mm.howkuai.com\/wp-content\/uploads\/2016a\/04\/19\/07.jpg","http:\/\/mm.howkuai.com\/wp-content\/uploads\/2016a\/04\/19\/08.jpg","http:\/\/mm.howkuai.com\/wp-content\/uploads\/2016a\/04\/19\/09.jpg"]},{"plaintext":"\u7206\u7ea2\u6e05\u7eaf\u6821\u82b1\u751f\u6d3b\u7167\uff0c\u5ae3\u7136\u5de7\u7b11\u8ba8\u4eba\u7231","href":"http:\/\/www.meizitu.com\/a\/5351.html","pic_list":["http:\/\/mm.howkuai.com\/wp-content\/uploads\/2016a\/04\/11\/01.jpg","http:\/\/mm.howkuai.com\/wp-content\/uploads\/2016a\/04\/11\/02.jpg","http:\/\/mm.howkuai.com\/wp-content\/uploads\/2016a\/04\/11\/03.jpg","http:\/\/mm.howkuai.com\/wp-content\/uploads\/2016a\/04\/11\/04.jpg","http:\/\/mm.howkuai.com\/wp-content\/uploads\/2016a\/04\/11\/05.jpg","http:\/\/mm.howkuai.com\/wp-content\/uploads\/2016a\/04\/11\/06.jpg","http:\/\/mm.howkuai.com\/wp-content\/uploads\/2016a\/04\/11\/07.jpg"]},{"plaintext":"\u9752\u6625\u7684\u5473\u9053\uff0c\u590f\u5929\u91cc\u6821\u670d\u548c\u7eaf\u59b9\u5b50\u66f4\u914d\u5662","href":"http:\/\/www.meizitu.com\/a\/5338.html","pic_list":["http:\/\/mm.howkuai.com\/wp-content\/uploads\/2016a\/03\/18\/01.jpg","http:\/\/mm.howkuai.com\/wp-content\/uploads\/2016a\/03\/18\/02.jpg","http:\/\/mm.howkuai.com\/wp-content\/uploads\/2016a\/03\/18\/03.jpg","http:\/\/mm.howkuai.com\/wp-content\/uploads\/2016a\/03\/18\/04.jpg","http:\/\/mm.howkuai.com\/wp-content\/uploads\/2016a\/03\/18\/05.jpg","http:\/\/mm.howkuai.com\/wp-content\/uploads\/2016a\/03\/18\/06.jpg","http:\/\/mm.howkuai.com\/wp-content\/uploads\/2016a\/03\/18\/07.jpg","http:\/\/mm.howkuai.com\/wp-content\/uploads\/2016a\/03\/18\/08.jpg","http:\/\/mm.howkuai.com\/wp-content\/uploads\/2016a\/03\/18\/09.jpg"]},{"plaintext":"\u7f8e\u4e3d\u51bb\u4eba\uff0c\u96ea\u5730\u91cc\u7684\u8dc6\u62f3\u9053\u5c11\u5973","href":"http:\/\/www.meizitu.com\/a\/5311.html","pic_list":["http:\/\/mm.howkuai.com\/wp-content\/uploads\/2016a\/02\/20\/01.jpg","http:\/\/mm.howkuai.com\/wp-content\/uploads\/2016a\/02\/20\/02.jpg","http:\/\/mm.howkuai.com\/wp-content\/uploads\/2016a\/02\/20\/03.jpg","http:\/\/mm.howkuai.com\/wp-content\/uploads\/2016a\/02\/20\/04.jpg","http:\/\/mm.howkuai.com\/wp-content\/uploads\/2016a\/02\/20\/05.jpg","http:\/\/mm.howkuai.com\/wp-content\/uploads\/2016a\/02\/20\/06.jpg","http:\/\/mm.howkuai.com\/wp-content\/uploads\/2016a\/02\/20\/07.jpg","http:\/\/mm.howkuai.com\/wp-content\/uploads\/2016a\/02\/20\/08.jpg"]},{"plaintext":"\u6e05\u7eaf\u59b9\u5b50\u5982\u4e00\u7f15\u9633\u5149\u6e29\u6696\u8fd9\u4e2a\u51ac\u5929","href":"http:\/\/www.meizitu.com\/a\/5299.html","pic_list":["http:\/\/mm.howkuai.com\/wp-content\/uploads\/2016a\/02\/08\/01.jpg","http:\/\/mm.howkuai.com\/wp-content\/uploads\/2016a\/02\/08\/02.jpg","http:\/\/mm.howkuai.com\/wp-content\/uploads\/2016a\/02\/08\/03.jpg","http:\/\/mm.howkuai.com\/wp-content\/uploads\/2016a\/02\/08\/04.jpg","http:\/\/mm.howkuai.com\/wp-content\/uploads\/2016a\/02\/08\/05.jpg","http:\/\/mm.howkuai.com\/wp-content\/uploads\/2016a\/02\/08\/06.jpg","http:\/\/mm.howkuai.com\/wp-content\/uploads\/2016a\/02\/08\/07.jpg","http:\/\/mm.howkuai.com\/wp-content\/uploads\/2016a\/02\/08\/08.jpg"]},{"plaintext":"\u6709\u6740\u6c14\u7684\u5973\u5251\u5ba2\uff1f\u600e\u4e48\u770b\u90fd\u662f\u65e0\u5bb3","href":"http:\/\/www.meizitu.com\/a\/5286.html","pic_list":["http:\/\/mm.howkuai.com\/wp-content\/uploads\/2016a\/01\/23\/01.jpg","http:\/\/mm.howkuai.com\/wp-content\/uploads\/2016a\/01\/23\/02.jpg","http:\/\/mm.howkuai.com\/wp-content\/uploads\/2016a\/01\/23\/03.jpg","http:\/\/mm.howkuai.com\/wp-content\/uploads\/2016a\/01\/23\/04.jpg","http:\/\/mm.howkuai.com\/wp-content\/uploads\/2016a\/01\/23\/05.jpg","http:\/\/mm.howkuai.com\/wp-content\/uploads\/2016a\/01\/23\/06.jpg","http:\/\/mm.howkuai.com\/wp-content\/uploads\/2016a\/01\/23\/07.jpg","http:\/\/mm.howkuai.com\/wp-content\/uploads\/2016a\/01\/23\/08.jpg"]},{"plaintext":"\u7231\u6444\u5f71\uff0c\u7231\u751f\u6d3b\uff0c\u6e05\u7eaf\u59b9\u5b50\u7684\u7b80\u5355\u751f\u6d3b","href":"http:\/\/www.meizitu.com\/a\/5284.html","pic_list":["http:\/\/mm.howkuai.com\/wp-content\/uploads\/2016a\/01\/21\/01.jpg","http:\/\/mm.howkuai.com\/wp-content\/uploads\/2016a\/01\/21\/02.jpg","http:\/\/mm.howkuai.com\/wp-content\/uploads\/2016a\/01\/21\/03.jpg","http:\/\/mm.howkuai.com\/wp-content\/uploads\/2016a\/01\/21\/04.jpg","http:\/\/mm.howkuai.com\/wp-content\/uploads\/2016a\/01\/21\/05.jpg","http:\/\/mm.howkuai.com\/wp-content\/uploads\/2016a\/01\/21\/06.jpg","http:\/\/mm.howkuai.com\/wp-content\/uploads\/2016a\/01\/21\/07.jpg"]},{"plaintext":"\u6ee1\u6ee1\u90fd\u662f\u7231\uff0c\u59b9\u5b50\u4e0e\u732b\uff0c\u9759\u9759\u7684\u5f85\u4e00\u4e2a\u4e0b\u5348","href":"http:\/\/www.meizitu.com\/a\/5270.html","pic_list":["http:\/\/mm.howkuai.com\/wp-content\/uploads\/2016a\/01\/07\/01.jpg","http:\/\/mm.howkuai.com\/wp-content\/uploads\/2016a\/01\/07\/02.jpg","http:\/\/mm.howkuai.com\/wp-content\/uploads\/2016a\/01\/07\/03.jpg","http:\/\/mm.howkuai.com\/wp-content\/uploads\/2016a\/01\/07\/04.jpg","http:\/\/mm.howkuai.com\/wp-content\/uploads\/2016a\/01\/07\/05.jpg","http:\/\/mm.howkuai.com\/wp-content\/uploads\/2016a\/01\/07\/06.jpg"]},{"plaintext":"\u5feb\u4e50\u7684\u5c0f\u4f19\u4f34\uff0c\u5c11\u5973\u767b\u767b\u4e0e\u5c0f\u732b\u7b28\u7b28","href":"http:\/\/www.meizitu.com\/a\/5262.html","pic_list":["http:\/\/mm.howkuai.com\/wp-content\/uploads\/2015a\/12\/27\/01.jpg","http:\/\/mm.howkuai.com\/wp-content\/uploads\/2015a\/12\/27\/02.jpg","http:\/\/mm.howkuai.com\/wp-content\/uploads\/2015a\/12\/27\/03.jpg","http:\/\/mm.howkuai.com\/wp-content\/uploads\/2015a\/12\/27\/04.jpg","http:\/\/mm.howkuai.com\/wp-content\/uploads\/2015a\/12\/27\/05.jpg","http:\/\/mm.howkuai.com\/wp-content\/uploads\/2015a\/12\/27\/06.jpg","http:\/\/mm.howkuai.com\/wp-content\/uploads\/2015a\/12\/27\/07.jpg","http:\/\/mm.howkuai.com\/wp-content\/uploads\/2015a\/12\/27\/08.jpg"]},{"plaintext":"\u5236\u670d\u59b9\u7eb8\u6697\u85cf\u4e00\u9897\u9a7f\u52a8\u7684\u5fc3","href":"http:\/\/www.meizitu.com\/a\/5251.html","pic_list":["http:\/\/mm.howkuai.com\/wp-content\/uploads\/2015a\/12\/16\/01.jpg","http:\/\/mm.howkuai.com\/wp-content\/uploads\/2015a\/12\/16\/02.jpg","http:\/\/mm.howkuai.com\/wp-content\/uploads\/2015a\/12\/16\/03.jpg","http:\/\/mm.howkuai.com\/wp-content\/uploads\/2015a\/12\/16\/04.jpg","http:\/\/mm.howkuai.com\/wp-content\/uploads\/2015a\/12\/16\/05.jpg","http:\/\/mm.howkuai.com\/wp-content\/uploads\/2015a\/12\/16\/06.jpg","http:\/\/mm.howkuai.com\/wp-content\/uploads\/2015a\/12\/16\/07.jpg","http:\/\/mm.howkuai.com\/wp-content\/uploads\/2015a\/12\/16\/08.jpg","http:\/\/mm.howkuai.com\/wp-content\/uploads\/2015a\/12\/16\/09.jpg"]},{"plaintext":"\u840c\u7206\u4e86\uff0c\u8f6f\u59b9\u5b50\u6f14\u7ece\u82b1\u59ec","href":"http:\/\/www.meizitu.com\/a\/5246.html","pic_list":["http:\/\/mm.howkuai.com\/wp-content\/uploads\/2015a\/12\/11\/01.jpg","http:\/\/mm.howkuai.com\/wp-content\/uploads\/2015a\/12\/11\/02.jpg","http:\/\/mm.howkuai.com\/wp-content\/uploads\/2015a\/12\/11\/03.jpg","http:\/\/mm.howkuai.com\/wp-content\/uploads\/2015a\/12\/11\/04.jpg","http:\/\/mm.howkuai.com\/wp-content\/uploads\/2015a\/12\/11\/05.jpg","http:\/\/mm.howkuai.com\/wp-content\/uploads\/2015a\/12\/11\/06.jpg"]},{"plaintext":"\u5feb\u4e50\u9752\u6625\u5c0f\u65f6\u5149\uff0c\u957f\u817f\u5b66\u59b9\u6821\u56ed\u968f\u62cd","href":"http:\/\/www.meizitu.com\/a\/5241.html","pic_list":["http:\/\/mm.howkuai.com\/wp-content\/uploads\/2015a\/12\/07\/01.jpg","http:\/\/mm.howkuai.com\/wp-content\/uploads\/2015a\/12\/07\/02.jpg","http:\/\/mm.howkuai.com\/wp-content\/uploads\/2015a\/12\/07\/03.jpg","http:\/\/mm.howkuai.com\/wp-content\/uploads\/2015a\/12\/07\/04.jpg","http:\/\/mm.howkuai.com\/wp-content\/uploads\/2015a\/12\/07\/05.jpg","http:\/\/mm.howkuai.com\/wp-content\/uploads\/2015a\/12\/07\/06.jpg","http:\/\/mm.howkuai.com\/wp-content\/uploads\/2015a\/12\/07\/07.jpg","http:\/\/mm.howkuai.com\/wp-content\/uploads\/2015a\/12\/07\/08.jpg","http:\/\/mm.howkuai.com\/wp-content\/uploads\/2015a\/12\/07\/09.jpg","http:\/\/mm.howkuai.com\/wp-content\/uploads\/2015a\/12\/07\/10.jpg"]},{"plaintext":"\u5927\u773c\u840c\u59b9\u5b50\u7c89\u8272\u7cfb\u5199\u771f\u79c0","href":"http:\/\/www.meizitu.com\/a\/5231.html","pic_list":["http:\/\/mm.howkuai.com\/wp-content\/uploads\/2015a\/11\/26\/01.jpg","http:\/\/mm.howkuai.com\/wp-content\/uploads\/2015a\/11\/26\/02.jpg","http:\/\/mm.howkuai.com\/wp-content\/uploads\/2015a\/11\/26\/03.jpg","http:\/\/mm.howkuai.com\/wp-content\/uploads\/2015a\/11\/26\/04.jpg","http:\/\/mm.howkuai.com\/wp-content\/uploads\/2015a\/11\/26\/05.jpg","http:\/\/mm.howkuai.com\/wp-content\/uploads\/2015a\/11\/26\/06.jpg","http:\/\/mm.howkuai.com\/wp-content\/uploads\/2015a\/11\/26\/07.jpg","http:\/\/mm.howkuai.com\/wp-content\/uploads\/2015a\/11\/26\/08.jpg","http:\/\/mm.howkuai.com\/wp-content\/uploads\/2015a\/11\/26\/09.jpg"]},{"plaintext":"\u53cc\u9a6c\u5c3e\u5973\u5b69\u7231\u7bee\u7403\uff0c\u9752\u6625\u9753\u4e3d\u5f15\u5b66\u957f\u4fa7\u76ee","href":"http:\/\/www.meizitu.com\/a\/5225.html","pic_list":["http:\/\/mm.howkuai.com\/wp-content\/uploads\/2015a\/11\/20\/01.jpg","http:\/\/mm.howkuai.com\/wp-content\/uploads\/2015a\/11\/20\/02.jpg","http:\/\/mm.howkuai.com\/wp-content\/uploads\/2015a\/11\/20\/03.jpg","http:\/\/mm.howkuai.com\/wp-content\/uploads\/2015a\/11\/20\/04.jpg","http:\/\/mm.howkuai.com\/wp-content\/uploads\/2015a\/11\/20\/05.jpg","http:\/\/mm.howkuai.com\/wp-content\/uploads\/2015a\/11\/20\/06.jpg","http:\/\/mm.howkuai.com\/wp-content\/uploads\/2015a\/11\/20\/07.jpg","http:\/\/mm.howkuai.com\/wp-content\/uploads\/2015a\/11\/20\/08.jpg","http:\/\/mm.howkuai.com\/wp-content\/uploads\/2015a\/11\/20\/09.jpg","http:\/\/mm.howkuai.com\/wp-content\/uploads\/2015a\/11\/20\/10.jpg"]},{"plaintext":"\u840c\u840c\u54d2\u8349\u8393\u9171\u767e\u5206\u767e\u7684\u6cbb\u6108\u7cfb\u7f8e\u5c11\u5973","href":"http:\/\/www.meizitu.com\/a\/5222.html","pic_list":["http:\/\/mm.howkuai.com\/wp-content\/uploads\/2015a\/11\/17\/01.jpg","http:\/\/mm.howkuai.com\/wp-content\/uploads\/2015a\/11\/17\/02.jpg","http:\/\/mm.howkuai.com\/wp-content\/uploads\/2015a\/11\/17\/03.jpg","http:\/\/mm.howkuai.com\/wp-content\/uploads\/2015a\/11\/17\/04.jpg","http:\/\/mm.howkuai.com\/wp-content\/uploads\/2015a\/11\/17\/05.jpg","http:\/\/mm.howkuai.com\/wp-content\/uploads\/2015a\/11\/17\/06.jpg","http:\/\/mm.howkuai.com\/wp-content\/uploads\/2015a\/11\/17\/07.jpg","http:\/\/mm.howkuai.com\/wp-content\/uploads\/2015a\/11\/17\/08.jpg"]},{"plaintext":"\u59b9\u7eb8\u8eab\u7a7f\u6050\u9f99\u670d\uff0c\u5f20\u7259\u821e\u722a\u5374\u53ea\u6709\u53ef\u7231","href":"http:\/\/www.meizitu.com\/a\/5215.html","pic_list":["http:\/\/mm.howkuai.com\/wp-content\/uploads\/2015a\/11\/10\/01.jpg","http:\/\/mm.howkuai.com\/wp-content\/uploads\/2015a\/11\/10\/02.jpg","http:\/\/mm.howkuai.com\/wp-content\/uploads\/2015a\/11\/10\/03.jpg","http:\/\/mm.howkuai.com\/wp-content\/uploads\/2015a\/11\/10\/04.jpg","http:\/\/mm.howkuai.com\/wp-content\/uploads\/2015a\/11\/10\/05.jpg","http:\/\/mm.howkuai.com\/wp-content\/uploads\/2015a\/11\/10\/06.jpg"]}]