[{"plaintext":"\u5730\u94c1\u91cc\u7684\u5143\u6c14\u5c11\u5973\uff0c\u695a\u695a","href":"http:\/\/www.meizitu.com\/a\/4900.html","pic_list":["http:\/\/mm.howkuai.com\/wp-content\/uploads\/2015a\/04\/04\/01.jpg","http:\/\/mm.howkuai.com\/wp-content\/uploads\/2015a\/04\/04\/02.jpg","http:\/\/mm.howkuai.com\/wp-content\/uploads\/2015a\/04\/04\/03.jpg","http:\/\/mm.howkuai.com\/wp-content\/uploads\/2015a\/04\/04\/04.jpg","http:\/\/mm.howkuai.com\/wp-content\/uploads\/2015a\/04\/04\/05.jpg","http:\/\/mm.howkuai.com\/wp-content\/uploads\/2015a\/04\/04\/06.jpg","http:\/\/mm.howkuai.com\/wp-content\/uploads\/2015a\/04\/04\/07.jpg"]},{"plaintext":"\u542b\u82de\u5f85\u653e\u7684\u732b\u732b\u5973\uff0c\u5899\u58c1\u4e0a\u4f60\u7684\u5f71\u5b50\u591a\u4e48\u53ef\u7231","href":"http:\/\/www.meizitu.com\/a\/4895.html","pic_list":["http:\/\/mm.howkuai.com\/wp-content\/uploads\/2015a\/03\/53\/01.jpg","http:\/\/mm.howkuai.com\/wp-content\/uploads\/2015a\/03\/53\/02.jpg","http:\/\/mm.howkuai.com\/wp-content\/uploads\/2015a\/03\/53\/03.jpg","http:\/\/mm.howkuai.com\/wp-content\/uploads\/2015a\/03\/53\/04.jpg","http:\/\/mm.howkuai.com\/wp-content\/uploads\/2015a\/03\/53\/05.jpg","http:\/\/mm.howkuai.com\/wp-content\/uploads\/2015a\/03\/53\/06.jpg","http:\/\/mm.howkuai.com\/wp-content\/uploads\/2015a\/03\/53\/07.jpg"]},{"plaintext":"\u6d53\u6d53\u65e5\u7cfb\u98ce\uff0c\u4f60\u6709\u4e00\u53cc\u7231\u7b11\u7684\u773c\u775b","href":"http:\/\/www.meizitu.com\/a\/4878.html","pic_list":["http:\/\/mm.howkuai.com\/wp-content\/uploads\/2015a\/03\/36\/01.jpg","http:\/\/mm.howkuai.com\/wp-content\/uploads\/2015a\/03\/36\/02.jpg","http:\/\/mm.howkuai.com\/wp-content\/uploads\/2015a\/03\/36\/03.jpg","http:\/\/mm.howkuai.com\/wp-content\/uploads\/2015a\/03\/36\/04.jpg","http:\/\/mm.howkuai.com\/wp-content\/uploads\/2015a\/03\/36\/05.jpg","http:\/\/mm.howkuai.com\/wp-content\/uploads\/2015a\/03\/36\/06.jpg","http:\/\/mm.howkuai.com\/wp-content\/uploads\/2015a\/03\/36\/07.jpg"]},{"plaintext":"\u7d20\u989c\u7f8e\u5973\uff0c\u6e05\u6f88\u7684\u773c\u795e\u8ba9\u4eba\u5fc3\u9189","href":"http:\/\/www.meizitu.com\/a\/4875.html","pic_list":["http:\/\/mm.howkuai.com\/wp-content\/uploads\/2015a\/03\/33\/01.jpg","http:\/\/mm.howkuai.com\/wp-content\/uploads\/2015a\/03\/33\/02.jpg","http:\/\/mm.howkuai.com\/wp-content\/uploads\/2015a\/03\/33\/03.jpg","http:\/\/mm.howkuai.com\/wp-content\/uploads\/2015a\/03\/33\/04.jpg","http:\/\/mm.howkuai.com\/wp-content\/uploads\/2015a\/03\/33\/05.jpg","http:\/\/mm.howkuai.com\/wp-content\/uploads\/2015a\/03\/33\/06.jpg"]},{"plaintext":"\uff02\u96ea\u56fd\u7684\u5929\u4f7f\uff02\u7f8e\u4e3d\u51bb\u4eba \u767d\u91cc\u900f\u7ea2","href":"http:\/\/www.meizitu.com\/a\/4845.html","pic_list":["http:\/\/mm.howkuai.com\/wp-content\/uploads\/2015a\/03\/03\/01.jpg","http:\/\/mm.howkuai.com\/wp-content\/uploads\/2015a\/03\/03\/02.jpg","http:\/\/mm.howkuai.com\/wp-content\/uploads\/2015a\/03\/03\/03.jpg","http:\/\/mm.howkuai.com\/wp-content\/uploads\/2015a\/03\/03\/04.jpg","http:\/\/mm.howkuai.com\/wp-content\/uploads\/2015a\/03\/03\/05.jpg","http:\/\/mm.howkuai.com\/wp-content\/uploads\/2015a\/03\/03\/06.jpg","http:\/\/mm.howkuai.com\/wp-content\/uploads\/2015a\/03\/03\/07.jpg"]},{"plaintext":"[\u95fa\u871c\u7cfb\u5217]\u65f6\u5149\u834f\u82d2\u3001\u9752\u6625\u4e0d\u6563","href":"http:\/\/www.meizitu.com\/a\/4844.html","pic_list":["http:\/\/mm.howkuai.com\/wp-content\/uploads\/2015a\/03\/02\/01.jpg","http:\/\/mm.howkuai.com\/wp-content\/uploads\/2015a\/03\/02\/02.jpg","http:\/\/mm.howkuai.com\/wp-content\/uploads\/2015a\/03\/02\/03.jpg","http:\/\/mm.howkuai.com\/wp-content\/uploads\/2015a\/03\/02\/04.jpg","http:\/\/mm.howkuai.com\/wp-content\/uploads\/2015a\/03\/02\/05.jpg","http:\/\/mm.howkuai.com\/wp-content\/uploads\/2015a\/03\/02\/06.jpg","http:\/\/mm.howkuai.com\/wp-content\/uploads\/2015a\/03\/02\/07.jpg","http:\/\/mm.howkuai.com\/wp-content\/uploads\/2015a\/03\/02\/08.jpg","http:\/\/mm.howkuai.com\/wp-content\/uploads\/2015a\/03\/02\/09.jpg"]},{"plaintext":"\u65e9\u6668\u597d\uff0c\u5a07\u5c0f\u53ef\u7231\u7684\u751c\u5fc3","href":"http:\/\/www.meizitu.com\/a\/4842.html","pic_list":["http:\/\/mm.howkuai.com\/wp-content\/uploads\/2015a\/02\/37\/01.jpg","http:\/\/mm.howkuai.com\/wp-content\/uploads\/2015a\/02\/37\/02.jpg","http:\/\/mm.howkuai.com\/wp-content\/uploads\/2015a\/02\/37\/03.jpg","http:\/\/mm.howkuai.com\/wp-content\/uploads\/2015a\/02\/37\/04.jpg","http:\/\/mm.howkuai.com\/wp-content\/uploads\/2015a\/02\/37\/05.jpg","http:\/\/mm.howkuai.com\/wp-content\/uploads\/2015a\/02\/37\/06.jpg","http:\/\/mm.howkuai.com\/wp-content\/uploads\/2015a\/02\/37\/07.jpg","http:\/\/mm.howkuai.com\/wp-content\/uploads\/2015a\/02\/37\/08.jpg"]},{"plaintext":"\u6e05\u7eaf\u9633\u5149\u7f8e\u5973\uff0c\u5439\u6ce1\u6ce1\u795e\u6001\u7f8e\u5446\u4e86","href":"http:\/\/www.meizitu.com\/a\/4810.html","pic_list":["http:\/\/mm.howkuai.com\/wp-content\/uploads\/2015a\/02\/05\/01.jpg","http:\/\/mm.howkuai.com\/wp-content\/uploads\/2015a\/02\/05\/02.jpg","http:\/\/mm.howkuai.com\/wp-content\/uploads\/2015a\/02\/05\/03.jpg","http:\/\/mm.howkuai.com\/wp-content\/uploads\/2015a\/02\/05\/04.jpg","http:\/\/mm.howkuai.com\/wp-content\/uploads\/2015a\/02\/05\/05.jpg","http:\/\/mm.howkuai.com\/wp-content\/uploads\/2015a\/02\/05\/06.jpg","http:\/\/mm.howkuai.com\/wp-content\/uploads\/2015a\/02\/05\/07.jpg"]},{"plaintext":"\u521d\u89c1\uff0c\u6587\u9759\u7684\u6e05\u7eaf\u59b9\u7eb8","href":"http:\/\/www.meizitu.com\/a\/4804.html","pic_list":["http:\/\/mm.howkuai.com\/wp-content\/uploads\/2015a\/01\/63\/01.jpg","http:\/\/mm.howkuai.com\/wp-content\/uploads\/2015a\/01\/63\/02.jpg","http:\/\/mm.howkuai.com\/wp-content\/uploads\/2015a\/01\/63\/03.jpg","http:\/\/mm.howkuai.com\/wp-content\/uploads\/2015a\/01\/63\/04.jpg","http:\/\/mm.howkuai.com\/wp-content\/uploads\/2015a\/01\/63\/05.jpg","http:\/\/mm.howkuai.com\/wp-content\/uploads\/2015a\/01\/63\/06.jpg"]},{"plaintext":"\u51ac\u65e5\u6696\u6b4c\uff0c\u6e05\u7eaf\u5973\u751f\u9759\u9759\u7684\u53d1\u5446","href":"http:\/\/www.meizitu.com\/a\/4794.html","pic_list":["http:\/\/mm.howkuai.com\/wp-content\/uploads\/2015a\/01\/52\/01.jpg","http:\/\/mm.howkuai.com\/wp-content\/uploads\/2015a\/01\/52\/02.jpg","http:\/\/mm.howkuai.com\/wp-content\/uploads\/2015a\/01\/52\/03.jpg","http:\/\/mm.howkuai.com\/wp-content\/uploads\/2015a\/01\/52\/04.jpg","http:\/\/mm.howkuai.com\/wp-content\/uploads\/2015a\/01\/52\/05.jpg"]},{"plaintext":"\u5a07\u7f9e\u53ef\u7231\u7684\u59b9\u7eb8\u79c1\u623f\u5199\u771f","href":"http:\/\/www.meizitu.com\/a\/4791.html","pic_list":["http:\/\/mm.howkuai.com\/wp-content\/uploads\/2015a\/01\/49\/01.jpg","http:\/\/mm.howkuai.com\/wp-content\/uploads\/2015a\/01\/49\/02.jpg","http:\/\/mm.howkuai.com\/wp-content\/uploads\/2015a\/01\/49\/03.jpg","http:\/\/mm.howkuai.com\/wp-content\/uploads\/2015a\/01\/49\/04.jpg","http:\/\/mm.howkuai.com\/wp-content\/uploads\/2015a\/01\/49\/05.jpg","http:\/\/mm.howkuai.com\/wp-content\/uploads\/2015a\/01\/49\/06.jpg","http:\/\/mm.howkuai.com\/wp-content\/uploads\/2015a\/01\/49\/07.jpg","http:\/\/mm.howkuai.com\/wp-content\/uploads\/2015a\/01\/49\/08.jpg","http:\/\/mm.howkuai.com\/wp-content\/uploads\/2015a\/01\/49\/09.jpg"]},{"plaintext":"\u989c\u503c\u8d85\u9ad8\u7684\u7d20\u989c\u59b9\u7eb8\u7231\u5403\u8fa3\u6761","href":"http:\/\/www.meizitu.com\/a\/4781.html","pic_list":["http:\/\/mm.howkuai.com\/wp-content\/uploads\/2015a\/01\/38\/01.jpg","http:\/\/mm.howkuai.com\/wp-content\/uploads\/2015a\/01\/38\/02.jpg","http:\/\/mm.howkuai.com\/wp-content\/uploads\/2015a\/01\/38\/03.jpg","http:\/\/mm.howkuai.com\/wp-content\/uploads\/2015a\/01\/38\/04.jpg","http:\/\/mm.howkuai.com\/wp-content\/uploads\/2015a\/01\/38\/05.jpg","http:\/\/mm.howkuai.com\/wp-content\/uploads\/2015a\/01\/38\/06.jpg"]},{"plaintext":"\u6e05\u7eaf\u59b9\u5b50\uff0c\u5fd8\u4e0d\u4e86\u4f60\u6e05\u6f88\u7684\u773c\u795e","href":"http:\/\/www.meizitu.com\/a\/4778.html","pic_list":["http:\/\/mm.howkuai.com\/wp-content\/uploads\/2015a\/01\/35\/01.jpg","http:\/\/mm.howkuai.com\/wp-content\/uploads\/2015a\/01\/35\/02.jpg","http:\/\/mm.howkuai.com\/wp-content\/uploads\/2015a\/01\/35\/03.jpg","http:\/\/mm.howkuai.com\/wp-content\/uploads\/2015a\/01\/35\/04.jpg","http:\/\/mm.howkuai.com\/wp-content\/uploads\/2015a\/01\/35\/05.jpg","http:\/\/mm.howkuai.com\/wp-content\/uploads\/2015a\/01\/35\/06.jpg","http:\/\/mm.howkuai.com\/wp-content\/uploads\/2015a\/01\/35\/07.jpg"]},{"plaintext":"\u7231\u827a\u672f\u7684\u59b9\u5b50\uff0c\u6d82\u9e26\u5899\u524d\u9762\u7684\u5973\u751f","href":"http:\/\/www.meizitu.com\/a\/4757.html","pic_list":["http:\/\/mm.howkuai.com\/wp-content\/uploads\/2015a\/01\/15\/01.jpg","http:\/\/mm.howkuai.com\/wp-content\/uploads\/2015a\/01\/15\/02.jpg","http:\/\/mm.howkuai.com\/wp-content\/uploads\/2015a\/01\/15\/03.jpg","http:\/\/mm.howkuai.com\/wp-content\/uploads\/2015a\/01\/15\/04.jpg","http:\/\/mm.howkuai.com\/wp-content\/uploads\/2015a\/01\/15\/05.jpg"]},{"plaintext":"\u5c0f\u5c0f\u840c\u59b9\u5b50\uff0c\u559d\u5496\u5561\u7684\u795e\u6001\u4e5f\u662f\u9189\u4e86\u3002","href":"http:\/\/www.meizitu.com\/a\/4746.html","pic_list":["http:\/\/mm.howkuai.com\/wp-content\/uploads\/2015a\/01\/04\/01.jpg","http:\/\/mm.howkuai.com\/wp-content\/uploads\/2015a\/01\/04\/02.jpg","http:\/\/mm.howkuai.com\/wp-content\/uploads\/2015a\/01\/04\/03.jpg","http:\/\/mm.howkuai.com\/wp-content\/uploads\/2015a\/01\/04\/04.jpg","http:\/\/mm.howkuai.com\/wp-content\/uploads\/2015a\/01\/04\/05.jpg","http:\/\/mm.howkuai.com\/wp-content\/uploads\/2015a\/01\/04\/06.jpg"]},{"plaintext":"\u53cc\u76ee\u6f84\u6f88\uff0c\u6e05\u7eaf\u841d\u8389\u7684\u4e00\u5929","href":"http:\/\/www.meizitu.com\/a\/4729.html","pic_list":["http:\/\/mm.howkuai.com\/wp-content\/uploads\/2014a\/12\/64\/01.jpg","http:\/\/mm.howkuai.com\/wp-content\/uploads\/2014a\/12\/64\/02.jpg","http:\/\/mm.howkuai.com\/wp-content\/uploads\/2014a\/12\/64\/03.jpg","http:\/\/mm.howkuai.com\/wp-content\/uploads\/2014a\/12\/64\/04.jpg","http:\/\/mm.howkuai.com\/wp-content\/uploads\/2014a\/12\/64\/05.jpg"]},{"plaintext":"\u7f8e\u597d\u7684\u5723\u8bde\u8282\uff0c\u6709\u6f02\u4eae\u59b9\u5b50\u3001\u5e73\u5b89\u591c\u3001\u96ea\u82b1\u548c\u70db\u5149","href":"http:\/\/www.meizitu.com\/a\/4726.html","pic_list":["http:\/\/mm.howkuai.com\/wp-content\/uploads\/2014a\/12\/61\/01.jpg","http:\/\/mm.howkuai.com\/wp-content\/uploads\/2014a\/12\/61\/02.jpg","http:\/\/mm.howkuai.com\/wp-content\/uploads\/2014a\/12\/61\/03.jpg","http:\/\/mm.howkuai.com\/wp-content\/uploads\/2014a\/12\/61\/04.jpg","http:\/\/mm.howkuai.com\/wp-content\/uploads\/2014a\/12\/61\/05.jpg"]},{"plaintext":"\u998b\u5634\u7684\u59b9\u5b50\uff0c\u5496\u5561\u9986\u91cc\u7684\u5c0f\u65f6\u5149","href":"http:\/\/www.meizitu.com\/a\/4711.html","pic_list":["http:\/\/mm.howkuai.com\/wp-content\/uploads\/2014a\/12\/46\/01.jpg","http:\/\/mm.howkuai.com\/wp-content\/uploads\/2014a\/12\/46\/02.jpg","http:\/\/mm.howkuai.com\/wp-content\/uploads\/2014a\/12\/46\/03.jpg","http:\/\/mm.howkuai.com\/wp-content\/uploads\/2014a\/12\/46\/04.jpg","http:\/\/mm.howkuai.com\/wp-content\/uploads\/2014a\/12\/46\/05.jpg","http:\/\/mm.howkuai.com\/wp-content\/uploads\/2014a\/12\/46\/06.jpg"]},{"plaintext":"\u9752\u6625\u5c11\u5973\uff0c\u53cc\u9a6c\u5c3e~\u7eb9\u8eab~\u6b7b\u5e93\u6c34","href":"http:\/\/www.meizitu.com\/a\/4708.html","pic_list":["http:\/\/mm.howkuai.com\/wp-content\/uploads\/2014a\/12\/43\/01.jpg","http:\/\/mm.howkuai.com\/wp-content\/uploads\/2014a\/12\/43\/02.jpg","http:\/\/mm.howkuai.com\/wp-content\/uploads\/2014a\/12\/43\/03.jpg","http:\/\/mm.howkuai.com\/wp-content\/uploads\/2014a\/12\/43\/04.jpg","http:\/\/mm.howkuai.com\/wp-content\/uploads\/2014a\/12\/43\/05.jpg","http:\/\/mm.howkuai.com\/wp-content\/uploads\/2014a\/12\/43\/06.jpg","http:\/\/mm.howkuai.com\/wp-content\/uploads\/2014a\/12\/43\/07.jpg"]},{"plaintext":"\u6797\u4e2d\u6eaa\u8fb9\u7684\u957f\u817f\u7f8e\u5973","href":"http:\/\/www.meizitu.com\/a\/4699.html","pic_list":["http:\/\/mm.howkuai.com\/wp-content\/uploads\/2014a\/12\/34\/01.jpg","http:\/\/mm.howkuai.com\/wp-content\/uploads\/2014a\/12\/34\/02.jpg","http:\/\/mm.howkuai.com\/wp-content\/uploads\/2014a\/12\/34\/03.jpg","http:\/\/mm.howkuai.com\/wp-content\/uploads\/2014a\/12\/34\/04.jpg","http:\/\/mm.howkuai.com\/wp-content\/uploads\/2014a\/12\/34\/05.jpg","http:\/\/mm.howkuai.com\/wp-content\/uploads\/2014a\/12\/34\/06.jpg","http:\/\/mm.howkuai.com\/wp-content\/uploads\/2014a\/12\/34\/07.jpg"]},{"plaintext":"\u751c\u7d20\u7eaf\u5c0f\u7f8e\u5973\uff0c\u6a31\u6843\u5c0f\u5634\u7b11\u8d77\u6765\u5f88\u53ef\u7231","href":"http:\/\/www.meizitu.com\/a\/4694.html","pic_list":["http:\/\/mm.howkuai.com\/wp-content\/uploads\/2014a\/12\/29\/01.jpg","http:\/\/mm.howkuai.com\/wp-content\/uploads\/2014a\/12\/29\/02.jpg","http:\/\/mm.howkuai.com\/wp-content\/uploads\/2014a\/12\/29\/03.jpg","http:\/\/mm.howkuai.com\/wp-content\/uploads\/2014a\/12\/29\/04.jpg","http:\/\/mm.howkuai.com\/wp-content\/uploads\/2014a\/12\/29\/05.jpg","http:\/\/mm.howkuai.com\/wp-content\/uploads\/2014a\/12\/29\/06.jpg","http:\/\/mm.howkuai.com\/wp-content\/uploads\/2014a\/12\/29\/07.jpg"]},{"plaintext":"\u82e5\u9690\u82e5\u73b0\uff0c\u4e09\u6b21\u5143\u59b9\u5b50\u7684\u5c0f\u6027\u611f","href":"http:\/\/www.meizitu.com\/a\/4675.html","pic_list":["http:\/\/mm.howkuai.com\/wp-content\/uploads\/2014a\/12\/10\/01.jpg","http:\/\/mm.howkuai.com\/wp-content\/uploads\/2014a\/12\/10\/02.jpg","http:\/\/mm.howkuai.com\/wp-content\/uploads\/2014a\/12\/10\/03.jpg","http:\/\/mm.howkuai.com\/wp-content\/uploads\/2014a\/12\/10\/04.jpg","http:\/\/mm.howkuai.com\/wp-content\/uploads\/2014a\/12\/10\/05.jpg","http:\/\/mm.howkuai.com\/wp-content\/uploads\/2014a\/12\/10\/06.jpg","http:\/\/mm.howkuai.com\/wp-content\/uploads\/2014a\/12\/10\/07.jpg","http:\/\/mm.howkuai.com\/wp-content\/uploads\/2014a\/12\/10\/08.jpg"]},{"plaintext":"\u62e5\u62b1\u6668\u5149\uff0c\u67d4\u60c5\u7684\u957f\u53d1\u59b9\u5b50","href":"http:\/\/www.meizitu.com\/a\/4671.html","pic_list":["http:\/\/mm.howkuai.com\/wp-content\/uploads\/2014a\/12\/06\/01.jpg","http:\/\/mm.howkuai.com\/wp-content\/uploads\/2014a\/12\/06\/02.jpg","http:\/\/mm.howkuai.com\/wp-content\/uploads\/2014a\/12\/06\/03.jpg","http:\/\/mm.howkuai.com\/wp-content\/uploads\/2014a\/12\/06\/04.jpg","http:\/\/mm.howkuai.com\/wp-content\/uploads\/2014a\/12\/06\/05.jpg"]},{"plaintext":"\u957f\u817f\u59b9\u7eb8\u7684\u8fd0\u52a8\u573a\u7269\u8bed","href":"http:\/\/www.meizitu.com\/a\/4644.html","pic_list":["http:\/\/mm.howkuai.com\/wp-content\/uploads\/2014a\/11\/51\/01.jpg","http:\/\/mm.howkuai.com\/wp-content\/uploads\/2014a\/11\/51\/02.jpg","http:\/\/mm.howkuai.com\/wp-content\/uploads\/2014a\/11\/51\/03.jpg","http:\/\/mm.howkuai.com\/wp-content\/uploads\/2014a\/11\/51\/04.jpg","http:\/\/mm.howkuai.com\/wp-content\/uploads\/2014a\/11\/51\/05.jpg","http:\/\/mm.howkuai.com\/wp-content\/uploads\/2014a\/11\/51\/06.jpg","http:\/\/mm.howkuai.com\/wp-content\/uploads\/2014a\/11\/51\/07.jpg"]},{"plaintext":"\u851a\u84dd\u5929\u7a7a\u6ca1\u6709\u96fe\u973e\uff0c\u59b9\u5b50\u5fc3\u60c5\u4e5f\u662f\u90a3\u4e48\u5feb\u4e50","href":"http:\/\/www.meizitu.com\/a\/4639.html","pic_list":["http:\/\/mm.howkuai.com\/wp-content\/uploads\/2014a\/11\/46\/01.jpg","http:\/\/mm.howkuai.com\/wp-content\/uploads\/2014a\/11\/46\/02.jpg","http:\/\/mm.howkuai.com\/wp-content\/uploads\/2014a\/11\/46\/03.jpg","http:\/\/mm.howkuai.com\/wp-content\/uploads\/2014a\/11\/46\/04.jpg","http:\/\/mm.howkuai.com\/wp-content\/uploads\/2014a\/11\/46\/05.jpg","http:\/\/mm.howkuai.com\/wp-content\/uploads\/2014a\/11\/46\/06.jpg"]},{"plaintext":"\u559c\u6b22\u4f60\u7b11\u8d77\u6765\u7684\u65f6\u5019\u548c\u886c\u8863\u4e0a\u7684\u9999\u5473","href":"http:\/\/www.meizitu.com\/a\/4633.html","pic_list":["http:\/\/mm.howkuai.com\/wp-content\/uploads\/2014a\/11\/40\/01.jpg","http:\/\/mm.howkuai.com\/wp-content\/uploads\/2014a\/11\/40\/02.jpg","http:\/\/mm.howkuai.com\/wp-content\/uploads\/2014a\/11\/40\/03.jpg","http:\/\/mm.howkuai.com\/wp-content\/uploads\/2014a\/11\/40\/04.jpg","http:\/\/mm.howkuai.com\/wp-content\/uploads\/2014a\/11\/40\/05.jpg","http:\/\/mm.howkuai.com\/wp-content\/uploads\/2014a\/11\/40\/06.jpg","http:\/\/mm.howkuai.com\/wp-content\/uploads\/2014a\/11\/40\/07.jpg","http:\/\/mm.howkuai.com\/wp-content\/uploads\/2014a\/11\/40\/08.jpg","http:\/\/mm.howkuai.com\/wp-content\/uploads\/2014a\/11\/40\/09.jpg"]},{"plaintext":"\u957f\u53d1\u840c\u59b9\u7eb8\u695a\u695a\uff0c\u795e\u60c5\u8bf1\u4eba\u5439\u9152\u74f6","href":"http:\/\/www.meizitu.com\/a\/4621.html","pic_list":["http:\/\/mm.howkuai.com\/wp-content\/uploads\/2014a\/11\/29\/01.jpg","http:\/\/mm.howkuai.com\/wp-content\/uploads\/2014a\/11\/29\/02.jpg","http:\/\/mm.howkuai.com\/wp-content\/uploads\/2014a\/11\/29\/03.jpg","http:\/\/mm.howkuai.com\/wp-content\/uploads\/2014a\/11\/29\/04.jpg","http:\/\/mm.howkuai.com\/wp-content\/uploads\/2014a\/11\/29\/05.jpg","http:\/\/mm.howkuai.com\/wp-content\/uploads\/2014a\/11\/29\/06.jpg","http:\/\/mm.howkuai.com\/wp-content\/uploads\/2014a\/11\/29\/07.jpg","http:\/\/mm.howkuai.com\/wp-content\/uploads\/2014a\/11\/29\/08.jpg"]},{"plaintext":"\u6c14\u8d28\u59b9\u7eb8\u5c0f\u79c1\u623f\uff0c\u56de\u5fc6\u91cc\u5168\u662f\u5bf9\u4f60\u7684\u601d\u5ff5","href":"http:\/\/www.meizitu.com\/a\/4615.html","pic_list":["http:\/\/mm.howkuai.com\/wp-content\/uploads\/2014a\/11\/23\/01.jpg","http:\/\/mm.howkuai.com\/wp-content\/uploads\/2014a\/11\/23\/02.jpg","http:\/\/mm.howkuai.com\/wp-content\/uploads\/2014a\/11\/23\/03.jpg","http:\/\/mm.howkuai.com\/wp-content\/uploads\/2014a\/11\/23\/04.jpg","http:\/\/mm.howkuai.com\/wp-content\/uploads\/2014a\/11\/23\/05.jpg","http:\/\/mm.howkuai.com\/wp-content\/uploads\/2014a\/11\/23\/06.jpg"]}]