[{"plaintext":"\u6a21\u7279\u53f6\u6893\u8431\u4e1c\u4eac\u4e4b\u65c5\u5199\u771f","href":"http:\/\/www.meizitu.com\/a\/3868.html","pic_list":["http:\/\/mm.howkuai.com\/wp-content\/uploads\/2013a\/12\/04\/01.jpg","http:\/\/mm.howkuai.com\/wp-content\/uploads\/2013a\/12\/04\/02.jpg","http:\/\/mm.howkuai.com\/wp-content\/uploads\/2013a\/12\/04\/03.jpg","http:\/\/mm.howkuai.com\/wp-content\/uploads\/2013a\/12\/04\/04.jpg","http:\/\/mm.howkuai.com\/wp-content\/uploads\/2013a\/12\/04\/05.jpg"]},{"plaintext":"\u6027\u611f\u6a21\u7279\u9ed1\u767d\u7ecf\u5178\u534a\u88f8\u79c1\u623f\u7167","href":"http:\/\/www.meizitu.com\/a\/3865.html","pic_list":["http:\/\/mm.howkuai.com\/wp-content\/uploads\/2013a\/12\/01\/01.jpg","http:\/\/mm.howkuai.com\/wp-content\/uploads\/2013a\/12\/01\/02.jpg","http:\/\/mm.howkuai.com\/wp-content\/uploads\/2013a\/12\/01\/03.jpg","http:\/\/mm.howkuai.com\/wp-content\/uploads\/2013a\/12\/01\/04.jpg"]},{"plaintext":"\u5ae9\u6a21\u9b4f\u6765\u5e26\u6765\u51ac\u65e5\u96be\u5f97\u7684\u6cf3\u88c5\u5927\u7247","href":"http:\/\/www.meizitu.com\/a\/3862.html","pic_list":["http:\/\/mm.howkuai.com\/wp-content\/uploads\/2013a\/11\/75\/01.jpg","http:\/\/mm.howkuai.com\/wp-content\/uploads\/2013a\/11\/75\/02.jpg","http:\/\/mm.howkuai.com\/wp-content\/uploads\/2013a\/11\/75\/03.jpg","http:\/\/mm.howkuai.com\/wp-content\/uploads\/2013a\/11\/75\/04.jpg","http:\/\/mm.howkuai.com\/wp-content\/uploads\/2013a\/11\/75\/05.jpg","http:\/\/mm.howkuai.com\/wp-content\/uploads\/2013a\/11\/75\/06.jpg","http:\/\/mm.howkuai.com\/wp-content\/uploads\/2013a\/11\/75\/07.jpg","http:\/\/mm.howkuai.com\/wp-content\/uploads\/2013a\/11\/75\/08.jpg","http:\/\/mm.howkuai.com\/wp-content\/uploads\/2013a\/11\/75\/09.jpg","http:\/\/mm.howkuai.com\/wp-content\/uploads\/2013a\/11\/75\/10.jpg","http:\/\/mm.howkuai.com\/wp-content\/uploads\/2013a\/11\/75\/11.jpg","http:\/\/mm.howkuai.com\/wp-content\/uploads\/2013a\/11\/75\/12.jpg"]},{"plaintext":"\u7fd8\u81c0\u8bf1\u60d1\uff0c\u6027\u611f\u5954\u9a70\u8dd1\u8f66\u8f66\u6a21","href":"http:\/\/www.meizitu.com\/a\/3857.html","pic_list":["http:\/\/mm.howkuai.com\/wp-content\/uploads\/2013a\/11\/71\/01.jpg","http:\/\/mm.howkuai.com\/wp-content\/uploads\/2013a\/11\/71\/02.jpg","http:\/\/mm.howkuai.com\/wp-content\/uploads\/2013a\/11\/71\/03.jpg","http:\/\/mm.howkuai.com\/wp-content\/uploads\/2013a\/11\/71\/04.jpg","http:\/\/mm.howkuai.com\/wp-content\/uploads\/2013a\/11\/71\/05.jpg","http:\/\/mm.howkuai.com\/wp-content\/uploads\/2013a\/11\/71\/06.jpg","http:\/\/mm.howkuai.com\/wp-content\/uploads\/2013a\/11\/71\/07.jpg","http:\/\/mm.howkuai.com\/wp-content\/uploads\/2013a\/11\/71\/08.jpg","http:\/\/mm.howkuai.com\/wp-content\/uploads\/2013a\/11\/71\/09.jpg","http:\/\/mm.howkuai.com\/wp-content\/uploads\/2013a\/11\/71\/10.jpg"]},{"plaintext":"\u6a21\u7279\u5199\u771f\uff0c\u661f\u6761\u65d7\u5185\u8863\u4e0b\u5305\u88f9\u7684\u7edd\u597d\u8eab\u6750","href":"http:\/\/www.meizitu.com\/a\/3856.html","pic_list":["http:\/\/mm.howkuai.com\/wp-content\/uploads\/2013a\/11\/70\/01.jpg","http:\/\/mm.howkuai.com\/wp-content\/uploads\/2013a\/11\/70\/02.jpg","http:\/\/mm.howkuai.com\/wp-content\/uploads\/2013a\/11\/70\/03.jpg","http:\/\/mm.howkuai.com\/wp-content\/uploads\/2013a\/11\/70\/04.jpg","http:\/\/mm.howkuai.com\/wp-content\/uploads\/2013a\/11\/70\/05.jpg","http:\/\/mm.howkuai.com\/wp-content\/uploads\/2013a\/11\/70\/06.jpg","http:\/\/mm.howkuai.com\/wp-content\/uploads\/2013a\/11\/70\/07.jpg","http:\/\/mm.howkuai.com\/wp-content\/uploads\/2013a\/11\/70\/08.jpg","http:\/\/mm.howkuai.com\/wp-content\/uploads\/2013a\/11\/70\/09.jpg","http:\/\/mm.howkuai.com\/wp-content\/uploads\/2013a\/11\/70\/10.jpg"]},{"plaintext":"\u8f66\u6a21\u8d64\u8eab\u6d17\u7231\u8f66\uff0c\u6e7f\u8eab\u6342\u80f8\u6015\u8d70\u5149","href":"http:\/\/www.meizitu.com\/a\/3851.html","pic_list":["http:\/\/mm.howkuai.com\/wp-content\/uploads\/2013a\/11\/65\/01.jpg","http:\/\/mm.howkuai.com\/wp-content\/uploads\/2013a\/11\/65\/02.jpg","http:\/\/mm.howkuai.com\/wp-content\/uploads\/2013a\/11\/65\/03.jpg","http:\/\/mm.howkuai.com\/wp-content\/uploads\/2013a\/11\/65\/04.jpg","http:\/\/mm.howkuai.com\/wp-content\/uploads\/2013a\/11\/65\/05.jpg","http:\/\/mm.howkuai.com\/wp-content\/uploads\/2013a\/11\/65\/06.jpg","http:\/\/mm.howkuai.com\/wp-content\/uploads\/2013a\/11\/65\/07.jpg","http:\/\/mm.howkuai.com\/wp-content\/uploads\/2013a\/11\/65\/08.jpg","http:\/\/mm.howkuai.com\/wp-content\/uploads\/2013a\/11\/65\/09.jpg","http:\/\/mm.howkuai.com\/wp-content\/uploads\/2013a\/11\/65\/10.jpg"]},{"plaintext":"\u53ef\u7231\u53c8\u6027\u611f\u8ff7\u4eba\u7684\u5c0f\u5ae9\u6a21","href":"http:\/\/www.meizitu.com\/a\/3840.html","pic_list":["http:\/\/mm.howkuai.com\/wp-content\/uploads\/2013a\/11\/54\/01.jpg","http:\/\/mm.howkuai.com\/wp-content\/uploads\/2013a\/11\/54\/02.jpg","http:\/\/mm.howkuai.com\/wp-content\/uploads\/2013a\/11\/54\/03.jpg","http:\/\/mm.howkuai.com\/wp-content\/uploads\/2013a\/11\/54\/04.jpg","http:\/\/mm.howkuai.com\/wp-content\/uploads\/2013a\/11\/54\/05.jpg","http:\/\/mm.howkuai.com\/wp-content\/uploads\/2013a\/11\/54\/06.jpg","http:\/\/mm.howkuai.com\/wp-content\/uploads\/2013a\/11\/54\/07.jpg","http:\/\/mm.howkuai.com\/wp-content\/uploads\/2013a\/11\/54\/08.jpg","http:\/\/mm.howkuai.com\/wp-content\/uploads\/2013a\/11\/54\/09.jpg","http:\/\/mm.howkuai.com\/wp-content\/uploads\/2013a\/11\/54\/10.jpg","http:\/\/mm.howkuai.com\/wp-content\/uploads\/2013a\/11\/54\/10.jpg"]},{"plaintext":"95\u540e\u5c0f\u5ae9\u6a21\u7684\u6027\u611f\u9b45\u60d1","href":"http:\/\/www.meizitu.com\/a\/3831.html","pic_list":["http:\/\/mm.howkuai.com\/wp-content\/uploads\/2013a\/11\/46\/01.jpg","http:\/\/mm.howkuai.com\/wp-content\/uploads\/2013a\/11\/46\/02.jpg","http:\/\/mm.howkuai.com\/wp-content\/uploads\/2013a\/11\/46\/03.jpg","http:\/\/mm.howkuai.com\/wp-content\/uploads\/2013a\/11\/46\/04.jpg","http:\/\/mm.howkuai.com\/wp-content\/uploads\/2013a\/11\/46\/05.jpg"]},{"plaintext":"90\u540e\u5ae9\u6a21\u9648\u4e39\u5a77(\u5c0f\u6392)\u79c1\u623f\u56fe\u7247","href":"http:\/\/www.meizitu.com\/a\/3806.html","pic_list":["http:\/\/mm.howkuai.com\/wp-content\/uploads\/2013a\/11\/21\/01.jpg","http:\/\/mm.howkuai.com\/wp-content\/uploads\/2013a\/11\/21\/02.jpg","http:\/\/mm.howkuai.com\/wp-content\/uploads\/2013a\/11\/21\/03.jpg","http:\/\/mm.howkuai.com\/wp-content\/uploads\/2013a\/11\/21\/04.jpg","http:\/\/mm.howkuai.com\/wp-content\/uploads\/2013a\/11\/21\/04.jpg","http:\/\/mm.howkuai.com\/wp-content\/uploads\/2013a\/11\/21\/05.jpg","http:\/\/mm.howkuai.com\/wp-content\/uploads\/2013a\/11\/21\/06.jpg","http:\/\/mm.howkuai.com\/wp-content\/uploads\/2013a\/11\/21\/07.jpg","http:\/\/mm.howkuai.com\/wp-content\/uploads\/2013a\/11\/21\/08.jpg","http:\/\/mm.howkuai.com\/wp-content\/uploads\/2013a\/11\/21\/09.jpg"]},{"plaintext":"\u745e\u4e3d\u6a21\u7279,\u7f8e\u4e73\u7fd8\u81c0\u2015\u90ed\u5fc6\u7136","href":"http:\/\/www.meizitu.com\/a\/3797.html","pic_list":["http:\/\/mm.howkuai.com\/wp-content\/uploads\/2013a\/11\/12\/01.jpg","http:\/\/mm.howkuai.com\/wp-content\/uploads\/2013a\/11\/12\/02.jpg","http:\/\/mm.howkuai.com\/wp-content\/uploads\/2013a\/11\/12\/03.jpg","http:\/\/mm.howkuai.com\/wp-content\/uploads\/2013a\/11\/12\/04.jpg","http:\/\/mm.howkuai.com\/wp-content\/uploads\/2013a\/11\/12\/05.jpg","http:\/\/mm.howkuai.com\/wp-content\/uploads\/2013a\/11\/12\/06.jpg","http:\/\/mm.howkuai.com\/wp-content\/uploads\/2013a\/11\/12\/07.jpg","http:\/\/mm.howkuai.com\/wp-content\/uploads\/2013a\/11\/12\/08.jpg","http:\/\/mm.howkuai.com\/wp-content\/uploads\/2013a\/11\/12\/09.jpg"]},{"plaintext":"\u5f20\u5df2\u6842-\u6027\u611f\u5954\u9a70\u8f66\u6a21","href":"http:\/\/www.meizitu.com\/a\/3788.html","pic_list":["http:\/\/mm.howkuai.com\/wp-content\/uploads\/2013a\/11\/03\/01.jpg","http:\/\/mm.howkuai.com\/wp-content\/uploads\/2013a\/11\/03\/02.jpg","http:\/\/mm.howkuai.com\/wp-content\/uploads\/2013a\/11\/03\/03.jpg","http:\/\/mm.howkuai.com\/wp-content\/uploads\/2013a\/11\/03\/04.jpg","http:\/\/mm.howkuai.com\/wp-content\/uploads\/2013a\/11\/03\/05.jpg","http:\/\/mm.howkuai.com\/wp-content\/uploads\/2013a\/11\/03\/06.jpg","http:\/\/mm.howkuai.com\/wp-content\/uploads\/2013a\/11\/03\/07.jpg","http:\/\/mm.howkuai.com\/wp-content\/uploads\/2013a\/11\/03\/08.jpg"]},{"plaintext":"\u5ae9\u6a21\u9648\u4e39\u5a77\u88ab\u6307\u6574\u5bb9\u4f3c\u6768\u5e42","href":"http:\/\/www.meizitu.com\/a\/3787.html","pic_list":["http:\/\/mm.howkuai.com\/wp-content\/uploads\/2013a\/11\/02\/01.jpg","http:\/\/mm.howkuai.com\/wp-content\/uploads\/2013a\/11\/02\/02.jpg","http:\/\/mm.howkuai.com\/wp-content\/uploads\/2013a\/11\/02\/03.jpg","http:\/\/mm.howkuai.com\/wp-content\/uploads\/2013a\/11\/02\/04.jpg","http:\/\/mm.howkuai.com\/wp-content\/uploads\/2013a\/11\/02\/05.jpg","http:\/\/mm.howkuai.com\/wp-content\/uploads\/2013a\/11\/02\/06.jpg","http:\/\/mm.howkuai.com\/wp-content\/uploads\/2013a\/11\/02\/07.jpg","http:\/\/mm.howkuai.com\/wp-content\/uploads\/2013a\/11\/02\/08.jpg"]},{"plaintext":"\u9ec4\u8863\u5ae9\u6a21\uff0c\u7edd\u597d\u5bb9\u989c","href":"http:\/\/www.meizitu.com\/a\/3781.html","pic_list":["http:\/\/mm.howkuai.com\/wp-content\/uploads\/2013a\/10\/61\/01.jpg","http:\/\/mm.howkuai.com\/wp-content\/uploads\/2013a\/10\/61\/02.jpg","http:\/\/mm.howkuai.com\/wp-content\/uploads\/2013a\/10\/61\/03.jpg","http:\/\/mm.howkuai.com\/wp-content\/uploads\/2013a\/10\/61\/04.jpg"]},{"plaintext":"[\u6bcf\u65e5\u4e00\u96c6\u3001\u6027\u611f]\u6a21\u7279\u5408\u96c6","href":"http:\/\/www.meizitu.com\/a\/3780.html","pic_list":["http:\/\/mm.howkuai.com\/wp-content\/uploads\/2013a\/10\/60\/01.jpg","http:\/\/mm.howkuai.com\/wp-content\/uploads\/2013a\/10\/60\/02.jpg","http:\/\/mm.howkuai.com\/wp-content\/uploads\/2013a\/10\/60\/03.jpg","http:\/\/mm.howkuai.com\/wp-content\/uploads\/2013a\/10\/60\/04.jpg","http:\/\/mm.howkuai.com\/wp-content\/uploads\/2013a\/10\/60\/05.jpg","http:\/\/mm.howkuai.com\/wp-content\/uploads\/2013a\/10\/60\/06.jpg","http:\/\/mm.howkuai.com\/wp-content\/uploads\/2013a\/10\/60\/07.jpg"]},{"plaintext":"10\u6708\u8f66\u5c55\u5973\u795e\u7b2c\u4e00\u5b63","href":"http:\/\/www.meizitu.com\/a\/3775.html","pic_list":["http:\/\/mm.howkuai.com\/wp-content\/uploads\/2013a\/10\/55\/01.jpg","http:\/\/mm.howkuai.com\/wp-content\/uploads\/2013a\/10\/55\/02.jpg","http:\/\/mm.howkuai.com\/wp-content\/uploads\/2013a\/10\/55\/03.jpg","http:\/\/mm.howkuai.com\/wp-content\/uploads\/2013a\/10\/55\/04.jpg","http:\/\/mm.howkuai.com\/wp-content\/uploads\/2013a\/10\/55\/05.jpg","http:\/\/mm.howkuai.com\/wp-content\/uploads\/2013a\/10\/55\/06.jpg","http:\/\/mm.howkuai.com\/wp-content\/uploads\/2013a\/10\/55\/07.jpg"]},{"plaintext":"\u7f8e\u5973\u957f\u817f\u6a21\u7279\u6027\u611f\u60f9\u706b\u9ad8\u6e05","href":"http:\/\/www.meizitu.com\/a\/3757.html","pic_list":["http:\/\/mm.howkuai.com\/wp-content\/uploads\/2013a\/10\/38\/01.jpg","http:\/\/mm.howkuai.com\/wp-content\/uploads\/2013a\/10\/38\/02.jpg","http:\/\/mm.howkuai.com\/wp-content\/uploads\/2013a\/10\/38\/03.jpg","http:\/\/mm.howkuai.com\/wp-content\/uploads\/2013a\/10\/38\/04.jpg","http:\/\/mm.howkuai.com\/wp-content\/uploads\/2013a\/10\/38\/05.jpg","http:\/\/mm.howkuai.com\/wp-content\/uploads\/2013a\/10\/38\/06.jpg","http:\/\/mm.howkuai.com\/wp-content\/uploads\/2013a\/10\/38\/07.jpg","http:\/\/mm.howkuai.com\/wp-content\/uploads\/2013a\/10\/38\/08.jpg","http:\/\/mm.howkuai.com\/wp-content\/uploads\/2013a\/10\/38\/09.jpg","http:\/\/mm.howkuai.com\/wp-content\/uploads\/2013a\/10\/38\/10.jpg"]},{"plaintext":"2013\u56fd\u5e86\u8f66\u5c55\u4e0a\u968f\u62cd\u8f66\u6a21","href":"http:\/\/www.meizitu.com\/a\/3751.html","pic_list":["http:\/\/mm.howkuai.com\/wp-content\/uploads\/2013a\/10\/33\/03.jpg","http:\/\/mm.howkuai.com\/wp-content\/uploads\/2013a\/10\/33\/02.jpg","http:\/\/mm.howkuai.com\/wp-content\/uploads\/2013a\/10\/33\/01.jpg","http:\/\/mm.howkuai.com\/wp-content\/uploads\/2013a\/10\/33\/04.jpg","http:\/\/mm.howkuai.com\/wp-content\/uploads\/2013a\/10\/33\/05.jpg","http:\/\/mm.howkuai.com\/wp-content\/uploads\/2013a\/10\/33\/06.jpg"]},{"plaintext":"\u5ae9\u6a21\u5218\u6735\u6735\u5927\u80c6\u5199\u771f\u56fe","href":"http:\/\/www.meizitu.com\/a\/3746.html","pic_list":["http:\/\/mm.howkuai.com\/wp-content\/uploads\/2013a\/10\/28\/01.jpg","http:\/\/mm.howkuai.com\/wp-content\/uploads\/2013a\/10\/28\/02.jpg","http:\/\/mm.howkuai.com\/wp-content\/uploads\/2013a\/10\/28\/03.jpg"]},{"plaintext":"\u673a\u8f66\u5973\u90ce\u6731\u96ef\u4e0e\u6731\u9759","href":"http:\/\/www.meizitu.com\/a\/3733.html","pic_list":["http:\/\/mm.howkuai.com\/wp-content\/uploads\/2013a\/10\/15\/01.jpg","http:\/\/mm.howkuai.com\/wp-content\/uploads\/2013a\/10\/15\/02.jpg","http:\/\/mm.howkuai.com\/wp-content\/uploads\/2013a\/10\/15\/03.jpg","http:\/\/mm.howkuai.com\/wp-content\/uploads\/2013a\/10\/15\/04.jpg","http:\/\/mm.howkuai.com\/wp-content\/uploads\/2013a\/10\/15\/05.jpg","http:\/\/mm.howkuai.com\/wp-content\/uploads\/2013a\/10\/15\/06.jpg","http:\/\/mm.howkuai.com\/wp-content\/uploads\/2013a\/10\/15\/07.jpg"]},{"plaintext":"\u674e\u5c0f\u7490\u5a5a\u7eb1\u4ee3\u8a00","href":"http:\/\/www.meizitu.com\/a\/3727.html","pic_list":["http:\/\/mm.howkuai.com\/wp-content\/uploads\/2013a\/10\/09\/01.jpg","http:\/\/mm.howkuai.com\/wp-content\/uploads\/2013a\/10\/09\/02.jpg","http:\/\/mm.howkuai.com\/wp-content\/uploads\/2013a\/10\/09\/03.jpg","http:\/\/mm.howkuai.com\/wp-content\/uploads\/2013a\/10\/09\/04.jpg"]},{"plaintext":"\u4fcf\u76ae\u53ef\u7231\u738b\u68a6\u5b9e\u505a[\u6dd8\u5b9d\u6a21\u7279]","href":"http:\/\/www.meizitu.com\/a\/3724.html","pic_list":["http:\/\/mm.howkuai.com\/wp-content\/uploads\/2013a\/10\/06\/01.jpg","http:\/\/mm.howkuai.com\/wp-content\/uploads\/2013a\/10\/06\/02.jpg","http:\/\/mm.howkuai.com\/wp-content\/uploads\/2013a\/10\/06\/03.jpg","http:\/\/mm.howkuai.com\/wp-content\/uploads\/2013a\/10\/06\/04.jpg"]},{"plaintext":"\u6234\u4e88\u6850\u7f8e\u8273\u5199\u771f\u8bf1\u60d1","href":"http:\/\/www.meizitu.com\/a\/3723.html","pic_list":["http:\/\/mm.howkuai.com\/wp-content\/uploads\/2013a\/10\/05\/01.jpg","http:\/\/mm.howkuai.com\/wp-content\/uploads\/2013a\/10\/05\/02.jpg","http:\/\/mm.howkuai.com\/wp-content\/uploads\/2013a\/10\/05\/03.jpg"]},{"plaintext":"\u516b\u6708\u6d41\u5149-\u5f88\u50cf\u5f20\u67cf\u829d","href":"http:\/\/www.meizitu.com\/a\/3718.html","pic_list":["http:\/\/mm.howkuai.com\/wp-content\/uploads\/2013a\/09\/31\/01.jpg","http:\/\/mm.howkuai.com\/wp-content\/uploads\/2013a\/09\/31\/02.jpg","http:\/\/mm.howkuai.com\/wp-content\/uploads\/2013a\/09\/31\/03.jpg","http:\/\/mm.howkuai.com\/wp-content\/uploads\/2013a\/09\/31\/04.jpg","http:\/\/mm.howkuai.com\/wp-content\/uploads\/2013a\/09\/31\/05.jpg","http:\/\/mm.howkuai.com\/wp-content\/uploads\/2013a\/09\/31\/06.jpg"]},{"plaintext":"\u6027\u611f\u5c0f\u5ae9\u6a21\u8eab\u6750\u706b\u8fa3","href":"http:\/\/www.meizitu.com\/a\/3712.html","pic_list":["http:\/\/mm.howkuai.com\/wp-content\/uploads\/2013a\/09\/25\/01.jpg","http:\/\/mm.howkuai.com\/wp-content\/uploads\/2013a\/09\/25\/02.jpg","http:\/\/mm.howkuai.com\/wp-content\/uploads\/2013a\/09\/25\/03.jpg","http:\/\/mm.howkuai.com\/wp-content\/uploads\/2013a\/09\/25\/04.jpg","http:\/\/mm.howkuai.com\/wp-content\/uploads\/2013a\/09\/25\/05.jpg","http:\/\/mm.howkuai.com\/wp-content\/uploads\/2013a\/09\/25\/06.jpg"]},{"plaintext":"[\u6027\u611f]\u6234\u5b89\u5a1c\u79c1\u623f\u5199\u771f(2)","href":"http:\/\/www.meizitu.com\/a\/3710.html","pic_list":["http:\/\/mm.howkuai.com\/wp-content\/uploads\/2013a\/09\/23\/01.jpg","http:\/\/mm.howkuai.com\/wp-content\/uploads\/2013a\/09\/23\/02.jpg","http:\/\/mm.howkuai.com\/wp-content\/uploads\/2013a\/09\/23\/03.jpg","http:\/\/mm.howkuai.com\/wp-content\/uploads\/2013a\/09\/23\/04.jpg","http:\/\/mm.howkuai.com\/wp-content\/uploads\/2013a\/09\/23\/05.jpg","http:\/\/mm.howkuai.com\/wp-content\/uploads\/2013a\/09\/23\/06.jpg","http:\/\/mm.howkuai.com\/wp-content\/uploads\/2013a\/09\/23\/07.jpg"]},{"plaintext":"\u9ec4\u6893\u6d01\u8dd1\u8f66\u60c5\u8282","href":"http:\/\/www.meizitu.com\/a\/3707.html","pic_list":["http:\/\/mm.howkuai.com\/wp-content\/uploads\/2013a\/09\/20\/01.jpg","http:\/\/mm.howkuai.com\/wp-content\/uploads\/2013a\/09\/20\/02.jpg","http:\/\/mm.howkuai.com\/wp-content\/uploads\/2013a\/09\/20\/03.jpg","http:\/\/mm.howkuai.com\/wp-content\/uploads\/2013a\/09\/20\/04.jpg"]},{"plaintext":"\u5b89\u745e\u751c\u590f\u672b\u6e05\u51c9","href":"http:\/\/www.meizitu.com\/a\/3705.html","pic_list":["http:\/\/mm.howkuai.com\/wp-content\/uploads\/2013a\/09\/18\/01.jpg","http:\/\/mm.howkuai.com\/wp-content\/uploads\/2013a\/09\/18\/02.jpg","http:\/\/mm.howkuai.com\/wp-content\/uploads\/2013a\/09\/18\/03.jpg","http:\/\/mm.howkuai.com\/wp-content\/uploads\/2013a\/09\/18\/04.jpg","http:\/\/mm.howkuai.com\/wp-content\/uploads\/2013a\/09\/18\/05.jpg","http:\/\/mm.howkuai.com\/wp-content\/uploads\/2013a\/09\/18\/06.jpg","http:\/\/mm.howkuai.com\/wp-content\/uploads\/2013a\/09\/18\/07.jpg","http:\/\/mm.howkuai.com\/wp-content\/uploads\/2013a\/09\/18\/08.jpg"]},{"plaintext":"\u6027\u611f\u7684\u82ad\u6bd4\u5a03\u5a03-\u6234\u4e88\u6850","href":"http:\/\/www.meizitu.com\/a\/3704.html","pic_list":["http:\/\/mm.howkuai.com\/wp-content\/uploads\/2013a\/09\/17\/01.jpg","http:\/\/mm.howkuai.com\/wp-content\/uploads\/2013a\/09\/17\/02.jpg","http:\/\/mm.howkuai.com\/wp-content\/uploads\/2013a\/09\/17\/03.jpg","http:\/\/mm.howkuai.com\/wp-content\/uploads\/2013a\/09\/17\/04.jpg"]},{"plaintext":"\u8f66\u6a21\u5f20\u5df2\u6842\u4e0e\u7ea2\u8272\u5bbe\u5229","href":"http:\/\/www.meizitu.com\/a\/3703.html","pic_list":["http:\/\/mm.howkuai.com\/wp-content\/uploads\/2013a\/09\/16\/01.jpg","http:\/\/mm.howkuai.com\/wp-content\/uploads\/2013a\/09\/16\/02.jpg","http:\/\/mm.howkuai.com\/wp-content\/uploads\/2013a\/09\/16\/03.jpg","http:\/\/mm.howkuai.com\/wp-content\/uploads\/2013a\/09\/16\/04.jpg","http:\/\/mm.howkuai.com\/wp-content\/uploads\/2013a\/09\/16\/05.jpg","http:\/\/mm.howkuai.com\/wp-content\/uploads\/2013a\/09\/16\/06.jpg"]},{"plaintext":"\u5ae9\u6a21\u5185\u8863\u79c0[\u591a\u56fe]","href":"http:\/\/www.meizitu.com\/a\/3682.html","pic_list":["http:\/\/mm.howkuai.com\/wp-content\/uploads\/2013a\/08\/18\/01.jpg","http:\/\/mm.howkuai.com\/wp-content\/uploads\/2013a\/08\/18\/02.jpg","http:\/\/mm.howkuai.com\/wp-content\/uploads\/2013a\/08\/18\/03.jpg","http:\/\/mm.howkuai.com\/wp-content\/uploads\/2013a\/08\/18\/04.jpg","http:\/\/mm.howkuai.com\/wp-content\/uploads\/2013a\/08\/18\/05.jpg"]}]