[{"plaintext":"\u6027\u611f\u886c\u886b\u98ce\uff0c\u8bb8\u8bfaSabrina\u6700\u65b0\u5199\u771f","href":"http:\/\/www.meizitu.com\/a\/4673.html","pic_list":["http:\/\/mm.howkuai.com\/wp-content\/uploads\/2014a\/12\/08\/01.jpg","http:\/\/mm.howkuai.com\/wp-content\/uploads\/2014a\/12\/08\/02.jpg","http:\/\/mm.howkuai.com\/wp-content\/uploads\/2014a\/12\/08\/03.jpg","http:\/\/mm.howkuai.com\/wp-content\/uploads\/2014a\/12\/08\/04.jpg","http:\/\/mm.howkuai.com\/wp-content\/uploads\/2014a\/12\/08\/05.jpg","http:\/\/mm.howkuai.com\/wp-content\/uploads\/2014a\/12\/08\/06.jpg","http:\/\/mm.howkuai.com\/wp-content\/uploads\/2014a\/12\/08\/07.jpg"]},{"plaintext":"\u6027\u611f\u6a21\u7279\u5b5f\u6653\u827a\u7684\u6700\u65b0\u5927\u5c3a\u5ea6\u5199\u771f","href":"http:\/\/www.meizitu.com\/a\/4660.html","pic_list":["http:\/\/mm.howkuai.com\/wp-content\/uploads\/2014a\/11\/67\/01.jpg","http:\/\/mm.howkuai.com\/wp-content\/uploads\/2014a\/11\/67\/02.jpg","http:\/\/mm.howkuai.com\/wp-content\/uploads\/2014a\/11\/67\/03.jpg","http:\/\/mm.howkuai.com\/wp-content\/uploads\/2014a\/11\/67\/04.jpg","http:\/\/mm.howkuai.com\/wp-content\/uploads\/2014a\/11\/67\/05.jpg","http:\/\/mm.howkuai.com\/wp-content\/uploads\/2014a\/11\/67\/06.jpg","http:\/\/mm.howkuai.com\/wp-content\/uploads\/2014a\/11\/67\/07.jpg","http:\/\/mm.howkuai.com\/wp-content\/uploads\/2014a\/11\/67\/08.jpg"]},{"plaintext":"\u5065\u5eb7\u6027\u611f\u7684\u808c\u80a4\uff0c\u9633\u5149\u6a21\u7279\u7684\u6d77\u5c9b\u4e4b\u65c5","href":"http:\/\/www.meizitu.com\/a\/4648.html","pic_list":["http:\/\/mm.howkuai.com\/wp-content\/uploads\/2014a\/11\/55\/01.jpg","http:\/\/mm.howkuai.com\/wp-content\/uploads\/2014a\/11\/55\/02.jpg","http:\/\/mm.howkuai.com\/wp-content\/uploads\/2014a\/11\/55\/03.jpg","http:\/\/mm.howkuai.com\/wp-content\/uploads\/2014a\/11\/55\/04.jpg","http:\/\/mm.howkuai.com\/wp-content\/uploads\/2014a\/11\/55\/05.jpg","http:\/\/mm.howkuai.com\/wp-content\/uploads\/2014a\/11\/55\/06.jpg","http:\/\/mm.howkuai.com\/wp-content\/uploads\/2014a\/11\/55\/07.jpg","http:\/\/mm.howkuai.com\/wp-content\/uploads\/2014a\/11\/55\/08.jpg"]},{"plaintext":"2014\u79cb\u5b63\u5e7f\u5dde\u8f66\u5c55\u4e0a\u7684\u6e05\u7eaf\u8f66\u6a21","href":"http:\/\/www.meizitu.com\/a\/4646.html","pic_list":["http:\/\/mm.howkuai.com\/wp-content\/uploads\/2014a\/11\/53\/01.jpg","http:\/\/mm.howkuai.com\/wp-content\/uploads\/2014a\/11\/53\/02.jpg","http:\/\/mm.howkuai.com\/wp-content\/uploads\/2014a\/11\/53\/03.jpg","http:\/\/mm.howkuai.com\/wp-content\/uploads\/2014a\/11\/53\/04.jpg","http:\/\/mm.howkuai.com\/wp-content\/uploads\/2014a\/11\/53\/05.jpg","http:\/\/mm.howkuai.com\/wp-content\/uploads\/2014a\/11\/53\/06.jpg"]},{"plaintext":"\u6027\u611f\u5ae9\u6a21\u9648\u6021\u66fc\u79c0S\u578b\u8eab\u6750","href":"http:\/\/www.meizitu.com\/a\/4630.html","pic_list":["http:\/\/mm.howkuai.com\/wp-content\/uploads\/2014a\/11\/38\/01.jpg","http:\/\/mm.howkuai.com\/wp-content\/uploads\/2014a\/11\/38\/02.jpg","http:\/\/mm.howkuai.com\/wp-content\/uploads\/2014a\/11\/38\/03.jpg","http:\/\/mm.howkuai.com\/wp-content\/uploads\/2014a\/11\/38\/04.jpg"]},{"plaintext":"10\u6708\u8f66\u5c55\u4e0a\u7684\u6f02\u4eae\u6a21\u7279\u4eec","href":"http:\/\/www.meizitu.com\/a\/4627.html","pic_list":["http:\/\/mm.howkuai.com\/wp-content\/uploads\/2014a\/11\/35\/01.jpg","http:\/\/mm.howkuai.com\/wp-content\/uploads\/2014a\/11\/35\/02.jpg","http:\/\/mm.howkuai.com\/wp-content\/uploads\/2014a\/11\/35\/03.jpg","http:\/\/mm.howkuai.com\/wp-content\/uploads\/2014a\/11\/35\/04.jpg","http:\/\/mm.howkuai.com\/wp-content\/uploads\/2014a\/11\/35\/05.jpg","http:\/\/mm.howkuai.com\/wp-content\/uploads\/2014a\/11\/35\/06.jpg","http:\/\/mm.howkuai.com\/wp-content\/uploads\/2014a\/11\/35\/07.jpg","http:\/\/mm.howkuai.com\/wp-content\/uploads\/2014a\/11\/35\/08.jpg","http:\/\/mm.howkuai.com\/wp-content\/uploads\/2014a\/11\/35\/09.jpg","http:\/\/mm.howkuai.com\/wp-content\/uploads\/2014a\/11\/35\/10.jpg"]},{"plaintext":"\u5f15\u64ce\u76d6\u4e0a\u7684\u8bf1\u60d1\uff0c\u6027\u611f\u7684\u5b9d\u9a6c\u8f66\u6a21","href":"http:\/\/www.meizitu.com\/a\/4623.html","pic_list":["http:\/\/mm.howkuai.com\/wp-content\/uploads\/2014a\/11\/31\/01.jpg","http:\/\/mm.howkuai.com\/wp-content\/uploads\/2014a\/11\/31\/02.jpg","http:\/\/mm.howkuai.com\/wp-content\/uploads\/2014a\/11\/31\/03.jpg","http:\/\/mm.howkuai.com\/wp-content\/uploads\/2014a\/11\/31\/04.jpg","http:\/\/mm.howkuai.com\/wp-content\/uploads\/2014a\/11\/31\/05.jpg","http:\/\/mm.howkuai.com\/wp-content\/uploads\/2014a\/11\/31\/06.jpg","http:\/\/mm.howkuai.com\/wp-content\/uploads\/2014a\/11\/31\/07.jpg"]},{"plaintext":"\u7537\u4eba\u88c5\u88c5\u5973\u90ce\u6c99\u6d32\u8ff7\u5f71\uff0c\u63a2\u79d8\u6c99\u4e0e\u57ce\u7684\u8fb9\u754c","href":"http:\/\/www.meizitu.com\/a\/4608.html","pic_list":["http:\/\/mm.howkuai.com\/wp-content\/uploads\/2014a\/11\/16\/01.jpg","http:\/\/mm.howkuai.com\/wp-content\/uploads\/2014a\/11\/16\/02.jpg","http:\/\/mm.howkuai.com\/wp-content\/uploads\/2014a\/11\/16\/03.jpg","http:\/\/mm.howkuai.com\/wp-content\/uploads\/2014a\/11\/16\/04.jpg","http:\/\/mm.howkuai.com\/wp-content\/uploads\/2014a\/11\/16\/05.jpg","http:\/\/mm.howkuai.com\/wp-content\/uploads\/2014a\/11\/16\/06.jpg","http:\/\/mm.howkuai.com\/wp-content\/uploads\/2014a\/11\/16\/07.jpg","http:\/\/mm.howkuai.com\/wp-content\/uploads\/2014a\/11\/16\/08.jpg","http:\/\/mm.howkuai.com\/wp-content\/uploads\/2014a\/11\/16\/09.jpg","http:\/\/mm.howkuai.com\/wp-content\/uploads\/2014a\/11\/16\/10.jpg"]},{"plaintext":"\u6027\u611f\u7f8e\u81c0\uff0c\u59ae\u513fBluelabel","href":"http:\/\/www.meizitu.com\/a\/4606.html","pic_list":["http:\/\/mm.howkuai.com\/wp-content\/uploads\/2014a\/11\/14\/01.jpg","http:\/\/mm.howkuai.com\/wp-content\/uploads\/2014a\/11\/14\/02.jpg","http:\/\/mm.howkuai.com\/wp-content\/uploads\/2014a\/11\/14\/03.jpg","http:\/\/mm.howkuai.com\/wp-content\/uploads\/2014a\/11\/14\/04.jpg","http:\/\/mm.howkuai.com\/wp-content\/uploads\/2014a\/11\/14\/05.jpg"]},{"plaintext":"\u51b7\u8273\u52a8\u4eba\u7684\u6cd5\u62c9\u5229\u6027\u611f\u8f66\u6a21lisa","href":"http:\/\/www.meizitu.com\/a\/4590.html","pic_list":["http:\/\/mm.howkuai.com\/wp-content\/uploads\/2014a\/11\/04\/01.jpg","http:\/\/mm.howkuai.com\/wp-content\/uploads\/2014a\/11\/04\/02.jpg","http:\/\/mm.howkuai.com\/wp-content\/uploads\/2014a\/11\/04\/03.jpg","http:\/\/mm.howkuai.com\/wp-content\/uploads\/2014a\/11\/04\/04.jpg","http:\/\/mm.howkuai.com\/wp-content\/uploads\/2014a\/11\/04\/05.jpg","http:\/\/mm.howkuai.com\/wp-content\/uploads\/2014a\/11\/04\/06.jpg"]},{"plaintext":"\u9152\u5427\u91cc\u7684\u60f9\u706b\u5a07\u5a03\u97e9\u6615\u6021","href":"http:\/\/www.meizitu.com\/a\/4581.html","pic_list":["http:\/\/mm.howkuai.com\/wp-content\/uploads\/2014a\/10\/67\/01.jpg","http:\/\/mm.howkuai.com\/wp-content\/uploads\/2014a\/10\/67\/02.jpg","http:\/\/mm.howkuai.com\/wp-content\/uploads\/2014a\/10\/67\/03.jpg","http:\/\/mm.howkuai.com\/wp-content\/uploads\/2014a\/10\/67\/04.jpg","http:\/\/mm.howkuai.com\/wp-content\/uploads\/2014a\/10\/67\/05.jpg","http:\/\/mm.howkuai.com\/wp-content\/uploads\/2014a\/10\/67\/06.jpg","http:\/\/mm.howkuai.com\/wp-content\/uploads\/2014a\/10\/67\/07.jpg"]},{"plaintext":"\u5fa1\u5973\u90ce\u30fb\u7d2b\u5a77\u30fb\u6027\u611f\u8c6a\u8f66","href":"http:\/\/www.meizitu.com\/a\/4579.html","pic_list":["http:\/\/mm.howkuai.com\/wp-content\/uploads\/2014a\/10\/65\/01.jpg","http:\/\/mm.howkuai.com\/wp-content\/uploads\/2014a\/10\/65\/02.jpg","http:\/\/mm.howkuai.com\/wp-content\/uploads\/2014a\/10\/65\/03.jpg","http:\/\/mm.howkuai.com\/wp-content\/uploads\/2014a\/10\/65\/04.jpg","http:\/\/mm.howkuai.com\/wp-content\/uploads\/2014a\/10\/65\/05.jpg","http:\/\/mm.howkuai.com\/wp-content\/uploads\/2014a\/10\/65\/06.jpg"]},{"plaintext":"\u6a21\u7279\u5f20\u6893\u7457\u79c0\u5065\u5eb7\u808c\u80a4\uff0c\u6027\u611f\u8eab\u6750","href":"http:\/\/www.meizitu.com\/a\/4573.html","pic_list":["http:\/\/mm.howkuai.com\/wp-content\/uploads\/2014a\/10\/59\/01.jpg","http:\/\/mm.howkuai.com\/wp-content\/uploads\/2014a\/10\/59\/02.jpg","http:\/\/mm.howkuai.com\/wp-content\/uploads\/2014a\/10\/59\/03.jpg","http:\/\/mm.howkuai.com\/wp-content\/uploads\/2014a\/10\/59\/04.jpg","http:\/\/mm.howkuai.com\/wp-content\/uploads\/2014a\/10\/59\/05.jpg","http:\/\/mm.howkuai.com\/wp-content\/uploads\/2014a\/10\/59\/06.jpg"]},{"plaintext":"\u300a\u7537\u4eba\u88c5\u300b\u8881\u83f2\u6027\u611f\u79c1\u623f\u7167","href":"http:\/\/www.meizitu.com\/a\/4562.html","pic_list":["http:\/\/mm.howkuai.com\/wp-content\/uploads\/2014a\/10\/48\/01.jpg","http:\/\/mm.howkuai.com\/wp-content\/uploads\/2014a\/10\/48\/02.jpg","http:\/\/mm.howkuai.com\/wp-content\/uploads\/2014a\/10\/48\/03.jpg","http:\/\/mm.howkuai.com\/wp-content\/uploads\/2014a\/10\/48\/04.jpg"]},{"plaintext":"\u524d\u51f8\u540e\u7fd8\u62a4\u58eb\u88c5\uff0c\u6a21\u7279\u674e\u4e03\u559c\u5199\u771f","href":"http:\/\/www.meizitu.com\/a\/4543.html","pic_list":["http:\/\/mm.howkuai.com\/wp-content\/uploads\/2014a\/10\/29\/01.jpg","http:\/\/mm.howkuai.com\/wp-content\/uploads\/2014a\/10\/29\/02.jpg","http:\/\/mm.howkuai.com\/wp-content\/uploads\/2014a\/10\/29\/03.jpg","http:\/\/mm.howkuai.com\/wp-content\/uploads\/2014a\/10\/29\/04.jpg","http:\/\/mm.howkuai.com\/wp-content\/uploads\/2014a\/10\/29\/05.jpg","http:\/\/mm.howkuai.com\/wp-content\/uploads\/2014a\/10\/29\/06.jpg"]},{"plaintext":"\u6d74\u7f38\u91cc\u7684\u7f9e\u7f8e\u4eba\uff0c\u6a21\u7279\u6881\u5c0f\u9a9e\u7167\u7247","href":"http:\/\/www.meizitu.com\/a\/4542.html","pic_list":["http:\/\/mm.howkuai.com\/wp-content\/uploads\/2014a\/10\/28\/01.jpg","http:\/\/mm.howkuai.com\/wp-content\/uploads\/2014a\/10\/28\/02.jpg","http:\/\/mm.howkuai.com\/wp-content\/uploads\/2014a\/10\/28\/03.jpg","http:\/\/mm.howkuai.com\/wp-content\/uploads\/2014a\/10\/28\/04.jpg","http:\/\/mm.howkuai.com\/wp-content\/uploads\/2014a\/10\/28\/05.jpg","http:\/\/mm.howkuai.com\/wp-content\/uploads\/2014a\/10\/28\/06.jpg"]},{"plaintext":"\u6027\u611f\u7684\u5634\u5507\uff0c\u6a21\u7279\u513f\u4f55\u82d1\u7167\u7247","href":"http:\/\/www.meizitu.com\/a\/4540.html","pic_list":["http:\/\/mm.howkuai.com\/wp-content\/uploads\/2014a\/10\/26\/01.jpg","http:\/\/mm.howkuai.com\/wp-content\/uploads\/2014a\/10\/26\/02.jpg","http:\/\/mm.howkuai.com\/wp-content\/uploads\/2014a\/10\/26\/03.jpg","http:\/\/mm.howkuai.com\/wp-content\/uploads\/2014a\/10\/26\/04.jpg","http:\/\/mm.howkuai.com\/wp-content\/uploads\/2014a\/10\/26\/05.jpg","http:\/\/mm.howkuai.com\/wp-content\/uploads\/2014a\/10\/26\/06.jpg","http:\/\/mm.howkuai.com\/wp-content\/uploads\/2014a\/10\/26\/07.jpg"]},{"plaintext":"\u6027\u611f\u6a21\u7279\u677e\u679c\u513f\u4e0a\u6f14\u9738\u6c14\u5973\u738b\u7167","href":"http:\/\/www.meizitu.com\/a\/4530.html","pic_list":["http:\/\/mm.howkuai.com\/wp-content\/uploads\/2014a\/10\/17\/01.jpg","http:\/\/mm.howkuai.com\/wp-content\/uploads\/2014a\/10\/17\/02.jpg","http:\/\/mm.howkuai.com\/wp-content\/uploads\/2014a\/10\/17\/03.jpg","http:\/\/mm.howkuai.com\/wp-content\/uploads\/2014a\/10\/17\/04.jpg","http:\/\/mm.howkuai.com\/wp-content\/uploads\/2014a\/10\/17\/05.jpg","http:\/\/mm.howkuai.com\/wp-content\/uploads\/2014a\/10\/17\/06.jpg"]},{"plaintext":"\u6027\u611f\u6a21\u7279\u9648\u6021\u66fc\u7684\u8482\u66fc\u59ae\u5185\u8863\u5199\u771f","href":"http:\/\/www.meizitu.com\/a\/4528.html","pic_list":["http:\/\/mm.howkuai.com\/wp-content\/uploads\/2014a\/10\/15\/01.jpg","http:\/\/mm.howkuai.com\/wp-content\/uploads\/2014a\/10\/15\/02.jpg","http:\/\/mm.howkuai.com\/wp-content\/uploads\/2014a\/10\/15\/03.jpg","http:\/\/mm.howkuai.com\/wp-content\/uploads\/2014a\/10\/15\/04.jpg","http:\/\/mm.howkuai.com\/wp-content\/uploads\/2014a\/10\/15\/05.jpg","http:\/\/mm.howkuai.com\/wp-content\/uploads\/2014a\/10\/15\/06.jpg","http:\/\/mm.howkuai.com\/wp-content\/uploads\/2014a\/10\/15\/07.jpg","http:\/\/mm.howkuai.com\/wp-content\/uploads\/2014a\/10\/15\/08.jpg"]},{"plaintext":"\u62e5\u6709\u50b2\u4eba\u8eab\u6750\u7684\u6a21\u7279\u51af\u9756\u5a9b\u6c60\u8fb9\u5438\u6c34","href":"http:\/\/www.meizitu.com\/a\/4522.html","pic_list":["http:\/\/mm.howkuai.com\/wp-content\/uploads\/2014a\/10\/09\/01.jpg","http:\/\/mm.howkuai.com\/wp-content\/uploads\/2014a\/10\/09\/02.jpg","http:\/\/mm.howkuai.com\/wp-content\/uploads\/2014a\/10\/09\/03.jpg","http:\/\/mm.howkuai.com\/wp-content\/uploads\/2014a\/10\/09\/04.jpg","http:\/\/mm.howkuai.com\/wp-content\/uploads\/2014a\/10\/09\/05.jpg","http:\/\/mm.howkuai.com\/wp-content\/uploads\/2014a\/10\/09\/06.jpg"]},{"plaintext":"\u56fd\u5e86\u8f66\u5c55\u5373\u5c06\u5f00\u59cb\uff0c\u4eba\u89c1\u4eba\u7231\u7684\u751c\u7f8e\u6027\u611f\u8f66\u6a21","href":"http:\/\/www.meizitu.com\/a\/4511.html","pic_list":["http:\/\/mm.howkuai.com\/wp-content\/uploads\/2014a\/09\/56\/01.jpg","http:\/\/mm.howkuai.com\/wp-content\/uploads\/2014a\/09\/56\/02.jpg","http:\/\/mm.howkuai.com\/wp-content\/uploads\/2014a\/09\/56\/03.jpg","http:\/\/mm.howkuai.com\/wp-content\/uploads\/2014a\/09\/56\/04.jpg","http:\/\/mm.howkuai.com\/wp-content\/uploads\/2014a\/09\/56\/05.jpg","http:\/\/mm.howkuai.com\/wp-content\/uploads\/2014a\/09\/56\/06.jpg","http:\/\/mm.howkuai.com\/wp-content\/uploads\/2014a\/09\/56\/07.jpg","http:\/\/mm.howkuai.com\/wp-content\/uploads\/2014a\/09\/56\/08.jpg","http:\/\/mm.howkuai.com\/wp-content\/uploads\/2014a\/09\/56\/09.jpg","http:\/\/mm.howkuai.com\/wp-content\/uploads\/2014a\/09\/56\/10.jpg"]},{"plaintext":"\u6e05\u7eaf\u65e0\u6bd4\u7684\u7f8e\u5c11\u5973\uff0c\u624e\u8d77\u9a6c\u5c3e\u4e3aGTI\u4ee3\u8a00","href":"http:\/\/www.meizitu.com\/a\/4501.html","pic_list":["http:\/\/mm.howkuai.com\/wp-content\/uploads\/2014a\/09\/46\/01.jpg","http:\/\/mm.howkuai.com\/wp-content\/uploads\/2014a\/09\/46\/02.jpg","http:\/\/mm.howkuai.com\/wp-content\/uploads\/2014a\/09\/46\/03.jpg","http:\/\/mm.howkuai.com\/wp-content\/uploads\/2014a\/09\/46\/04.jpg","http:\/\/mm.howkuai.com\/wp-content\/uploads\/2014a\/09\/46\/05.jpg","http:\/\/mm.howkuai.com\/wp-content\/uploads\/2014a\/09\/46\/06.jpg","http:\/\/mm.howkuai.com\/wp-content\/uploads\/2014a\/09\/46\/07.jpg"]},{"plaintext":"\u816e\u6655\u6f6e\u7ea2\uff0c\u6027\u611f\u7684\u59a9\u5a9a\u6a21\u7279\u5ba4\u5185\u5199\u771f","href":"http:\/\/www.meizitu.com\/a\/4496.html","pic_list":["http:\/\/mm.howkuai.com\/wp-content\/uploads\/2014a\/09\/41\/01.jpg","http:\/\/mm.howkuai.com\/wp-content\/uploads\/2014a\/09\/41\/02.jpg","http:\/\/mm.howkuai.com\/wp-content\/uploads\/2014a\/09\/41\/03.jpg","http:\/\/mm.howkuai.com\/wp-content\/uploads\/2014a\/09\/41\/04.jpg","http:\/\/mm.howkuai.com\/wp-content\/uploads\/2014a\/09\/41\/05.jpg","http:\/\/mm.howkuai.com\/wp-content\/uploads\/2014a\/09\/41\/06.jpg","http:\/\/mm.howkuai.com\/wp-content\/uploads\/2014a\/09\/41\/07.jpg"]},{"plaintext":"\u72c2\u91ce\u6c14\u606f\uff0c\u957f\u817f\u8f66\u6a21\u4e0e\u8d8a\u91ce\u5b8c\u7f8e\u642d\u914d","href":"http:\/\/www.meizitu.com\/a\/4485.html","pic_list":["http:\/\/mm.howkuai.com\/wp-content\/uploads\/2014a\/09\/30\/01.jpg","http:\/\/mm.howkuai.com\/wp-content\/uploads\/2014a\/09\/30\/02.jpg","http:\/\/mm.howkuai.com\/wp-content\/uploads\/2014a\/09\/30\/03.jpg","http:\/\/mm.howkuai.com\/wp-content\/uploads\/2014a\/09\/30\/04.jpg","http:\/\/mm.howkuai.com\/wp-content\/uploads\/2014a\/09\/30\/05.jpg","http:\/\/mm.howkuai.com\/wp-content\/uploads\/2014a\/09\/30\/06.jpg","http:\/\/mm.howkuai.com\/wp-content\/uploads\/2014a\/09\/30\/07.jpg"]},{"plaintext":"\u94bb\u77f3\u5973\u795e\uff0cWinnie\u7684\u552f\u7f8e\u5199\u771f","href":"http:\/\/www.meizitu.com\/a\/4472.html","pic_list":["http:\/\/mm.howkuai.com\/wp-content\/uploads\/2014a\/09\/17\/01.jpg","http:\/\/mm.howkuai.com\/wp-content\/uploads\/2014a\/09\/17\/02.jpg","http:\/\/mm.howkuai.com\/wp-content\/uploads\/2014a\/09\/17\/03.jpg","http:\/\/mm.howkuai.com\/wp-content\/uploads\/2014a\/09\/17\/04.jpg","http:\/\/mm.howkuai.com\/wp-content\/uploads\/2014a\/09\/17\/05.jpg","http:\/\/mm.howkuai.com\/wp-content\/uploads\/2014a\/09\/17\/06.jpg"]},{"plaintext":"\u5ae9\u6a21\u97e9\u5b50\u8431\u5de5\u5382\u62cd\u6444\u5199\u771f","href":"http:\/\/www.meizitu.com\/a\/4450.html","pic_list":["http:\/\/mm.howkuai.com\/wp-content\/uploads\/2014a\/08\/64\/01.jpg","http:\/\/mm.howkuai.com\/wp-content\/uploads\/2014a\/08\/64\/02.jpg","http:\/\/mm.howkuai.com\/wp-content\/uploads\/2014a\/08\/64\/03.jpg","http:\/\/mm.howkuai.com\/wp-content\/uploads\/2014a\/08\/64\/04.jpg","http:\/\/mm.howkuai.com\/wp-content\/uploads\/2014a\/08\/64\/05.jpg","http:\/\/mm.howkuai.com\/wp-content\/uploads\/2014a\/08\/64\/06.jpg","http:\/\/mm.howkuai.com\/wp-content\/uploads\/2014a\/08\/64\/07.jpg"]},{"plaintext":"\u201c\u6700\u4f18\u7f8e\u66f2\u7ebf\u201d\u8d85\u7ea7\u8f66\u6a21\u674e\u9896\u829d\u5199\u771f","href":"http:\/\/www.meizitu.com\/a\/4409.html","pic_list":["http:\/\/mm.howkuai.com\/wp-content\/uploads\/2014a\/08\/24\/01.jpg","http:\/\/mm.howkuai.com\/wp-content\/uploads\/2014a\/08\/24\/02.jpg","http:\/\/mm.howkuai.com\/wp-content\/uploads\/2014a\/08\/24\/03.jpg","http:\/\/mm.howkuai.com\/wp-content\/uploads\/2014a\/08\/24\/04.jpg","http:\/\/mm.howkuai.com\/wp-content\/uploads\/2014a\/08\/24\/05.jpg"]},{"plaintext":"\u8eab\u6750\u8d85\u597d\u7684\u5ae9\u6a21\u9152\u5e97\u955c\u524d\u9676\u9189\uff0c\u524d\u51f8\u540e\u7fd8\u60f9\u4eba\u7231","href":"http:\/\/www.meizitu.com\/a\/4381.html","pic_list":["http:\/\/mm.howkuai.com\/wp-content\/uploads\/2014a\/07\/66\/01.jpg","http:\/\/mm.howkuai.com\/wp-content\/uploads\/2014a\/07\/66\/02.jpg","http:\/\/mm.howkuai.com\/wp-content\/uploads\/2014a\/07\/66\/03.jpg","http:\/\/mm.howkuai.com\/wp-content\/uploads\/2014a\/07\/66\/04.jpg"]},{"plaintext":"2014\u8f66\u5c55\u4e0a\u9753\u4e3d\u8f66\u6a21\u5199\u771f","href":"http:\/\/www.meizitu.com\/a\/4357.html","pic_list":["http:\/\/mm.howkuai.com\/wp-content\/uploads\/2014a\/07\/42\/01.jpg","http:\/\/mm.howkuai.com\/wp-content\/uploads\/2014a\/07\/42\/02.jpg","http:\/\/mm.howkuai.com\/wp-content\/uploads\/2014a\/07\/42\/03.jpg","http:\/\/mm.howkuai.com\/wp-content\/uploads\/2014a\/07\/42\/04.jpg","http:\/\/mm.howkuai.com\/wp-content\/uploads\/2014a\/07\/42\/05.jpg","http:\/\/mm.howkuai.com\/wp-content\/uploads\/2014a\/07\/42\/06.jpg","http:\/\/mm.howkuai.com\/wp-content\/uploads\/2014a\/07\/42\/07.jpg","http:\/\/mm.howkuai.com\/wp-content\/uploads\/2014a\/07\/42\/08.jpg","http:\/\/mm.howkuai.com\/wp-content\/uploads\/2014a\/07\/42\/09.jpg"]},{"plaintext":"\u53ef\u7231\u767d\u7699\u5ae9\u6a21\u62e5\u6709\u6027\u611f\u7684\u8eab\u6750","href":"http:\/\/www.meizitu.com\/a\/4348.html","pic_list":["http:\/\/mm.howkuai.com\/wp-content\/uploads\/2014a\/07\/33\/01.jpg","http:\/\/mm.howkuai.com\/wp-content\/uploads\/2014a\/07\/33\/02.jpg","http:\/\/mm.howkuai.com\/wp-content\/uploads\/2014a\/07\/33\/03.jpg","http:\/\/mm.howkuai.com\/wp-content\/uploads\/2014a\/07\/33\/04.jpg","http:\/\/mm.howkuai.com\/wp-content\/uploads\/2014a\/07\/33\/05.jpg","http:\/\/mm.howkuai.com\/wp-content\/uploads\/2014a\/07\/33\/06.jpg","http:\/\/mm.howkuai.com\/wp-content\/uploads\/2014a\/07\/33\/07.jpg","http:\/\/mm.howkuai.com\/wp-content\/uploads\/2014a\/07\/33\/08.jpg"]}]