[{"plaintext":"\u8c01\u662f\u6700\u6f02\u4eae\u7684\u8f66\u6a21\u7531\u4f60\u5b9a\uff0c\u8f66\u6a21\u4e4b\u661f\u6d3b\u52a8","href":"http:\/\/www.meizitu.com\/a\/3679.html","pic_list":["http:\/\/mm.howkuai.com\/wp-content\/uploads\/2013a\/08\/15\/01.jpg","http:\/\/mm.howkuai.com\/wp-content\/uploads\/2013a\/08\/15\/02.jpg","http:\/\/mm.howkuai.com\/wp-content\/uploads\/2013a\/08\/15\/03.jpg","http:\/\/mm.howkuai.com\/wp-content\/uploads\/2013a\/08\/15\/04.jpg","http:\/\/mm.howkuai.com\/wp-content\/uploads\/2013a\/08\/15\/05.jpg","http:\/\/mm.howkuai.com\/wp-content\/uploads\/2013a\/08\/15\/06.jpg","http:\/\/mm.howkuai.com\/wp-content\/uploads\/2013a\/08\/15\/07.jpg","http:\/\/mm.howkuai.com\/wp-content\/uploads\/2013a\/08\/15\/08.jpg","http:\/\/mm.howkuai.com\/wp-content\/uploads\/2013a\/08\/15\/09.jpg"]},{"plaintext":"\u6a21\u7279viki\u534a\u88f8\u9165\u80f8\u4eba\u4f53\u8bf1\u60d1","href":"http:\/\/www.meizitu.com\/a\/3647.html","pic_list":["http:\/\/mm.howkuai.com\/wp-content\/uploads\/2013a\/07\/06\/01.jpg","http:\/\/mm.howkuai.com\/wp-content\/uploads\/2013a\/07\/06\/02.jpg","http:\/\/mm.howkuai.com\/wp-content\/uploads\/2013a\/07\/06\/03.jpg","http:\/\/mm.howkuai.com\/wp-content\/uploads\/2013a\/07\/06\/04.jpg","http:\/\/mm.howkuai.com\/wp-content\/uploads\/2013a\/07\/06\/05.jpg","http:\/\/mm.howkuai.com\/wp-content\/uploads\/2013a\/07\/06\/06.jpg","http:\/\/mm.howkuai.com\/wp-content\/uploads\/2013a\/07\/06\/07.jpg","http:\/\/mm.howkuai.com\/wp-content\/uploads\/2013a\/07\/06\/08.jpg","http:\/\/mm.howkuai.com\/wp-content\/uploads\/2013a\/07\/06\/09.jpg","http:\/\/mm.howkuai.com\/wp-content\/uploads\/2013a\/07\/06\/10.jpg"]},{"plaintext":"\u540c\u6027\u4e4b\u7231\u6027\u611f\u62c9\u62c9\u6a21\u7279\u5168\u88f8\u540c\u5e8a\u7f20\u7ef5","href":"http:\/\/www.meizitu.com\/a\/3631.html","pic_list":["http:\/\/mm.howkuai.com\/wp-content\/uploads\/2013a\/06\/32\/01.jpg","http:\/\/mm.howkuai.com\/wp-content\/uploads\/2013a\/06\/32\/02.jpg","http:\/\/mm.howkuai.com\/wp-content\/uploads\/2013a\/06\/32\/03.jpg","http:\/\/mm.howkuai.com\/wp-content\/uploads\/2013a\/06\/32\/04.jpg","http:\/\/mm.howkuai.com\/wp-content\/uploads\/2013a\/06\/32\/05.jpg","http:\/\/mm.howkuai.com\/wp-content\/uploads\/2013a\/06\/32\/06.jpg","http:\/\/mm.howkuai.com\/wp-content\/uploads\/2013a\/06\/32\/07.jpg","http:\/\/mm.howkuai.com\/wp-content\/uploads\/2013a\/06\/32\/08.jpg","http:\/\/mm.howkuai.com\/wp-content\/uploads\/2013a\/06\/32\/09.jpg","http:\/\/mm.howkuai.com\/wp-content\/uploads\/2013a\/06\/32\/10.jpg","http:\/\/mm.howkuai.com\/wp-content\/uploads\/2013a\/06\/32\/11.jpg"]},{"plaintext":"\u5ae9\u6a21\u82cf\u6893\u73b2\u6f14\u7ece\u4e30\u4e73\u7fd8\u81c0","href":"http:\/\/www.meizitu.com\/a\/3602.html","pic_list":["http:\/\/mm.howkuai.com\/wp-content\/uploads\/2013a\/06\/03\/01.jpg","http:\/\/mm.howkuai.com\/wp-content\/uploads\/2013a\/06\/03\/02.jpg","http:\/\/mm.howkuai.com\/wp-content\/uploads\/2013a\/06\/03\/03.jpg","http:\/\/mm.howkuai.com\/wp-content\/uploads\/2013a\/06\/03\/04.jpg","http:\/\/mm.howkuai.com\/wp-content\/uploads\/2013a\/06\/03\/05.jpg","http:\/\/mm.howkuai.com\/wp-content\/uploads\/2013a\/06\/03\/06.jpg","http:\/\/mm.howkuai.com\/wp-content\/uploads\/2013a\/06\/03\/07.jpg","http:\/\/mm.howkuai.com\/wp-content\/uploads\/2013a\/06\/03\/08.jpg","http:\/\/mm.howkuai.com\/wp-content\/uploads\/2013a\/06\/03\/09.jpg"]},{"plaintext":"\u5ae9\u6a21\u674e\u96ef\u5999\u66fc\u8eab\u6750\u6311\u9017","href":"http:\/\/www.meizitu.com\/a\/3597.html","pic_list":["http:\/\/mm.howkuai.com\/wp-content\/uploads\/2013a\/05\/43\/01.jpg","http:\/\/mm.howkuai.com\/wp-content\/uploads\/2013a\/05\/43\/02.jpg"]},{"plaintext":"\u5ae9\u6a21\u65bd\u7b11\u6714\u4f26\u6566\u8857\u5934\u5199\u771f\u8d85\u6709\u8303","href":"http:\/\/www.meizitu.com\/a\/3571.html","pic_list":["http:\/\/mm.howkuai.com\/wp-content\/uploads\/2013a\/05\/16\/01.jpg","http:\/\/mm.howkuai.com\/wp-content\/uploads\/2013a\/05\/16\/02.jpg","http:\/\/mm.howkuai.com\/wp-content\/uploads\/2013a\/05\/16\/03.jpg","http:\/\/mm.howkuai.com\/wp-content\/uploads\/2013a\/05\/16\/04.jpg","http:\/\/mm.howkuai.com\/wp-content\/uploads\/2013a\/05\/16\/05.jpg","http:\/\/mm.howkuai.com\/wp-content\/uploads\/2013a\/05\/16\/06.jpg","http:\/\/mm.howkuai.com\/wp-content\/uploads\/2013a\/05\/16\/07.jpg","http:\/\/mm.howkuai.com\/wp-content\/uploads\/2013a\/05\/16\/08.jpg"]},{"plaintext":"\u5ae9\u6a21\u4f55\u50b2\u73ca\u7f8e\u817f\u6781\u81f4\u8bf1\u60d1","href":"http:\/\/www.meizitu.com\/a\/3561.html","pic_list":["http:\/\/mm.howkuai.com\/wp-content\/uploads\/2013a\/05\/06\/01.jpg","http:\/\/mm.howkuai.com\/wp-content\/uploads\/2013a\/05\/06\/02.jpg","http:\/\/mm.howkuai.com\/wp-content\/uploads\/2013a\/05\/06\/03.jpg","http:\/\/mm.howkuai.com\/wp-content\/uploads\/2013a\/05\/06\/04.jpg","http:\/\/mm.howkuai.com\/wp-content\/uploads\/2013a\/05\/06\/05.jpg","http:\/\/mm.howkuai.com\/wp-content\/uploads\/2013a\/05\/06\/06.jpg","http:\/\/mm.howkuai.com\/wp-content\/uploads\/2013a\/05\/06\/07.jpg","http:\/\/mm.howkuai.com\/wp-content\/uploads\/2013a\/05\/06\/08.jpg"]},{"plaintext":"\u6a21\u7279\u6167\u6167\u4e0e\u95fa\u871c\u534a\u88f8\u6293\u80f8\u6027\u611f\u6311\u9017","href":"http:\/\/www.meizitu.com\/a\/3559.html","pic_list":["http:\/\/mm.howkuai.com\/wp-content\/uploads\/2013a\/05\/04\/01.jpg","http:\/\/mm.howkuai.com\/wp-content\/uploads\/2013a\/05\/04\/02.jpg","http:\/\/mm.howkuai.com\/wp-content\/uploads\/2013a\/05\/04\/03.jpg","http:\/\/mm.howkuai.com\/wp-content\/uploads\/2013a\/05\/04\/04.jpg","http:\/\/mm.howkuai.com\/wp-content\/uploads\/2013a\/05\/04\/05.jpg","http:\/\/mm.howkuai.com\/wp-content\/uploads\/2013a\/05\/04\/06.jpg","http:\/\/mm.howkuai.com\/wp-content\/uploads\/2013a\/05\/04\/07.jpg","http:\/\/mm.howkuai.com\/wp-content\/uploads\/2013a\/05\/04\/08.jpg","http:\/\/mm.howkuai.com\/wp-content\/uploads\/2013a\/05\/04\/09.jpg"]},{"plaintext":"\u65b0\u664b\u5ae9\u6a21\u5c0f\u516d\u516d\u79c1\u623f\u7761\u8863\u663e\u629a\u5a9a","href":"http:\/\/www.meizitu.com\/a\/3539.html","pic_list":["http:\/\/mm.howkuai.com\/wp-content\/uploads\/2013a\/04\/21\/01.jpg","http:\/\/mm.howkuai.com\/wp-content\/uploads\/2013a\/04\/21\/02.jpg","http:\/\/mm.howkuai.com\/wp-content\/uploads\/2013a\/04\/21\/03.jpg","http:\/\/mm.howkuai.com\/wp-content\/uploads\/2013a\/04\/21\/04.jpg","http:\/\/mm.howkuai.com\/wp-content\/uploads\/2013a\/04\/21\/05.jpg","http:\/\/mm.howkuai.com\/wp-content\/uploads\/2013a\/04\/21\/06.jpg","http:\/\/mm.howkuai.com\/wp-content\/uploads\/2013a\/04\/21\/07.jpg","http:\/\/mm.howkuai.com\/wp-content\/uploads\/2013a\/04\/21\/08.jpg","http:\/\/mm.howkuai.com\/wp-content\/uploads\/2013a\/04\/21\/09.jpg","http:\/\/mm.howkuai.com\/wp-content\/uploads\/2013a\/04\/21\/10.jpg"]},{"plaintext":"\u6a21\u7279\u6668\u6668\u5168\u88f8\u9165\u80f8\u76ae\u8349\u906e\u4f53\u629a\u5a9a\u52a8\u4eba","href":"http:\/\/www.meizitu.com\/a\/3538.html","pic_list":["http:\/\/mm.howkuai.com\/wp-content\/uploads\/2013a\/04\/20\/01.jpg","http:\/\/mm.howkuai.com\/wp-content\/uploads\/2013a\/04\/20\/02.jpg","http:\/\/mm.howkuai.com\/wp-content\/uploads\/2013a\/04\/20\/03.jpg","http:\/\/mm.howkuai.com\/wp-content\/uploads\/2013a\/04\/20\/04.jpg","http:\/\/mm.howkuai.com\/wp-content\/uploads\/2013a\/04\/20\/05.jpg","http:\/\/mm.howkuai.com\/wp-content\/uploads\/2013a\/04\/20\/06.jpg"]},{"plaintext":"\u6a21\u7279\u91d1\u91d1\u540d\u8d35\u8dd1\u8f66\u7f8e\u817f\u8bf1\u60d1","href":"http:\/\/www.meizitu.com\/a\/3535.html","pic_list":["http:\/\/mm.howkuai.com\/wp-content\/uploads\/2013a\/04\/17\/01.jpg","http:\/\/mm.howkuai.com\/wp-content\/uploads\/2013a\/04\/17\/02.jpg","http:\/\/mm.howkuai.com\/wp-content\/uploads\/2013a\/04\/17\/03.jpg","http:\/\/mm.howkuai.com\/wp-content\/uploads\/2013a\/04\/17\/04.jpg","http:\/\/mm.howkuai.com\/wp-content\/uploads\/2013a\/04\/17\/05.jpg","http:\/\/mm.howkuai.com\/wp-content\/uploads\/2013a\/04\/17\/06.jpg","http:\/\/mm.howkuai.com\/wp-content\/uploads\/2013a\/04\/17\/07.jpg","http:\/\/mm.howkuai.com\/wp-content\/uploads\/2013a\/04\/17\/08.jpg","http:\/\/mm.howkuai.com\/wp-content\/uploads\/2013a\/04\/17\/09.jpg"]},{"plaintext":"\u738b\u745e\u513f\u8dd1\u8f66\u7167\u5927\u80c6\u88f8\u9732\u51e0\u4e4e\u6ca1\u7a7f","href":"http:\/\/www.meizitu.com\/a\/3533.html","pic_list":["http:\/\/mm.howkuai.com\/wp-content\/uploads\/2013a\/04\/15\/01.jpg","http:\/\/mm.howkuai.com\/wp-content\/uploads\/2013a\/04\/15\/02.jpg","http:\/\/mm.howkuai.com\/wp-content\/uploads\/2013a\/04\/15\/03.jpg","http:\/\/mm.howkuai.com\/wp-content\/uploads\/2013a\/04\/15\/04.jpg","http:\/\/mm.howkuai.com\/wp-content\/uploads\/2013a\/04\/15\/05.jpg","http:\/\/mm.howkuai.com\/wp-content\/uploads\/2013a\/04\/15\/06.jpg","http:\/\/mm.howkuai.com\/wp-content\/uploads\/2013a\/04\/15\/07.jpg","http:\/\/mm.howkuai.com\/wp-content\/uploads\/2013a\/04\/15\/08.jpg","http:\/\/mm.howkuai.com\/wp-content\/uploads\/2013a\/04\/15\/09.jpg","http:\/\/mm.howkuai.com\/wp-content\/uploads\/2013a\/04\/15\/10.jpg","http:\/\/mm.howkuai.com\/wp-content\/uploads\/2013a\/04\/15\/11.jpg","http:\/\/mm.howkuai.com\/wp-content\/uploads\/2013a\/04\/15\/12.jpg"]},{"plaintext":"\u6a21\u7279NINA\u7f8e\u80f8\u79c0\u51fa\u7f24\u7eb7\u8272\u5f69","href":"http:\/\/www.meizitu.com\/a\/3532.html","pic_list":["http:\/\/mm.howkuai.com\/wp-content\/uploads\/2013a\/04\/14\/01.jpg","http:\/\/mm.howkuai.com\/wp-content\/uploads\/2013a\/04\/14\/02.jpg","http:\/\/mm.howkuai.com\/wp-content\/uploads\/2013a\/04\/14\/03.jpg","http:\/\/mm.howkuai.com\/wp-content\/uploads\/2013a\/04\/14\/04.jpg","http:\/\/mm.howkuai.com\/wp-content\/uploads\/2013a\/04\/14\/05.jpg","http:\/\/mm.howkuai.com\/wp-content\/uploads\/2013a\/04\/14\/06.jpg","http:\/\/mm.howkuai.com\/wp-content\/uploads\/2013a\/04\/14\/07.jpg"]}]