[{"plaintext":"\u6027\u611f\u5ae9\u6a21\u7530\u7d2b\u7d2b\u8eab\u7a7f\u8fd0\u52a8\u80cc\u5fc3\u5199\u771f","href":"http:\/\/www.meizitu.com\/a\/5192.html","pic_list":["http:\/\/mm.howkuai.com\/wp-content\/uploads\/2015a\/10\/23\/01.jpg","http:\/\/mm.howkuai.com\/wp-content\/uploads\/2015a\/10\/23\/02.jpg","http:\/\/mm.howkuai.com\/wp-content\/uploads\/2015a\/10\/23\/03.jpg","http:\/\/mm.howkuai.com\/wp-content\/uploads\/2015a\/10\/23\/04.jpg","http:\/\/mm.howkuai.com\/wp-content\/uploads\/2015a\/10\/23\/05.jpg","http:\/\/mm.howkuai.com\/wp-content\/uploads\/2015a\/10\/23\/06.jpg","http:\/\/mm.howkuai.com\/wp-content\/uploads\/2015a\/10\/23\/07.jpg","http:\/\/mm.howkuai.com\/wp-content\/uploads\/2015a\/10\/23\/08.jpg"]},{"plaintext":"\u5728\u8def\u4e0a\uff0c\u9047\u89c1\u6696\u6696\u7684\u5915\u9633","href":"http:\/\/www.meizitu.com\/a\/5185.html","pic_list":["http:\/\/mm.howkuai.com\/wp-content\/uploads\/2015a\/10\/16\/01.jpg","http:\/\/mm.howkuai.com\/wp-content\/uploads\/2015a\/10\/16\/02.jpg","http:\/\/mm.howkuai.com\/wp-content\/uploads\/2015a\/10\/16\/03.jpg","http:\/\/mm.howkuai.com\/wp-content\/uploads\/2015a\/10\/16\/04.jpg","http:\/\/mm.howkuai.com\/wp-content\/uploads\/2015a\/10\/16\/05.jpg","http:\/\/mm.howkuai.com\/wp-content\/uploads\/2015a\/10\/16\/06.jpg","http:\/\/mm.howkuai.com\/wp-content\/uploads\/2015a\/10\/16\/07.jpg","http:\/\/mm.howkuai.com\/wp-content\/uploads\/2015a\/10\/16\/08.jpg","http:\/\/mm.howkuai.com\/wp-content\/uploads\/2015a\/10\/16\/09.jpg","http:\/\/mm.howkuai.com\/wp-content\/uploads\/2015a\/10\/16\/10.jpg"]},{"plaintext":"\u7edd\u8272\u5a07\u5a03\u7c73\u59ae\u55b7\u8840\u5973\u4ec6\u88c5\u5199\u771f","href":"http:\/\/www.meizitu.com\/a\/5182.html","pic_list":["http:\/\/mm.howkuai.com\/wp-content\/uploads\/2015a\/10\/13\/01.jpg","http:\/\/mm.howkuai.com\/wp-content\/uploads\/2015a\/10\/13\/02.jpg","http:\/\/mm.howkuai.com\/wp-content\/uploads\/2015a\/10\/13\/03.jpg","http:\/\/mm.howkuai.com\/wp-content\/uploads\/2015a\/10\/13\/04.jpg","http:\/\/mm.howkuai.com\/wp-content\/uploads\/2015a\/10\/13\/05.jpg","http:\/\/mm.howkuai.com\/wp-content\/uploads\/2015a\/10\/13\/06.jpg","http:\/\/mm.howkuai.com\/wp-content\/uploads\/2015a\/10\/13\/07.jpg"]},{"plaintext":"\u6d74\u5dfe\u88f9\u4f4f\u7684\u6a21\u7279\u5e26\u6765\u4e00\u526f\u8272\u5f69\u6591\u6593\u7684\u6cb9\u753b","href":"http:\/\/www.meizitu.com\/a\/5179.html","pic_list":["http:\/\/mm.howkuai.com\/wp-content\/uploads\/2015a\/10\/10\/01.jpg","http:\/\/mm.howkuai.com\/wp-content\/uploads\/2015a\/10\/10\/02.jpg","http:\/\/mm.howkuai.com\/wp-content\/uploads\/2015a\/10\/10\/03.jpg","http:\/\/mm.howkuai.com\/wp-content\/uploads\/2015a\/10\/10\/04.jpg","http:\/\/mm.howkuai.com\/wp-content\/uploads\/2015a\/10\/10\/05.jpg","http:\/\/mm.howkuai.com\/wp-content\/uploads\/2015a\/10\/10\/06.jpg","http:\/\/mm.howkuai.com\/wp-content\/uploads\/2015a\/10\/10\/07.jpg"]},{"plaintext":"\u6a21\u7279\u51af\u99a8\u7476\u53cc\u624b\u73a9\u5012\u7acb\u9732\u4e30\u81c0","href":"http:\/\/www.meizitu.com\/a\/5170.html","pic_list":["http:\/\/mm.howkuai.com\/wp-content\/uploads\/2015a\/10\/01\/01.jpg","http:\/\/mm.howkuai.com\/wp-content\/uploads\/2015a\/10\/01\/02.jpg","http:\/\/mm.howkuai.com\/wp-content\/uploads\/2015a\/10\/01\/03.jpg","http:\/\/mm.howkuai.com\/wp-content\/uploads\/2015a\/10\/01\/04.jpg","http:\/\/mm.howkuai.com\/wp-content\/uploads\/2015a\/10\/01\/05.jpg","http:\/\/mm.howkuai.com\/wp-content\/uploads\/2015a\/10\/01\/06.jpg","http:\/\/mm.howkuai.com\/wp-content\/uploads\/2015a\/10\/01\/07.jpg"]},{"plaintext":"\u4e45\u8fdd\u7684\u7f8e\u8f66\u6a21 \u300a2015 CAS \u8f66\u6a21\u79c0\u300b","href":"http:\/\/www.meizitu.com\/a\/5168.html","pic_list":["http:\/\/mm.howkuai.com\/wp-content\/uploads\/2015a\/09\/35\/01.jpg","http:\/\/mm.howkuai.com\/wp-content\/uploads\/2015a\/09\/35\/02.jpg","http:\/\/mm.howkuai.com\/wp-content\/uploads\/2015a\/09\/35\/03.jpg","http:\/\/mm.howkuai.com\/wp-content\/uploads\/2015a\/09\/35\/04.jpg","http:\/\/mm.howkuai.com\/wp-content\/uploads\/2015a\/09\/35\/05.jpg","http:\/\/mm.howkuai.com\/wp-content\/uploads\/2015a\/09\/35\/06.jpg","http:\/\/mm.howkuai.com\/wp-content\/uploads\/2015a\/09\/35\/07.jpg","http:\/\/mm.howkuai.com\/wp-content\/uploads\/2015a\/09\/35\/08.jpg","http:\/\/mm.howkuai.com\/wp-content\/uploads\/2015a\/09\/35\/09.jpg"]},{"plaintext":"\u6027\u611f\u6a21\u7279\u7684\u706b\u8f66\u60c5\u8282","href":"http:\/\/www.meizitu.com\/a\/5159.html","pic_list":["http:\/\/mm.howkuai.com\/wp-content\/uploads\/2015a\/09\/26\/01.jpg","http:\/\/mm.howkuai.com\/wp-content\/uploads\/2015a\/09\/26\/02.jpg","http:\/\/mm.howkuai.com\/wp-content\/uploads\/2015a\/09\/26\/03.jpg","http:\/\/mm.howkuai.com\/wp-content\/uploads\/2015a\/09\/26\/04.jpg","http:\/\/mm.howkuai.com\/wp-content\/uploads\/2015a\/09\/26\/05.jpg","http:\/\/mm.howkuai.com\/wp-content\/uploads\/2015a\/09\/26\/06.jpg","http:\/\/mm.howkuai.com\/wp-content\/uploads\/2015a\/09\/26\/07.jpg","http:\/\/mm.howkuai.com\/wp-content\/uploads\/2015a\/09\/26\/08.jpg","http:\/\/mm.howkuai.com\/wp-content\/uploads\/2015a\/09\/26\/09.jpg"]},{"plaintext":"\u8587\u62c9\u8d1d\u513f\u9633\u5149\u671d\u6c14\u5199\u771f","href":"http:\/\/www.meizitu.com\/a\/5144.html","pic_list":["http:\/\/mm.howkuai.com\/wp-content\/uploads\/2015a\/09\/11\/01.jpg","http:\/\/mm.howkuai.com\/wp-content\/uploads\/2015a\/09\/11\/02.jpg","http:\/\/mm.howkuai.com\/wp-content\/uploads\/2015a\/09\/11\/03.jpg","http:\/\/mm.howkuai.com\/wp-content\/uploads\/2015a\/09\/11\/04.jpg","http:\/\/mm.howkuai.com\/wp-content\/uploads\/2015a\/09\/11\/05.jpg","http:\/\/mm.howkuai.com\/wp-content\/uploads\/2015a\/09\/11\/06.jpg"]},{"plaintext":"\u524d\u51f8\u540e\u7fd8\u7684\u5317\u4eac\u6a21\u7279\u513f\u9f50\u6dd1\u541b","href":"http:\/\/www.meizitu.com\/a\/5134.html","pic_list":["http:\/\/mm.howkuai.com\/wp-content\/uploads\/2015a\/09\/01\/01.jpg","http:\/\/mm.howkuai.com\/wp-content\/uploads\/2015a\/09\/01\/02.jpg","http:\/\/mm.howkuai.com\/wp-content\/uploads\/2015a\/09\/01\/03.jpg","http:\/\/mm.howkuai.com\/wp-content\/uploads\/2015a\/09\/01\/04.jpg","http:\/\/mm.howkuai.com\/wp-content\/uploads\/2015a\/09\/01\/05.jpg"]},{"plaintext":"\u5e73\u9762\u6a21\u7279\u6768\u96c5\u7199EsSe\u6d77\u8fb9\u5199\u771f","href":"http:\/\/www.meizitu.com\/a\/5120.html","pic_list":["http:\/\/mm.howkuai.com\/wp-content\/uploads\/2015a\/08\/25\/01.jpg","http:\/\/mm.howkuai.com\/wp-content\/uploads\/2015a\/08\/25\/02.jpg","http:\/\/mm.howkuai.com\/wp-content\/uploads\/2015a\/08\/25\/03.jpg","http:\/\/mm.howkuai.com\/wp-content\/uploads\/2015a\/08\/25\/04.jpg","http:\/\/mm.howkuai.com\/wp-content\/uploads\/2015a\/08\/25\/05.jpg","http:\/\/mm.howkuai.com\/wp-content\/uploads\/2015a\/08\/25\/06.jpg","http:\/\/mm.howkuai.com\/wp-content\/uploads\/2015a\/08\/25\/07.jpg"]},{"plaintext":"\u751f\u547d\u5728\u4e8e\u8fd0\u52a8\uff0c\u5065\u7f8e\u7f8e\u5973\u7684\u9ed1\u767d\u5199\u771f","href":"http:\/\/www.meizitu.com\/a\/5116.html","pic_list":["http:\/\/mm.howkuai.com\/wp-content\/uploads\/2015a\/08\/21\/01.jpg","http:\/\/mm.howkuai.com\/wp-content\/uploads\/2015a\/08\/21\/02.jpg","http:\/\/mm.howkuai.com\/wp-content\/uploads\/2015a\/08\/21\/03.jpg","http:\/\/mm.howkuai.com\/wp-content\/uploads\/2015a\/08\/21\/04.jpg","http:\/\/mm.howkuai.com\/wp-content\/uploads\/2015a\/08\/21\/05.jpg","http:\/\/mm.howkuai.com\/wp-content\/uploads\/2015a\/08\/21\/06.jpg","http:\/\/mm.howkuai.com\/wp-content\/uploads\/2015a\/08\/21\/07.jpg","http:\/\/mm.howkuai.com\/wp-content\/uploads\/2015a\/08\/21\/08.jpg"]},{"plaintext":"\u7206\u4e73\u5973\u795e\u4e8e\u59ecUna\u5236\u670d\u5927\u80f8\u8bf1\u60d1","href":"http:\/\/www.meizitu.com\/a\/5095.html","pic_list":["http:\/\/mm.howkuai.com\/wp-content\/uploads\/2015a\/07\/45\/01.jpg","http:\/\/mm.howkuai.com\/wp-content\/uploads\/2015a\/07\/45\/02.jpg","http:\/\/mm.howkuai.com\/wp-content\/uploads\/2015a\/07\/45\/03.jpg","http:\/\/mm.howkuai.com\/wp-content\/uploads\/2015a\/07\/45\/04.jpg","http:\/\/mm.howkuai.com\/wp-content\/uploads\/2015a\/07\/45\/05.jpg","http:\/\/mm.howkuai.com\/wp-content\/uploads\/2015a\/07\/45\/06.jpg"]},{"plaintext":"\u6027\u611f\u6a21\u7279\u513f\u738b\u745e\u513f\u559d\u725b\u5976\u65f6\u7684\u8bf1\u60d1","href":"http:\/\/www.meizitu.com\/a\/5086.html","pic_list":["http:\/\/mm.howkuai.com\/wp-content\/uploads\/2015a\/07\/37\/01.jpg","http:\/\/mm.howkuai.com\/wp-content\/uploads\/2015a\/07\/37\/02.jpg","http:\/\/mm.howkuai.com\/wp-content\/uploads\/2015a\/07\/37\/03.jpg","http:\/\/mm.howkuai.com\/wp-content\/uploads\/2015a\/07\/37\/04.jpg","http:\/\/mm.howkuai.com\/wp-content\/uploads\/2015a\/07\/37\/05.jpg","http:\/\/mm.howkuai.com\/wp-content\/uploads\/2015a\/07\/37\/06.jpg","http:\/\/mm.howkuai.com\/wp-content\/uploads\/2015a\/07\/37\/07.jpg","http:\/\/mm.howkuai.com\/wp-content\/uploads\/2015a\/07\/37\/08.jpg"]},{"plaintext":"\u6709\u7740\u5065\u5eb7\u80a4\u8272\u7684\u6a21\u7279\u5434\u4e39","href":"http:\/\/www.meizitu.com\/a\/5084.html","pic_list":["http:\/\/mm.howkuai.com\/wp-content\/uploads\/2015a\/07\/35\/01.jpg","http:\/\/mm.howkuai.com\/wp-content\/uploads\/2015a\/07\/35\/02.jpg","http:\/\/mm.howkuai.com\/wp-content\/uploads\/2015a\/07\/35\/03.jpg","http:\/\/mm.howkuai.com\/wp-content\/uploads\/2015a\/07\/35\/04.jpg","http:\/\/mm.howkuai.com\/wp-content\/uploads\/2015a\/07\/35\/05.jpg","http:\/\/mm.howkuai.com\/wp-content\/uploads\/2015a\/07\/35\/06.jpg"]},{"plaintext":"\u6c7d\u914d\u5e97\u91cc\u7684\u70ed\u8fa3\u6b63\u59b9","href":"http:\/\/www.meizitu.com\/a\/5077.html","pic_list":["http:\/\/mm.howkuai.com\/wp-content\/uploads\/2015a\/07\/28\/01.jpg","http:\/\/mm.howkuai.com\/wp-content\/uploads\/2015a\/07\/28\/02.jpg","http:\/\/mm.howkuai.com\/wp-content\/uploads\/2015a\/07\/28\/03.jpg","http:\/\/mm.howkuai.com\/wp-content\/uploads\/2015a\/07\/28\/04.jpg","http:\/\/mm.howkuai.com\/wp-content\/uploads\/2015a\/07\/28\/05.jpg","http:\/\/mm.howkuai.com\/wp-content\/uploads\/2015a\/07\/28\/06.jpg","http:\/\/mm.howkuai.com\/wp-content\/uploads\/2015a\/07\/28\/07.jpg"]},{"plaintext":"\u6d74\u5ba4\u91cc\u7684\u957f\u53d1\u4f73\u4eba\uff0c\u4e3e\u624b\u6295\u8db3\u95f4\u5145\u6ee1\u8bf1\u60d1","href":"http:\/\/www.meizitu.com\/a\/5072.html","pic_list":["http:\/\/mm.howkuai.com\/wp-content\/uploads\/2015a\/07\/23\/01.jpg","http:\/\/mm.howkuai.com\/wp-content\/uploads\/2015a\/07\/23\/02.jpg","http:\/\/mm.howkuai.com\/wp-content\/uploads\/2015a\/07\/23\/03.jpg","http:\/\/mm.howkuai.com\/wp-content\/uploads\/2015a\/07\/23\/04.jpg","http:\/\/mm.howkuai.com\/wp-content\/uploads\/2015a\/07\/23\/05.jpg","http:\/\/mm.howkuai.com\/wp-content\/uploads\/2015a\/07\/23\/06.jpg","http:\/\/mm.howkuai.com\/wp-content\/uploads\/2015a\/07\/23\/07.jpg"]},{"plaintext":"\u6c90\u6d74\u5728\u82b1\u6d77\u91cc\u7684\u5ae9\u6a21\u5f20\u99a8","href":"http:\/\/www.meizitu.com\/a\/5034.html","pic_list":["http:\/\/mm.howkuai.com\/wp-content\/uploads\/2015a\/06\/27\/01.jpg","http:\/\/mm.howkuai.com\/wp-content\/uploads\/2015a\/06\/27\/02.jpg","http:\/\/mm.howkuai.com\/wp-content\/uploads\/2015a\/06\/27\/03.jpg","http:\/\/mm.howkuai.com\/wp-content\/uploads\/2015a\/06\/27\/04.jpg","http:\/\/mm.howkuai.com\/wp-content\/uploads\/2015a\/06\/27\/05.jpg","http:\/\/mm.howkuai.com\/wp-content\/uploads\/2015a\/06\/27\/06.jpg"]},{"plaintext":"\u5e73\u9762\u6a21\u7279\u513f\u5434\u4e39\u9152\u5e97\u79c1\u62cd","href":"http:\/\/www.meizitu.com\/a\/5027.html","pic_list":["http:\/\/mm.howkuai.com\/wp-content\/uploads\/2015a\/06\/20\/01.jpg","http:\/\/mm.howkuai.com\/wp-content\/uploads\/2015a\/06\/20\/02.jpg","http:\/\/mm.howkuai.com\/wp-content\/uploads\/2015a\/06\/20\/03.jpg","http:\/\/mm.howkuai.com\/wp-content\/uploads\/2015a\/06\/20\/04.jpg","http:\/\/mm.howkuai.com\/wp-content\/uploads\/2015a\/06\/20\/05.jpg"]},{"plaintext":"\u5927\u80c6\u5ae9\u6a21\u97e9\u96e8\u83f2\uff0c\u6380\u8863\u9732\u81c0\u5f15\u4eba\u9050\u601d","href":"http:\/\/www.meizitu.com\/a\/5026.html","pic_list":["http:\/\/mm.howkuai.com\/wp-content\/uploads\/2015a\/06\/19\/01.jpg","http:\/\/mm.howkuai.com\/wp-content\/uploads\/2015a\/06\/19\/02.jpg","http:\/\/mm.howkuai.com\/wp-content\/uploads\/2015a\/06\/19\/03.jpg","http:\/\/mm.howkuai.com\/wp-content\/uploads\/2015a\/06\/19\/04.jpg","http:\/\/mm.howkuai.com\/wp-content\/uploads\/2015a\/06\/19\/05.jpg","http:\/\/mm.howkuai.com\/wp-content\/uploads\/2015a\/06\/19\/06.jpg","http:\/\/mm.howkuai.com\/wp-content\/uploads\/2015a\/06\/19\/07.jpg","http:\/\/mm.howkuai.com\/wp-content\/uploads\/2015a\/06\/19\/08.jpg","http:\/\/mm.howkuai.com\/wp-content\/uploads\/2015a\/06\/19\/09.jpg"]},{"plaintext":"\u53c8\u89c1\u677e\u679c\u513fcc\u9999\u8273\u9732\u81c0\u62a4\u58eb\u88c5","href":"http:\/\/www.meizitu.com\/a\/5020.html","pic_list":["http:\/\/mm.howkuai.com\/wp-content\/uploads\/2015a\/06\/13\/01.jpg","http:\/\/mm.howkuai.com\/wp-content\/uploads\/2015a\/06\/13\/02.jpg","http:\/\/mm.howkuai.com\/wp-content\/uploads\/2015a\/06\/13\/03.jpg","http:\/\/mm.howkuai.com\/wp-content\/uploads\/2015a\/06\/13\/04.jpg","http:\/\/mm.howkuai.com\/wp-content\/uploads\/2015a\/06\/13\/05.jpg","http:\/\/mm.howkuai.com\/wp-content\/uploads\/2015a\/06\/13\/06.jpg","http:\/\/mm.howkuai.com\/wp-content\/uploads\/2015a\/06\/13\/07.jpg","http:\/\/mm.howkuai.com\/wp-content\/uploads\/2015a\/06\/13\/08.jpg"]},{"plaintext":"\u706b\u8fa3\u7f8e\u5973\u7ec3\u529f\u623f\u4e2d\u9759\u9759\u7684\u6b23\u8d4f\u81ea\u5df1","href":"http:\/\/www.meizitu.com\/a\/5009.html","pic_list":["http:\/\/mm.howkuai.com\/wp-content\/uploads\/2015a\/06\/02\/01.jpg","http:\/\/mm.howkuai.com\/wp-content\/uploads\/2015a\/06\/02\/02.jpg","http:\/\/mm.howkuai.com\/wp-content\/uploads\/2015a\/06\/02\/03.jpg","http:\/\/mm.howkuai.com\/wp-content\/uploads\/2015a\/06\/02\/04.jpg","http:\/\/mm.howkuai.com\/wp-content\/uploads\/2015a\/06\/02\/05.jpg","http:\/\/mm.howkuai.com\/wp-content\/uploads\/2015a\/06\/02\/06.jpg","http:\/\/mm.howkuai.com\/wp-content\/uploads\/2015a\/06\/02\/07.jpg"]},{"plaintext":"\u9177\u9177\u7684\u6bd4\u57fa\u5c3c\u673a\u8f66\u5973\u90ce","href":"http:\/\/www.meizitu.com\/a\/5000.html","pic_list":["http:\/\/mm.howkuai.com\/wp-content\/uploads\/2015a\/05\/50\/01.jpg","http:\/\/mm.howkuai.com\/wp-content\/uploads\/2015a\/05\/50\/02.jpg","http:\/\/mm.howkuai.com\/wp-content\/uploads\/2015a\/05\/50\/03.jpg","http:\/\/mm.howkuai.com\/wp-content\/uploads\/2015a\/05\/50\/04.jpg","http:\/\/mm.howkuai.com\/wp-content\/uploads\/2015a\/05\/50\/05.jpg"]},{"plaintext":"\u8f66\u6a21\u5f20\u5df2\u6842\u5367\u5ba4\u552f\u7f8e\u79c1\u623f","href":"http:\/\/www.meizitu.com\/a\/4987.html","pic_list":["http:\/\/mm.howkuai.com\/wp-content\/uploads\/2015a\/05\/37\/01.jpg","http:\/\/mm.howkuai.com\/wp-content\/uploads\/2015a\/05\/37\/02.jpg","http:\/\/mm.howkuai.com\/wp-content\/uploads\/2015a\/05\/37\/03.jpg","http:\/\/mm.howkuai.com\/wp-content\/uploads\/2015a\/05\/37\/04.jpg","http:\/\/mm.howkuai.com\/wp-content\/uploads\/2015a\/05\/37\/05.jpg","http:\/\/mm.howkuai.com\/wp-content\/uploads\/2015a\/05\/37\/06.jpg","http:\/\/mm.howkuai.com\/wp-content\/uploads\/2015a\/05\/37\/07.jpg","http:\/\/mm.howkuai.com\/wp-content\/uploads\/2015a\/05\/37\/08.jpg","http:\/\/mm.howkuai.com\/wp-content\/uploads\/2015a\/05\/37\/09.jpg"]},{"plaintext":"\u65b0\u661f\u521d\u957f\u6210\u5e73\u9762\u6a21\u7279\u738b\u6653\uff0c\u6726\u80e7\u7684\u4e30\u6ee1\u66f2\u7ebf","href":"http:\/\/www.meizitu.com\/a\/4979.html","pic_list":["http:\/\/mm.howkuai.com\/wp-content\/uploads\/2015a\/05\/29\/01.jpg","http:\/\/mm.howkuai.com\/wp-content\/uploads\/2015a\/05\/29\/02.jpg","http:\/\/mm.howkuai.com\/wp-content\/uploads\/2015a\/05\/29\/03.jpg","http:\/\/mm.howkuai.com\/wp-content\/uploads\/2015a\/05\/29\/04.jpg","http:\/\/mm.howkuai.com\/wp-content\/uploads\/2015a\/05\/29\/05.jpg","http:\/\/mm.howkuai.com\/wp-content\/uploads\/2015a\/05\/29\/06.jpg"]},{"plaintext":"\u98de\u989c\u8d85\u8dd1\u5973\u795e\u7cfb\u5217","href":"http:\/\/www.meizitu.com\/a\/4976.html","pic_list":["http:\/\/mm.howkuai.com\/wp-content\/uploads\/2015a\/05\/26\/01.jpg","http:\/\/mm.howkuai.com\/wp-content\/uploads\/2015a\/05\/26\/02.jpg","http:\/\/mm.howkuai.com\/wp-content\/uploads\/2015a\/05\/26\/03.jpg","http:\/\/mm.howkuai.com\/wp-content\/uploads\/2015a\/05\/26\/04.jpg","http:\/\/mm.howkuai.com\/wp-content\/uploads\/2015a\/05\/26\/05.jpg","http:\/\/mm.howkuai.com\/wp-content\/uploads\/2015a\/05\/26\/06.jpg","http:\/\/mm.howkuai.com\/wp-content\/uploads\/2015a\/05\/26\/07.jpg","http:\/\/mm.howkuai.com\/wp-content\/uploads\/2015a\/05\/26\/08.jpg"]},{"plaintext":"\u957f\u817f+\u9ed1\u4e1d\uff0c\u7f8e\u5973\u62c6\u8fc1\u961f\u51fa\u53d1\u5566","href":"http:\/\/www.meizitu.com\/a\/4971.html","pic_list":["http:\/\/mm.howkuai.com\/wp-content\/uploads\/2015a\/05\/20\/01.jpg","http:\/\/mm.howkuai.com\/wp-content\/uploads\/2015a\/05\/20\/02.jpg","http:\/\/mm.howkuai.com\/wp-content\/uploads\/2015a\/05\/20\/03.jpg","http:\/\/mm.howkuai.com\/wp-content\/uploads\/2015a\/05\/20\/04.jpg","http:\/\/mm.howkuai.com\/wp-content\/uploads\/2015a\/05\/20\/05.jpg","http:\/\/mm.howkuai.com\/wp-content\/uploads\/2015a\/05\/20\/06.jpg","http:\/\/mm.howkuai.com\/wp-content\/uploads\/2015a\/05\/20\/07.jpg","http:\/\/mm.howkuai.com\/wp-content\/uploads\/2015a\/05\/20\/08.jpg"]},{"plaintext":"\u9739\u96f3\u5a07\u5a03007\uff0c\u8ff7\u604b\u519b\u88c5\u7684\u6a21\u7279","href":"http:\/\/www.meizitu.com\/a\/4962.html","pic_list":["http:\/\/mm.howkuai.com\/wp-content\/uploads\/2015a\/05\/11\/01.jpg","http:\/\/mm.howkuai.com\/wp-content\/uploads\/2015a\/05\/11\/02.jpg","http:\/\/mm.howkuai.com\/wp-content\/uploads\/2015a\/05\/11\/03.jpg","http:\/\/mm.howkuai.com\/wp-content\/uploads\/2015a\/05\/11\/04.jpg","http:\/\/mm.howkuai.com\/wp-content\/uploads\/2015a\/05\/11\/05.jpg","http:\/\/mm.howkuai.com\/wp-content\/uploads\/2015a\/05\/11\/06.jpg","http:\/\/mm.howkuai.com\/wp-content\/uploads\/2015a\/05\/11\/07.jpg","http:\/\/mm.howkuai.com\/wp-content\/uploads\/2015a\/05\/11\/08.jpg"]},{"plaintext":"\u51b7\u8273\u6b63\u59b9\u4e00\u88ad\u9ed1\u8272\u5185\u8863\uff0c\u524d\u51f8\u540e\u7fd8\u5c3d\u663e\u6027\u611f","href":"http:\/\/www.meizitu.com\/a\/4952.html","pic_list":["http:\/\/mm.howkuai.com\/wp-content\/uploads\/2015a\/05\/01\/01.jpg","http:\/\/mm.howkuai.com\/wp-content\/uploads\/2015a\/05\/01\/02.jpg","http:\/\/mm.howkuai.com\/wp-content\/uploads\/2015a\/05\/01\/03.jpg","http:\/\/mm.howkuai.com\/wp-content\/uploads\/2015a\/05\/01\/04.jpg","http:\/\/mm.howkuai.com\/wp-content\/uploads\/2015a\/05\/01\/05.jpg","http:\/\/mm.howkuai.com\/wp-content\/uploads\/2015a\/05\/01\/06.jpg"]},{"plaintext":"\u6a21\u7279\u738b\u66fc\u59ae\u6027\u611f\u79c1\u623f\u7167","href":"http:\/\/www.meizitu.com\/a\/4949.html","pic_list":["http:\/\/mm.howkuai.com\/wp-content\/uploads\/2015a\/04\/53\/01.jpg","http:\/\/mm.howkuai.com\/wp-content\/uploads\/2015a\/04\/53\/02.jpg","http:\/\/mm.howkuai.com\/wp-content\/uploads\/2015a\/04\/53\/03.jpg","http:\/\/mm.howkuai.com\/wp-content\/uploads\/2015a\/04\/53\/04.jpg","http:\/\/mm.howkuai.com\/wp-content\/uploads\/2015a\/04\/53\/05.jpg","http:\/\/mm.howkuai.com\/wp-content\/uploads\/2015a\/04\/53\/06.jpg","http:\/\/mm.howkuai.com\/wp-content\/uploads\/2015a\/04\/53\/07.jpg"]},{"plaintext":"2015\u4e0a\u6d77\u8f66\u5c55\u4e0a\u6e05\u7eaf\u53ef\u4eba\u8f66\u6a21","href":"http:\/\/www.meizitu.com\/a\/4934.html","pic_list":["http:\/\/mm.howkuai.com\/wp-content\/uploads\/2015a\/04\/38\/01.jpg","http:\/\/mm.howkuai.com\/wp-content\/uploads\/2015a\/04\/38\/02.jpg","http:\/\/mm.howkuai.com\/wp-content\/uploads\/2015a\/04\/38\/03.jpg","http:\/\/mm.howkuai.com\/wp-content\/uploads\/2015a\/04\/38\/04.jpg","http:\/\/mm.howkuai.com\/wp-content\/uploads\/2015a\/04\/38\/05.jpg","http:\/\/mm.howkuai.com\/wp-content\/uploads\/2015a\/04\/38\/06.jpg","http:\/\/mm.howkuai.com\/wp-content\/uploads\/2015a\/04\/38\/07.jpg","http:\/\/mm.howkuai.com\/wp-content\/uploads\/2015a\/04\/38\/08.jpg","http:\/\/mm.howkuai.com\/wp-content\/uploads\/2015a\/04\/38\/09.jpg","http:\/\/mm.howkuai.com\/wp-content\/uploads\/2015a\/04\/38\/10.jpg"]}]