[{"plaintext":"\u5065\u8eab\u623f\u7684\u767d\u4f9d\u5189\u6781\u5177\u8bf1\u60d1\u529b","href":"http:\/\/www.meizitu.com\/a\/5435.html","pic_list":["http:\/\/mm.howkuai.com\/wp-content\/uploads\/2016a\/07\/32\/01.jpg","http:\/\/mm.howkuai.com\/wp-content\/uploads\/2016a\/07\/32\/02.jpg","http:\/\/mm.howkuai.com\/wp-content\/uploads\/2016a\/07\/32\/03.jpg","http:\/\/mm.howkuai.com\/wp-content\/uploads\/2016a\/07\/32\/04.jpg","http:\/\/mm.howkuai.com\/wp-content\/uploads\/2016a\/07\/32\/05.jpg","http:\/\/mm.howkuai.com\/wp-content\/uploads\/2016a\/07\/32\/06.jpg","http:\/\/mm.howkuai.com\/wp-content\/uploads\/2016a\/07\/32\/07.jpg","http:\/\/mm.howkuai.com\/wp-content\/uploads\/2016a\/07\/32\/08.jpg"]},{"plaintext":"\u7537\u751f\u5fc3\u4e2d\u90fd\u6709\u4e00\u79cd\u673a\u8f66\u60c5\u6000","href":"http:\/\/www.meizitu.com\/a\/5425.html","pic_list":["http:\/\/mm.howkuai.com\/wp-content\/uploads\/2016a\/07\/22\/01.jpg","http:\/\/mm.howkuai.com\/wp-content\/uploads\/2016a\/07\/22\/02.jpg","http:\/\/mm.howkuai.com\/wp-content\/uploads\/2016a\/07\/22\/03.jpg","http:\/\/mm.howkuai.com\/wp-content\/uploads\/2016a\/07\/22\/04.jpg","http:\/\/mm.howkuai.com\/wp-content\/uploads\/2016a\/07\/22\/05.jpg","http:\/\/mm.howkuai.com\/wp-content\/uploads\/2016a\/07\/22\/06.jpg"]},{"plaintext":"\u53f6\u6893\u8431\u6c34\u4e2d\u8bf1\u60d1\uff0c\u518d\u663e\u50b2\u4eba\u8eab\u6750","href":"http:\/\/www.meizitu.com\/a\/5424.html","pic_list":["http:\/\/mm.howkuai.com\/wp-content\/uploads\/2016a\/07\/21\/01.jpg","http:\/\/mm.howkuai.com\/wp-content\/uploads\/2016a\/07\/21\/02.jpg","http:\/\/mm.howkuai.com\/wp-content\/uploads\/2016a\/07\/21\/03.jpg","http:\/\/mm.howkuai.com\/wp-content\/uploads\/2016a\/07\/21\/04.jpg","http:\/\/mm.howkuai.com\/wp-content\/uploads\/2016a\/07\/21\/05.jpg","http:\/\/mm.howkuai.com\/wp-content\/uploads\/2016a\/07\/21\/06.jpg","http:\/\/mm.howkuai.com\/wp-content\/uploads\/2016a\/07\/21\/07.jpg"]},{"plaintext":"\u5185\u8863\u6444\u5f71\u5c3d\u663e\u59b9\u5b50\u50b2\u4eba\u8eab\u59ff","href":"http:\/\/www.meizitu.com\/a\/5410.html","pic_list":["http:\/\/mm.howkuai.com\/wp-content\/uploads\/2016a\/07\/07\/01.jpg","http:\/\/mm.howkuai.com\/wp-content\/uploads\/2016a\/07\/07\/02.jpg","http:\/\/mm.howkuai.com\/wp-content\/uploads\/2016a\/07\/07\/03.jpg","http:\/\/mm.howkuai.com\/wp-content\/uploads\/2016a\/07\/07\/04.jpg","http:\/\/mm.howkuai.com\/wp-content\/uploads\/2016a\/07\/07\/05.jpg","http:\/\/mm.howkuai.com\/wp-content\/uploads\/2016a\/07\/07\/06.jpg","http:\/\/mm.howkuai.com\/wp-content\/uploads\/2016a\/07\/07\/07.jpg","http:\/\/mm.howkuai.com\/wp-content\/uploads\/2016a\/07\/07\/08.jpg","http:\/\/mm.howkuai.com\/wp-content\/uploads\/2016a\/07\/07\/09.jpg","http:\/\/mm.howkuai.com\/wp-content\/uploads\/2016a\/07\/07\/10.jpg"]},{"plaintext":"\u77ed\u53d1\u6c14\u8d28\u6a21\u7279\uff0c\u4e3e\u624b\u6295\u8db3\u95f4\u6563\u53d1\u5973\u4eba\u5473","href":"http:\/\/www.meizitu.com\/a\/5379.html","pic_list":["http:\/\/mm.howkuai.com\/wp-content\/uploads\/2016a\/05\/17\/01.jpg","http:\/\/mm.howkuai.com\/wp-content\/uploads\/2016a\/05\/17\/02.jpg","http:\/\/mm.howkuai.com\/wp-content\/uploads\/2016a\/05\/17\/03.jpg","http:\/\/mm.howkuai.com\/wp-content\/uploads\/2016a\/05\/17\/04.jpg","http:\/\/mm.howkuai.com\/wp-content\/uploads\/2016a\/05\/17\/05.jpg","http:\/\/mm.howkuai.com\/wp-content\/uploads\/2016a\/05\/17\/06.jpg","http:\/\/mm.howkuai.com\/wp-content\/uploads\/2016a\/05\/17\/07.jpg"]},{"plaintext":"\u56fd\u9645\u80f8\u6a21\u5927\u8d5b\u51a0\u519b\u738b\u660e\u660e\u9753\u7167","href":"http:\/\/www.meizitu.com\/a\/5374.html","pic_list":["http:\/\/mm.howkuai.com\/wp-content\/uploads\/2016a\/05\/12\/01.jpg","http:\/\/mm.howkuai.com\/wp-content\/uploads\/2016a\/05\/12\/02.jpg","http:\/\/mm.howkuai.com\/wp-content\/uploads\/2016a\/05\/12\/03.jpg","http:\/\/mm.howkuai.com\/wp-content\/uploads\/2016a\/05\/12\/04.jpg","http:\/\/mm.howkuai.com\/wp-content\/uploads\/2016a\/05\/12\/05.jpg","http:\/\/mm.howkuai.com\/wp-content\/uploads\/2016a\/05\/12\/06.jpg","http:\/\/mm.howkuai.com\/wp-content\/uploads\/2016a\/05\/12\/07.jpg","http:\/\/mm.howkuai.com\/wp-content\/uploads\/2016a\/05\/12\/08.jpg","http:\/\/mm.howkuai.com\/wp-content\/uploads\/2016a\/05\/12\/09.jpg"]},{"plaintext":"\u6a21\u7279\u513f\u738b\u6893\u7ae5\u5927\u80c6\u51fa\u955c\uff0c\u957f\u53d1\u62ab\u80a9\u5973\u795e\u8303","href":"http:\/\/www.meizitu.com\/a\/5369.html","pic_list":["http:\/\/mm.howkuai.com\/wp-content\/uploads\/2016a\/05\/07\/01.jpg","http:\/\/mm.howkuai.com\/wp-content\/uploads\/2016a\/05\/07\/02.jpg","http:\/\/mm.howkuai.com\/wp-content\/uploads\/2016a\/05\/07\/03.jpg","http:\/\/mm.howkuai.com\/wp-content\/uploads\/2016a\/05\/07\/04.jpg","http:\/\/mm.howkuai.com\/wp-content\/uploads\/2016a\/05\/07\/05.jpg","http:\/\/mm.howkuai.com\/wp-content\/uploads\/2016a\/05\/07\/06.jpg","http:\/\/mm.howkuai.com\/wp-content\/uploads\/2016a\/05\/07\/07.jpg","http:\/\/mm.howkuai.com\/wp-content\/uploads\/2016a\/05\/07\/08.jpg","http:\/\/mm.howkuai.com\/wp-content\/uploads\/2016a\/05\/07\/09.jpg"]},{"plaintext":"\u80f8\u6a21\u5927\u8d5b\u51a0\u519b\u6d77\u91cf\u5199\u771f","href":"http:\/\/www.meizitu.com\/a\/5364.html","pic_list":["http:\/\/mm.howkuai.com\/wp-content\/uploads\/2016a\/05\/02\/01.jpg","http:\/\/mm.howkuai.com\/wp-content\/uploads\/2016a\/05\/02\/02.jpg","http:\/\/mm.howkuai.com\/wp-content\/uploads\/2016a\/05\/02\/03.jpg","http:\/\/mm.howkuai.com\/wp-content\/uploads\/2016a\/05\/02\/04.jpg","http:\/\/mm.howkuai.com\/wp-content\/uploads\/2016a\/05\/02\/05.jpg","http:\/\/mm.howkuai.com\/wp-content\/uploads\/2016a\/05\/02\/06.jpg","http:\/\/mm.howkuai.com\/wp-content\/uploads\/2016a\/05\/02\/07.jpg","http:\/\/mm.howkuai.com\/wp-content\/uploads\/2016a\/05\/02\/08.jpg","http:\/\/mm.howkuai.com\/wp-content\/uploads\/2016a\/05\/02\/09.jpg","http:\/\/mm.howkuai.com\/wp-content\/uploads\/2016a\/05\/02\/10.jpg"]},{"plaintext":"\u8eab\u6750\u8d85\u6709\u6599\uff0c\u6a21\u7279\u70ed\u8fa3\u77ed\u88e4\u5199\u771f","href":"http:\/\/www.meizitu.com\/a\/5360.html","pic_list":["http:\/\/mm.howkuai.com\/wp-content\/uploads\/2016a\/04\/20\/01.jpg","http:\/\/mm.howkuai.com\/wp-content\/uploads\/2016a\/04\/20\/02.jpg","http:\/\/mm.howkuai.com\/wp-content\/uploads\/2016a\/04\/20\/03.jpg","http:\/\/mm.howkuai.com\/wp-content\/uploads\/2016a\/04\/20\/04.jpg","http:\/\/mm.howkuai.com\/wp-content\/uploads\/2016a\/04\/20\/05.jpg","http:\/\/mm.howkuai.com\/wp-content\/uploads\/2016a\/04\/20\/06.jpg","http:\/\/mm.howkuai.com\/wp-content\/uploads\/2016a\/04\/20\/07.jpg","http:\/\/mm.howkuai.com\/wp-content\/uploads\/2016a\/04\/20\/08.jpg"]},{"plaintext":"\u597d\u4e00\u6735\u5f00\u5728\u5e8a\u4e0a\u7684\u5a07\u82b1","href":"http:\/\/www.meizitu.com\/a\/5356.html","pic_list":["http:\/\/mm.howkuai.com\/wp-content\/uploads\/2016a\/04\/16\/01.jpg","http:\/\/mm.howkuai.com\/wp-content\/uploads\/2016a\/04\/16\/02.jpg","http:\/\/mm.howkuai.com\/wp-content\/uploads\/2016a\/04\/16\/03.jpg","http:\/\/mm.howkuai.com\/wp-content\/uploads\/2016a\/04\/16\/04.jpg","http:\/\/mm.howkuai.com\/wp-content\/uploads\/2016a\/04\/16\/05.jpg","http:\/\/mm.howkuai.com\/wp-content\/uploads\/2016a\/04\/16\/06.jpg","http:\/\/mm.howkuai.com\/wp-content\/uploads\/2016a\/04\/16\/07.jpg","http:\/\/mm.howkuai.com\/wp-content\/uploads\/2016a\/04\/16\/08.jpg"]},{"plaintext":"\u767d\u7699\u6a21\u7279\u7a7f\u9ed1\u8272\u5236\u670d\uff0c\u66f4\u663e\u808c\u80a4\u8bf1\u4eba","href":"http:\/\/www.meizitu.com\/a\/5343.html","pic_list":["http:\/\/mm.howkuai.com\/wp-content\/uploads\/2016a\/04\/03\/01.jpg","http:\/\/mm.howkuai.com\/wp-content\/uploads\/2016a\/04\/03\/02.jpg","http:\/\/mm.howkuai.com\/wp-content\/uploads\/2016a\/04\/03\/03.jpg","http:\/\/mm.howkuai.com\/wp-content\/uploads\/2016a\/04\/03\/04.jpg","http:\/\/mm.howkuai.com\/wp-content\/uploads\/2016a\/04\/03\/05.jpg","http:\/\/mm.howkuai.com\/wp-content\/uploads\/2016a\/04\/03\/06.jpg","http:\/\/mm.howkuai.com\/wp-content\/uploads\/2016a\/04\/03\/07.jpg","http:\/\/mm.howkuai.com\/wp-content\/uploads\/2016a\/04\/03\/08.jpg","http:\/\/mm.howkuai.com\/wp-content\/uploads\/2016a\/04\/03\/09.jpg","http:\/\/mm.howkuai.com\/wp-content\/uploads\/2016a\/04\/03\/10.jpg"]},{"plaintext":"\u8eab\u6750\u6bd4\u4f8b\u5b8c\u7f8e\u7684\u65f6\u88c5\u6a21\u7279\u5434\u4e39","href":"http:\/\/www.meizitu.com\/a\/5329.html","pic_list":["http:\/\/mm.howkuai.com\/wp-content\/uploads\/2016a\/03\/09\/01.jpg","http:\/\/mm.howkuai.com\/wp-content\/uploads\/2016a\/03\/09\/02.jpg","http:\/\/mm.howkuai.com\/wp-content\/uploads\/2016a\/03\/09\/03.jpg","http:\/\/mm.howkuai.com\/wp-content\/uploads\/2016a\/03\/09\/04.jpg","http:\/\/mm.howkuai.com\/wp-content\/uploads\/2016a\/03\/09\/05.jpg","http:\/\/mm.howkuai.com\/wp-content\/uploads\/2016a\/03\/09\/06.jpg","http:\/\/mm.howkuai.com\/wp-content\/uploads\/2016a\/03\/09\/07.jpg"]},{"plaintext":"\u65f6\u5c1a\u6469\u767b\u5973\u90ce\u6027\u611f\u5199\u771f","href":"http:\/\/www.meizitu.com\/a\/5322.html","pic_list":["http:\/\/mm.howkuai.com\/wp-content\/uploads\/2016a\/03\/02\/01.jpg","http:\/\/mm.howkuai.com\/wp-content\/uploads\/2016a\/03\/02\/02.jpg","http:\/\/mm.howkuai.com\/wp-content\/uploads\/2016a\/03\/02\/03.jpg","http:\/\/mm.howkuai.com\/wp-content\/uploads\/2016a\/03\/02\/04.jpg","http:\/\/mm.howkuai.com\/wp-content\/uploads\/2016a\/03\/02\/05.jpg","http:\/\/mm.howkuai.com\/wp-content\/uploads\/2016a\/03\/02\/06.jpg"]},{"plaintext":"\u6210\u719f\u7f8e\uff0c\u6a21\u7279\u5b59\u4f73\u79c1\u623f\u5199\u771f","href":"http:\/\/www.meizitu.com\/a\/5303.html","pic_list":["http:\/\/mm.howkuai.com\/wp-content\/uploads\/2016a\/02\/12\/01.jpg","http:\/\/mm.howkuai.com\/wp-content\/uploads\/2016a\/02\/12\/02.jpg","http:\/\/mm.howkuai.com\/wp-content\/uploads\/2016a\/02\/12\/03.jpg","http:\/\/mm.howkuai.com\/wp-content\/uploads\/2016a\/02\/12\/04.jpg","http:\/\/mm.howkuai.com\/wp-content\/uploads\/2016a\/02\/12\/05.jpg","http:\/\/mm.howkuai.com\/wp-content\/uploads\/2016a\/02\/12\/06.jpg","http:\/\/mm.howkuai.com\/wp-content\/uploads\/2016a\/02\/12\/07.jpg"]},{"plaintext":"\u6027\u611f\u6a21\u7279\u5218\u5955\u5b81Lynn\u5199\u771f","href":"http:\/\/www.meizitu.com\/a\/5300.html","pic_list":["http:\/\/mm.howkuai.com\/wp-content\/uploads\/2016a\/02\/09\/01.jpg","http:\/\/mm.howkuai.com\/wp-content\/uploads\/2016a\/02\/09\/02.jpg","http:\/\/mm.howkuai.com\/wp-content\/uploads\/2016a\/02\/09\/03.jpg","http:\/\/mm.howkuai.com\/wp-content\/uploads\/2016a\/02\/09\/04.jpg","http:\/\/mm.howkuai.com\/wp-content\/uploads\/2016a\/02\/09\/05.jpg","http:\/\/mm.howkuai.com\/wp-content\/uploads\/2016a\/02\/09\/06.jpg","http:\/\/mm.howkuai.com\/wp-content\/uploads\/2016a\/02\/09\/07.jpg","http:\/\/mm.howkuai.com\/wp-content\/uploads\/2016a\/02\/09\/08.jpg","http:\/\/mm.howkuai.com\/wp-content\/uploads\/2016a\/02\/09\/09.jpg","http:\/\/mm.howkuai.com\/wp-content\/uploads\/2016a\/02\/09\/10.jpg"]},{"plaintext":"\u8d85\u751c\u7f8e\u6e05\u7eaf\u59b9\u5b50\uff0c\u597d\u60f3\u62b1\u56de\u5bb6\u6709\u6728\u6709","href":"http:\/\/www.meizitu.com\/a\/5285.html","pic_list":["http:\/\/mm.howkuai.com\/wp-content\/uploads\/2016a\/01\/22\/01.jpg","http:\/\/mm.howkuai.com\/wp-content\/uploads\/2016a\/01\/22\/02.jpg","http:\/\/mm.howkuai.com\/wp-content\/uploads\/2016a\/01\/22\/03.jpg","http:\/\/mm.howkuai.com\/wp-content\/uploads\/2016a\/01\/22\/04.jpg","http:\/\/mm.howkuai.com\/wp-content\/uploads\/2016a\/01\/22\/05.jpg","http:\/\/mm.howkuai.com\/wp-content\/uploads\/2016a\/01\/22\/06.jpg","http:\/\/mm.howkuai.com\/wp-content\/uploads\/2016a\/01\/22\/07.jpg","http:\/\/mm.howkuai.com\/wp-content\/uploads\/2016a\/01\/22\/08.jpg"]},{"plaintext":"\u6e05\u7eaf\u59b9\u5b50\u51fa\u6f142016\u53f0\u5386\u9001\u795d\u798f","href":"http:\/\/www.meizitu.com\/a\/5280.html","pic_list":["http:\/\/mm.howkuai.com\/wp-content\/uploads\/2016a\/01\/17\/01.jpg","http:\/\/mm.howkuai.com\/wp-content\/uploads\/2016a\/01\/17\/02.jpg","http:\/\/mm.howkuai.com\/wp-content\/uploads\/2016a\/01\/17\/03.jpg","http:\/\/mm.howkuai.com\/wp-content\/uploads\/2016a\/01\/17\/04.jpg","http:\/\/mm.howkuai.com\/wp-content\/uploads\/2016a\/01\/17\/05.jpg","http:\/\/mm.howkuai.com\/wp-content\/uploads\/2016a\/01\/17\/06.jpg","http:\/\/mm.howkuai.com\/wp-content\/uploads\/2016a\/01\/17\/07.jpg","http:\/\/mm.howkuai.com\/wp-content\/uploads\/2016a\/01\/17\/08.jpg"]},{"plaintext":"\u975e\u4f60\u83ab\u5c5e\u4eba\u6c14\u5973\u5609\u5bbe\u4f55\u4e9a\u840c\u6027\u611f\u5199\u771f","href":"http:\/\/www.meizitu.com\/a\/5271.html","pic_list":["http:\/\/mm.howkuai.com\/wp-content\/uploads\/2016a\/01\/08\/01.jpg","http:\/\/mm.howkuai.com\/wp-content\/uploads\/2016a\/01\/08\/02.jpg","http:\/\/mm.howkuai.com\/wp-content\/uploads\/2016a\/01\/08\/03.jpg","http:\/\/mm.howkuai.com\/wp-content\/uploads\/2016a\/01\/08\/04.jpg","http:\/\/mm.howkuai.com\/wp-content\/uploads\/2016a\/01\/08\/05.jpg"]},{"plaintext":"\u62e5\u6709\u5065\u5eb7\u80a4\u8272\u7684\u6a21\u7279\u5728\u5c9b\u4e0a\u6bd4\u57fa\u5c3c\u5199\u771f","href":"http:\/\/www.meizitu.com\/a\/5264.html","pic_list":["http:\/\/mm.howkuai.com\/wp-content\/uploads\/2016a\/01\/01\/01.jpg","http:\/\/mm.howkuai.com\/wp-content\/uploads\/2016a\/01\/01\/02.jpg","http:\/\/mm.howkuai.com\/wp-content\/uploads\/2016a\/01\/01\/03.jpg","http:\/\/mm.howkuai.com\/wp-content\/uploads\/2016a\/01\/01\/04.jpg","http:\/\/mm.howkuai.com\/wp-content\/uploads\/2016a\/01\/01\/05.jpg","http:\/\/mm.howkuai.com\/wp-content\/uploads\/2016a\/01\/01\/06.jpg","http:\/\/mm.howkuai.com\/wp-content\/uploads\/2016a\/01\/01\/07.jpg","http:\/\/mm.howkuai.com\/wp-content\/uploads\/2016a\/01\/01\/08.jpg","http:\/\/mm.howkuai.com\/wp-content\/uploads\/2016a\/01\/01\/09.jpg"]},{"plaintext":"\u773c\u795e\u6740\u4f24\u529b\u592a\u5927\uff0c\u8f66\u6a21\u5434\u4e39\u6cf3\u6c60\u8fb9\u5199\u771f","href":"http:\/\/www.meizitu.com\/a\/5255.html","pic_list":["http:\/\/mm.howkuai.com\/wp-content\/uploads\/2015a\/12\/20\/01.jpg","http:\/\/mm.howkuai.com\/wp-content\/uploads\/2015a\/12\/20\/02.jpg","http:\/\/mm.howkuai.com\/wp-content\/uploads\/2015a\/12\/20\/03.jpg","http:\/\/mm.howkuai.com\/wp-content\/uploads\/2015a\/12\/20\/04.jpg","http:\/\/mm.howkuai.com\/wp-content\/uploads\/2015a\/12\/20\/05.jpg","http:\/\/mm.howkuai.com\/wp-content\/uploads\/2015a\/12\/20\/06.jpg"]},{"plaintext":"\u9897\u7c92\u5e26\u6765\u7684\u6027\u611f\uff0c\u6a21\u7279\u8587\u62c9\u8d1d\u513f\u5199\u771f","href":"http:\/\/www.meizitu.com\/a\/5253.html","pic_list":["http:\/\/mm.howkuai.com\/wp-content\/uploads\/2015a\/12\/18\/01.jpg","http:\/\/mm.howkuai.com\/wp-content\/uploads\/2015a\/12\/18\/02.jpg","http:\/\/mm.howkuai.com\/wp-content\/uploads\/2015a\/12\/18\/03.jpg","http:\/\/mm.howkuai.com\/wp-content\/uploads\/2015a\/12\/18\/04.jpg","http:\/\/mm.howkuai.com\/wp-content\/uploads\/2015a\/12\/18\/05.jpg"]},{"plaintext":"\u6a21\u7279\u8463\u5a9b\u5a9b\u62cd\u6444\u4e00\u7ec4\u6027\u611f\u5199\u771f","href":"http:\/\/www.meizitu.com\/a\/5235.html","pic_list":["http:\/\/mm.howkuai.com\/wp-content\/uploads\/2015a\/12\/01\/01.jpg","http:\/\/mm.howkuai.com\/wp-content\/uploads\/2015a\/12\/01\/02.jpg","http:\/\/mm.howkuai.com\/wp-content\/uploads\/2015a\/12\/01\/03.jpg","http:\/\/mm.howkuai.com\/wp-content\/uploads\/2015a\/12\/01\/04.jpg","http:\/\/mm.howkuai.com\/wp-content\/uploads\/2015a\/12\/01\/05.jpg","http:\/\/mm.howkuai.com\/wp-content\/uploads\/2015a\/12\/01\/06.jpg"]},{"plaintext":"\u5e73\u9762\u6a21\u7279\u513f\u6ed5\u83f2\u83f2\u6c99\u6ee9\u79c0","href":"http:\/\/www.meizitu.com\/a\/5232.html","pic_list":["http:\/\/mm.howkuai.com\/wp-content\/uploads\/2015a\/11\/27\/01.jpg","http:\/\/mm.howkuai.com\/wp-content\/uploads\/2015a\/11\/27\/02.jpg","http:\/\/mm.howkuai.com\/wp-content\/uploads\/2015a\/11\/27\/03.jpg","http:\/\/mm.howkuai.com\/wp-content\/uploads\/2015a\/11\/27\/04.jpg","http:\/\/mm.howkuai.com\/wp-content\/uploads\/2015a\/11\/27\/05.jpg","http:\/\/mm.howkuai.com\/wp-content\/uploads\/2015a\/11\/27\/06.jpg","http:\/\/mm.howkuai.com\/wp-content\/uploads\/2015a\/11\/27\/07.jpg"]},{"plaintext":"\u51b0\u51b7\u7684\u94a2\u4e0e\u94c1\uff0c\u886c\u6258\u51fa\u6a21\u7279\u7684\u67d4\u7f8e","href":"http:\/\/www.meizitu.com\/a\/5230.html","pic_list":["http:\/\/mm.howkuai.com\/wp-content\/uploads\/2015a\/11\/25\/01.jpg","http:\/\/mm.howkuai.com\/wp-content\/uploads\/2015a\/11\/25\/02.jpg","http:\/\/mm.howkuai.com\/wp-content\/uploads\/2015a\/11\/25\/03.jpg","http:\/\/mm.howkuai.com\/wp-content\/uploads\/2015a\/11\/25\/04.jpg","http:\/\/mm.howkuai.com\/wp-content\/uploads\/2015a\/11\/25\/05.jpg","http:\/\/mm.howkuai.com\/wp-content\/uploads\/2015a\/11\/25\/06.jpg"]},{"plaintext":"\u5ae9\u6a21Penny\u6e05\u65b0\u79c1\u623f\uff0c\u4e00\u5bf9\u767d\u5154\u547c\u4e4b\u6b32\u51fa","href":"http:\/\/www.meizitu.com\/a\/5204.html","pic_list":["http:\/\/mm.howkuai.com\/wp-content\/uploads\/2015a\/10\/35\/01.jpg","http:\/\/mm.howkuai.com\/wp-content\/uploads\/2015a\/10\/35\/02.jpg","http:\/\/mm.howkuai.com\/wp-content\/uploads\/2015a\/10\/35\/03.jpg","http:\/\/mm.howkuai.com\/wp-content\/uploads\/2015a\/10\/35\/04.jpg","http:\/\/mm.howkuai.com\/wp-content\/uploads\/2015a\/10\/35\/05.jpg","http:\/\/mm.howkuai.com\/wp-content\/uploads\/2015a\/10\/35\/06.jpg"]},{"plaintext":"\u7edd\u5bf9\u7684\u8bf1\u60d1\uff0c\u6027\u611f\u88f8\u6a21\u7530\u7d2b\u7d2b","href":"http:\/\/www.meizitu.com\/a\/5203.html","pic_list":["http:\/\/mm.howkuai.com\/wp-content\/uploads\/2015a\/10\/34\/01.jpg","http:\/\/mm.howkuai.com\/wp-content\/uploads\/2015a\/10\/34\/02.jpg","http:\/\/mm.howkuai.com\/wp-content\/uploads\/2015a\/10\/34\/03.jpg","http:\/\/mm.howkuai.com\/wp-content\/uploads\/2015a\/10\/34\/04.jpg","http:\/\/mm.howkuai.com\/wp-content\/uploads\/2015a\/10\/34\/05.jpg"]},{"plaintext":"\u8eab\u6750\u67d4\u7f8e\u9ad8\u6311\u7684\u963f\u65af\u987f\u9a6c\u4e01\u6a21\u7279\u6f47\u6f47","href":"http:\/\/www.meizitu.com\/a\/5196.html","pic_list":["http:\/\/mm.howkuai.com\/wp-content\/uploads\/2015a\/10\/27\/01.jpg","http:\/\/mm.howkuai.com\/wp-content\/uploads\/2015a\/10\/27\/02.jpg","http:\/\/mm.howkuai.com\/wp-content\/uploads\/2015a\/10\/27\/03.jpg","http:\/\/mm.howkuai.com\/wp-content\/uploads\/2015a\/10\/27\/04.jpg","http:\/\/mm.howkuai.com\/wp-content\/uploads\/2015a\/10\/27\/05.jpg","http:\/\/mm.howkuai.com\/wp-content\/uploads\/2015a\/10\/27\/06.jpg","http:\/\/mm.howkuai.com\/wp-content\/uploads\/2015a\/10\/27\/07.jpg"]}]