[{"plaintext":"\u6027\u611f\u6a21\u7279\u51af\u96e8\u829d\u70ed\u8fa3\u725b\u4ed4\u5199\u771f","href":"http:\/\/www.meizitu.com\/a\/4932.html","pic_list":["http:\/\/mm.howkuai.com\/wp-content\/uploads\/2015a\/04\/36\/01.jpg","http:\/\/mm.howkuai.com\/wp-content\/uploads\/2015a\/04\/36\/02.jpg","http:\/\/mm.howkuai.com\/wp-content\/uploads\/2015a\/04\/36\/03.jpg","http:\/\/mm.howkuai.com\/wp-content\/uploads\/2015a\/04\/36\/04.jpg","http:\/\/mm.howkuai.com\/wp-content\/uploads\/2015a\/04\/36\/05.jpg","http:\/\/mm.howkuai.com\/wp-content\/uploads\/2015a\/04\/36\/06.jpg"]},{"plaintext":"\u8d85\u8fa3\u6a21\u7279\u725b\u4ed4\u5c0f\u77ed\u88e4\u79c0\u7f8e\u817f","href":"http:\/\/www.meizitu.com\/a\/4926.html","pic_list":["http:\/\/mm.howkuai.com\/wp-content\/uploads\/2015a\/04\/30\/01.jpg","http:\/\/mm.howkuai.com\/wp-content\/uploads\/2015a\/04\/30\/02.jpg","http:\/\/mm.howkuai.com\/wp-content\/uploads\/2015a\/04\/30\/03.jpg","http:\/\/mm.howkuai.com\/wp-content\/uploads\/2015a\/04\/30\/04.jpg","http:\/\/mm.howkuai.com\/wp-content\/uploads\/2015a\/04\/30\/05.jpg","http:\/\/mm.howkuai.com\/wp-content\/uploads\/2015a\/04\/30\/06.jpg","http:\/\/mm.howkuai.com\/wp-content\/uploads\/2015a\/04\/30\/07.jpg","http:\/\/mm.howkuai.com\/wp-content\/uploads\/2015a\/04\/30\/08.jpg"]},{"plaintext":"\u5b8c\u7f8e\u8170\u81c0\u6bd4\u4f8b\uff0c\u9633\u5149\u5065\u7f8e\u6a21\u7279","href":"http:\/\/www.meizitu.com\/a\/4922.html","pic_list":["http:\/\/mm.howkuai.com\/wp-content\/uploads\/2015a\/04\/26\/01.jpg","http:\/\/mm.howkuai.com\/wp-content\/uploads\/2015a\/04\/26\/02.jpg","http:\/\/mm.howkuai.com\/wp-content\/uploads\/2015a\/04\/26\/03.jpg","http:\/\/mm.howkuai.com\/wp-content\/uploads\/2015a\/04\/26\/04.jpg","http:\/\/mm.howkuai.com\/wp-content\/uploads\/2015a\/04\/26\/05.jpg","http:\/\/mm.howkuai.com\/wp-content\/uploads\/2015a\/04\/26\/06.jpg","http:\/\/mm.howkuai.com\/wp-content\/uploads\/2015a\/04\/26\/07.jpg"]},{"plaintext":"\u892a\u5230\u4e00\u534a\u7684\u6bd4\u57fa\u5c3c\uff0cluvain\u672c\u80fd\u79c1\u623f","href":"http:\/\/www.meizitu.com\/a\/4916.html","pic_list":["http:\/\/mm.howkuai.com\/wp-content\/uploads\/2015a\/04\/20\/01.jpg","http:\/\/mm.howkuai.com\/wp-content\/uploads\/2015a\/04\/20\/02.jpg","http:\/\/mm.howkuai.com\/wp-content\/uploads\/2015a\/04\/20\/03.jpg","http:\/\/mm.howkuai.com\/wp-content\/uploads\/2015a\/04\/20\/04.jpg","http:\/\/mm.howkuai.com\/wp-content\/uploads\/2015a\/04\/20\/05.jpg","http:\/\/mm.howkuai.com\/wp-content\/uploads\/2015a\/04\/20\/06.jpg"]},{"plaintext":"F\u676f\u5de8\u4e73\u6a21\u7279\u738b\u4fea\u4e01\u5ba4\u5916\u5199\u771f","href":"http:\/\/www.meizitu.com\/a\/4905.html","pic_list":["http:\/\/mm.howkuai.com\/wp-content\/uploads\/2015a\/04\/09\/01.jpg","http:\/\/mm.howkuai.com\/wp-content\/uploads\/2015a\/04\/09\/02.jpg","http:\/\/mm.howkuai.com\/wp-content\/uploads\/2015a\/04\/09\/03.jpg","http:\/\/mm.howkuai.com\/wp-content\/uploads\/2015a\/04\/09\/04.jpg","http:\/\/mm.howkuai.com\/wp-content\/uploads\/2015a\/04\/09\/05.jpg","http:\/\/mm.howkuai.com\/wp-content\/uploads\/2015a\/04\/09\/06.jpg","http:\/\/mm.howkuai.com\/wp-content\/uploads\/2015a\/04\/09\/07.jpg"]},{"plaintext":"\u6027\u611f\u5065\u8eab\u5973\u795e\u97e9\u6615\u6021\u5199\u771f","href":"http:\/\/www.meizitu.com\/a\/4891.html","pic_list":["http:\/\/mm.howkuai.com\/wp-content\/uploads\/2015a\/03\/49\/01.jpg","http:\/\/mm.howkuai.com\/wp-content\/uploads\/2015a\/03\/49\/02.jpg","http:\/\/mm.howkuai.com\/wp-content\/uploads\/2015a\/03\/49\/03.jpg","http:\/\/mm.howkuai.com\/wp-content\/uploads\/2015a\/03\/49\/04.jpg","http:\/\/mm.howkuai.com\/wp-content\/uploads\/2015a\/03\/49\/05.jpg","http:\/\/mm.howkuai.com\/wp-content\/uploads\/2015a\/03\/49\/06.jpg","http:\/\/mm.howkuai.com\/wp-content\/uploads\/2015a\/03\/49\/07.jpg","http:\/\/mm.howkuai.com\/wp-content\/uploads\/2015a\/03\/49\/08.jpg"]},{"plaintext":"\u5fa1\u5973\u90ce\u30fb\u5c0f\u8431\u30fb\u5185\u8863\u68da\u62cd","href":"http:\/\/www.meizitu.com\/a\/4885.html","pic_list":["http:\/\/mm.howkuai.com\/wp-content\/uploads\/2015a\/03\/43\/01.jpg","http:\/\/mm.howkuai.com\/wp-content\/uploads\/2015a\/03\/43\/02.jpg","http:\/\/mm.howkuai.com\/wp-content\/uploads\/2015a\/03\/43\/03.jpg","http:\/\/mm.howkuai.com\/wp-content\/uploads\/2015a\/03\/43\/04.jpg","http:\/\/mm.howkuai.com\/wp-content\/uploads\/2015a\/03\/43\/05.jpg"]},{"plaintext":"G\u5976\u5996\u7cbe\u5218\u98de\u513ffaye\u6700\u65b0\u5199\u771f","href":"http:\/\/www.meizitu.com\/a\/4873.html","pic_list":["http:\/\/mm.howkuai.com\/wp-content\/uploads\/2015a\/03\/31\/01.jpg","http:\/\/mm.howkuai.com\/wp-content\/uploads\/2015a\/03\/31\/02.jpg","http:\/\/mm.howkuai.com\/wp-content\/uploads\/2015a\/03\/31\/03.jpg","http:\/\/mm.howkuai.com\/wp-content\/uploads\/2015a\/03\/31\/04.jpg","http:\/\/mm.howkuai.com\/wp-content\/uploads\/2015a\/03\/31\/05.jpg","http:\/\/mm.howkuai.com\/wp-content\/uploads\/2015a\/03\/31\/06.jpg"]},{"plaintext":"\u53f0\u7403\u7f8e\u5973\u7684\u8bf1\u60d1\uff0c\u5e73\u9762\u6a21\u7279\u513f\u677e\u679c\u513f","href":"http:\/\/www.meizitu.com\/a\/4867.html","pic_list":["http:\/\/mm.howkuai.com\/wp-content\/uploads\/2015a\/03\/25\/01.jpg","http:\/\/mm.howkuai.com\/wp-content\/uploads\/2015a\/03\/25\/02.jpg","http:\/\/mm.howkuai.com\/wp-content\/uploads\/2015a\/03\/25\/03.jpg","http:\/\/mm.howkuai.com\/wp-content\/uploads\/2015a\/03\/25\/04.jpg"]},{"plaintext":"\u6a21\u7279\u56fe\u7247\uff0c\u65e9\u6668\u7684\u9633\u5149","href":"http:\/\/www.meizitu.com\/a\/4859.html","pic_list":["http:\/\/mm.howkuai.com\/wp-content\/uploads\/2015a\/03\/17\/01.jpg","http:\/\/mm.howkuai.com\/wp-content\/uploads\/2015a\/03\/17\/02.jpg","http:\/\/mm.howkuai.com\/wp-content\/uploads\/2015a\/03\/17\/03.jpg","http:\/\/mm.howkuai.com\/wp-content\/uploads\/2015a\/03\/17\/04.jpg","http:\/\/mm.howkuai.com\/wp-content\/uploads\/2015a\/03\/17\/05.jpg","http:\/\/mm.howkuai.com\/wp-content\/uploads\/2015a\/03\/17\/06.jpg","http:\/\/mm.howkuai.com\/wp-content\/uploads\/2015a\/03\/17\/07.jpg"]},{"plaintext":"\u5343\u5a07\u767e\u5a9a\u7684\u6f02\u4eae\u6a21\u7279\u513f","href":"http:\/\/www.meizitu.com\/a\/4840.html","pic_list":["http:\/\/mm.howkuai.com\/wp-content\/uploads\/2015a\/02\/35\/01.jpg","http:\/\/mm.howkuai.com\/wp-content\/uploads\/2015a\/02\/35\/02.jpg","http:\/\/mm.howkuai.com\/wp-content\/uploads\/2015a\/02\/35\/03.jpg","http:\/\/mm.howkuai.com\/wp-content\/uploads\/2015a\/02\/35\/04.jpg","http:\/\/mm.howkuai.com\/wp-content\/uploads\/2015a\/02\/35\/05.jpg","http:\/\/mm.howkuai.com\/wp-content\/uploads\/2015a\/02\/35\/06.jpg","http:\/\/mm.howkuai.com\/wp-content\/uploads\/2015a\/02\/35\/07.jpg","http:\/\/mm.howkuai.com\/wp-content\/uploads\/2015a\/02\/35\/08.jpg"]},{"plaintext":"\u6027\u611f\u539a\u5634\u5507\u4e0e\u7ea2\u8272\u7f51\u889c","href":"http:\/\/www.meizitu.com\/a\/4839.html","pic_list":["http:\/\/mm.howkuai.com\/wp-content\/uploads\/2015a\/02\/34\/01.jpg","http:\/\/mm.howkuai.com\/wp-content\/uploads\/2015a\/02\/34\/02.jpg","http:\/\/mm.howkuai.com\/wp-content\/uploads\/2015a\/02\/34\/03.jpg","http:\/\/mm.howkuai.com\/wp-content\/uploads\/2015a\/02\/34\/04.jpg","http:\/\/mm.howkuai.com\/wp-content\/uploads\/2015a\/02\/34\/05.jpg","http:\/\/mm.howkuai.com\/wp-content\/uploads\/2015a\/02\/34\/06.jpg","http:\/\/mm.howkuai.com\/wp-content\/uploads\/2015a\/02\/34\/07.jpg"]},{"plaintext":"\u4e1d\u889c\u5154\u5973\u90ce\u4e3a\u60a8\u9001\u4e0a\u7ea2\u5305","href":"http:\/\/www.meizitu.com\/a\/4835.html","pic_list":["http:\/\/mm.howkuai.com\/wp-content\/uploads\/2015a\/02\/30\/01.jpg","http:\/\/mm.howkuai.com\/wp-content\/uploads\/2015a\/02\/30\/02.jpg","http:\/\/mm.howkuai.com\/wp-content\/uploads\/2015a\/02\/30\/03.jpg","http:\/\/mm.howkuai.com\/wp-content\/uploads\/2015a\/02\/30\/04.jpg","http:\/\/mm.howkuai.com\/wp-content\/uploads\/2015a\/02\/30\/05.jpg","http:\/\/mm.howkuai.com\/wp-content\/uploads\/2015a\/02\/30\/06.jpg","http:\/\/mm.howkuai.com\/wp-content\/uploads\/2015a\/02\/30\/07.jpg"]},{"plaintext":"\u6a21\u7279\u674e\u4e03\u559c\u6027\u611f\u5973\u4ec6\u88c5","href":"http:\/\/www.meizitu.com\/a\/4817.html","pic_list":["http:\/\/mm.howkuai.com\/wp-content\/uploads\/2015a\/02\/12\/01.jpg","http:\/\/mm.howkuai.com\/wp-content\/uploads\/2015a\/02\/12\/02.jpg","http:\/\/mm.howkuai.com\/wp-content\/uploads\/2015a\/02\/12\/03.jpg","http:\/\/mm.howkuai.com\/wp-content\/uploads\/2015a\/02\/12\/04.jpg","http:\/\/mm.howkuai.com\/wp-content\/uploads\/2015a\/02\/12\/05.jpg","http:\/\/mm.howkuai.com\/wp-content\/uploads\/2015a\/02\/12\/06.jpg"]},{"plaintext":"\u957f\u817f\u6b63\u59b9\u8857\u5934\u653e\u70ae\uff0c\u201c\u4efb\u6027\u201d\u7684\u8fc7\u6625\u8282","href":"http:\/\/www.meizitu.com\/a\/4812.html","pic_list":["http:\/\/mm.howkuai.com\/wp-content\/uploads\/2015a\/02\/07\/01.jpg","http:\/\/mm.howkuai.com\/wp-content\/uploads\/2015a\/02\/07\/02.jpg","http:\/\/mm.howkuai.com\/wp-content\/uploads\/2015a\/02\/07\/03.jpg","http:\/\/mm.howkuai.com\/wp-content\/uploads\/2015a\/02\/07\/04.jpg","http:\/\/mm.howkuai.com\/wp-content\/uploads\/2015a\/02\/07\/05.jpg","http:\/\/mm.howkuai.com\/wp-content\/uploads\/2015a\/02\/07\/06.jpg","http:\/\/mm.howkuai.com\/wp-content\/uploads\/2015a\/02\/07\/07.jpg","http:\/\/mm.howkuai.com\/wp-content\/uploads\/2015a\/02\/07\/08.jpg"]},{"plaintext":"\u738b\u806a\u6708Yaffa\u6027\u611f\u79c1\u623f\u7167","href":"http:\/\/www.meizitu.com\/a\/4808.html","pic_list":["http:\/\/mm.howkuai.com\/wp-content\/uploads\/2015a\/02\/03\/01.jpg","http:\/\/mm.howkuai.com\/wp-content\/uploads\/2015a\/02\/03\/02.jpg","http:\/\/mm.howkuai.com\/wp-content\/uploads\/2015a\/02\/03\/03.jpg","http:\/\/mm.howkuai.com\/wp-content\/uploads\/2015a\/02\/03\/04.jpg","http:\/\/mm.howkuai.com\/wp-content\/uploads\/2015a\/02\/03\/05.jpg","http:\/\/mm.howkuai.com\/wp-content\/uploads\/2015a\/02\/03\/06.jpg"]},{"plaintext":"\u67f3\u4f91\u7eee\u5199\u771f\u96c6\u300aLittle Lover\u300b","href":"http:\/\/www.meizitu.com\/a\/4806.html","pic_list":["http:\/\/mm.howkuai.com\/wp-content\/uploads\/2015a\/02\/01\/01.jpg","http:\/\/mm.howkuai.com\/wp-content\/uploads\/2015a\/02\/01\/02.jpg","http:\/\/mm.howkuai.com\/wp-content\/uploads\/2015a\/02\/01\/03.jpg","http:\/\/mm.howkuai.com\/wp-content\/uploads\/2015a\/02\/01\/04.jpg","http:\/\/mm.howkuai.com\/wp-content\/uploads\/2015a\/02\/01\/05.jpg","http:\/\/mm.howkuai.com\/wp-content\/uploads\/2015a\/02\/01\/06.jpg"]},{"plaintext":"\u957f\u817f\u6027\u611f\u6a21\u7279\uff0c\u8981\u7684\u5c31\u662f\u90a3\u80a1\u65f6\u5c1a\u8303\u513f","href":"http:\/\/www.meizitu.com\/a\/4795.html","pic_list":["http:\/\/mm.howkuai.com\/wp-content\/uploads\/2015a\/01\/54\/01.jpg","http:\/\/mm.howkuai.com\/wp-content\/uploads\/2015a\/01\/54\/02.jpg","http:\/\/mm.howkuai.com\/wp-content\/uploads\/2015a\/01\/54\/03.jpg","http:\/\/mm.howkuai.com\/wp-content\/uploads\/2015a\/01\/54\/04.jpg","http:\/\/mm.howkuai.com\/wp-content\/uploads\/2015a\/01\/54\/05.jpg","http:\/\/mm.howkuai.com\/wp-content\/uploads\/2015a\/01\/54\/06.jpg","http:\/\/mm.howkuai.com\/wp-content\/uploads\/2015a\/01\/54\/07.jpg"]},{"plaintext":"\u68a6\u7684\u6cb3\u6d41\uff0c\u5728\u53e6\u4e00\u4e2a\u65f6\u7a7a\u4e2d\u8f7b\u541f","href":"http:\/\/www.meizitu.com\/a\/4779.html","pic_list":["http:\/\/mm.howkuai.com\/wp-content\/uploads\/2015a\/01\/36\/01.jpg","http:\/\/mm.howkuai.com\/wp-content\/uploads\/2015a\/01\/36\/02.jpg","http:\/\/mm.howkuai.com\/wp-content\/uploads\/2015a\/01\/36\/03.jpg","http:\/\/mm.howkuai.com\/wp-content\/uploads\/2015a\/01\/36\/04.jpg","http:\/\/mm.howkuai.com\/wp-content\/uploads\/2015a\/01\/36\/05.jpg","http:\/\/mm.howkuai.com\/wp-content\/uploads\/2015a\/01\/36\/06.jpg","http:\/\/mm.howkuai.com\/wp-content\/uploads\/2015a\/01\/36\/07.jpg"]},{"plaintext":"\u5f20\u5df2\u68422014\u5723\u8bde\u6027\u611f\u79c1\u623f","href":"http:\/\/www.meizitu.com\/a\/4775.html","pic_list":["http:\/\/mm.howkuai.com\/wp-content\/uploads\/2015a\/01\/32\/01.jpg","http:\/\/mm.howkuai.com\/wp-content\/uploads\/2015a\/01\/32\/02.jpg","http:\/\/mm.howkuai.com\/wp-content\/uploads\/2015a\/01\/32\/03.jpg","http:\/\/mm.howkuai.com\/wp-content\/uploads\/2015a\/01\/32\/04.jpg","http:\/\/mm.howkuai.com\/wp-content\/uploads\/2015a\/01\/32\/05.jpg","http:\/\/mm.howkuai.com\/wp-content\/uploads\/2015a\/01\/32\/06.jpg"]},{"plaintext":"\u7ef4\u79d8\u5929\u4f7f\u9648\u6021\u66fc\u2015\u65b0\u5e74\u7ea2\u7ea2\u706b\u706b","href":"http:\/\/www.meizitu.com\/a\/4767.html","pic_list":["http:\/\/mm.howkuai.com\/wp-content\/uploads\/2015a\/01\/24\/01.jpg","http:\/\/mm.howkuai.com\/wp-content\/uploads\/2015a\/01\/24\/02.jpg","http:\/\/mm.howkuai.com\/wp-content\/uploads\/2015a\/01\/24\/03.jpg","http:\/\/mm.howkuai.com\/wp-content\/uploads\/2015a\/01\/24\/04.jpg","http:\/\/mm.howkuai.com\/wp-content\/uploads\/2015a\/01\/24\/05.jpg"]},{"plaintext":"\u8bf1\u4eba\u6b32\u6ef4\uff0c\u4e30\u6ee1\u5ae9\u6a21\u7eee\u91cc\u5609ula","href":"http:\/\/www.meizitu.com\/a\/4760.html","pic_list":["http:\/\/mm.howkuai.com\/wp-content\/uploads\/2015a\/01\/18\/01.jpg","http:\/\/mm.howkuai.com\/wp-content\/uploads\/2015a\/01\/18\/02.jpg","http:\/\/mm.howkuai.com\/wp-content\/uploads\/2015a\/01\/18\/03.jpg","http:\/\/mm.howkuai.com\/wp-content\/uploads\/2015a\/01\/18\/04.jpg","http:\/\/mm.howkuai.com\/wp-content\/uploads\/2015a\/01\/18\/05.jpg","http:\/\/mm.howkuai.com\/wp-content\/uploads\/2015a\/01\/18\/06.jpg"]},{"plaintext":"\u5915\u9633\u897f\u4e0b\uff0c\u6027\u611f\u5a07\u5a03\u8ff7\u4eba\u7684\u80cc\u5f71","href":"http:\/\/www.meizitu.com\/a\/4751.html","pic_list":["http:\/\/mm.howkuai.com\/wp-content\/uploads\/2015a\/01\/09\/01.jpg","http:\/\/mm.howkuai.com\/wp-content\/uploads\/2015a\/01\/09\/02.jpg","http:\/\/mm.howkuai.com\/wp-content\/uploads\/2015a\/01\/09\/03.jpg","http:\/\/mm.howkuai.com\/wp-content\/uploads\/2015a\/01\/09\/04.jpg","http:\/\/mm.howkuai.com\/wp-content\/uploads\/2015a\/01\/09\/05.jpg","http:\/\/mm.howkuai.com\/wp-content\/uploads\/2015a\/01\/09\/06.jpg"]},{"plaintext":"\u4eca\u591c\u4e0d\u89c1\u4e0d\u6563\uff0c\u7f8e\u5973\u548c\u4f60\u4e00\u8d77\u65af\u8bfa\u514b","href":"http:\/\/www.meizitu.com\/a\/4747.html","pic_list":["http:\/\/mm.howkuai.com\/wp-content\/uploads\/2015a\/01\/05\/01.jpg","http:\/\/mm.howkuai.com\/wp-content\/uploads\/2015a\/01\/05\/02.jpg","http:\/\/mm.howkuai.com\/wp-content\/uploads\/2015a\/01\/05\/03.jpg","http:\/\/mm.howkuai.com\/wp-content\/uploads\/2015a\/01\/05\/04.jpg","http:\/\/mm.howkuai.com\/wp-content\/uploads\/2015a\/01\/05\/05.jpg","http:\/\/mm.howkuai.com\/wp-content\/uploads\/2015a\/01\/05\/06.jpg"]},{"plaintext":"\u6027\u611f\u7684\u5723\u8bde\u5c11\u5973*\u4e8e\u82b7\u6674MINI\u5199\u771f","href":"http:\/\/www.meizitu.com\/a\/4728.html","pic_list":["http:\/\/mm.howkuai.com\/wp-content\/uploads\/2014a\/12\/63\/01.jpg","http:\/\/mm.howkuai.com\/wp-content\/uploads\/2014a\/12\/63\/02.jpg","http:\/\/mm.howkuai.com\/wp-content\/uploads\/2014a\/12\/63\/03.jpg","http:\/\/mm.howkuai.com\/wp-content\/uploads\/2014a\/12\/63\/04.jpg","http:\/\/mm.howkuai.com\/wp-content\/uploads\/2014a\/12\/63\/05.jpg","http:\/\/mm.howkuai.com\/wp-content\/uploads\/2014a\/12\/63\/06.jpg"]},{"plaintext":"\u738b\u7199\u7136\u4ee3\u8a00\u7c89\u8272\u7cfb\u5217\u7ef4\u591a\u5229\u4e9a\u79d8\u5bc6\u5185\u8863","href":"http:\/\/www.meizitu.com\/a\/4725.html","pic_list":["http:\/\/mm.howkuai.com\/wp-content\/uploads\/2014a\/12\/60\/01.jpg","http:\/\/mm.howkuai.com\/wp-content\/uploads\/2014a\/12\/60\/02.jpg","http:\/\/mm.howkuai.com\/wp-content\/uploads\/2014a\/12\/60\/03.jpg","http:\/\/mm.howkuai.com\/wp-content\/uploads\/2014a\/12\/60\/04.jpg"]},{"plaintext":"\u540e\u82b1\u56ed\u91cc\u51fa\u5c18\u8131\u4fd7\u7684\u6f02\u4eae\u6a21\u7279","href":"http:\/\/www.meizitu.com\/a\/4719.html","pic_list":["http:\/\/mm.howkuai.com\/wp-content\/uploads\/2014a\/12\/54\/01.jpg","http:\/\/mm.howkuai.com\/wp-content\/uploads\/2014a\/12\/54\/02.jpg","http:\/\/mm.howkuai.com\/wp-content\/uploads\/2014a\/12\/54\/03.jpg","http:\/\/mm.howkuai.com\/wp-content\/uploads\/2014a\/12\/54\/04.jpg","http:\/\/mm.howkuai.com\/wp-content\/uploads\/2014a\/12\/54\/05.jpg","http:\/\/mm.howkuai.com\/wp-content\/uploads\/2014a\/12\/54\/06.jpg"]},{"plaintext":"\u8c6a\u8f66\u8c6a\u4e73\uff0c\u5ae9\u6a21\u738b\u7490\u828a\u60e0\u53d8\u8eab\u5b9d\u9a6c\u8f66\u6a21","href":"http:\/\/www.meizitu.com\/a\/4681.html","pic_list":["http:\/\/mm.howkuai.com\/wp-content\/uploads\/2014a\/12\/16\/01.jpg","http:\/\/mm.howkuai.com\/wp-content\/uploads\/2014a\/12\/16\/02.jpg","http:\/\/mm.howkuai.com\/wp-content\/uploads\/2014a\/12\/16\/03.jpg","http:\/\/mm.howkuai.com\/wp-content\/uploads\/2014a\/12\/16\/04.jpg","http:\/\/mm.howkuai.com\/wp-content\/uploads\/2014a\/12\/16\/05.jpg","http:\/\/mm.howkuai.com\/wp-content\/uploads\/2014a\/12\/16\/06.jpg"]},{"plaintext":"\u5c0f\u5c0f\u5973\u4ec6\uff0c\u590f\u5c0f\u8587\u7684\u5236\u670d\u8bf1\u60d1","href":"http:\/\/www.meizitu.com\/a\/4679.html","pic_list":["http:\/\/mm.howkuai.com\/wp-content\/uploads\/2014a\/12\/14\/01.jpg","http:\/\/mm.howkuai.com\/wp-content\/uploads\/2014a\/12\/14\/02.jpg","http:\/\/mm.howkuai.com\/wp-content\/uploads\/2014a\/12\/14\/03.jpg","http:\/\/mm.howkuai.com\/wp-content\/uploads\/2014a\/12\/14\/04.jpg","http:\/\/mm.howkuai.com\/wp-content\/uploads\/2014a\/12\/14\/05.jpg","http:\/\/mm.howkuai.com\/wp-content\/uploads\/2014a\/12\/14\/06.jpg"]}]