[{"plaintext":"\u98ce\u5a07\u6c34\u5a9a\u7684\u767e\u53d8\u4f73\u4eba\uff0c\u7f8e\u7a7a\u5ae9\u6a21\u738b\u4efb\u79cb\u5b50\u56fe\u7247","href":"http:\/\/www.meizitu.com\/a\/4328.html","pic_list":["http:\/\/mm.howkuai.com\/wp-content\/uploads\/2014a\/07\/13\/01.jpg","http:\/\/mm.howkuai.com\/wp-content\/uploads\/2014a\/07\/13\/02.jpg","http:\/\/mm.howkuai.com\/wp-content\/uploads\/2014a\/07\/13\/03.jpg","http:\/\/mm.howkuai.com\/wp-content\/uploads\/2014a\/07\/13\/04.jpg","http:\/\/mm.howkuai.com\/wp-content\/uploads\/2014a\/07\/13\/05.jpg","http:\/\/mm.howkuai.com\/wp-content\/uploads\/2014a\/07\/13\/06.jpg","http:\/\/mm.howkuai.com\/wp-content\/uploads\/2014a\/07\/13\/07.jpg","http:\/\/mm.howkuai.com\/wp-content\/uploads\/2014a\/07\/13\/08.jpg"]},{"plaintext":"\u808c\u80a4\u6563\u53d1\u7740\u5065\u5eb7\u7684\u7f8e\uff0c\u5ae9\u6a21\u62f3\u51fb\u53f0\u4e0a\u7684\u5199\u771f","href":"http:\/\/www.meizitu.com\/a\/4327.html","pic_list":["http:\/\/mm.howkuai.com\/wp-content\/uploads\/2014a\/07\/12\/01.jpg","http:\/\/mm.howkuai.com\/wp-content\/uploads\/2014a\/07\/12\/02.jpg","http:\/\/mm.howkuai.com\/wp-content\/uploads\/2014a\/07\/12\/03.jpg","http:\/\/mm.howkuai.com\/wp-content\/uploads\/2014a\/07\/12\/04.jpg","http:\/\/mm.howkuai.com\/wp-content\/uploads\/2014a\/07\/12\/05.jpg"]},{"plaintext":"2014\u8f66\u5c55\u9753\u4e3d\u8f66\u6a21\u6b23\u8d4f","href":"http:\/\/www.meizitu.com\/a\/4291.html","pic_list":["http:\/\/mm.howkuai.com\/wp-content\/uploads\/2014a\/06\/43\/01.jpg","http:\/\/mm.howkuai.com\/wp-content\/uploads\/2014a\/06\/43\/02.jpg","http:\/\/mm.howkuai.com\/wp-content\/uploads\/2014a\/06\/43\/03.jpg","http:\/\/mm.howkuai.com\/wp-content\/uploads\/2014a\/06\/43\/04.jpg","http:\/\/mm.howkuai.com\/wp-content\/uploads\/2014a\/06\/43\/05.jpg","http:\/\/mm.howkuai.com\/wp-content\/uploads\/2014a\/06\/43\/06.jpg","http:\/\/mm.howkuai.com\/wp-content\/uploads\/2014a\/06\/43\/07.jpg","http:\/\/mm.howkuai.com\/wp-content\/uploads\/2014a\/06\/43\/08.jpg","http:\/\/mm.howkuai.com\/wp-content\/uploads\/2014a\/06\/43\/09.jpg"]},{"plaintext":"\u590f\u65e5\u6c99\u6ee9\u4e0a\u7684\u4e00\u9053\u98ce\u666f\u7ebf\uff0c\u5ae9\u6a21nina","href":"http:\/\/www.meizitu.com\/a\/4274.html","pic_list":["http:\/\/mm.howkuai.com\/wp-content\/uploads\/2014a\/06\/26\/01.jpg","http:\/\/mm.howkuai.com\/wp-content\/uploads\/2014a\/06\/26\/02.jpg","http:\/\/mm.howkuai.com\/wp-content\/uploads\/2014a\/06\/26\/03.jpg","http:\/\/mm.howkuai.com\/wp-content\/uploads\/2014a\/06\/26\/04.jpg","http:\/\/mm.howkuai.com\/wp-content\/uploads\/2014a\/06\/26\/05.jpg","http:\/\/mm.howkuai.com\/wp-content\/uploads\/2014a\/06\/26\/06.jpg","http:\/\/mm.howkuai.com\/wp-content\/uploads\/2014a\/06\/26\/07.jpg","http:\/\/mm.howkuai.com\/wp-content\/uploads\/2014a\/06\/26\/08.jpg"]},{"plaintext":"\u5b9d\u9a6c\u91cd\u673a\u8f66\u4e0e\u7f8e\u5973\uff0c\u5b8c\u7f8e\u642d\u914d","href":"http:\/\/www.meizitu.com\/a\/4208.html","pic_list":["http:\/\/mm.howkuai.com\/wp-content\/uploads\/2014a\/05\/09\/01.jpg","http:\/\/mm.howkuai.com\/wp-content\/uploads\/2014a\/05\/09\/02.jpg","http:\/\/mm.howkuai.com\/wp-content\/uploads\/2014a\/05\/09\/03.jpg","http:\/\/mm.howkuai.com\/wp-content\/uploads\/2014a\/05\/09\/04.jpg","http:\/\/mm.howkuai.com\/wp-content\/uploads\/2014a\/05\/09\/05.jpg"]},{"plaintext":"\u8f66\u5c55\u4e0a\u4e07\u4f17\u77a9\u76ee\u7684\u6f02\u4eae\u8f66\u6a21","href":"http:\/\/www.meizitu.com\/a\/4202.html","pic_list":["http:\/\/mm.howkuai.com\/wp-content\/uploads\/2014a\/05\/04\/01.jpg","http:\/\/mm.howkuai.com\/wp-content\/uploads\/2014a\/05\/04\/02.jpg","http:\/\/mm.howkuai.com\/wp-content\/uploads\/2014a\/05\/04\/03.jpg","http:\/\/mm.howkuai.com\/wp-content\/uploads\/2014a\/05\/04\/04.jpg","http:\/\/mm.howkuai.com\/wp-content\/uploads\/2014a\/05\/04\/05.jpg","http:\/\/mm.howkuai.com\/wp-content\/uploads\/2014a\/05\/04\/06.jpg","http:\/\/mm.howkuai.com\/wp-content\/uploads\/2014a\/05\/04\/07.jpg","http:\/\/mm.howkuai.com\/wp-content\/uploads\/2014a\/05\/04\/08.jpg"]},{"plaintext":"\u6700\u6f02\u4eae\u7684\u8f66\u6a21\u7cfb\u5217\uff0c\u56de\u5f52\u8f66\u5c55\u672c\u8272","href":"http:\/\/www.meizitu.com\/a\/4178.html","pic_list":["http:\/\/mm.howkuai.com\/wp-content\/uploads\/2014a\/04\/40\/01.jpg","http:\/\/mm.howkuai.com\/wp-content\/uploads\/2014a\/04\/40\/02.jpg","http:\/\/mm.howkuai.com\/wp-content\/uploads\/2014a\/04\/40\/03.jpg","http:\/\/mm.howkuai.com\/wp-content\/uploads\/2014a\/04\/40\/04.jpg","http:\/\/mm.howkuai.com\/wp-content\/uploads\/2014a\/04\/40\/05.jpg","http:\/\/mm.howkuai.com\/wp-content\/uploads\/2014a\/04\/40\/06.jpg","http:\/\/mm.howkuai.com\/wp-content\/uploads\/2014a\/04\/40\/07.jpg","http:\/\/mm.howkuai.com\/wp-content\/uploads\/2014a\/04\/40\/08.jpg","http:\/\/mm.howkuai.com\/wp-content\/uploads\/2014a\/04\/40\/09.jpg"]},{"plaintext":"\u5a07\u5ae9\u4e30\u76c8\u7684\u7f8e\u4e73\u5ae9\u6a21\u738b\u99a8\u7476yanni","href":"http:\/\/www.meizitu.com\/a\/4145.html","pic_list":["http:\/\/mm.howkuai.com\/wp-content\/uploads\/2014a\/04\/07\/01.jpg","http:\/\/mm.howkuai.com\/wp-content\/uploads\/2014a\/04\/07\/02.jpg","http:\/\/mm.howkuai.com\/wp-content\/uploads\/2014a\/04\/07\/03.jpg","http:\/\/mm.howkuai.com\/wp-content\/uploads\/2014a\/04\/07\/04.jpg","http:\/\/mm.howkuai.com\/wp-content\/uploads\/2014a\/04\/07\/05.jpg","http:\/\/mm.howkuai.com\/wp-content\/uploads\/2014a\/04\/07\/06.jpg","http:\/\/mm.howkuai.com\/wp-content\/uploads\/2014a\/04\/07\/07.jpg","http:\/\/mm.howkuai.com\/wp-content\/uploads\/2014a\/04\/07\/08.jpg","http:\/\/mm.howkuai.com\/wp-content\/uploads\/2014a\/04\/07\/09.jpg","http:\/\/mm.howkuai.com\/wp-content\/uploads\/2014a\/04\/07\/10.jpg"]},{"plaintext":"\u5ae9\u6a21\u738b\u99a8\u7476yanni\u4e09\u4e9a\u62cd\u6444\u6700\u65b0\u5199\u771f","href":"http:\/\/www.meizitu.com\/a\/4135.html","pic_list":["http:\/\/mm.howkuai.com\/wp-content\/uploads\/2014a\/03\/64\/01.jpg","http:\/\/mm.howkuai.com\/wp-content\/uploads\/2014a\/03\/64\/02.jpg","http:\/\/mm.howkuai.com\/wp-content\/uploads\/2014a\/03\/64\/03.jpg","http:\/\/mm.howkuai.com\/wp-content\/uploads\/2014a\/03\/64\/04.jpg","http:\/\/mm.howkuai.com\/wp-content\/uploads\/2014a\/03\/64\/05.jpg","http:\/\/mm.howkuai.com\/wp-content\/uploads\/2014a\/03\/64\/06.jpg","http:\/\/mm.howkuai.com\/wp-content\/uploads\/2014a\/03\/64\/07.jpg","http:\/\/mm.howkuai.com\/wp-content\/uploads\/2014a\/03\/64\/08.jpg"]},{"plaintext":"\u6d74\u5ba4\u4e2d\u5ae9\u6a21\u98ce\u60c5\uff0c\u706b\u8fa3\u7684\u59b9\u5b50\u674e\u4e03\u559c","href":"http:\/\/www.meizitu.com\/a\/4086.html","pic_list":["http:\/\/mm.howkuai.com\/wp-content\/uploads\/2014a\/03\/15\/01.jpg","http:\/\/mm.howkuai.com\/wp-content\/uploads\/2014a\/03\/15\/02.jpg","http:\/\/mm.howkuai.com\/wp-content\/uploads\/2014a\/03\/15\/03.jpg","http:\/\/mm.howkuai.com\/wp-content\/uploads\/2014a\/03\/15\/04.jpg","http:\/\/mm.howkuai.com\/wp-content\/uploads\/2014a\/03\/15\/05.jpg","http:\/\/mm.howkuai.com\/wp-content\/uploads\/2014a\/03\/15\/06.jpg","http:\/\/mm.howkuai.com\/wp-content\/uploads\/2014a\/03\/15\/07.jpg","http:\/\/mm.howkuai.com\/wp-content\/uploads\/2014a\/03\/15\/08.jpg","http:\/\/mm.howkuai.com\/wp-content\/uploads\/2014a\/03\/15\/09.jpg"]},{"plaintext":"\u53cd\u5bf9\u8d70\u5149\uff0c\u6e05\u7eaf\u53c8\u5343\u5a07\u767e\u5a9a\u7684\u6027\u611f\u8f66\u6a21","href":"http:\/\/www.meizitu.com\/a\/4085.html","pic_list":["http:\/\/mm.howkuai.com\/wp-content\/uploads\/2014a\/03\/14\/01.jpg","http:\/\/mm.howkuai.com\/wp-content\/uploads\/2014a\/03\/14\/02.jpg","http:\/\/mm.howkuai.com\/wp-content\/uploads\/2014a\/03\/14\/03.jpg","http:\/\/mm.howkuai.com\/wp-content\/uploads\/2014a\/03\/14\/04.jpg","http:\/\/mm.howkuai.com\/wp-content\/uploads\/2014a\/03\/14\/05.jpg","http:\/\/mm.howkuai.com\/wp-content\/uploads\/2014a\/03\/14\/06.jpg","http:\/\/mm.howkuai.com\/wp-content\/uploads\/2014a\/03\/14\/07.jpg","http:\/\/mm.howkuai.com\/wp-content\/uploads\/2014a\/03\/14\/08.jpg","http:\/\/mm.howkuai.com\/wp-content\/uploads\/2014a\/03\/14\/09.jpg","http:\/\/mm.howkuai.com\/wp-content\/uploads\/2014a\/03\/14\/10.jpg"]},{"plaintext":"\u5ae9\u6a21\u9ec4\u53efchristine\u4e3a\u6c7d\u8f66\u7f8e\u5de5\u574a\u5e7f\u544a\u4ee3\u8a00","href":"http:\/\/www.meizitu.com\/a\/4081.html","pic_list":["http:\/\/mm.howkuai.com\/wp-content\/uploads\/2014a\/03\/10\/01.jpg","http:\/\/mm.howkuai.com\/wp-content\/uploads\/2014a\/03\/10\/02.jpg","http:\/\/mm.howkuai.com\/wp-content\/uploads\/2014a\/03\/10\/03.jpg","http:\/\/mm.howkuai.com\/wp-content\/uploads\/2014a\/03\/10\/04.jpg","http:\/\/mm.howkuai.com\/wp-content\/uploads\/2014a\/03\/10\/05.jpg","http:\/\/mm.howkuai.com\/wp-content\/uploads\/2014a\/03\/10\/06.jpg","http:\/\/mm.howkuai.com\/wp-content\/uploads\/2014a\/03\/10\/07.jpg"]},{"plaintext":"\u6ce2\u6d9b\u80f8\u6d8c\u7684\u5ae9\u6a21\u677e\u679c\u513f\u5a07\u5ae9\u4e30\u76c8","href":"http:\/\/www.meizitu.com\/a\/4061.html","pic_list":["http:\/\/mm.howkuai.com\/wp-content\/uploads\/2014a\/02\/53\/01.jpg","http:\/\/mm.howkuai.com\/wp-content\/uploads\/2014a\/02\/53\/02.jpg","http:\/\/mm.howkuai.com\/wp-content\/uploads\/2014a\/02\/53\/03.jpg","http:\/\/mm.howkuai.com\/wp-content\/uploads\/2014a\/02\/53\/04.jpg"]},{"plaintext":"\u7f8e\u4e73\u5ae9\u6a21\u5927\u5c3a\u5ea6\u5199\u771f\u8bf1\u60d1\u5b85\u7537","href":"http:\/\/www.meizitu.com\/a\/4036.html","pic_list":["http:\/\/mm.howkuai.com\/wp-content\/uploads\/2014a\/02\/28\/01.jpg","http:\/\/mm.howkuai.com\/wp-content\/uploads\/2014a\/02\/28\/02.jpg","http:\/\/mm.howkuai.com\/wp-content\/uploads\/2014a\/02\/28\/03.jpg","http:\/\/mm.howkuai.com\/wp-content\/uploads\/2014a\/02\/28\/04.jpg","http:\/\/mm.howkuai.com\/wp-content\/uploads\/2014a\/02\/28\/05.jpg","http:\/\/mm.howkuai.com\/wp-content\/uploads\/2014a\/02\/28\/06.jpg","http:\/\/mm.howkuai.com\/wp-content\/uploads\/2014a\/02\/28\/07.jpg","http:\/\/mm.howkuai.com\/wp-content\/uploads\/2014a\/02\/28\/08.jpg"]},{"plaintext":"\u7f8e\u8273\u5ae9\u6a21\u7167\u6cf3\u88c5\u5199\u771f\u6027\u611f\u64a9\u4eba","href":"http:\/\/www.meizitu.com\/a\/4034.html","pic_list":["http:\/\/mm.howkuai.com\/wp-content\/uploads\/2014a\/02\/26\/01.jpg","http:\/\/mm.howkuai.com\/wp-content\/uploads\/2014a\/02\/26\/02.jpg","http:\/\/mm.howkuai.com\/wp-content\/uploads\/2014a\/02\/26\/03.jpg","http:\/\/mm.howkuai.com\/wp-content\/uploads\/2014a\/02\/26\/04.jpg","http:\/\/mm.howkuai.com\/wp-content\/uploads\/2014a\/02\/26\/05.jpg","http:\/\/mm.howkuai.com\/wp-content\/uploads\/2014a\/02\/26\/06.jpg"]},{"plaintext":"\u706b\u7206\u8eab\u6750\u5ae9\u6a21\u9648\u601d\u742a\u65b0\u5e74\u5199\u771f\u795d\u798f","href":"http:\/\/www.meizitu.com\/a\/4019.html","pic_list":["http:\/\/mm.howkuai.com\/wp-content\/uploads\/2014a\/02\/10\/01.jpg","http:\/\/mm.howkuai.com\/wp-content\/uploads\/2014a\/02\/10\/02.jpg","http:\/\/mm.howkuai.com\/wp-content\/uploads\/2014a\/02\/10\/03.jpg","http:\/\/mm.howkuai.com\/wp-content\/uploads\/2014a\/02\/10\/04.jpg","http:\/\/mm.howkuai.com\/wp-content\/uploads\/2014a\/02\/10\/05.jpg","http:\/\/mm.howkuai.com\/wp-content\/uploads\/2014a\/02\/10\/06.jpg","http:\/\/mm.howkuai.com\/wp-content\/uploads\/2014a\/02\/10\/07.jpg","http:\/\/mm.howkuai.com\/wp-content\/uploads\/2014a\/02\/10\/08.jpg"]},{"plaintext":"\u8f66\u6a21\u9a6c\u5c24\u91d1\u8eab\u7740\u9542\u7a7a\u8863\u88f3\uff0c\u51f8\u663e\u706b\u7206\u7684\u8eab\u6750","href":"http:\/\/www.meizitu.com\/a\/4016.html","pic_list":["http:\/\/mm.howkuai.com\/wp-content\/uploads\/2014a\/02\/07\/01.jpg","http:\/\/mm.howkuai.com\/wp-content\/uploads\/2014a\/02\/07\/02.jpg","http:\/\/mm.howkuai.com\/wp-content\/uploads\/2014a\/02\/07\/03.jpg","http:\/\/mm.howkuai.com\/wp-content\/uploads\/2014a\/02\/07\/04.jpg","http:\/\/mm.howkuai.com\/wp-content\/uploads\/2014a\/02\/07\/05.jpg","http:\/\/mm.howkuai.com\/wp-content\/uploads\/2014a\/02\/07\/06.jpg","http:\/\/mm.howkuai.com\/wp-content\/uploads\/2014a\/02\/07\/07.jpg","http:\/\/mm.howkuai.com\/wp-content\/uploads\/2014a\/02\/07\/08.jpg","http:\/\/mm.howkuai.com\/wp-content\/uploads\/2014a\/02\/07\/09.jpg"]},{"plaintext":"\u51f9\u51f8\u6709\u81f4\u7684\u5ae9\u6a21\u79c0\u706b\u8fa3\u7206\u4e73\u8eab\u6750","href":"http:\/\/www.meizitu.com\/a\/4010.html","pic_list":["http:\/\/mm.howkuai.com\/wp-content\/uploads\/2014a\/02\/01\/01.jpg","http:\/\/mm.howkuai.com\/wp-content\/uploads\/2014a\/02\/01\/02.jpg","http:\/\/mm.howkuai.com\/wp-content\/uploads\/2014a\/02\/01\/03.jpg","http:\/\/mm.howkuai.com\/wp-content\/uploads\/2014a\/02\/01\/04.jpg","http:\/\/mm.howkuai.com\/wp-content\/uploads\/2014a\/02\/01\/05.jpg","http:\/\/mm.howkuai.com\/wp-content\/uploads\/2014a\/02\/01\/06.jpg"]},{"plaintext":"\u6e05\u65b0\u5ae9\u6a21\u95fa\u623f\u5927\u79c0\u7f8e\u4e73\u7fd8\u81c0","href":"http:\/\/www.meizitu.com\/a\/4000.html","pic_list":["http:\/\/mm.howkuai.com\/wp-content\/uploads\/2014a\/01\/64\/01.jpg","http:\/\/mm.howkuai.com\/wp-content\/uploads\/2014a\/01\/64\/02.jpg","http:\/\/mm.howkuai.com\/wp-content\/uploads\/2014a\/01\/64\/03.jpg","http:\/\/mm.howkuai.com\/wp-content\/uploads\/2014a\/01\/64\/04.jpg","http:\/\/mm.howkuai.com\/wp-content\/uploads\/2014a\/01\/64\/05.jpg","http:\/\/mm.howkuai.com\/wp-content\/uploads\/2014a\/01\/64\/06.jpg","http:\/\/mm.howkuai.com\/wp-content\/uploads\/2014a\/01\/64\/07.jpg","http:\/\/mm.howkuai.com\/wp-content\/uploads\/2014a\/01\/64\/08.jpg","http:\/\/mm.howkuai.com\/wp-content\/uploads\/2014a\/01\/64\/09.jpg"]},{"plaintext":"\u7f8e\u4e73\u5ae9\u6a21\u4e3a\u6e38\u620f\u62cd\u5199\u771f\uff0c\u5404\u79cd\u98ce\u683c\u5438\u4eba\u773c\u7403","href":"http:\/\/www.meizitu.com\/a\/3980.html","pic_list":["http:\/\/mm.howkuai.com\/wp-content\/uploads\/2014a\/01\/44\/01.jpg","http:\/\/mm.howkuai.com\/wp-content\/uploads\/2014a\/01\/44\/02.jpg","http:\/\/mm.howkuai.com\/wp-content\/uploads\/2014a\/01\/44\/03.jpg","http:\/\/mm.howkuai.com\/wp-content\/uploads\/2014a\/01\/44\/04.jpg","http:\/\/mm.howkuai.com\/wp-content\/uploads\/2014a\/01\/44\/05.jpg","http:\/\/mm.howkuai.com\/wp-content\/uploads\/2014a\/01\/44\/06.jpg","http:\/\/mm.howkuai.com\/wp-content\/uploads\/2014a\/01\/44\/07.jpg","http:\/\/mm.howkuai.com\/wp-content\/uploads\/2014a\/01\/44\/08.jpg"]},{"plaintext":"\u5ae9\u6a21\u9e7f\u5c0f\u831c\u7684\u5ba4\u5185\u79c1\u623f\u56fe\u7247","href":"http:\/\/www.meizitu.com\/a\/3967.html","pic_list":["http:\/\/mm.howkuai.com\/wp-content\/uploads\/2014a\/01\/34\/01.jpg","http:\/\/mm.howkuai.com\/wp-content\/uploads\/2014a\/01\/34\/02.jpg","http:\/\/mm.howkuai.com\/wp-content\/uploads\/2014a\/01\/34\/03.jpg","http:\/\/mm.howkuai.com\/wp-content\/uploads\/2014a\/01\/34\/04.jpg","http:\/\/mm.howkuai.com\/wp-content\/uploads\/2014a\/01\/34\/05.jpg","http:\/\/mm.howkuai.com\/wp-content\/uploads\/2014a\/01\/34\/06.jpg","http:\/\/mm.howkuai.com\/wp-content\/uploads\/2014a\/01\/34\/07.jpg","http:\/\/mm.howkuai.com\/wp-content\/uploads\/2014a\/01\/34\/08.jpg","http:\/\/mm.howkuai.com\/wp-content\/uploads\/2014a\/01\/34\/09.jpg","http:\/\/mm.howkuai.com\/wp-content\/uploads\/2014a\/01\/34\/10.jpg","http:\/\/mm.howkuai.com\/wp-content\/uploads\/2014a\/01\/34\/11.jpg"]},{"plaintext":"\u5168\u88f8\u6a21\u7279\u4ec5\u6709\u4e00\u70b9\u906e\u7f9e\u5e03\u5360\u5c3d\u98ce\u6d41","href":"http:\/\/www.meizitu.com\/a\/3942.html","pic_list":["http:\/\/mm.howkuai.com\/wp-content\/uploads\/2014a\/01\/10\/01.jpg","http:\/\/mm.howkuai.com\/wp-content\/uploads\/2014a\/01\/10\/02.jpg","http:\/\/mm.howkuai.com\/wp-content\/uploads\/2014a\/01\/10\/03.jpg","http:\/\/mm.howkuai.com\/wp-content\/uploads\/2014a\/01\/10\/04.jpg","http:\/\/mm.howkuai.com\/wp-content\/uploads\/2014a\/01\/10\/05.jpg","http:\/\/mm.howkuai.com\/wp-content\/uploads\/2014a\/01\/10\/06.jpg","http:\/\/mm.howkuai.com\/wp-content\/uploads\/2014a\/01\/10\/07.jpg"]},{"plaintext":"90\u540e\u5ae9\u6a21\u4e8e\u5965\u8feaQ7\u4e89\u593a\u6597\u8273","href":"http:\/\/www.meizitu.com\/a\/3939.html","pic_list":["http:\/\/mm.howkuai.com\/wp-content\/uploads\/2014a\/01\/06\/01.jpg","http:\/\/mm.howkuai.com\/wp-content\/uploads\/2014a\/01\/06\/02.jpg","http:\/\/mm.howkuai.com\/wp-content\/uploads\/2014a\/01\/06\/03.jpg","http:\/\/mm.howkuai.com\/wp-content\/uploads\/2014a\/01\/06\/04.jpg","http:\/\/mm.howkuai.com\/wp-content\/uploads\/2014a\/01\/06\/05.jpg","http:\/\/mm.howkuai.com\/wp-content\/uploads\/2014a\/01\/06\/06.jpg","http:\/\/mm.howkuai.com\/wp-content\/uploads\/2014a\/01\/06\/07.jpg","http:\/\/mm.howkuai.com\/wp-content\/uploads\/2014a\/01\/06\/08.jpg","http:\/\/mm.howkuai.com\/wp-content\/uploads\/2014a\/01\/06\/09.jpg"]},{"plaintext":"[\u56fd\u5185\u6a21\u7279]\u5982\u6b64\u6027\u611f\u7684\u7530\u4f9d\u4f9d","href":"http:\/\/www.meizitu.com\/a\/3936.html","pic_list":["http:\/\/mm.howkuai.com\/wp-content\/uploads\/2014a\/01\/03\/01.jpg","http:\/\/mm.howkuai.com\/wp-content\/uploads\/2014a\/01\/03\/02.jpg","http:\/\/mm.howkuai.com\/wp-content\/uploads\/2014a\/01\/03\/03.jpg","http:\/\/mm.howkuai.com\/wp-content\/uploads\/2014a\/01\/03\/04.jpg","http:\/\/mm.howkuai.com\/wp-content\/uploads\/2014a\/01\/03\/05.jpg","http:\/\/mm.howkuai.com\/wp-content\/uploads\/2014a\/01\/03\/06.jpg","http:\/\/mm.howkuai.com\/wp-content\/uploads\/2014a\/01\/03\/07.jpg","http:\/\/mm.howkuai.com\/wp-content\/uploads\/2014a\/01\/03\/08.jpg","http:\/\/mm.howkuai.com\/wp-content\/uploads\/2014a\/01\/03\/09.jpg"]},{"plaintext":"\u5a40\u5a1c\u591a\u59ff\u7684\u56fd\u5185\u751c\u7f8e\u6a21\u7279","href":"http:\/\/www.meizitu.com\/a\/3932.html","pic_list":["http:\/\/mm.howkuai.com\/wp-content\/uploads\/2013a\/12\/67\/01.jpg","http:\/\/mm.howkuai.com\/wp-content\/uploads\/2013a\/12\/67\/02.jpg","http:\/\/mm.howkuai.com\/wp-content\/uploads\/2013a\/12\/67\/03.jpg","http:\/\/mm.howkuai.com\/wp-content\/uploads\/2013a\/12\/67\/04.jpg","http:\/\/mm.howkuai.com\/wp-content\/uploads\/2013a\/12\/67\/05.jpg","http:\/\/mm.howkuai.com\/wp-content\/uploads\/2013a\/12\/67\/06.jpg","http:\/\/mm.howkuai.com\/wp-content\/uploads\/2013a\/12\/67\/07.jpg","http:\/\/mm.howkuai.com\/wp-content\/uploads\/2013a\/12\/67\/08.jpg","http:\/\/mm.howkuai.com\/wp-content\/uploads\/2013a\/12\/67\/09.jpg"]},{"plaintext":"\u5ae9\u6a21\u5c0f\u7f8e\u5168\u88f8\u8d3a\u5c81\u79c1\u623f\u7247","href":"http:\/\/www.meizitu.com\/a\/3921.html","pic_list":["http:\/\/mm.howkuai.com\/wp-content\/uploads\/2013a\/12\/57\/01.jpg","http:\/\/mm.howkuai.com\/wp-content\/uploads\/2013a\/12\/57\/02.jpg","http:\/\/mm.howkuai.com\/wp-content\/uploads\/2013a\/12\/57\/03.jpg"]},{"plaintext":"\u5bbe\u5229\u6027\u611f\u8f66\u6a21\u9f9a\u53f6\u8f69\u9ed1\u4e1d\u4e0a\u9635","href":"http:\/\/www.meizitu.com\/a\/3909.html","pic_list":["http:\/\/mm.howkuai.com\/wp-content\/uploads\/2013a\/12\/45\/01.jpg","http:\/\/mm.howkuai.com\/wp-content\/uploads\/2013a\/12\/45\/02.jpg","http:\/\/mm.howkuai.com\/wp-content\/uploads\/2013a\/12\/45\/03.jpg","http:\/\/mm.howkuai.com\/wp-content\/uploads\/2013a\/12\/45\/04.jpg","http:\/\/mm.howkuai.com\/wp-content\/uploads\/2013a\/12\/45\/05.jpg","http:\/\/mm.howkuai.com\/wp-content\/uploads\/2013a\/12\/45\/06.jpg","http:\/\/mm.howkuai.com\/wp-content\/uploads\/2013a\/12\/45\/07.jpg","http:\/\/mm.howkuai.com\/wp-content\/uploads\/2013a\/12\/45\/08.jpg","http:\/\/mm.howkuai.com\/wp-content\/uploads\/2013a\/12\/45\/09.jpg"]},{"plaintext":"\u5927\u4f17cc\u5e74\u5ea6\u6700\u7f8e'\u8f66\u6a21'","href":"http:\/\/www.meizitu.com\/a\/3900.html","pic_list":["http:\/\/mm.howkuai.com\/wp-content\/uploads\/2013a\/12\/36\/01.jpg","http:\/\/mm.howkuai.com\/wp-content\/uploads\/2013a\/12\/36\/02.jpg","http:\/\/mm.howkuai.com\/wp-content\/uploads\/2013a\/12\/36\/03.jpg","http:\/\/mm.howkuai.com\/wp-content\/uploads\/2013a\/12\/36\/04.jpg","http:\/\/mm.howkuai.com\/wp-content\/uploads\/2013a\/12\/36\/05.jpg","http:\/\/mm.howkuai.com\/wp-content\/uploads\/2013a\/12\/36\/06.jpg"]},{"plaintext":"\u6027\u611f\u5c24\u7269\u53ef\u4e50\uff0c\u5e73\u9762\u6a21\u7279\u513f\u95fa\u623f\u5199\u771f","href":"http:\/\/www.meizitu.com\/a\/3872.html","pic_list":["http:\/\/mm.howkuai.com\/wp-content\/uploads\/2013a\/12\/08\/01.jpg","http:\/\/mm.howkuai.com\/wp-content\/uploads\/2013a\/12\/08\/02.jpg","http:\/\/mm.howkuai.com\/wp-content\/uploads\/2013a\/12\/08\/03.jpg","http:\/\/mm.howkuai.com\/wp-content\/uploads\/2013a\/12\/08\/04.jpg","http:\/\/mm.howkuai.com\/wp-content\/uploads\/2013a\/12\/08\/05.jpg"]}]