[{"plaintext":"\u9648\u6021\u66fc\u5168\u88f8\u7c89\u5ae9\u80f4\u4f53\u8089\u4f53\u8bf1\u60d1","href":"http:\/\/www.meizitu.com\/a\/3633.html","pic_list":["http:\/\/mm.howkuai.com\/wp-content\/uploads\/2013a\/06\/34\/01.jpg","http:\/\/mm.howkuai.com\/wp-content\/uploads\/2013a\/06\/34\/02.jpg","http:\/\/mm.howkuai.com\/wp-content\/uploads\/2013a\/06\/34\/03.jpg","http:\/\/mm.howkuai.com\/wp-content\/uploads\/2013a\/06\/34\/04.jpg","http:\/\/mm.howkuai.com\/wp-content\/uploads\/2013a\/06\/34\/05.jpg","http:\/\/mm.howkuai.com\/wp-content\/uploads\/2013a\/06\/34\/06.jpg","http:\/\/mm.howkuai.com\/wp-content\/uploads\/2013a\/06\/34\/07.jpg","http:\/\/mm.howkuai.com\/wp-content\/uploads\/2013a\/06\/34\/08.jpg","http:\/\/mm.howkuai.com\/wp-content\/uploads\/2013a\/06\/34\/09.jpg"]},{"plaintext":"\u65f6\u4e0b\u6700\u70ed\u5b85\u7537\u5973\u795e\u674e\u96ef\u5185\u8863\u79c1\u623f\u7f8e\u7edd\u4eba\u5bf0","href":"http:\/\/www.meizitu.com\/a\/3613.html","pic_list":["http:\/\/mm.howkuai.com\/wp-content\/uploads\/2013a\/06\/14\/01.jpg","http:\/\/mm.howkuai.com\/wp-content\/uploads\/2013a\/06\/14\/02.jpg","http:\/\/mm.howkuai.com\/wp-content\/uploads\/2013a\/06\/14\/03.jpg","http:\/\/mm.howkuai.com\/wp-content\/uploads\/2013a\/06\/14\/04.jpg","http:\/\/mm.howkuai.com\/wp-content\/uploads\/2013a\/06\/14\/05.jpg","http:\/\/mm.howkuai.com\/wp-content\/uploads\/2013a\/06\/14\/06.jpg","http:\/\/mm.howkuai.com\/wp-content\/uploads\/2013a\/06\/14\/07.jpg","http:\/\/mm.howkuai.com\/wp-content\/uploads\/2013a\/06\/14\/08.jpg","http:\/\/mm.howkuai.com\/wp-content\/uploads\/2013a\/06\/14\/09.jpg","http:\/\/mm.howkuai.com\/wp-content\/uploads\/2013a\/06\/14\/10.jpg","http:\/\/mm.howkuai.com\/wp-content\/uploads\/2013a\/06\/14\/11.jpg","http:\/\/mm.howkuai.com\/wp-content\/uploads\/2013a\/06\/14\/12.jpg","http:\/\/mm.howkuai.com\/wp-content\/uploads\/2013a\/06\/14\/13.jpg"]},{"plaintext":"\u5de8\u4e73\u5973\u795e\u5f20\u4f18\u65e5\u7cfb\u5a07\u5ae9\u79c1\u623f","href":"http:\/\/www.meizitu.com\/a\/3609.html","pic_list":["http:\/\/mm.howkuai.com\/wp-content\/uploads\/2013a\/06\/10\/01.jpg","http:\/\/mm.howkuai.com\/wp-content\/uploads\/2013a\/06\/10\/02.jpg","http:\/\/mm.howkuai.com\/wp-content\/uploads\/2013a\/06\/10\/03.jpg","http:\/\/mm.howkuai.com\/wp-content\/uploads\/2013a\/06\/10\/04.jpg","http:\/\/mm.howkuai.com\/wp-content\/uploads\/2013a\/06\/10\/05.jpg","http:\/\/mm.howkuai.com\/wp-content\/uploads\/2013a\/06\/10\/06.jpg","http:\/\/mm.howkuai.com\/wp-content\/uploads\/2013a\/06\/10\/07.jpg"]},{"plaintext":"\u6781\u81f4\u8bf1\u60d1,\u5973\u795e\u674e\u96ef\u88abYS\u542e\u5438JY","href":"http:\/\/www.meizitu.com\/a\/3607.html","pic_list":["http:\/\/mm.howkuai.com\/wp-content\/uploads\/2013a\/06\/08\/01.jpg","http:\/\/mm.howkuai.com\/wp-content\/uploads\/2013a\/06\/08\/02.jpg","http:\/\/mm.howkuai.com\/wp-content\/uploads\/2013a\/06\/08\/03.jpg","http:\/\/mm.howkuai.com\/wp-content\/uploads\/2013a\/06\/08\/06.jpg","http:\/\/mm.howkuai.com\/wp-content\/uploads\/2013a\/06\/08\/07.jpg","http:\/\/mm.howkuai.com\/wp-content\/uploads\/2013a\/06\/08\/08.jpg","http:\/\/mm.howkuai.com\/wp-content\/uploads\/2013a\/06\/08\/09.jpg","http:\/\/mm.howkuai.com\/wp-content\/uploads\/2013a\/06\/08\/10.jpg","http:\/\/mm.howkuai.com\/wp-content\/uploads\/2013a\/06\/08\/11.jpg"]},{"plaintext":"\u5973\u795e\u674e\u96ef\u6027\u611f\u79c1\u623f\u4e0d\u7a7f\u88e4\u5b50\u6311\u9017\u5b85\u7537","href":"http:\/\/www.meizitu.com\/a\/3604.html","pic_list":["http:\/\/mm.howkuai.com\/wp-content\/uploads\/2013a\/06\/05\/01.jpg","http:\/\/mm.howkuai.com\/wp-content\/uploads\/2013a\/06\/05\/02.jpg","http:\/\/mm.howkuai.com\/wp-content\/uploads\/2013a\/06\/05\/03.jpg","http:\/\/mm.howkuai.com\/wp-content\/uploads\/2013a\/06\/05\/04.jpg","http:\/\/mm.howkuai.com\/wp-content\/uploads\/2013a\/06\/05\/05.jpg","http:\/\/mm.howkuai.com\/wp-content\/uploads\/2013a\/06\/05\/06.jpg","http:\/\/mm.howkuai.com\/wp-content\/uploads\/2013a\/06\/05\/07.jpg","http:\/\/mm.howkuai.com\/wp-content\/uploads\/2013a\/06\/05\/08.jpg","http:\/\/mm.howkuai.com\/wp-content\/uploads\/2013a\/06\/05\/09.jpg","http:\/\/mm.howkuai.com\/wp-content\/uploads\/2013a\/06\/05\/10.jpg","http:\/\/mm.howkuai.com\/wp-content\/uploads\/2013a\/06\/05\/11.jpg","http:\/\/mm.howkuai.com\/wp-content\/uploads\/2013a\/06\/05\/12.jpg"]},{"plaintext":"\u5c24\u7269\u97e9\u5b50\u8431\u65e9\u671f\u4f5c\u54c1\u7a1a\u5ae9\u9752\u6da9","href":"http:\/\/www.meizitu.com\/a\/3592.html","pic_list":["http:\/\/mm.howkuai.com\/wp-content\/uploads\/2013a\/05\/37\/01.jpg","http:\/\/mm.howkuai.com\/wp-content\/uploads\/2013a\/05\/37\/02.jpg","http:\/\/mm.howkuai.com\/wp-content\/uploads\/2013a\/05\/37\/03.jpg","http:\/\/mm.howkuai.com\/wp-content\/uploads\/2013a\/05\/37\/04.jpg","http:\/\/mm.howkuai.com\/wp-content\/uploads\/2013a\/05\/37\/05.jpg","http:\/\/mm.howkuai.com\/wp-content\/uploads\/2013a\/05\/37\/06.jpg","http:\/\/mm.howkuai.com\/wp-content\/uploads\/2013a\/05\/37\/07.jpg"]},{"plaintext":"\u7ae5\u989c\u5de8\u4e73\u5973\u795e\u5f20\u4f18\u751c\u7f8e\u8bf1\u60d1","href":"http:\/\/www.meizitu.com\/a\/3583.html","pic_list":["http:\/\/mm.howkuai.com\/wp-content\/uploads\/2013a\/05\/28\/01.jpg","http:\/\/mm.howkuai.com\/wp-content\/uploads\/2013a\/05\/28\/02.jpg","http:\/\/mm.howkuai.com\/wp-content\/uploads\/2013a\/05\/28\/03.jpg","http:\/\/mm.howkuai.com\/wp-content\/uploads\/2013a\/05\/28\/04.jpg","http:\/\/mm.howkuai.com\/wp-content\/uploads\/2013a\/05\/28\/05.jpg","http:\/\/mm.howkuai.com\/wp-content\/uploads\/2013a\/05\/28\/06.jpg","http:\/\/mm.howkuai.com\/wp-content\/uploads\/2013a\/05\/28\/07.jpg"]},{"plaintext":"\u7f51\u7edc\u7ea2\u4eba\u9ec4\u4e00\u7433\u9633\u5149\u5916\u62cd","href":"http:\/\/www.meizitu.com\/a\/3574.html","pic_list":["http:\/\/mm.howkuai.com\/wp-content\/uploads\/2013a\/05\/19\/01.jpg","http:\/\/mm.howkuai.com\/wp-content\/uploads\/2013a\/05\/19\/02.jpg","http:\/\/mm.howkuai.com\/wp-content\/uploads\/2013a\/05\/19\/03.jpg","http:\/\/mm.howkuai.com\/wp-content\/uploads\/2013a\/05\/19\/04.jpg","http:\/\/mm.howkuai.com\/wp-content\/uploads\/2013a\/05\/19\/05.jpg","http:\/\/mm.howkuai.com\/wp-content\/uploads\/2013a\/05\/19\/06.jpg","http:\/\/mm.howkuai.com\/wp-content\/uploads\/2013a\/05\/19\/07.jpg","http:\/\/mm.howkuai.com\/wp-content\/uploads\/2013a\/05\/19\/08.jpg","http:\/\/mm.howkuai.com\/wp-content\/uploads\/2013a\/05\/19\/09.jpg","http:\/\/mm.howkuai.com\/wp-content\/uploads\/2013a\/05\/19\/10.jpg","http:\/\/mm.howkuai.com\/wp-content\/uploads\/2013a\/05\/19\/11.jpg"]},{"plaintext":"\u6027\u611f\u5c24\u7269\u91d1\u7f8e\u8f9b\u5168\u88f8\u6742\u5fd7\u5927\u7247","href":"http:\/\/www.meizitu.com\/a\/3572.html","pic_list":["http:\/\/mm.howkuai.com\/wp-content\/uploads\/2013a\/05\/17\/01.jpg","http:\/\/mm.howkuai.com\/wp-content\/uploads\/2013a\/05\/17\/02.jpg","http:\/\/mm.howkuai.com\/wp-content\/uploads\/2013a\/05\/17\/03.jpg","http:\/\/mm.howkuai.com\/wp-content\/uploads\/2013a\/05\/17\/04.jpg","http:\/\/mm.howkuai.com\/wp-content\/uploads\/2013a\/05\/17\/05.jpg"]},{"plaintext":"\u6797\u5cf0\u524d\u5973\u53cb\u6f58\u971c\u971c\u6027\u611f\u9165\u80f8\u5199\u771f","href":"http:\/\/www.meizitu.com\/a\/3567.html","pic_list":["http:\/\/mm.howkuai.com\/wp-content\/uploads\/2013a\/05\/12\/01.jpg","http:\/\/mm.howkuai.com\/wp-content\/uploads\/2013a\/05\/12\/02.jpg","http:\/\/mm.howkuai.com\/wp-content\/uploads\/2013a\/05\/12\/03.jpg","http:\/\/mm.howkuai.com\/wp-content\/uploads\/2013a\/05\/12\/04.jpg","http:\/\/mm.howkuai.com\/wp-content\/uploads\/2013a\/05\/12\/05.jpg","http:\/\/mm.howkuai.com\/wp-content\/uploads\/2013a\/05\/12\/06.jpg","http:\/\/mm.howkuai.com\/wp-content\/uploads\/2013a\/05\/12\/07.jpg"]},{"plaintext":"\u5c24\u7269\u5f20\u5df2\u6842\u65e0\u6bd4\u6027\u611f\u950b\u8292\u6bd5\u9732","href":"http:\/\/www.meizitu.com\/a\/3563.html","pic_list":["http:\/\/mm.howkuai.com\/wp-content\/uploads\/2013a\/05\/08\/01.jpg","http:\/\/mm.howkuai.com\/wp-content\/uploads\/2013a\/05\/08\/02.jpg","http:\/\/mm.howkuai.com\/wp-content\/uploads\/2013a\/05\/08\/03.jpg","http:\/\/mm.howkuai.com\/wp-content\/uploads\/2013a\/05\/08\/04.jpg"]},{"plaintext":"\u53f6\u6893\u8431\u7c89\u7ea2\u83f2\u83f2\u5999\u66fc\u8eab\u59ff","href":"http:\/\/www.meizitu.com\/a\/3562.html","pic_list":["http:\/\/mm.howkuai.com\/wp-content\/uploads\/2013a\/05\/07\/01.jpg","http:\/\/mm.howkuai.com\/wp-content\/uploads\/2013a\/05\/07\/02.jpg","http:\/\/mm.howkuai.com\/wp-content\/uploads\/2013a\/05\/07\/03.jpg","http:\/\/mm.howkuai.com\/wp-content\/uploads\/2013a\/05\/07\/04.jpg"]},{"plaintext":"\u5983\u5c0f\u7f8e\u5168\u88f8\u4e0e\u7537\u6a21\u6d74\u7f38\u7f20\u7ef5\uff0c\u5c3a\u5ea6\u6781\u5927","href":"http:\/\/www.meizitu.com\/a\/3553.html","pic_list":["http:\/\/mm.howkuai.com\/wp-content\/uploads\/2013a\/04\/35\/01.jpg","http:\/\/mm.howkuai.com\/wp-content\/uploads\/2013a\/04\/35\/02.jpg","http:\/\/mm.howkuai.com\/wp-content\/uploads\/2013a\/04\/35\/03.jpg","http:\/\/mm.howkuai.com\/wp-content\/uploads\/2013a\/04\/35\/04.jpg","http:\/\/mm.howkuai.com\/wp-content\/uploads\/2013a\/04\/35\/05.jpg","http:\/\/mm.howkuai.com\/wp-content\/uploads\/2013a\/04\/35\/06.jpg","http:\/\/mm.howkuai.com\/wp-content\/uploads\/2013a\/04\/35\/07.jpg","http:\/\/mm.howkuai.com\/wp-content\/uploads\/2013a\/04\/35\/08.jpg","http:\/\/mm.howkuai.com\/wp-content\/uploads\/2013a\/04\/35\/09.jpg"]},{"plaintext":"\u5c24\u7269JEANA\u91ce\u5916\u6027\u611f\u59ff\u52bf\u6311\u9017","href":"http:\/\/www.meizitu.com\/a\/3552.html","pic_list":["http:\/\/mm.howkuai.com\/wp-content\/uploads\/2013a\/04\/34\/01.jpg","http:\/\/mm.howkuai.com\/wp-content\/uploads\/2013a\/04\/34\/02.jpg","http:\/\/mm.howkuai.com\/wp-content\/uploads\/2013a\/04\/34\/03.jpg","http:\/\/mm.howkuai.com\/wp-content\/uploads\/2013a\/04\/34\/04.jpg","http:\/\/mm.howkuai.com\/wp-content\/uploads\/2013a\/04\/34\/05.jpg"]},{"plaintext":"2013\u4e0a\u6d77\u8f66\u5c55\u90ed\u5a77\u745c\u5f20\u5df2\u6842\u7b49\u540d\u6a21\u6027\u611f\u7f8e\u8273\u5168\u573a","href":"http:\/\/www.meizitu.com\/a\/3547.html","pic_list":["http:\/\/mm.howkuai.com\/wp-content\/uploads\/2013a\/04\/29\/01.jpg","http:\/\/mm.howkuai.com\/wp-content\/uploads\/2013a\/04\/29\/02.jpg","http:\/\/mm.howkuai.com\/wp-content\/uploads\/2013a\/04\/29\/03.jpg","http:\/\/mm.howkuai.com\/wp-content\/uploads\/2013a\/04\/29\/04.jpg","http:\/\/mm.howkuai.com\/wp-content\/uploads\/2013a\/04\/29\/05.jpg","http:\/\/mm.howkuai.com\/wp-content\/uploads\/2013a\/04\/29\/06.jpg","http:\/\/mm.howkuai.com\/wp-content\/uploads\/2013a\/04\/29\/07.jpg","http:\/\/mm.howkuai.com\/wp-content\/uploads\/2013a\/04\/29\/08.jpg","http:\/\/mm.howkuai.com\/wp-content\/uploads\/2013a\/04\/29\/09.jpg","http:\/\/mm.howkuai.com\/wp-content\/uploads\/2013a\/04\/29\/10.jpg","http:\/\/mm.howkuai.com\/wp-content\/uploads\/2013a\/04\/29\/11.jpg"]},{"plaintext":"\u6781\u54c1\u5973\u795e\u79c1\u623f\u53cc\u4e73\u5706\u6da6\u7f8e\u8273\u52a8\u4eba","href":"http:\/\/www.meizitu.com\/a\/3534.html","pic_list":["http:\/\/mm.howkuai.com\/wp-content\/uploads\/2013a\/04\/16\/01.jpg","http:\/\/mm.howkuai.com\/wp-content\/uploads\/2013a\/04\/16\/02.jpg","http:\/\/mm.howkuai.com\/wp-content\/uploads\/2013a\/04\/16\/03.jpg","http:\/\/mm.howkuai.com\/wp-content\/uploads\/2013a\/04\/16\/04.jpg","http:\/\/mm.howkuai.com\/wp-content\/uploads\/2013a\/04\/16\/05.jpg","http:\/\/mm.howkuai.com\/wp-content\/uploads\/2013a\/04\/16\/06.jpg","http:\/\/mm.howkuai.com\/wp-content\/uploads\/2013a\/04\/16\/07.jpg","http:\/\/mm.howkuai.com\/wp-content\/uploads\/2013a\/04\/16\/08.jpg","http:\/\/mm.howkuai.com\/wp-content\/uploads\/2013a\/04\/16\/09.jpg"]}]