[{"plaintext":"\u80a9\u82e5\u524a\u6210\uff0c\u8170\u82e5\u7ea6\u7d20\uff0c\u7f8e\u4e3d\u6027\u611f\u7684\u53f2\u96e8\u59d0\u59d0","href":"http:\/\/www.meizitu.com\/a\/4617.html","pic_list":["http:\/\/mm.howkuai.com\/wp-content\/uploads\/2014a\/11\/25\/01.jpg","http:\/\/mm.howkuai.com\/wp-content\/uploads\/2014a\/11\/25\/02.jpg","http:\/\/mm.howkuai.com\/wp-content\/uploads\/2014a\/11\/25\/03.jpg","http:\/\/mm.howkuai.com\/wp-content\/uploads\/2014a\/11\/25\/04.jpg","http:\/\/mm.howkuai.com\/wp-content\/uploads\/2014a\/11\/25\/05.jpg"]},{"plaintext":"\u660e\u7738\u5584\u7750\uff0c\u6e05\u7eaf\u5973\u795e\u7684\u8ff7\u4eba\u795e\u6001","href":"http:\/\/www.meizitu.com\/a\/4550.html","pic_list":["http:\/\/mm.howkuai.com\/wp-content\/uploads\/2014a\/10\/36\/01.jpg","http:\/\/mm.howkuai.com\/wp-content\/uploads\/2014a\/10\/36\/02.jpg","http:\/\/mm.howkuai.com\/wp-content\/uploads\/2014a\/10\/36\/03.jpg","http:\/\/mm.howkuai.com\/wp-content\/uploads\/2014a\/10\/36\/04.jpg","http:\/\/mm.howkuai.com\/wp-content\/uploads\/2014a\/10\/36\/05.jpg","http:\/\/mm.howkuai.com\/wp-content\/uploads\/2014a\/10\/36\/06.jpg","http:\/\/mm.howkuai.com\/wp-content\/uploads\/2014a\/10\/36\/07.jpg","http:\/\/mm.howkuai.com\/wp-content\/uploads\/2014a\/10\/36\/08.jpg"]},{"plaintext":"\u5973\u795e\u8303\u5341\u8db3\uff0c\u697c\u9053\u91cc\u8ba9\u4eba\u55b7\u8840\u7684\u5b8c\u7f8e\u8eab\u6750","href":"http:\/\/www.meizitu.com\/a\/4524.html","pic_list":["http:\/\/mm.howkuai.com\/wp-content\/uploads\/2014a\/10\/11\/01.jpg","http:\/\/mm.howkuai.com\/wp-content\/uploads\/2014a\/10\/11\/02.jpg","http:\/\/mm.howkuai.com\/wp-content\/uploads\/2014a\/10\/11\/03.jpg","http:\/\/mm.howkuai.com\/wp-content\/uploads\/2014a\/10\/11\/04.jpg","http:\/\/mm.howkuai.com\/wp-content\/uploads\/2014a\/10\/11\/05.jpg","http:\/\/mm.howkuai.com\/wp-content\/uploads\/2014a\/10\/11\/06.jpg"]},{"plaintext":"\u6c14\u8d28\u4f73\u4eba\uff0c\u8d85\u597d\u8eab\u6750\u7684\u5973\u795e\u6f14\u7ece\u5b8c\u7f8e\u5a5a\u7eb1","href":"http:\/\/www.meizitu.com\/a\/4508.html","pic_list":["http:\/\/mm.howkuai.com\/wp-content\/uploads\/2014a\/09\/53\/01.jpg","http:\/\/mm.howkuai.com\/wp-content\/uploads\/2014a\/09\/53\/02.jpg","http:\/\/mm.howkuai.com\/wp-content\/uploads\/2014a\/09\/53\/03.jpg","http:\/\/mm.howkuai.com\/wp-content\/uploads\/2014a\/09\/53\/04.jpg","http:\/\/mm.howkuai.com\/wp-content\/uploads\/2014a\/09\/53\/05.jpg","http:\/\/mm.howkuai.com\/wp-content\/uploads\/2014a\/09\/53\/06.jpg","http:\/\/mm.howkuai.com\/wp-content\/uploads\/2014a\/09\/53\/07.jpg","http:\/\/mm.howkuai.com\/wp-content\/uploads\/2014a\/09\/53\/08.jpg"]},{"plaintext":"\u4f60\u597d\uff0c\u9633\u5149\uff0c\u9648\u6021\u66fc\u7684\u5185\u8863\u79c1\u623f\u5199\u771f","href":"http:\/\/www.meizitu.com\/a\/4494.html","pic_list":["http:\/\/mm.howkuai.com\/wp-content\/uploads\/2014a\/09\/39\/01.jpg","http:\/\/mm.howkuai.com\/wp-content\/uploads\/2014a\/09\/39\/02.jpg","http:\/\/mm.howkuai.com\/wp-content\/uploads\/2014a\/09\/39\/03.jpg","http:\/\/mm.howkuai.com\/wp-content\/uploads\/2014a\/09\/39\/04.jpg","http:\/\/mm.howkuai.com\/wp-content\/uploads\/2014a\/09\/39\/05.jpg","http:\/\/mm.howkuai.com\/wp-content\/uploads\/2014a\/09\/39\/06.jpg"]},{"plaintext":"[MyGirl]\u7b2c25\u671f\u6a21\u7279@Anna\u5f90\u5b50\u7426","href":"http:\/\/www.meizitu.com\/a\/4478.html","pic_list":["http:\/\/mm.howkuai.com\/wp-content\/uploads\/2014a\/09\/23\/01.jpg","http:\/\/mm.howkuai.com\/wp-content\/uploads\/2014a\/09\/23\/02.jpg","http:\/\/mm.howkuai.com\/wp-content\/uploads\/2014a\/09\/23\/03.jpg","http:\/\/mm.howkuai.com\/wp-content\/uploads\/2014a\/09\/23\/04.jpg","http:\/\/mm.howkuai.com\/wp-content\/uploads\/2014a\/09\/23\/05.jpg","http:\/\/mm.howkuai.com\/wp-content\/uploads\/2014a\/09\/23\/06.jpg","http:\/\/mm.howkuai.com\/wp-content\/uploads\/2014a\/09\/23\/07.jpg"]},{"plaintext":"[MyGirl]\u7b2c\u5341\u4e03\u671f\u5973\u795e\u738b\u99a8\u7476yanni","href":"http:\/\/www.meizitu.com\/a\/4471.html","pic_list":["http:\/\/mm.howkuai.com\/wp-content\/uploads\/2014a\/09\/16\/01.jpg","http:\/\/mm.howkuai.com\/wp-content\/uploads\/2014a\/09\/16\/02.jpg","http:\/\/mm.howkuai.com\/wp-content\/uploads\/2014a\/09\/16\/03.jpg","http:\/\/mm.howkuai.com\/wp-content\/uploads\/2014a\/09\/16\/04.jpg","http:\/\/mm.howkuai.com\/wp-content\/uploads\/2014a\/09\/16\/05.jpg","http:\/\/mm.howkuai.com\/wp-content\/uploads\/2014a\/09\/16\/06.jpg","http:\/\/mm.howkuai.com\/wp-content\/uploads\/2014a\/09\/16\/07.jpg"]},{"plaintext":"\u4e30\u6ee1\u52a8\u4eba\u7684\u5973\u795e\u732a\u732a\u6cf3\u88c5\u79c0","href":"http:\/\/www.meizitu.com\/a\/4468.html","pic_list":["http:\/\/mm.howkuai.com\/wp-content\/uploads\/2014a\/09\/14\/01.jpg","http:\/\/mm.howkuai.com\/wp-content\/uploads\/2014a\/09\/14\/02.jpg","http:\/\/mm.howkuai.com\/wp-content\/uploads\/2014a\/09\/14\/03.jpg","http:\/\/mm.howkuai.com\/wp-content\/uploads\/2014a\/09\/14\/04.jpg","http:\/\/mm.howkuai.com\/wp-content\/uploads\/2014a\/09\/14\/05.jpg","http:\/\/mm.howkuai.com\/wp-content\/uploads\/2014a\/09\/14\/06.jpg","http:\/\/mm.howkuai.com\/wp-content\/uploads\/2014a\/09\/14\/07.jpg","http:\/\/mm.howkuai.com\/wp-content\/uploads\/2014a\/09\/14\/08.jpg"]},{"plaintext":"\u6cf3\u6c60\u8fb9\u7684\u5973\u795e\u83f2\u83f2\uff0c\u795e\u6001\u52a8\u4f5c\u592a\u7f8e\u4e0d\u6562\u770b","href":"http:\/\/www.meizitu.com\/a\/4453.html","pic_list":["http:\/\/mm.howkuai.com\/wp-content\/uploads\/2014a\/08\/67\/01.jpg","http:\/\/mm.howkuai.com\/wp-content\/uploads\/2014a\/08\/67\/02.jpg","http:\/\/mm.howkuai.com\/wp-content\/uploads\/2014a\/08\/67\/03.jpg","http:\/\/mm.howkuai.com\/wp-content\/uploads\/2014a\/08\/67\/04.jpg","http:\/\/mm.howkuai.com\/wp-content\/uploads\/2014a\/08\/67\/05.jpg","http:\/\/mm.howkuai.com\/wp-content\/uploads\/2014a\/08\/67\/06.jpg","http:\/\/mm.howkuai.com\/wp-content\/uploads\/2014a\/08\/67\/07.jpg"]},{"plaintext":"\u62f3\u51fb\u53f0\u4e0a\u7684\u6027\u611f\uff0cMMA\u5973\u795e\u6e29\u59ae\u6bd4\u57fa\u5c3c\u5199\u771f","href":"http:\/\/www.meizitu.com\/a\/4440.html","pic_list":["http:\/\/mm.howkuai.com\/wp-content\/uploads\/2014a\/08\/54\/01.jpg","http:\/\/mm.howkuai.com\/wp-content\/uploads\/2014a\/08\/54\/02.jpg","http:\/\/mm.howkuai.com\/wp-content\/uploads\/2014a\/08\/54\/03.jpg","http:\/\/mm.howkuai.com\/wp-content\/uploads\/2014a\/08\/54\/04.jpg","http:\/\/mm.howkuai.com\/wp-content\/uploads\/2014a\/08\/54\/05.jpg","http:\/\/mm.howkuai.com\/wp-content\/uploads\/2014a\/08\/54\/06.jpg","http:\/\/mm.howkuai.com\/wp-content\/uploads\/2014a\/08\/54\/07.jpg","http:\/\/mm.howkuai.com\/wp-content\/uploads\/2014a\/08\/54\/08.jpg","http:\/\/mm.howkuai.com\/wp-content\/uploads\/2014a\/08\/54\/09.jpg"]},{"plaintext":"\u65e0\u5c3d\u7684\u65f7\u91ce\uff0c\u53ea\u6709\u5fe7\u6101\u7684\u51b7\u8273\u5973\u795e","href":"http:\/\/www.meizitu.com\/a\/4425.html","pic_list":["http:\/\/mm.howkuai.com\/wp-content\/uploads\/2014a\/08\/39\/01.jpg","http:\/\/mm.howkuai.com\/wp-content\/uploads\/2014a\/08\/39\/02.jpg","http:\/\/mm.howkuai.com\/wp-content\/uploads\/2014a\/08\/39\/03.jpg","http:\/\/mm.howkuai.com\/wp-content\/uploads\/2014a\/08\/39\/04.jpg","http:\/\/mm.howkuai.com\/wp-content\/uploads\/2014a\/08\/39\/05.jpg","http:\/\/mm.howkuai.com\/wp-content\/uploads\/2014a\/08\/39\/06.jpg","http:\/\/mm.howkuai.com\/wp-content\/uploads\/2014a\/08\/39\/07.jpg"]},{"plaintext":"\u591c\u573a\u5973\u795e\uff0c\u957f\u817f\u6a21\u7279\u501a\u94a2\u7ba1\u5c55\u59e3\u597d\u8eab\u6750","href":"http:\/\/www.meizitu.com\/a\/4397.html","pic_list":["http:\/\/mm.howkuai.com\/wp-content\/uploads\/2014a\/08\/11\/01.jpg","http:\/\/mm.howkuai.com\/wp-content\/uploads\/2014a\/08\/11\/02.jpg","http:\/\/mm.howkuai.com\/wp-content\/uploads\/2014a\/08\/11\/03.jpg","http:\/\/mm.howkuai.com\/wp-content\/uploads\/2014a\/08\/11\/04.jpg","http:\/\/mm.howkuai.com\/wp-content\/uploads\/2014a\/08\/11\/05.jpg","http:\/\/mm.howkuai.com\/wp-content\/uploads\/2014a\/08\/11\/06.jpg"]},{"plaintext":"\u6d51\u8eab\u90fd\u662f\u9b54\u529b\uff0c\u8ba9\u4eba\u96be\u4ee5\u6297\u62d2\u7684\u8f66\u5c55\u5973\u795e","href":"http:\/\/www.meizitu.com\/a\/4317.html","pic_list":["http:\/\/mm.howkuai.com\/wp-content\/uploads\/2014a\/07\/02\/01.jpg","http:\/\/mm.howkuai.com\/wp-content\/uploads\/2014a\/07\/02\/02.jpg","http:\/\/mm.howkuai.com\/wp-content\/uploads\/2014a\/07\/02\/03.jpg","http:\/\/mm.howkuai.com\/wp-content\/uploads\/2014a\/07\/02\/04.jpg","http:\/\/mm.howkuai.com\/wp-content\/uploads\/2014a\/07\/02\/05.jpg","http:\/\/mm.howkuai.com\/wp-content\/uploads\/2014a\/07\/02\/06.jpg","http:\/\/mm.howkuai.com\/wp-content\/uploads\/2014a\/07\/02\/07.jpg"]},{"plaintext":"\u6eaa\u8fb9\u7684\u6e05\u7eaf\u5973\u795e\uff0c\u7ea4\u7ea4\u7389\u624b\u64a9\u6eaa\u6c34","href":"http:\/\/www.meizitu.com\/a\/4289.html","pic_list":["http:\/\/mm.howkuai.com\/wp-content\/uploads\/2014a\/06\/41\/01.jpg","http:\/\/mm.howkuai.com\/wp-content\/uploads\/2014a\/06\/41\/02.jpg","http:\/\/mm.howkuai.com\/wp-content\/uploads\/2014a\/06\/41\/03.jpg","http:\/\/mm.howkuai.com\/wp-content\/uploads\/2014a\/06\/41\/04.jpg","http:\/\/mm.howkuai.com\/wp-content\/uploads\/2014a\/06\/41\/05.jpg","http:\/\/mm.howkuai.com\/wp-content\/uploads\/2014a\/06\/41\/06.jpg","http:\/\/mm.howkuai.com\/wp-content\/uploads\/2014a\/06\/41\/07.jpg"]},{"plaintext":"\u9999\u8f66\u7f8e\u5973\uff0c\u8d85\u8dd1\u5973\u795eAnna\u5199\u771f","href":"http:\/\/www.meizitu.com\/a\/4234.html","pic_list":["http:\/\/mm.howkuai.com\/wp-content\/uploads\/2014a\/05\/35\/01.jpg","http:\/\/mm.howkuai.com\/wp-content\/uploads\/2014a\/05\/35\/02.jpg","http:\/\/mm.howkuai.com\/wp-content\/uploads\/2014a\/05\/35\/03.jpg","http:\/\/mm.howkuai.com\/wp-content\/uploads\/2014a\/05\/35\/04.jpg","http:\/\/mm.howkuai.com\/wp-content\/uploads\/2014a\/05\/35\/05.jpg"]},{"plaintext":"\u5f39\u94a2\u7434\u7684\u5973\u795e\uff0c\u82e5\u9690\u82e5\u73b0\u7684\u7f8e\u4e3d","href":"http:\/\/www.meizitu.com\/a\/4227.html","pic_list":["http:\/\/mm.howkuai.com\/wp-content\/uploads\/2014a\/05\/28\/01.jpg","http:\/\/mm.howkuai.com\/wp-content\/uploads\/2014a\/05\/28\/02.jpg","http:\/\/mm.howkuai.com\/wp-content\/uploads\/2014a\/05\/28\/03.jpg","http:\/\/mm.howkuai.com\/wp-content\/uploads\/2014a\/05\/28\/04.jpg","http:\/\/mm.howkuai.com\/wp-content\/uploads\/2014a\/05\/28\/05.jpg","http:\/\/mm.howkuai.com\/wp-content\/uploads\/2014a\/05\/28\/06.jpg"]},{"plaintext":"\u98de\u989c\u5973\u795e\uff0c\u6027\u611f\u5c24\u7269\u66f9\u5b89\u5a1c\u5199\u771f","href":"http:\/\/www.meizitu.com\/a\/4161.html","pic_list":["http:\/\/mm.howkuai.com\/wp-content\/uploads\/2014a\/04\/23\/01.jpg","http:\/\/mm.howkuai.com\/wp-content\/uploads\/2014a\/04\/23\/02.jpg","http:\/\/mm.howkuai.com\/wp-content\/uploads\/2014a\/04\/23\/03.jpg","http:\/\/mm.howkuai.com\/wp-content\/uploads\/2014a\/04\/23\/04.jpg","http:\/\/mm.howkuai.com\/wp-content\/uploads\/2014a\/04\/23\/05.jpg","http:\/\/mm.howkuai.com\/wp-content\/uploads\/2014a\/04\/23\/06.jpg","http:\/\/mm.howkuai.com\/wp-content\/uploads\/2014a\/04\/23\/07.jpg"]},{"plaintext":"\u6e05\u7eaf\u957f\u53d1\u5973\u795e\u81ea\u62cd\u7167\uff0c\u597d\u4e00\u4e2a\u6c14\u8d28\u4f73\u4eba","href":"http:\/\/www.meizitu.com\/a\/4113.html","pic_list":["http:\/\/mm.howkuai.com\/wp-content\/uploads\/2014a\/03\/42\/01.jpg","http:\/\/mm.howkuai.com\/wp-content\/uploads\/2014a\/03\/42\/02.jpg","http:\/\/mm.howkuai.com\/wp-content\/uploads\/2014a\/03\/42\/03.jpg","http:\/\/mm.howkuai.com\/wp-content\/uploads\/2014a\/03\/42\/04.jpg","http:\/\/mm.howkuai.com\/wp-content\/uploads\/2014a\/03\/42\/05.jpg","http:\/\/mm.howkuai.com\/wp-content\/uploads\/2014a\/03\/42\/06.jpg"]},{"plaintext":"\u51f8\u51f9\u8eab\u6750\u6e7f\u8eab\u7684\u7edd\u8272\u5973\u795e\uff0c\u624b\u5feb\u6709\uff0c\u624b\u6162\u65e0","href":"http:\/\/www.meizitu.com\/a\/4109.html","pic_list":["http:\/\/mm.howkuai.com\/wp-content\/uploads\/2014a\/03\/38\/01.jpg","http:\/\/mm.howkuai.com\/wp-content\/uploads\/2014a\/03\/38\/02.jpg","http:\/\/mm.howkuai.com\/wp-content\/uploads\/2014a\/03\/38\/03.jpg","http:\/\/mm.howkuai.com\/wp-content\/uploads\/2014a\/03\/38\/04.jpg","http:\/\/mm.howkuai.com\/wp-content\/uploads\/2014a\/03\/38\/05.jpg","http:\/\/mm.howkuai.com\/wp-content\/uploads\/2014a\/03\/38\/06.jpg"]},{"plaintext":"\u98de\u989c\u5973\u795e\uff0c\u4e3d\u8d28\u5929\u6210\u53ef\u4eba\u5f20\u5a34\u6797","href":"http:\/\/www.meizitu.com\/a\/4084.html","pic_list":["http:\/\/mm.howkuai.com\/wp-content\/uploads\/2014a\/03\/13\/01.jpg","http:\/\/mm.howkuai.com\/wp-content\/uploads\/2014a\/03\/13\/02.jpg","http:\/\/mm.howkuai.com\/wp-content\/uploads\/2014a\/03\/13\/03.jpg","http:\/\/mm.howkuai.com\/wp-content\/uploads\/2014a\/03\/13\/04.jpg","http:\/\/mm.howkuai.com\/wp-content\/uploads\/2014a\/03\/13\/05.jpg"]},{"plaintext":"\u6c14\u8d28\u6e05\u65b0\u53ef\u7231\u559c\u6b22\u5356\u840c\u7684\u5b85\u7537\u5973\u795e\u5c0f\u6cfd","href":"http:\/\/www.meizitu.com\/a\/4066.html","pic_list":["http:\/\/mm.howkuai.com\/wp-content\/uploads\/2014a\/02\/58\/01.jpg","http:\/\/mm.howkuai.com\/wp-content\/uploads\/2014a\/02\/58\/02.jpg","http:\/\/mm.howkuai.com\/wp-content\/uploads\/2014a\/02\/58\/03.jpg","http:\/\/mm.howkuai.com\/wp-content\/uploads\/2014a\/02\/58\/04.jpg","http:\/\/mm.howkuai.com\/wp-content\/uploads\/2014a\/02\/58\/05.jpg","http:\/\/mm.howkuai.com\/wp-content\/uploads\/2014a\/02\/58\/06.jpg","http:\/\/mm.howkuai.com\/wp-content\/uploads\/2014a\/02\/58\/07.jpg"]},{"plaintext":"\u6c14\u8d28\u5973\u795e\uff0c\u98ce\u4e2d\u51cc\u4e71\u4e86\u6211\u7684\u53d1","href":"http:\/\/www.meizitu.com\/a\/4052.html","pic_list":["http:\/\/mm.howkuai.com\/wp-content\/uploads\/2014a\/02\/44\/01.jpg","http:\/\/mm.howkuai.com\/wp-content\/uploads\/2014a\/02\/44\/02.jpg","http:\/\/mm.howkuai.com\/wp-content\/uploads\/2014a\/02\/44\/03.jpg","http:\/\/mm.howkuai.com\/wp-content\/uploads\/2014a\/02\/44\/04.jpg","http:\/\/mm.howkuai.com\/wp-content\/uploads\/2014a\/02\/44\/05.jpg","http:\/\/mm.howkuai.com\/wp-content\/uploads\/2014a\/02\/44\/06.jpg","http:\/\/mm.howkuai.com\/wp-content\/uploads\/2014a\/02\/44\/07.jpg","http:\/\/mm.howkuai.com\/wp-content\/uploads\/2014a\/02\/44\/08.jpg"]},{"plaintext":"\u9752\u6625\u6d0b\u6ea2\u7684\u5de8\u4e73\u5973\u795e@\u9ec4\u53efchristine","href":"http:\/\/www.meizitu.com\/a\/4032.html","pic_list":["http:\/\/mm.howkuai.com\/wp-content\/uploads\/2014a\/02\/24\/01.jpg","http:\/\/mm.howkuai.com\/wp-content\/uploads\/2014a\/02\/24\/02.jpg","http:\/\/mm.howkuai.com\/wp-content\/uploads\/2014a\/02\/24\/03.jpg","http:\/\/mm.howkuai.com\/wp-content\/uploads\/2014a\/02\/24\/04.jpg","http:\/\/mm.howkuai.com\/wp-content\/uploads\/2014a\/02\/24\/05.jpg","http:\/\/mm.howkuai.com\/wp-content\/uploads\/2014a\/02\/24\/06.jpg"]},{"plaintext":"\u7f8e\u5a9b\u9986\u5973\u795e90\u540e\u5de8\u4e73\u5973\u751f@\u9ec4\u53efchristine","href":"http:\/\/www.meizitu.com\/a\/4025.html","pic_list":["http:\/\/mm.howkuai.com\/wp-content\/uploads\/2014a\/02\/16\/01.jpg","http:\/\/mm.howkuai.com\/wp-content\/uploads\/2014a\/02\/16\/02.jpg","http:\/\/mm.howkuai.com\/wp-content\/uploads\/2014a\/02\/16\/03.jpg","http:\/\/mm.howkuai.com\/wp-content\/uploads\/2014a\/02\/16\/04.jpg","http:\/\/mm.howkuai.com\/wp-content\/uploads\/2014a\/02\/16\/05.jpg","http:\/\/mm.howkuai.com\/wp-content\/uploads\/2014a\/02\/16\/06.jpg","http:\/\/mm.howkuai.com\/wp-content\/uploads\/2014a\/02\/16\/07.jpg","http:\/\/mm.howkuai.com\/wp-content\/uploads\/2014a\/02\/16\/08.jpg","http:\/\/mm.howkuai.com\/wp-content\/uploads\/2014a\/02\/16\/09.jpg"]},{"plaintext":"K\u5976\u5973\u795e\u6234\u4e88\u6850\u6de1\u5986\u751f\u6d3b\u7167","href":"http:\/\/www.meizitu.com\/a\/3991.html","pic_list":["http:\/\/mm.howkuai.com\/wp-content\/uploads\/2014a\/01\/55\/01.jpg","http:\/\/mm.howkuai.com\/wp-content\/uploads\/2014a\/01\/55\/02.jpg","http:\/\/mm.howkuai.com\/wp-content\/uploads\/2014a\/01\/55\/03.jpg","http:\/\/mm.howkuai.com\/wp-content\/uploads\/2014a\/01\/55\/04.jpg","http:\/\/mm.howkuai.com\/wp-content\/uploads\/2014a\/01\/55\/05.jpg","http:\/\/mm.howkuai.com\/wp-content\/uploads\/2014a\/01\/55\/06.jpg"]},{"plaintext":"\u5973\u795enancy\u5c0f\u59ff\u5927\u5c3a\u5ea6\u79c1\u623f\u56fe\u7247","href":"http:\/\/www.meizitu.com\/a\/3983.html","pic_list":["http:\/\/mm.howkuai.com\/wp-content\/uploads\/2014a\/01\/47\/01.jpg","http:\/\/mm.howkuai.com\/wp-content\/uploads\/2014a\/01\/47\/02.jpg","http:\/\/mm.howkuai.com\/wp-content\/uploads\/2014a\/01\/47\/03.jpg","http:\/\/mm.howkuai.com\/wp-content\/uploads\/2014a\/01\/47\/04.jpg","http:\/\/mm.howkuai.com\/wp-content\/uploads\/2014a\/01\/47\/05.jpg","http:\/\/mm.howkuai.com\/wp-content\/uploads\/2014a\/01\/47\/06.jpg","http:\/\/mm.howkuai.com\/wp-content\/uploads\/2014a\/01\/47\/07.jpg","http:\/\/mm.howkuai.com\/wp-content\/uploads\/2014a\/01\/47\/08.jpg","http:\/\/mm.howkuai.com\/wp-content\/uploads\/2014a\/01\/47\/09.jpg","http:\/\/mm.howkuai.com\/wp-content\/uploads\/2014a\/01\/47\/10.jpg"]},{"plaintext":"\u8eab\u6750\u8d85\u597d\u5973\u795e\u5c0f\u59ffNancy\u83f2\u5f8b\u5bbe\u6c99\u6ee9\u5916\u62cd","href":"http:\/\/www.meizitu.com\/a\/3954.html","pic_list":["http:\/\/mm.howkuai.com\/wp-content\/uploads\/2014a\/01\/21\/01.jpg","http:\/\/mm.howkuai.com\/wp-content\/uploads\/2014a\/01\/21\/02.jpg","http:\/\/mm.howkuai.com\/wp-content\/uploads\/2014a\/01\/21\/03.jpg","http:\/\/mm.howkuai.com\/wp-content\/uploads\/2014a\/01\/21\/04.jpg","http:\/\/mm.howkuai.com\/wp-content\/uploads\/2014a\/01\/21\/05.jpg","http:\/\/mm.howkuai.com\/wp-content\/uploads\/2014a\/01\/21\/06.jpg","http:\/\/mm.howkuai.com\/wp-content\/uploads\/2014a\/01\/21\/07.jpg","http:\/\/mm.howkuai.com\/wp-content\/uploads\/2014a\/01\/21\/08.jpg","http:\/\/mm.howkuai.com\/wp-content\/uploads\/2014a\/01\/21\/09.jpg","http:\/\/mm.howkuai.com\/wp-content\/uploads\/2014a\/01\/21\/10.jpg","http:\/\/mm.howkuai.com\/wp-content\/uploads\/2014a\/01\/21\/11.jpg"]},{"plaintext":"\u98de\u989c\u5973\u795e\u8303\u8bd7\u8bd7\uff0c\u6d53\u6843\u8273\u674e\u6027\u611f\u79c1\u623f","href":"http:\/\/www.meizitu.com\/a\/3947.html","pic_list":["http:\/\/mm.howkuai.com\/wp-content\/uploads\/2014a\/01\/14\/01.jpg","http:\/\/mm.howkuai.com\/wp-content\/uploads\/2014a\/01\/14\/02.jpg","http:\/\/mm.howkuai.com\/wp-content\/uploads\/2014a\/01\/14\/03.jpg","http:\/\/mm.howkuai.com\/wp-content\/uploads\/2014a\/01\/14\/04.jpg","http:\/\/mm.howkuai.com\/wp-content\/uploads\/2014a\/01\/14\/05.jpg","http:\/\/mm.howkuai.com\/wp-content\/uploads\/2014a\/01\/14\/06.jpg"]}]