[{"plaintext":"[\u5185\u8863\u5199\u771f]\u98de\u989c\u5973\u795e\u8c79\u7eb9\u5c0f\u79c1\u623f","href":"http:\/\/www.meizitu.com\/a\/3926.html","pic_list":["http:\/\/mm.howkuai.com\/wp-content\/uploads\/2013a\/12\/62\/01.jpg","http:\/\/mm.howkuai.com\/wp-content\/uploads\/2013a\/12\/62\/02.jpg","http:\/\/mm.howkuai.com\/wp-content\/uploads\/2013a\/12\/62\/03.jpg","http:\/\/mm.howkuai.com\/wp-content\/uploads\/2013a\/12\/62\/04.jpg","http:\/\/mm.howkuai.com\/wp-content\/uploads\/2013a\/12\/62\/05.jpg","http:\/\/mm.howkuai.com\/wp-content\/uploads\/2013a\/12\/62\/06.jpg","http:\/\/mm.howkuai.com\/wp-content\/uploads\/2013a\/12\/62\/07.jpg"]},{"plaintext":"\u5c0f\u6797\u5fd7\u73b2\u4e0e\u5c0f\u6a31\u4e95\u8389\u4e9a\u59d0\u59b9\u79c1\u623f","href":"http:\/\/www.meizitu.com\/a\/3925.html","pic_list":["http:\/\/mm.howkuai.com\/wp-content\/uploads\/2013a\/12\/61\/01.jpg","http:\/\/mm.howkuai.com\/wp-content\/uploads\/2013a\/12\/61\/02.jpg","http:\/\/mm.howkuai.com\/wp-content\/uploads\/2013a\/12\/61\/03.jpg","http:\/\/mm.howkuai.com\/wp-content\/uploads\/2013a\/12\/61\/04.jpg","http:\/\/mm.howkuai.com\/wp-content\/uploads\/2013a\/12\/61\/05.jpg","http:\/\/mm.howkuai.com\/wp-content\/uploads\/2013a\/12\/61\/06.jpg","http:\/\/mm.howkuai.com\/wp-content\/uploads\/2013a\/12\/61\/07.jpg","http:\/\/mm.howkuai.com\/wp-content\/uploads\/2013a\/12\/61\/08.jpg","http:\/\/mm.howkuai.com\/wp-content\/uploads\/2013a\/12\/61\/09.jpg","http:\/\/mm.howkuai.com\/wp-content\/uploads\/2013a\/12\/61\/10.jpg","http:\/\/mm.howkuai.com\/wp-content\/uploads\/2013a\/12\/61\/11.jpg"]},{"plaintext":"\u90a3\u4e9b\u8273\u7f8e\u7edd\u4f26\u7684\u6027\u611f\u4eba\u513f","href":"http:\/\/www.meizitu.com\/a\/3922.html","pic_list":["http:\/\/mm.howkuai.com\/wp-content\/uploads\/2013a\/12\/58\/01.jpg","http:\/\/mm.howkuai.com\/wp-content\/uploads\/2013a\/12\/58\/02.jpg","http:\/\/mm.howkuai.com\/wp-content\/uploads\/2013a\/12\/58\/03.jpg","http:\/\/mm.howkuai.com\/wp-content\/uploads\/2013a\/12\/58\/04.jpg","http:\/\/mm.howkuai.com\/wp-content\/uploads\/2013a\/12\/58\/05.jpg","http:\/\/mm.howkuai.com\/wp-content\/uploads\/2013a\/12\/58\/06.jpg","http:\/\/mm.howkuai.com\/wp-content\/uploads\/2013a\/12\/58\/07.jpg","http:\/\/mm.howkuai.com\/wp-content\/uploads\/2013a\/12\/58\/08.jpg","http:\/\/mm.howkuai.com\/wp-content\/uploads\/2013a\/12\/58\/09.jpg","http:\/\/mm.howkuai.com\/wp-content\/uploads\/2013a\/12\/58\/10.jpg","http:\/\/mm.howkuai.com\/wp-content\/uploads\/2013a\/12\/58\/11.jpg","http:\/\/mm.howkuai.com\/wp-content\/uploads\/2013a\/12\/58\/12.jpg","http:\/\/mm.howkuai.com\/wp-content\/uploads\/2013a\/12\/58\/13.jpg","http:\/\/mm.howkuai.com\/wp-content\/uploads\/2013a\/12\/58\/14.jpg","http:\/\/mm.howkuai.com\/wp-content\/uploads\/2013a\/12\/58\/15.jpg","http:\/\/mm.howkuai.com\/wp-content\/uploads\/2013a\/12\/58\/15.jpg"]},{"plaintext":"\u5b85\u7537\u5973\u795e\u53f6\u6893\u8431\u6bd4\u57fa\u5c3c\u6b32\u671b\u5927\u7247","href":"http:\/\/www.meizitu.com\/a\/3920.html","pic_list":["http:\/\/mm.howkuai.com\/wp-content\/uploads\/2013a\/12\/56\/01.jpg","http:\/\/mm.howkuai.com\/wp-content\/uploads\/2013a\/12\/56\/02.jpg","http:\/\/mm.howkuai.com\/wp-content\/uploads\/2013a\/12\/56\/03.jpg","http:\/\/mm.howkuai.com\/wp-content\/uploads\/2013a\/12\/56\/04.jpg","http:\/\/mm.howkuai.com\/wp-content\/uploads\/2013a\/12\/56\/05.jpg","http:\/\/mm.howkuai.com\/wp-content\/uploads\/2013a\/12\/56\/06.jpg","http:\/\/mm.howkuai.com\/wp-content\/uploads\/2013a\/12\/56\/07.jpg"]},{"plaintext":"\u67f3\u5ca9\u62cd\u6444\u6027\u611f\u5723\u8bde\u4e3b\u9898\u5199\u771f\u9001\u543b\u795d\u798f\u7f51\u53cb","href":"http:\/\/www.meizitu.com\/a\/3917.html","pic_list":["http:\/\/mm.howkuai.com\/wp-content\/uploads\/2013a\/12\/53\/01.jpg","http:\/\/mm.howkuai.com\/wp-content\/uploads\/2013a\/12\/53\/02.jpg","http:\/\/mm.howkuai.com\/wp-content\/uploads\/2013a\/12\/53\/03.jpg","http:\/\/mm.howkuai.com\/wp-content\/uploads\/2013a\/12\/53\/04.jpg","http:\/\/mm.howkuai.com\/wp-content\/uploads\/2013a\/12\/53\/05.jpg","http:\/\/mm.howkuai.com\/wp-content\/uploads\/2013a\/12\/53\/06.jpg","http:\/\/mm.howkuai.com\/wp-content\/uploads\/2013a\/12\/53\/07.jpg","http:\/\/mm.howkuai.com\/wp-content\/uploads\/2013a\/12\/53\/08.jpg","http:\/\/mm.howkuai.com\/wp-content\/uploads\/2013a\/12\/53\/09.jpg"]},{"plaintext":"\u7eaf\u5c1a\u5973\u795e\u827e\u840c\u840c\uff0c\u6027\u611f\u53c8\u53ef\u7231","href":"http:\/\/www.meizitu.com\/a\/3905.html","pic_list":["http:\/\/mm.howkuai.com\/wp-content\/uploads\/2013a\/12\/41\/01.jpg","http:\/\/mm.howkuai.com\/wp-content\/uploads\/2013a\/12\/41\/02.jpg","http:\/\/mm.howkuai.com\/wp-content\/uploads\/2013a\/12\/41\/03.jpg","http:\/\/mm.howkuai.com\/wp-content\/uploads\/2013a\/12\/41\/04.jpg","http:\/\/mm.howkuai.com\/wp-content\/uploads\/2013a\/12\/41\/05.jpg"]},{"plaintext":"\u6027\u611f\u5973\u795e@\u4e8e\u5927\u5c0f\u59d0ayu\u53e4\u6e29\u6cc9\u6c60\u5927\u79c0\u50b2\u4eba\u53cc\u5cf0","href":"http:\/\/www.meizitu.com\/a\/3880.html","pic_list":["http:\/\/mm.howkuai.com\/wp-content\/uploads\/2013a\/12\/16\/01.jpg","http:\/\/mm.howkuai.com\/wp-content\/uploads\/2013a\/12\/16\/02.jpg","http:\/\/mm.howkuai.com\/wp-content\/uploads\/2013a\/12\/16\/03.jpg","http:\/\/mm.howkuai.com\/wp-content\/uploads\/2013a\/12\/16\/04.jpg","http:\/\/mm.howkuai.com\/wp-content\/uploads\/2013a\/12\/16\/05.jpg","http:\/\/mm.howkuai.com\/wp-content\/uploads\/2013a\/12\/16\/06.jpg","http:\/\/mm.howkuai.com\/wp-content\/uploads\/2013a\/12\/16\/07.jpg","http:\/\/mm.howkuai.com\/wp-content\/uploads\/2013a\/12\/16\/08.jpg"]},{"plaintext":"\u745e\u4e3d\u5973\u795e\u9986\u7b2c\u4e8c\u5b63\u540d\u6a21\u9ec4\u7490","href":"http:\/\/www.meizitu.com\/a\/3853.html","pic_list":["http:\/\/mm.howkuai.com\/wp-content\/uploads\/2013a\/11\/67\/01.jpg","http:\/\/mm.howkuai.com\/wp-content\/uploads\/2013a\/11\/67\/02.jpg","http:\/\/mm.howkuai.com\/wp-content\/uploads\/2013a\/11\/67\/03.jpg","http:\/\/mm.howkuai.com\/wp-content\/uploads\/2013a\/11\/67\/04.jpg","http:\/\/mm.howkuai.com\/wp-content\/uploads\/2013a\/11\/67\/05.jpg","http:\/\/mm.howkuai.com\/wp-content\/uploads\/2013a\/11\/67\/06.jpg","http:\/\/mm.howkuai.com\/wp-content\/uploads\/2013a\/11\/67\/07.jpg"]},{"plaintext":"\u5b85\u7537\u5973\u795e\uff0c\u90bb\u5bb6\u5c11\u5973Toro\u7fbd\u4f4f","href":"http:\/\/www.meizitu.com\/a\/3849.html","pic_list":["http:\/\/mm.howkuai.com\/wp-content\/uploads\/2013a\/11\/63\/01.jpg","http:\/\/mm.howkuai.com\/wp-content\/uploads\/2013a\/11\/63\/02.jpg","http:\/\/mm.howkuai.com\/wp-content\/uploads\/2013a\/11\/63\/03.jpg","http:\/\/mm.howkuai.com\/wp-content\/uploads\/2013a\/11\/63\/04.jpg"]},{"plaintext":"\u5973\u795e\uff0c\u4e8e\u5927\u5c0f\u59d0\u5355\u8eab\u8282\u6027\u611f\u798f\u5229\u7167","href":"http:\/\/www.meizitu.com\/a\/3837.html","pic_list":["http:\/\/mm.howkuai.com\/wp-content\/uploads\/2013a\/11\/51\/01.jpg","http:\/\/mm.howkuai.com\/wp-content\/uploads\/2013a\/11\/51\/02.jpg","http:\/\/mm.howkuai.com\/wp-content\/uploads\/2013a\/11\/51\/03.jpg","http:\/\/mm.howkuai.com\/wp-content\/uploads\/2013a\/11\/51\/04.jpg","http:\/\/mm.howkuai.com\/wp-content\/uploads\/2013a\/11\/51\/05.jpg"]},{"plaintext":"\u7eaf\u7f8e\u60c5\u4eba\u738b\u4e3d\u5764,\u5973\u795e","href":"http:\/\/www.meizitu.com\/a\/3829.html","pic_list":["http:\/\/mm.howkuai.com\/wp-content\/uploads\/2013a\/11\/44\/01.jpg","http:\/\/mm.howkuai.com\/wp-content\/uploads\/2013a\/11\/44\/02.jpg","http:\/\/mm.howkuai.com\/wp-content\/uploads\/2013a\/11\/44\/03.jpg","http:\/\/mm.howkuai.com\/wp-content\/uploads\/2013a\/11\/44\/04.jpg","http:\/\/mm.howkuai.com\/wp-content\/uploads\/2013a\/11\/44\/05.jpg","http:\/\/mm.howkuai.com\/wp-content\/uploads\/2013a\/11\/44\/06.jpg","http:\/\/mm.howkuai.com\/wp-content\/uploads\/2013a\/11\/44\/07.jpg"]},{"plaintext":"11\u6708\u8f66\u5c55\u4e0a\u7684\u6e05\u7eaf\u5973\u795e","href":"http:\/\/www.meizitu.com\/a\/3827.html","pic_list":["http:\/\/mm.howkuai.com\/wp-content\/uploads\/2013a\/11\/42\/01.jpg","http:\/\/mm.howkuai.com\/wp-content\/uploads\/2013a\/11\/42\/02.jpg","http:\/\/mm.howkuai.com\/wp-content\/uploads\/2013a\/11\/42\/03.jpg","http:\/\/mm.howkuai.com\/wp-content\/uploads\/2013a\/11\/42\/04.jpg","http:\/\/mm.howkuai.com\/wp-content\/uploads\/2013a\/11\/42\/05.jpg","http:\/\/mm.howkuai.com\/wp-content\/uploads\/2013a\/11\/42\/06.jpg","http:\/\/mm.howkuai.com\/wp-content\/uploads\/2013a\/11\/42\/07.jpg"]},{"plaintext":"@Toro\u7fbd\u4f4f@\u53ef\u513f\u5973\u795e\u4e00\u8d77\u6ce1\u6fa1","href":"http:\/\/www.meizitu.com\/a\/3815.html","pic_list":["http:\/\/mm.howkuai.com\/wp-content\/uploads\/2013a\/11\/30\/01.jpg","http:\/\/mm.howkuai.com\/wp-content\/uploads\/2013a\/11\/30\/02.jpg","http:\/\/mm.howkuai.com\/wp-content\/uploads\/2013a\/11\/30\/03.jpg","http:\/\/mm.howkuai.com\/wp-content\/uploads\/2013a\/11\/30\/04.jpg","http:\/\/mm.howkuai.com\/wp-content\/uploads\/2013a\/11\/30\/05.jpg","http:\/\/mm.howkuai.com\/wp-content\/uploads\/2013a\/11\/30\/06.jpg","http:\/\/mm.howkuai.com\/wp-content\/uploads\/2013a\/11\/30\/07.jpg","http:\/\/mm.howkuai.com\/wp-content\/uploads\/2013a\/11\/30\/08.jpg","http:\/\/mm.howkuai.com\/wp-content\/uploads\/2013a\/11\/30\/09.jpg"]},{"plaintext":"\u7ea2\u904d\u7f51\u7edc\u7684IT\u4ee3\u7801\u5973\u795e","href":"http:\/\/www.meizitu.com\/a\/3791.html","pic_list":["http:\/\/mm.howkuai.com\/wp-content\/uploads\/2013a\/11\/06\/01.jpg","http:\/\/mm.howkuai.com\/wp-content\/uploads\/2013a\/11\/06\/02.jpg","http:\/\/mm.howkuai.com\/wp-content\/uploads\/2013a\/11\/06\/03.jpg","http:\/\/mm.howkuai.com\/wp-content\/uploads\/2013a\/11\/06\/04.jpg","http:\/\/mm.howkuai.com\/wp-content\/uploads\/2013a\/11\/06\/05.jpg","http:\/\/mm.howkuai.com\/wp-content\/uploads\/2013a\/11\/06\/06.jpg","http:\/\/mm.howkuai.com\/wp-content\/uploads\/2013a\/11\/06\/07.jpg","http:\/\/mm.howkuai.com\/wp-content\/uploads\/2013a\/11\/06\/08.jpg"]},{"plaintext":"\u5de8\u4e73\u5973\u795e\u7edd\u5999\u8eab\u6750\uff0c\u65e0\u9650\u9500\u9b42","href":"http:\/\/www.meizitu.com\/a\/3773.html","pic_list":["http:\/\/mm.howkuai.com\/wp-content\/uploads\/2013a\/10\/53\/01.jpg","http:\/\/mm.howkuai.com\/wp-content\/uploads\/2013a\/10\/53\/02.jpg","http:\/\/mm.howkuai.com\/wp-content\/uploads\/2013a\/10\/53\/03.jpg","http:\/\/mm.howkuai.com\/wp-content\/uploads\/2013a\/10\/53\/04.jpg"]},{"plaintext":"\u9ad8\u7aef\u6d0b\u6c14\u4e0a\u6863\u6b21\u7684\u5973\u795e\u6765\u4e86","href":"http:\/\/www.meizitu.com\/a\/3748.html","pic_list":["http:\/\/mm.howkuai.com\/wp-content\/uploads\/2013a\/10\/30\/01.jpg","http:\/\/mm.howkuai.com\/wp-content\/uploads\/2013a\/10\/30\/02.jpg","http:\/\/mm.howkuai.com\/wp-content\/uploads\/2013a\/10\/30\/03.jpg","http:\/\/mm.howkuai.com\/wp-content\/uploads\/2013a\/10\/30\/04.jpg","http:\/\/mm.howkuai.com\/wp-content\/uploads\/2013a\/10\/30\/05.jpg"]},{"plaintext":"\u5b8c\u7f8e\u8eab\u6750\u914d\u4e0a\u7edd\u4f73\u6c14\u8d28\uff0c\u795e\u4f3c\u5b85\u7537\u5973\u795e","href":"http:\/\/www.meizitu.com\/a\/3744.html","pic_list":["http:\/\/mm.howkuai.com\/wp-content\/uploads\/2013a\/10\/26\/01.jpg","http:\/\/mm.howkuai.com\/wp-content\/uploads\/2013a\/10\/26\/02.jpg","http:\/\/mm.howkuai.com\/wp-content\/uploads\/2013a\/10\/26\/03.jpg","http:\/\/mm.howkuai.com\/wp-content\/uploads\/2013a\/10\/26\/04.jpg","http:\/\/mm.howkuai.com\/wp-content\/uploads\/2013a\/10\/26\/05.jpg","http:\/\/mm.howkuai.com\/wp-content\/uploads\/2013a\/10\/26\/06.jpg","http:\/\/mm.howkuai.com\/wp-content\/uploads\/2013a\/10\/26\/07.jpg"]},{"plaintext":"@\u4e8e\u5927\u5c0f\u59d0ayu \u7f8e\u5a9b\u9986\u6df1\u5733\u5973\u795e","href":"http:\/\/www.meizitu.com\/a\/3739.html","pic_list":["http:\/\/mm.howkuai.com\/wp-content\/uploads\/2013a\/10\/21\/01.jpg","http:\/\/mm.howkuai.com\/wp-content\/uploads\/2013a\/10\/21\/02.jpg","http:\/\/mm.howkuai.com\/wp-content\/uploads\/2013a\/10\/21\/03.jpg","http:\/\/mm.howkuai.com\/wp-content\/uploads\/2013a\/10\/21\/04.jpg","http:\/\/mm.howkuai.com\/wp-content\/uploads\/2013a\/10\/21\/05.jpg","http:\/\/mm.howkuai.com\/wp-content\/uploads\/2013a\/10\/21\/06.jpg"]},{"plaintext":"\u745e\u4e3d\u5973\u795e\u9986\u7b2c\u4e00\u5b63","href":"http:\/\/www.meizitu.com\/a\/3722.html","pic_list":["http:\/\/mm.howkuai.com\/wp-content\/uploads\/2013a\/10\/04\/01.jpg","http:\/\/mm.howkuai.com\/wp-content\/uploads\/2013a\/10\/04\/02.jpg","http:\/\/mm.howkuai.com\/wp-content\/uploads\/2013a\/10\/04\/03.jpg","http:\/\/mm.howkuai.com\/wp-content\/uploads\/2013a\/10\/04\/04.jpg","http:\/\/mm.howkuai.com\/wp-content\/uploads\/2013a\/10\/04\/05.jpg","http:\/\/mm.howkuai.com\/wp-content\/uploads\/2013a\/10\/04\/06.jpg"]},{"plaintext":"toro\u7fbd\u4f4f \u8c03\u76ae\u7684\u6027\u611f","href":"http:\/\/www.meizitu.com\/a\/3688.html","pic_list":["http:\/\/mm.howkuai.com\/wp-content\/uploads\/2013a\/09\/01\/01.jpg","http:\/\/mm.howkuai.com\/wp-content\/uploads\/2013a\/09\/01\/02.jpg","http:\/\/mm.howkuai.com\/wp-content\/uploads\/2013a\/09\/01\/03.jpg","http:\/\/mm.howkuai.com\/wp-content\/uploads\/2013a\/09\/01\/04.jpg","http:\/\/mm.howkuai.com\/wp-content\/uploads\/2013a\/09\/01\/05.jpg","http:\/\/mm.howkuai.com\/wp-content\/uploads\/2013a\/09\/01\/06.jpg"]},{"plaintext":"\u957f\u6c99\u5973\u795eNancy\u5c0f\u59ff\u6e7f\u8eab\u8d64\u88f8\u8bf1\u60d1\u6311\u9017","href":"http:\/\/www.meizitu.com\/a\/3672.html","pic_list":["http:\/\/mm.howkuai.com\/wp-content\/uploads\/2013a\/08\/08\/01.jpg","http:\/\/mm.howkuai.com\/wp-content\/uploads\/2013a\/08\/08\/02.jpg","http:\/\/mm.howkuai.com\/wp-content\/uploads\/2013a\/08\/08\/03.jpg","http:\/\/mm.howkuai.com\/wp-content\/uploads\/2013a\/08\/08\/04.jpg","http:\/\/mm.howkuai.com\/wp-content\/uploads\/2013a\/08\/08\/05.jpg","http:\/\/mm.howkuai.com\/wp-content\/uploads\/2013a\/08\/08\/06.jpg","http:\/\/mm.howkuai.com\/wp-content\/uploads\/2013a\/08\/08\/07.jpg","http:\/\/mm.howkuai.com\/wp-content\/uploads\/2013a\/08\/08\/08.jpg"]},{"plaintext":"\u5f90\u4f9d\u8476\u6027\u611f\u4f18\u96c5\u6e05\u7eaf\u53ef\u4eba","href":"http:\/\/www.meizitu.com\/a\/3657.html","pic_list":["http:\/\/mm.howkuai.com\/wp-content\/uploads\/2013a\/07\/15\/01.jpg","http:\/\/mm.howkuai.com\/wp-content\/uploads\/2013a\/07\/15\/02.jpg","http:\/\/mm.howkuai.com\/wp-content\/uploads\/2013a\/07\/15\/03.jpg","http:\/\/mm.howkuai.com\/wp-content\/uploads\/2013a\/07\/15\/04.jpg","http:\/\/mm.howkuai.com\/wp-content\/uploads\/2013a\/07\/15\/05.jpg","http:\/\/mm.howkuai.com\/wp-content\/uploads\/2013a\/07\/15\/06.jpg"]},{"plaintext":"\u82b1\u6d74-\u521a\u5c0f\u5e0c\u6d74\u7f38\u88f8\u9732\u7f8e\u4f53\u5c55\u9732\u6027\u611f\u98ce\u59ff","href":"http:\/\/www.meizitu.com\/a\/3655.html","pic_list":["http:\/\/mm.howkuai.com\/wp-content\/uploads\/2013a\/07\/13\/01.jpg","http:\/\/mm.howkuai.com\/wp-content\/uploads\/2013a\/07\/13\/02.jpg","http:\/\/mm.howkuai.com\/wp-content\/uploads\/2013a\/07\/13\/03.jpg","http:\/\/mm.howkuai.com\/wp-content\/uploads\/2013a\/07\/13\/04.jpg","http:\/\/mm.howkuai.com\/wp-content\/uploads\/2013a\/07\/13\/05.jpg","http:\/\/mm.howkuai.com\/wp-content\/uploads\/2013a\/07\/13\/06.jpg","http:\/\/mm.howkuai.com\/wp-content\/uploads\/2013a\/07\/13\/07.jpg","http:\/\/mm.howkuai.com\/wp-content\/uploads\/2013a\/07\/13\/08.jpg"]},{"plaintext":"\u6781\u54c1\u5c24\u7269Nancy\u5c0f\u59ff\u5168\u88f8\u53cc\u4e73\u547c\u4e4b\u6b32\u51fa\uff0c\u6b32\u51fa\u53c8\u6b62","href":"http:\/\/www.meizitu.com\/a\/3650.html","pic_list":["http:\/\/mm.howkuai.com\/wp-content\/uploads\/2013a\/07\/09\/01.jpg","http:\/\/mm.howkuai.com\/wp-content\/uploads\/2013a\/07\/09\/02.jpg","http:\/\/mm.howkuai.com\/wp-content\/uploads\/2013a\/07\/09\/03.jpg","http:\/\/mm.howkuai.com\/wp-content\/uploads\/2013a\/07\/09\/04.jpg","http:\/\/mm.howkuai.com\/wp-content\/uploads\/2013a\/07\/09\/05.jpg","http:\/\/mm.howkuai.com\/wp-content\/uploads\/2013a\/07\/09\/06.jpg","http:\/\/mm.howkuai.com\/wp-content\/uploads\/2013a\/07\/09\/07.jpg","http:\/\/mm.howkuai.com\/wp-content\/uploads\/2013a\/07\/09\/08.jpg","http:\/\/mm.howkuai.com\/wp-content\/uploads\/2013a\/07\/09\/09.jpg","http:\/\/mm.howkuai.com\/wp-content\/uploads\/2013a\/07\/09\/10.jpg","http:\/\/mm.howkuai.com\/wp-content\/uploads\/2013a\/07\/09\/11.jpg"]},{"plaintext":"\u7f8e\u5973\u6d74\u7f38\u6e7f\u8eab\u6446\u6311\u9017\u59ff\u52bf","href":"http:\/\/www.meizitu.com\/a\/3646.html","pic_list":["http:\/\/mm.howkuai.com\/wp-content\/uploads\/2013a\/07\/05\/01.jpg","http:\/\/mm.howkuai.com\/wp-content\/uploads\/2013a\/07\/05\/02.jpg","http:\/\/mm.howkuai.com\/wp-content\/uploads\/2013a\/07\/05\/03.jpg","http:\/\/mm.howkuai.com\/wp-content\/uploads\/2013a\/07\/05\/04.jpg"]},{"plaintext":"\u5f20\u6893\u7457elle\u6027\u611f\u9ed1\u5185\u6781\u54c1\u7fd8\u81c0","href":"http:\/\/www.meizitu.com\/a\/3643.html","pic_list":["http:\/\/mm.howkuai.com\/wp-content\/uploads\/2013a\/07\/02\/01.jpg","http:\/\/mm.howkuai.com\/wp-content\/uploads\/2013a\/07\/02\/02.jpg","http:\/\/mm.howkuai.com\/wp-content\/uploads\/2013a\/07\/02\/03.jpg","http:\/\/mm.howkuai.com\/wp-content\/uploads\/2013a\/07\/02\/04.jpg","http:\/\/mm.howkuai.com\/wp-content\/uploads\/2013a\/07\/02\/05.jpg","http:\/\/mm.howkuai.com\/wp-content\/uploads\/2013a\/07\/02\/06.jpg","http:\/\/mm.howkuai.com\/wp-content\/uploads\/2013a\/07\/02\/07.jpg","http:\/\/mm.howkuai.com\/wp-content\/uploads\/2013a\/07\/02\/08.jpg"]},{"plaintext":"\u7389\u8eaf\u8bf1\u60d1\u5c0f\u7199\u79c1\u623f\u7fd8\u81c0\u8d64\u88f8\u7f8e\u4f53","href":"http:\/\/www.meizitu.com\/a\/3642.html","pic_list":["http:\/\/mm.howkuai.com\/wp-content\/uploads\/2013a\/07\/01\/01.jpg","http:\/\/mm.howkuai.com\/wp-content\/uploads\/2013a\/07\/01\/02.jpg","http:\/\/mm.howkuai.com\/wp-content\/uploads\/2013a\/07\/01\/03.jpg","http:\/\/mm.howkuai.com\/wp-content\/uploads\/2013a\/07\/01\/04.jpg","http:\/\/mm.howkuai.com\/wp-content\/uploads\/2013a\/07\/01\/05.jpg","http:\/\/mm.howkuai.com\/wp-content\/uploads\/2013a\/07\/01\/06.jpg","http:\/\/mm.howkuai.com\/wp-content\/uploads\/2013a\/07\/01\/07.jpg","http:\/\/mm.howkuai.com\/wp-content\/uploads\/2013a\/07\/01\/08.jpg","http:\/\/mm.howkuai.com\/wp-content\/uploads\/2013a\/07\/01\/09.jpg"]},{"plaintext":"\u5c0f\u91d1\u559c\u5584\u201d\u5f20\u84dd\u827a\u79c1\u623f\u4f18\u96c5\u8ff7\u4eba","href":"http:\/\/www.meizitu.com\/a\/3639.html","pic_list":["http:\/\/mm.howkuai.com\/wp-content\/uploads\/2013a\/06\/39\/01.jpg","http:\/\/mm.howkuai.com\/wp-content\/uploads\/2013a\/06\/39\/02.jpg","http:\/\/mm.howkuai.com\/wp-content\/uploads\/2013a\/06\/39\/03.jpg","http:\/\/mm.howkuai.com\/wp-content\/uploads\/2013a\/06\/39\/04.jpg","http:\/\/mm.howkuai.com\/wp-content\/uploads\/2013a\/06\/39\/05.jpg"]},{"plaintext":"\u90d1\u4f0a\u8d64\u88f8\u7d2b\u8272\u8f7b\u7eb1\u4e00\u5e18\u5e7d\u68a6","href":"http:\/\/www.meizitu.com\/a\/3638.html","pic_list":["http:\/\/mm.howkuai.com\/wp-content\/uploads\/2013a\/06\/38\/01.jpg","http:\/\/mm.howkuai.com\/wp-content\/uploads\/2013a\/06\/38\/02.jpg","http:\/\/mm.howkuai.com\/wp-content\/uploads\/2013a\/06\/38\/03.jpg","http:\/\/mm.howkuai.com\/wp-content\/uploads\/2013a\/06\/38\/04.jpg","http:\/\/mm.howkuai.com\/wp-content\/uploads\/2013a\/06\/38\/05.jpg","http:\/\/mm.howkuai.com\/wp-content\/uploads\/2013a\/06\/38\/06.jpg","http:\/\/mm.howkuai.com\/wp-content\/uploads\/2013a\/06\/38\/07.jpg","http:\/\/mm.howkuai.com\/wp-content\/uploads\/2013a\/06\/38\/08.jpg","http:\/\/mm.howkuai.com\/wp-content\/uploads\/2013a\/06\/38\/09.jpg"]}]