[{"plaintext":"\u989c\u503c\u7206\u8868\u5185\u5730\u201c\u5c0f\u79e6\u5c9a\u201d\u5c0f\u6e05\u65b0\u79c1\u623f","href":"http:\/\/www.meizitu.com\/a\/5429.html","pic_list":["http:\/\/mm.howkuai.com\/wp-content\/uploads\/2016a\/07\/26\/01.jpg","http:\/\/mm.howkuai.com\/wp-content\/uploads\/2016a\/07\/26\/02.jpg","http:\/\/mm.howkuai.com\/wp-content\/uploads\/2016a\/07\/26\/03.jpg","http:\/\/mm.howkuai.com\/wp-content\/uploads\/2016a\/07\/26\/04.jpg","http:\/\/mm.howkuai.com\/wp-content\/uploads\/2016a\/07\/26\/05.jpg","http:\/\/mm.howkuai.com\/wp-content\/uploads\/2016a\/07\/26\/06.jpg","http:\/\/mm.howkuai.com\/wp-content\/uploads\/2016a\/07\/26\/07.jpg"]},{"plaintext":"\u8c01\u662f\u4f60\u5fc3\u76ee\u4e2d\u7684\u8d64\u6728\u6674\u5b50\uff1f","href":"http:\/\/www.meizitu.com\/a\/5389.html","pic_list":["http:\/\/mm.howkuai.com\/wp-content\/uploads\/2016a\/06\/04\/01.jpg","http:\/\/mm.howkuai.com\/wp-content\/uploads\/2016a\/06\/04\/02.jpg","http:\/\/mm.howkuai.com\/wp-content\/uploads\/2016a\/06\/04\/03.jpg","http:\/\/mm.howkuai.com\/wp-content\/uploads\/2016a\/06\/04\/04.jpg","http:\/\/mm.howkuai.com\/wp-content\/uploads\/2016a\/06\/04\/05.jpg","http:\/\/mm.howkuai.com\/wp-content\/uploads\/2016a\/06\/04\/06.jpg","http:\/\/mm.howkuai.com\/wp-content\/uploads\/2016a\/06\/04\/07.jpg","http:\/\/mm.howkuai.com\/wp-content\/uploads\/2016a\/06\/04\/08.jpg","http:\/\/mm.howkuai.com\/wp-content\/uploads\/2016a\/06\/04\/09.jpg"]},{"plaintext":"\u7f51\u53cb\u770b\u5446\u4e86\uff01\u59b9\u5b50\uff0c\u597d\u4e00\u5bf9\u8ff7\u4eba\u7684\u7389\u5154","href":"http:\/\/www.meizitu.com\/a\/5385.html","pic_list":["http:\/\/mm.howkuai.com\/wp-content\/uploads\/2016a\/05\/23\/01.jpg","http:\/\/mm.howkuai.com\/wp-content\/uploads\/2016a\/05\/23\/02.jpg","http:\/\/mm.howkuai.com\/wp-content\/uploads\/2016a\/05\/23\/03.jpg","http:\/\/mm.howkuai.com\/wp-content\/uploads\/2016a\/05\/23\/04.jpg","http:\/\/mm.howkuai.com\/wp-content\/uploads\/2016a\/05\/23\/05.jpg","http:\/\/mm.howkuai.com\/wp-content\/uploads\/2016a\/05\/23\/06.jpg","http:\/\/mm.howkuai.com\/wp-content\/uploads\/2016a\/05\/23\/07.jpg","http:\/\/mm.howkuai.com\/wp-content\/uploads\/2016a\/05\/23\/08.jpg"]},{"plaintext":"\u6c14\u8d28\u8eab\u6750\u4ff1\u4f73\u7684\u5973\u795e\uff0c\u7b11\u8d77\u6765\u975e\u5e38\u8ff7\u4eba","href":"http:\/\/www.meizitu.com\/a\/5339.html","pic_list":["http:\/\/mm.howkuai.com\/wp-content\/uploads\/2016a\/03\/19\/01.jpg","http:\/\/mm.howkuai.com\/wp-content\/uploads\/2016a\/03\/19\/02.jpg","http:\/\/mm.howkuai.com\/wp-content\/uploads\/2016a\/03\/19\/03.jpg","http:\/\/mm.howkuai.com\/wp-content\/uploads\/2016a\/03\/19\/04.jpg","http:\/\/mm.howkuai.com\/wp-content\/uploads\/2016a\/03\/19\/05.jpg","http:\/\/mm.howkuai.com\/wp-content\/uploads\/2016a\/03\/19\/06.jpg","http:\/\/mm.howkuai.com\/wp-content\/uploads\/2016a\/03\/19\/07.jpg","http:\/\/mm.howkuai.com\/wp-content\/uploads\/2016a\/03\/19\/08.jpg","http:\/\/mm.howkuai.com\/wp-content\/uploads\/2016a\/03\/19\/09.jpg"]},{"plaintext":"\u7f8e\uff08bao\uff09\u80f8\uff08ru\uff09\u5973\u738b\u5e26\u6765\u5236\u670d\u8bf1\u60d1","href":"http:\/\/www.meizitu.com\/a\/5332.html","pic_list":["http:\/\/mm.howkuai.com\/wp-content\/uploads\/2016a\/03\/12\/01.jpg","http:\/\/mm.howkuai.com\/wp-content\/uploads\/2016a\/03\/12\/02.jpg","http:\/\/mm.howkuai.com\/wp-content\/uploads\/2016a\/03\/12\/03.jpg","http:\/\/mm.howkuai.com\/wp-content\/uploads\/2016a\/03\/12\/04.jpg","http:\/\/mm.howkuai.com\/wp-content\/uploads\/2016a\/03\/12\/05.jpg","http:\/\/mm.howkuai.com\/wp-content\/uploads\/2016a\/03\/12\/06.jpg","http:\/\/mm.howkuai.com\/wp-content\/uploads\/2016a\/03\/12\/07.jpg","http:\/\/mm.howkuai.com\/wp-content\/uploads\/2016a\/03\/12\/08.jpg","http:\/\/mm.howkuai.com\/wp-content\/uploads\/2016a\/03\/12\/09.jpg"]},{"plaintext":"\u5b85\u7537\u5973\u795e\u53f6\u6893\u8431\u8fd1\u65e5\u62cd\u6444\u4e00\u7ec4\u706b\u7206\u5199\u771f","href":"http:\/\/www.meizitu.com\/a\/5330.html","pic_list":["http:\/\/mm.howkuai.com\/wp-content\/uploads\/2016a\/03\/10\/01.jpg","http:\/\/mm.howkuai.com\/wp-content\/uploads\/2016a\/03\/10\/02.jpg","http:\/\/mm.howkuai.com\/wp-content\/uploads\/2016a\/03\/10\/03.jpg","http:\/\/mm.howkuai.com\/wp-content\/uploads\/2016a\/03\/10\/04.jpg","http:\/\/mm.howkuai.com\/wp-content\/uploads\/2016a\/03\/10\/05.jpg"]},{"plaintext":"\u7231\u7a7f\u6bdb\u8863\u7684\u5973\u795e\uff0c\u8c2d\u6e58\u541b\u306e\u5199\u771f\u96c6","href":"http:\/\/www.meizitu.com\/a\/5259.html","pic_list":["http:\/\/mm.howkuai.com\/wp-content\/uploads\/2015a\/12\/24\/01.jpg","http:\/\/mm.howkuai.com\/wp-content\/uploads\/2015a\/12\/24\/02.jpg","http:\/\/mm.howkuai.com\/wp-content\/uploads\/2015a\/12\/24\/03.jpg","http:\/\/mm.howkuai.com\/wp-content\/uploads\/2015a\/12\/24\/04.jpg","http:\/\/mm.howkuai.com\/wp-content\/uploads\/2015a\/12\/24\/05.jpg","http:\/\/mm.howkuai.com\/wp-content\/uploads\/2015a\/12\/24\/06.jpg","http:\/\/mm.howkuai.com\/wp-content\/uploads\/2015a\/12\/24\/07.jpg","http:\/\/mm.howkuai.com\/wp-content\/uploads\/2015a\/12\/24\/08.jpg","http:\/\/mm.howkuai.com\/wp-content\/uploads\/2015a\/12\/24\/09.jpg"]},{"plaintext":"\u5973\u795e\u7684\u552f\u7f8e\u5199\u771f\uff0c\u4e00\u5bf9\u7389\u5154\u51e0\u6b32\u6323\u8131","href":"http:\/\/www.meizitu.com\/a\/5229.html","pic_list":["http:\/\/mm.howkuai.com\/wp-content\/uploads\/2015a\/11\/24\/01.jpg","http:\/\/mm.howkuai.com\/wp-content\/uploads\/2015a\/11\/24\/02.jpg","http:\/\/mm.howkuai.com\/wp-content\/uploads\/2015a\/11\/24\/03.jpg","http:\/\/mm.howkuai.com\/wp-content\/uploads\/2015a\/11\/24\/04.jpg","http:\/\/mm.howkuai.com\/wp-content\/uploads\/2015a\/11\/24\/05.jpg","http:\/\/mm.howkuai.com\/wp-content\/uploads\/2015a\/11\/24\/06.jpg","http:\/\/mm.howkuai.com\/wp-content\/uploads\/2015a\/11\/24\/07.jpg","http:\/\/mm.howkuai.com\/wp-content\/uploads\/2015a\/11\/24\/08.jpg"]},{"plaintext":"\u6e05\u7eaf\u5c24\u7269\uff0c\u767d\u5ae9\u7684\u5b85\u7537\u5973\u795e","href":"http:\/\/www.meizitu.com\/a\/5160.html","pic_list":["http:\/\/mm.howkuai.com\/wp-content\/uploads\/2015a\/09\/27\/01.jpg","http:\/\/mm.howkuai.com\/wp-content\/uploads\/2015a\/09\/27\/02.jpg","http:\/\/mm.howkuai.com\/wp-content\/uploads\/2015a\/09\/27\/03.jpg","http:\/\/mm.howkuai.com\/wp-content\/uploads\/2015a\/09\/27\/04.jpg","http:\/\/mm.howkuai.com\/wp-content\/uploads\/2015a\/09\/27\/05.jpg","http:\/\/mm.howkuai.com\/wp-content\/uploads\/2015a\/09\/27\/06.jpg","http:\/\/mm.howkuai.com\/wp-content\/uploads\/2015a\/09\/27\/07.jpg"]},{"plaintext":"\u53f0\u6e7e\u6027\u611f\u5973\u795e\u5f20\u6c38\u6b46\u534a\u88f8\u51fa\u955c \u957f\u53d1\u906e\u70b9","href":"http:\/\/www.meizitu.com\/a\/5149.html","pic_list":["http:\/\/mm.howkuai.com\/wp-content\/uploads\/2015a\/09\/16\/01.jpg","http:\/\/mm.howkuai.com\/wp-content\/uploads\/2015a\/09\/16\/02.jpg","http:\/\/mm.howkuai.com\/wp-content\/uploads\/2015a\/09\/16\/03.jpg","http:\/\/mm.howkuai.com\/wp-content\/uploads\/2015a\/09\/16\/04.jpg","http:\/\/mm.howkuai.com\/wp-content\/uploads\/2015a\/09\/16\/05.jpg","http:\/\/mm.howkuai.com\/wp-content\/uploads\/2015a\/09\/16\/06.jpg","http:\/\/mm.howkuai.com\/wp-content\/uploads\/2015a\/09\/16\/07.jpg","http:\/\/mm.howkuai.com\/wp-content\/uploads\/2015a\/09\/16\/08.jpg","http:\/\/mm.howkuai.com\/wp-content\/uploads\/2015a\/09\/16\/09.jpg"]},{"plaintext":"\u8eab\u6750\u5bb9\u8c8c\u4ff1\u4f73\u7684\u9ad8\u59b9\u6a21\u7279","href":"http:\/\/www.meizitu.com\/a\/5136.html","pic_list":["http:\/\/mm.howkuai.com\/wp-content\/uploads\/2015a\/09\/03\/01.jpg","http:\/\/mm.howkuai.com\/wp-content\/uploads\/2015a\/09\/03\/02.jpg","http:\/\/mm.howkuai.com\/wp-content\/uploads\/2015a\/09\/03\/03.jpg","http:\/\/mm.howkuai.com\/wp-content\/uploads\/2015a\/09\/03\/04.jpg","http:\/\/mm.howkuai.com\/wp-content\/uploads\/2015a\/09\/03\/05.jpg","http:\/\/mm.howkuai.com\/wp-content\/uploads\/2015a\/09\/03\/06.jpg","http:\/\/mm.howkuai.com\/wp-content\/uploads\/2015a\/09\/03\/07.jpg","http:\/\/mm.howkuai.com\/wp-content\/uploads\/2015a\/09\/03\/08.jpg","http:\/\/mm.howkuai.com\/wp-content\/uploads\/2015a\/09\/03\/09.jpg","http:\/\/mm.howkuai.com\/wp-content\/uploads\/2015a\/09\/03\/10.jpg"]},{"plaintext":"\u6a21\u7279\u5218\u98de\u513f\u5ea6\u5047\u6751\u6cf3\u6c60\u79c0\u7f8e\u4e73","href":"http:\/\/www.meizitu.com\/a\/5117.html","pic_list":["http:\/\/mm.howkuai.com\/wp-content\/uploads\/2015a\/08\/22\/01.jpg","http:\/\/mm.howkuai.com\/wp-content\/uploads\/2015a\/08\/22\/02.jpg","http:\/\/mm.howkuai.com\/wp-content\/uploads\/2015a\/08\/22\/03.jpg","http:\/\/mm.howkuai.com\/wp-content\/uploads\/2015a\/08\/22\/04.jpg","http:\/\/mm.howkuai.com\/wp-content\/uploads\/2015a\/08\/22\/05.jpg","http:\/\/mm.howkuai.com\/wp-content\/uploads\/2015a\/08\/22\/06.jpg","http:\/\/mm.howkuai.com\/wp-content\/uploads\/2015a\/08\/22\/07.jpg","http:\/\/mm.howkuai.com\/wp-content\/uploads\/2015a\/08\/22\/08.jpg","http:\/\/mm.howkuai.com\/wp-content\/uploads\/2015a\/08\/22\/09.jpg","http:\/\/mm.howkuai.com\/wp-content\/uploads\/2015a\/08\/22\/10.jpg"]},{"plaintext":"\u5e08\u8303\u5b9e\u4e60\u8001\u5e08 \u70ed\u88e4\u7f8e\u81c0Manuela","href":"http:\/\/www.meizitu.com\/a\/5111.html","pic_list":["http:\/\/mm.howkuai.com\/wp-content\/uploads\/2015a\/08\/16\/01.jpg","http:\/\/mm.howkuai.com\/wp-content\/uploads\/2015a\/08\/16\/02.jpg","http:\/\/mm.howkuai.com\/wp-content\/uploads\/2015a\/08\/16\/03.jpg","http:\/\/mm.howkuai.com\/wp-content\/uploads\/2015a\/08\/16\/04.jpg","http:\/\/mm.howkuai.com\/wp-content\/uploads\/2015a\/08\/16\/05.jpg","http:\/\/mm.howkuai.com\/wp-content\/uploads\/2015a\/08\/16\/06.jpg","http:\/\/mm.howkuai.com\/wp-content\/uploads\/2015a\/08\/16\/07.jpg","http:\/\/mm.howkuai.com\/wp-content\/uploads\/2015a\/08\/16\/08.jpg","http:\/\/mm.howkuai.com\/wp-content\/uploads\/2015a\/08\/16\/09.jpg","http:\/\/mm.howkuai.com\/wp-content\/uploads\/2015a\/08\/16\/10.jpg","http:\/\/mm.howkuai.com\/wp-content\/uploads\/2015a\/08\/16\/11.jpg"]},{"plaintext":"\u590f\u5348\u53ef\u7231\u5973\u5b69\u7684\u5c0f\u61a9\uff0c\u5e26\u7740\u4e00\u4e1d\u4e1d\u6027\u611f","href":"http:\/\/www.meizitu.com\/a\/5067.html","pic_list":["http:\/\/mm.howkuai.com\/wp-content\/uploads\/2015a\/07\/18\/01.jpg","http:\/\/mm.howkuai.com\/wp-content\/uploads\/2015a\/07\/18\/02.jpg","http:\/\/mm.howkuai.com\/wp-content\/uploads\/2015a\/07\/18\/03.jpg","http:\/\/mm.howkuai.com\/wp-content\/uploads\/2015a\/07\/18\/04.jpg","http:\/\/mm.howkuai.com\/wp-content\/uploads\/2015a\/07\/18\/05.jpg","http:\/\/mm.howkuai.com\/wp-content\/uploads\/2015a\/07\/18\/06.jpg","http:\/\/mm.howkuai.com\/wp-content\/uploads\/2015a\/07\/18\/07.jpg","http:\/\/mm.howkuai.com\/wp-content\/uploads\/2015a\/07\/18\/08.jpg","http:\/\/mm.howkuai.com\/wp-content\/uploads\/2015a\/07\/18\/09.jpg","http:\/\/mm.howkuai.com\/wp-content\/uploads\/2015a\/07\/18\/10.jpg"]},{"plaintext":"\u5723\u6d01\u7684\u9633\u5149\u6492\u5728Angel\u8eab\u4e0a\uff0c\u590f\u8475\u6e56\u8fb9\u5199\u771f","href":"http:\/\/www.meizitu.com\/a\/4993.html","pic_list":["http:\/\/mm.howkuai.com\/wp-content\/uploads\/2015a\/05\/43\/01.jpg","http:\/\/mm.howkuai.com\/wp-content\/uploads\/2015a\/05\/43\/02.jpg","http:\/\/mm.howkuai.com\/wp-content\/uploads\/2015a\/05\/43\/03.jpg","http:\/\/mm.howkuai.com\/wp-content\/uploads\/2015a\/05\/43\/04.jpg","http:\/\/mm.howkuai.com\/wp-content\/uploads\/2015a\/05\/43\/05.jpg","http:\/\/mm.howkuai.com\/wp-content\/uploads\/2015a\/05\/43\/06.jpg","http:\/\/mm.howkuai.com\/wp-content\/uploads\/2015a\/05\/43\/07.jpg"]},{"plaintext":"\u9ad8\u6e05\u7f8e\u5973\u56fe\u7247\uff0c\u590f\u7476\u3001Monkey_\u5c0f\u6f58\u9f20\u3001\u6735\u6bd4dobby\u5408\u96c6","href":"http:\/\/www.meizitu.com\/a\/4984.html","pic_list":["http:\/\/mm.howkuai.com\/wp-content\/uploads\/2015a\/05\/34\/01.jpg","http:\/\/mm.howkuai.com\/wp-content\/uploads\/2015a\/05\/34\/02.jpg","http:\/\/mm.howkuai.com\/wp-content\/uploads\/2015a\/05\/34\/03.jpg","http:\/\/mm.howkuai.com\/wp-content\/uploads\/2015a\/05\/34\/04.jpg","http:\/\/mm.howkuai.com\/wp-content\/uploads\/2015a\/05\/34\/05.jpg","http:\/\/mm.howkuai.com\/wp-content\/uploads\/2015a\/05\/34\/06.jpg","http:\/\/mm.howkuai.com\/wp-content\/uploads\/2015a\/05\/34\/07.jpg","http:\/\/mm.howkuai.com\/wp-content\/uploads\/2015a\/05\/34\/08.jpg","http:\/\/mm.howkuai.com\/wp-content\/uploads\/2015a\/05\/34\/09.jpg"]},{"plaintext":"\u552f\u7f8e\u5973\u795e\u8303\u53f0\u6e7e\u6b4c\u624b\u9648\u67d4\u5e0c\u5199\u771f","href":"http:\/\/www.meizitu.com\/a\/4929.html","pic_list":["http:\/\/mm.howkuai.com\/wp-content\/uploads\/2015a\/04\/33\/01.jpg","http:\/\/mm.howkuai.com\/wp-content\/uploads\/2015a\/04\/33\/02.jpg","http:\/\/mm.howkuai.com\/wp-content\/uploads\/2015a\/04\/33\/03.jpg","http:\/\/mm.howkuai.com\/wp-content\/uploads\/2015a\/04\/33\/04.jpg","http:\/\/mm.howkuai.com\/wp-content\/uploads\/2015a\/04\/33\/05.jpg","http:\/\/mm.howkuai.com\/wp-content\/uploads\/2015a\/04\/33\/06.jpg","http:\/\/mm.howkuai.com\/wp-content\/uploads\/2015a\/04\/33\/07.jpg"]},{"plaintext":"\u6027\u611f\u5c24\u7269\uff0c\u5b85\u7537\u5973\u795e\u53f6\u6893\u8431\u6700\u65b0\u7167\u7247","href":"http:\/\/www.meizitu.com\/a\/4868.html","pic_list":["http:\/\/mm.howkuai.com\/wp-content\/uploads\/2015a\/03\/26\/01.jpg","http:\/\/mm.howkuai.com\/wp-content\/uploads\/2015a\/03\/26\/02.jpg","http:\/\/mm.howkuai.com\/wp-content\/uploads\/2015a\/03\/26\/03.jpg","http:\/\/mm.howkuai.com\/wp-content\/uploads\/2015a\/03\/26\/04.jpg","http:\/\/mm.howkuai.com\/wp-content\/uploads\/2015a\/03\/26\/05.jpg"]},{"plaintext":"\u989c\u503c\u8d85\u9ad8\u7684\u5e05\u6c14\u6b63\u59b9DUDU","href":"http:\/\/www.meizitu.com\/a\/4860.html","pic_list":["http:\/\/mm.howkuai.com\/wp-content\/uploads\/2015a\/03\/18\/01.jpg","http:\/\/mm.howkuai.com\/wp-content\/uploads\/2015a\/03\/18\/02.jpg","http:\/\/mm.howkuai.com\/wp-content\/uploads\/2015a\/03\/18\/03.jpg","http:\/\/mm.howkuai.com\/wp-content\/uploads\/2015a\/03\/18\/04.jpg","http:\/\/mm.howkuai.com\/wp-content\/uploads\/2015a\/03\/18\/05.jpg","http:\/\/mm.howkuai.com\/wp-content\/uploads\/2015a\/03\/18\/06.jpg","http:\/\/mm.howkuai.com\/wp-content\/uploads\/2015a\/03\/18\/07.jpg","http:\/\/mm.howkuai.com\/wp-content\/uploads\/2015a\/03\/18\/08.jpg","http:\/\/mm.howkuai.com\/wp-content\/uploads\/2015a\/03\/18\/09.jpg"]},{"plaintext":"\u5377\u53d1\u5973\u795e\uff0c\u5979\u7684\u6027\u611f\u5634\u5507\u5fae\u5fae\u4e0a\u626c","href":"http:\/\/www.meizitu.com\/a\/4814.html","pic_list":["http:\/\/mm.howkuai.com\/wp-content\/uploads\/2015a\/02\/09\/01.jpg","http:\/\/mm.howkuai.com\/wp-content\/uploads\/2015a\/02\/09\/02.jpg","http:\/\/mm.howkuai.com\/wp-content\/uploads\/2015a\/02\/09\/03.jpg","http:\/\/mm.howkuai.com\/wp-content\/uploads\/2015a\/02\/09\/04.jpg","http:\/\/mm.howkuai.com\/wp-content\/uploads\/2015a\/02\/09\/05.jpg","http:\/\/mm.howkuai.com\/wp-content\/uploads\/2015a\/02\/09\/06.jpg","http:\/\/mm.howkuai.com\/wp-content\/uploads\/2015a\/02\/09\/07.jpg"]},{"plaintext":"\u201c\u65b0\u5ea6\u5a18\u201d\u5154\u5973\u90ce\u88c5\u626e\u8d70\u7ea2 \u5927\u957f\u817f\u6027\u611f\u62a2\u955c","href":"http:\/\/www.meizitu.com\/a\/4805.html","pic_list":["http:\/\/mm.howkuai.com\/wp-content\/uploads\/2015a\/01\/64\/01.jpg","http:\/\/mm.howkuai.com\/wp-content\/uploads\/2015a\/01\/64\/02.jpg","http:\/\/mm.howkuai.com\/wp-content\/uploads\/2015a\/01\/64\/03.jpg","http:\/\/mm.howkuai.com\/wp-content\/uploads\/2015a\/01\/64\/04.jpg","http:\/\/mm.howkuai.com\/wp-content\/uploads\/2015a\/01\/64\/05.jpg","http:\/\/mm.howkuai.com\/wp-content\/uploads\/2015a\/01\/64\/06.jpg","http:\/\/mm.howkuai.com\/wp-content\/uploads\/2015a\/01\/64\/07.jpg","http:\/\/mm.howkuai.com\/wp-content\/uploads\/2015a\/01\/64\/08.jpg","http:\/\/mm.howkuai.com\/wp-content\/uploads\/2015a\/01\/64\/09.jpg"]},{"plaintext":"\u751c\u7f8e\u6027\u611f\u7684\u4e8e\u5927\u5c0f\u59d0AYU\u5199\u771f","href":"http:\/\/www.meizitu.com\/a\/4785.html","pic_list":["http:\/\/mm.howkuai.com\/wp-content\/uploads\/2015a\/01\/42\/01.jpg","http:\/\/mm.howkuai.com\/wp-content\/uploads\/2015a\/01\/42\/02.jpg","http:\/\/mm.howkuai.com\/wp-content\/uploads\/2015a\/01\/42\/03.jpg","http:\/\/mm.howkuai.com\/wp-content\/uploads\/2015a\/01\/42\/04.jpg","http:\/\/mm.howkuai.com\/wp-content\/uploads\/2015a\/01\/42\/05.jpg"]},{"plaintext":"\u9ed1\u767d\u4eba\u50cf\uff0c\u7edd\u7f8e\u6a21\u7279\u9ad8\u828a\u5199\u771f","href":"http:\/\/www.meizitu.com\/a\/4769.html","pic_list":["http:\/\/mm.howkuai.com\/wp-content\/uploads\/2015a\/01\/26\/01.jpg","http:\/\/mm.howkuai.com\/wp-content\/uploads\/2015a\/01\/26\/02.jpg","http:\/\/mm.howkuai.com\/wp-content\/uploads\/2015a\/01\/26\/03.jpg","http:\/\/mm.howkuai.com\/wp-content\/uploads\/2015a\/01\/26\/04.jpg","http:\/\/mm.howkuai.com\/wp-content\/uploads\/2015a\/01\/26\/05.jpg","http:\/\/mm.howkuai.com\/wp-content\/uploads\/2015a\/01\/26\/06.jpg","http:\/\/mm.howkuai.com\/wp-content\/uploads\/2015a\/01\/26\/07.jpg"]},{"plaintext":"\u5973\u795e\u51cc\u4e71\u53d1\u4e1d\u52a0\u4e0a\u7535\u773c\uff0c\u771f\u80fd\u64a9\u62e8\u5185\u5fc3","href":"http:\/\/www.meizitu.com\/a\/4756.html","pic_list":["http:\/\/mm.howkuai.com\/wp-content\/uploads\/2015a\/01\/14\/01.jpg","http:\/\/mm.howkuai.com\/wp-content\/uploads\/2015a\/01\/14\/02.jpg","http:\/\/mm.howkuai.com\/wp-content\/uploads\/2015a\/01\/14\/03.jpg","http:\/\/mm.howkuai.com\/wp-content\/uploads\/2015a\/01\/14\/04.jpg","http:\/\/mm.howkuai.com\/wp-content\/uploads\/2015a\/01\/14\/05.jpg"]},{"plaintext":"\u84dd\u5929\u3001\u9ec4\u6c99\u3001\u78a7\u6c34\u548c\u90a3\u5145\u6ee1\u5f02\u57df\u98ce\u60c5\u7684\u59d1\u5a18","href":"http:\/\/www.meizitu.com\/a\/4748.html","pic_list":["http:\/\/mm.howkuai.com\/wp-content\/uploads\/2015a\/01\/06\/01.jpg","http:\/\/mm.howkuai.com\/wp-content\/uploads\/2015a\/01\/06\/02.jpg","http:\/\/mm.howkuai.com\/wp-content\/uploads\/2015a\/01\/06\/03.jpg","http:\/\/mm.howkuai.com\/wp-content\/uploads\/2015a\/01\/06\/04.jpg","http:\/\/mm.howkuai.com\/wp-content\/uploads\/2015a\/01\/06\/05.jpg","http:\/\/mm.howkuai.com\/wp-content\/uploads\/2015a\/01\/06\/06.jpg"]},{"plaintext":"\u5723\u8bde\u8282\u5feb\u4e50\uff0c\u6a21\u7279\u738b\u7199\u7136\u76db\u88c5\u4e0a\u9635","href":"http:\/\/www.meizitu.com\/a\/4727.html","pic_list":["http:\/\/mm.howkuai.com\/wp-content\/uploads\/2014a\/12\/62\/01.jpg","http:\/\/mm.howkuai.com\/wp-content\/uploads\/2014a\/12\/62\/02.jpg","http:\/\/mm.howkuai.com\/wp-content\/uploads\/2014a\/12\/62\/03.jpg","http:\/\/mm.howkuai.com\/wp-content\/uploads\/2014a\/12\/62\/04.jpg","http:\/\/mm.howkuai.com\/wp-content\/uploads\/2014a\/12\/62\/05.jpg"]},{"plaintext":"\u73b2\u73d1\u5254\u900f\uff0c\u5a07\u5c0f\u7f8e\u5973\u767d\u8272\u4e1d\u889c\u5ba4\u5185\u5199\u771f","href":"http:\/\/www.meizitu.com\/a\/4716.html","pic_list":["http:\/\/mm.howkuai.com\/wp-content\/uploads\/2014a\/12\/51\/01.jpg","http:\/\/mm.howkuai.com\/wp-content\/uploads\/2014a\/12\/51\/02.jpg","http:\/\/mm.howkuai.com\/wp-content\/uploads\/2014a\/12\/51\/03.jpg","http:\/\/mm.howkuai.com\/wp-content\/uploads\/2014a\/12\/51\/04.jpg","http:\/\/mm.howkuai.com\/wp-content\/uploads\/2014a\/12\/51\/05.jpg","http:\/\/mm.howkuai.com\/wp-content\/uploads\/2014a\/12\/51\/06.jpg","http:\/\/mm.howkuai.com\/wp-content\/uploads\/2014a\/12\/51\/07.jpg"]},{"plaintext":"\u6e05\u7eaf\u7f8e\u80f8\u5ae9\u6a21\u7a7f\u53ef\u7231\u5185\u8863\u5199\u771f","href":"http:\/\/www.meizitu.com\/a\/4695.html","pic_list":["http:\/\/mm.howkuai.com\/wp-content\/uploads\/2014a\/12\/30\/01.jpg","http:\/\/mm.howkuai.com\/wp-content\/uploads\/2014a\/12\/30\/02.jpg","http:\/\/mm.howkuai.com\/wp-content\/uploads\/2014a\/12\/30\/03.jpg","http:\/\/mm.howkuai.com\/wp-content\/uploads\/2014a\/12\/30\/04.jpg","http:\/\/mm.howkuai.com\/wp-content\/uploads\/2014a\/12\/30\/05.jpg","http:\/\/mm.howkuai.com\/wp-content\/uploads\/2014a\/12\/30\/06.jpg","http:\/\/mm.howkuai.com\/wp-content\/uploads\/2014a\/12\/30\/07.jpg","http:\/\/mm.howkuai.com\/wp-content\/uploads\/2014a\/12\/30\/08.jpg"]},{"plaintext":"\u9189\u4e86\uff0c\u5973\u795e\u738b\u7199\u7136\u6700\u65b0\u5199\u771f\u4f5c\u54c1","href":"http:\/\/www.meizitu.com\/a\/4664.html","pic_list":["http:\/\/mm.howkuai.com\/wp-content\/uploads\/2014a\/11\/71\/01.jpg","http:\/\/mm.howkuai.com\/wp-content\/uploads\/2014a\/11\/71\/02.jpg","http:\/\/mm.howkuai.com\/wp-content\/uploads\/2014a\/11\/71\/03.jpg","http:\/\/mm.howkuai.com\/wp-content\/uploads\/2014a\/11\/71\/04.jpg","http:\/\/mm.howkuai.com\/wp-content\/uploads\/2014a\/11\/71\/05.jpg","http:\/\/mm.howkuai.com\/wp-content\/uploads\/2014a\/11\/71\/06.jpg","http:\/\/mm.howkuai.com\/wp-content\/uploads\/2014a\/11\/71\/07.jpg","http:\/\/mm.howkuai.com\/wp-content\/uploads\/2014a\/11\/71\/08.jpg"]}]