[{"plaintext":"\u6570\u6570\u90a3\u4e9b\u5c06\u6027\u611f\u5185\u655b\u7684\u59d1\u5a18","href":"http:\/\/www.meizitu.com\/a\/5471.html","pic_list":["http:\/\/mm.howkuai.com\/wp-content\/uploads\/2016a\/08\/26\/01.jpg","http:\/\/mm.howkuai.com\/wp-content\/uploads\/2016a\/08\/26\/02.jpg","http:\/\/mm.howkuai.com\/wp-content\/uploads\/2016a\/08\/26\/03.jpg","http:\/\/mm.howkuai.com\/wp-content\/uploads\/2016a\/08\/26\/04.jpg","http:\/\/mm.howkuai.com\/wp-content\/uploads\/2016a\/08\/26\/05.jpg","http:\/\/mm.howkuai.com\/wp-content\/uploads\/2016a\/08\/26\/06.jpg","http:\/\/mm.howkuai.com\/wp-content\/uploads\/2016a\/08\/26\/07.jpg","http:\/\/mm.howkuai.com\/wp-content\/uploads\/2016a\/08\/26\/08.jpg"]},{"plaintext":"\u6027\u611f\u91d1\u53d1\u7f8e\u5973\u524d\u51f8\u540e\u7fd8\u5341\u5206\u60f9\u706b","href":"http:\/\/www.meizitu.com\/a\/5216.html","pic_list":["http:\/\/mm.howkuai.com\/wp-content\/uploads\/2015a\/11\/11\/01.jpg","http:\/\/mm.howkuai.com\/wp-content\/uploads\/2015a\/11\/11\/02.jpg","http:\/\/mm.howkuai.com\/wp-content\/uploads\/2015a\/11\/11\/03.jpg","http:\/\/mm.howkuai.com\/wp-content\/uploads\/2015a\/11\/11\/04.jpg","http:\/\/mm.howkuai.com\/wp-content\/uploads\/2015a\/11\/11\/05.jpg","http:\/\/mm.howkuai.com\/wp-content\/uploads\/2015a\/11\/11\/06.jpg","http:\/\/mm.howkuai.com\/wp-content\/uploads\/2015a\/11\/11\/07.jpg","http:\/\/mm.howkuai.com\/wp-content\/uploads\/2015a\/11\/11\/08.jpg","http:\/\/mm.howkuai.com\/wp-content\/uploads\/2015a\/11\/11\/09.jpg","http:\/\/mm.howkuai.com\/wp-content\/uploads\/2015a\/11\/11\/10.jpg"]},{"plaintext":"\u4f0a\u83b2\u5a1c\u6d77\u6ee9\u62cd\u5927\u7247 \u8d64\u88f8\u4e0a\u8eab\u79c0\u6c34\u4e2d\u59a9\u5a9a","href":"http:\/\/www.meizitu.com\/a\/4942.html","pic_list":["http:\/\/mm.howkuai.com\/wp-content\/uploads\/2015a\/04\/46\/01.jpg","http:\/\/mm.howkuai.com\/wp-content\/uploads\/2015a\/04\/46\/02.jpg","http:\/\/mm.howkuai.com\/wp-content\/uploads\/2015a\/04\/46\/03.jpg","http:\/\/mm.howkuai.com\/wp-content\/uploads\/2015a\/04\/46\/04.jpg","http:\/\/mm.howkuai.com\/wp-content\/uploads\/2015a\/04\/46\/05.jpg","http:\/\/mm.howkuai.com\/wp-content\/uploads\/2015a\/04\/46\/06.jpg","http:\/\/mm.howkuai.com\/wp-content\/uploads\/2015a\/04\/46\/07.jpg"]},{"plaintext":"\u5185\u9a6c\u5c14\u7684\u706b\u8fa3\u524d\u5973\u53cb\u5e03\u9c81\u5a1c\u9753\u4e3d\u5199\u771f","href":"http:\/\/www.meizitu.com\/a\/4941.html","pic_list":["http:\/\/mm.howkuai.com\/wp-content\/uploads\/2015a\/04\/45\/01.jpg","http:\/\/mm.howkuai.com\/wp-content\/uploads\/2015a\/04\/45\/02.jpg","http:\/\/mm.howkuai.com\/wp-content\/uploads\/2015a\/04\/45\/03.jpg","http:\/\/mm.howkuai.com\/wp-content\/uploads\/2015a\/04\/45\/04.jpg","http:\/\/mm.howkuai.com\/wp-content\/uploads\/2015a\/04\/45\/05.jpg","http:\/\/mm.howkuai.com\/wp-content\/uploads\/2015a\/04\/45\/06.jpg"]},{"plaintext":"\u6027\u611f\u91d1\u53d1\u7f8e\u5973\uff0c\u5728\u5bc2\u9759\u7684\u5348\u540e\u8239\u575e","href":"http:\/\/www.meizitu.com\/a\/4901.html","pic_list":["http:\/\/mm.howkuai.com\/wp-content\/uploads\/2015a\/04\/05\/01.jpg","http:\/\/mm.howkuai.com\/wp-content\/uploads\/2015a\/04\/05\/02.jpg","http:\/\/mm.howkuai.com\/wp-content\/uploads\/2015a\/04\/05\/03.jpg","http:\/\/mm.howkuai.com\/wp-content\/uploads\/2015a\/04\/05\/04.jpg","http:\/\/mm.howkuai.com\/wp-content\/uploads\/2015a\/04\/05\/05.jpg","http:\/\/mm.howkuai.com\/wp-content\/uploads\/2015a\/04\/05\/06.jpg","http:\/\/mm.howkuai.com\/wp-content\/uploads\/2015a\/04\/05\/07.jpg"]},{"plaintext":"\u6b27\u7f8e\u98ce\u60c5\u7684\u6027\u611f\u5c24\u7269\u738b\u4e38\u4e38\u5185\u8863\u5199\u771f","href":"http:\/\/www.meizitu.com\/a\/4862.html","pic_list":["http:\/\/mm.howkuai.com\/wp-content\/uploads\/2015a\/03\/20\/01.jpg","http:\/\/mm.howkuai.com\/wp-content\/uploads\/2015a\/03\/20\/02.jpg","http:\/\/mm.howkuai.com\/wp-content\/uploads\/2015a\/03\/20\/03.jpg","http:\/\/mm.howkuai.com\/wp-content\/uploads\/2015a\/03\/20\/04.jpg","http:\/\/mm.howkuai.com\/wp-content\/uploads\/2015a\/03\/20\/05.jpg","http:\/\/mm.howkuai.com\/wp-content\/uploads\/2015a\/03\/20\/06.jpg","http:\/\/mm.howkuai.com\/wp-content\/uploads\/2015a\/03\/20\/07.jpg","http:\/\/mm.howkuai.com\/wp-content\/uploads\/2015a\/03\/20\/08.jpg","http:\/\/mm.howkuai.com\/wp-content\/uploads\/2015a\/03\/20\/09.jpg","http:\/\/mm.howkuai.com\/wp-content\/uploads\/2015a\/03\/20\/10.jpg"]},{"plaintext":"\u78a7\u6c34\u84dd\u5929\uff0c\u7ea2\u8272\u6bd4\u57fa\u5c3c\u7f8e\u5973\u79c0\u7fd8\u81c0","href":"http:\/\/www.meizitu.com\/a\/4831.html","pic_list":["http:\/\/mm.howkuai.com\/wp-content\/uploads\/2015a\/02\/26\/01.jpg","http:\/\/mm.howkuai.com\/wp-content\/uploads\/2015a\/02\/26\/02.jpg","http:\/\/mm.howkuai.com\/wp-content\/uploads\/2015a\/02\/26\/03.jpg","http:\/\/mm.howkuai.com\/wp-content\/uploads\/2015a\/02\/26\/04.jpg"]},{"plaintext":"\u8d85\u68d2\u8eab\u6750\u7684\u5916\u56fd\u6a21\u7279raluca","href":"http:\/\/www.meizitu.com\/a\/4709.html","pic_list":["http:\/\/mm.howkuai.com\/wp-content\/uploads\/2014a\/12\/44\/01.jpg","http:\/\/mm.howkuai.com\/wp-content\/uploads\/2014a\/12\/44\/02.jpg","http:\/\/mm.howkuai.com\/wp-content\/uploads\/2014a\/12\/44\/03.jpg","http:\/\/mm.howkuai.com\/wp-content\/uploads\/2014a\/12\/44\/04.jpg","http:\/\/mm.howkuai.com\/wp-content\/uploads\/2014a\/12\/44\/05.jpg"]},{"plaintext":"\u6027\u611f\u6b27\u7f8e\u5973\u90ce\uff0c\u91d1\u8272\u957f\u53d1\u64a9\u52a8\u4f60\u7684\u60c5\u6000","href":"http:\/\/www.meizitu.com\/a\/4684.html","pic_list":["http:\/\/mm.howkuai.com\/wp-content\/uploads\/2014a\/12\/19\/01.jpg","http:\/\/mm.howkuai.com\/wp-content\/uploads\/2014a\/12\/19\/02.jpg","http:\/\/mm.howkuai.com\/wp-content\/uploads\/2014a\/12\/19\/03.jpg","http:\/\/mm.howkuai.com\/wp-content\/uploads\/2014a\/12\/19\/04.jpg","http:\/\/mm.howkuai.com\/wp-content\/uploads\/2014a\/12\/19\/05.jpg","http:\/\/mm.howkuai.com\/wp-content\/uploads\/2014a\/12\/19\/06.jpg","http:\/\/mm.howkuai.com\/wp-content\/uploads\/2014a\/12\/19\/07.jpg","http:\/\/mm.howkuai.com\/wp-content\/uploads\/2014a\/12\/19\/08.jpg","http:\/\/mm.howkuai.com\/wp-content\/uploads\/2014a\/12\/19\/09.jpg","http:\/\/mm.howkuai.com\/wp-content\/uploads\/2014a\/12\/19\/10.jpg"]},{"plaintext":"\u8bf1\u4eba\u6b32\u6ef4\u7684\u7f8e\u4e73\uff0c\u6b27\u7f8e\u5185\u8863\u6a21\u7279\u6b23\u8d4f","href":"http:\/\/www.meizitu.com\/a\/4591.html","pic_list":["http:\/\/mm.howkuai.com\/wp-content\/uploads\/2014a\/11\/05\/01.jpg","http:\/\/mm.howkuai.com\/wp-content\/uploads\/2014a\/11\/05\/02.jpg","http:\/\/mm.howkuai.com\/wp-content\/uploads\/2014a\/11\/05\/03.jpg","http:\/\/mm.howkuai.com\/wp-content\/uploads\/2014a\/11\/05\/04.jpg","http:\/\/mm.howkuai.com\/wp-content\/uploads\/2014a\/11\/05\/05.jpg","http:\/\/mm.howkuai.com\/wp-content\/uploads\/2014a\/11\/05\/06.jpg","http:\/\/mm.howkuai.com\/wp-content\/uploads\/2014a\/11\/05\/07.jpg"]},{"plaintext":"\u5fa1\u5973\u90ce\uff0c\u4e4c\u514b\u5170\u8fa3\u59b9Alina\u706b\u70ed\u8eab\u6750","href":"http:\/\/www.meizitu.com\/a\/4539.html","pic_list":["http:\/\/mm.howkuai.com\/wp-content\/uploads\/2014a\/10\/25\/01.jpg","http:\/\/mm.howkuai.com\/wp-content\/uploads\/2014a\/10\/25\/02.jpg","http:\/\/mm.howkuai.com\/wp-content\/uploads\/2014a\/10\/25\/03.jpg","http:\/\/mm.howkuai.com\/wp-content\/uploads\/2014a\/10\/25\/04.jpg","http:\/\/mm.howkuai.com\/wp-content\/uploads\/2014a\/10\/25\/05.jpg","http:\/\/mm.howkuai.com\/wp-content\/uploads\/2014a\/10\/25\/06.jpg","http:\/\/mm.howkuai.com\/wp-content\/uploads\/2014a\/10\/25\/07.jpg"]},{"plaintext":"\u6b27\u7f8e\u6027\u611f\u6a21\u7279\u6b23\u8d4f","href":"http:\/\/www.meizitu.com\/a\/4535.html","pic_list":["http:\/\/mm.howkuai.com\/wp-content\/uploads\/2014a\/10\/22\/01.jpg","http:\/\/mm.howkuai.com\/wp-content\/uploads\/2014a\/10\/22\/02.jpg","http:\/\/mm.howkuai.com\/wp-content\/uploads\/2014a\/10\/22\/03.jpg","http:\/\/mm.howkuai.com\/wp-content\/uploads\/2014a\/10\/22\/04.jpg","http:\/\/mm.howkuai.com\/wp-content\/uploads\/2014a\/10\/22\/05.jpg","http:\/\/mm.howkuai.com\/wp-content\/uploads\/2014a\/10\/22\/06.jpg","http:\/\/mm.howkuai.com\/wp-content\/uploads\/2014a\/10\/22\/07.jpg","http:\/\/mm.howkuai.com\/wp-content\/uploads\/2014a\/10\/22\/08.jpg","http:\/\/mm.howkuai.com\/wp-content\/uploads\/2014a\/10\/22\/09.jpg","http:\/\/mm.howkuai.com\/wp-content\/uploads\/2014a\/10\/22\/10.jpg"]},{"plaintext":"\u6b27\u7f8e\u6f02\u4eae\u8d85\u6a21\uff0c\u5f20\u5f20\u90fd\u53ef\u4ee5\u5f53\u684c\u9762","href":"http:\/\/www.meizitu.com\/a\/4427.html","pic_list":["http:\/\/mm.howkuai.com\/wp-content\/uploads\/2014a\/08\/41\/01.jpg","http:\/\/mm.howkuai.com\/wp-content\/uploads\/2014a\/08\/41\/02.jpg","http:\/\/mm.howkuai.com\/wp-content\/uploads\/2014a\/08\/41\/03.jpg","http:\/\/mm.howkuai.com\/wp-content\/uploads\/2014a\/08\/41\/04.jpg","http:\/\/mm.howkuai.com\/wp-content\/uploads\/2014a\/08\/41\/05.jpg","http:\/\/mm.howkuai.com\/wp-content\/uploads\/2014a\/08\/41\/06.jpg","http:\/\/mm.howkuai.com\/wp-content\/uploads\/2014a\/08\/41\/07.jpg","http:\/\/mm.howkuai.com\/wp-content\/uploads\/2014a\/08\/41\/08.jpg","http:\/\/mm.howkuai.com\/wp-content\/uploads\/2014a\/08\/41\/09.jpg","http:\/\/mm.howkuai.com\/wp-content\/uploads\/2014a\/08\/41\/10.jpg","http:\/\/mm.howkuai.com\/wp-content\/uploads\/2014a\/08\/41\/11.jpg","http:\/\/mm.howkuai.com\/wp-content\/uploads\/2014a\/08\/41\/12.jpg"]},{"plaintext":"\u6700\u597d\u8eab\u6750\u6bd4\u4f8b\uff0c\u6b27\u7f8e\u8d85\u6a21\u4eba\u7f8e\u82b1\u4e5f\u7f8e","href":"http:\/\/www.meizitu.com\/a\/4411.html","pic_list":["http:\/\/mm.howkuai.com\/wp-content\/uploads\/2014a\/08\/25\/01.jpg","http:\/\/mm.howkuai.com\/wp-content\/uploads\/2014a\/08\/25\/02.jpg","http:\/\/mm.howkuai.com\/wp-content\/uploads\/2014a\/08\/25\/03.jpg","http:\/\/mm.howkuai.com\/wp-content\/uploads\/2014a\/08\/25\/04.jpg","http:\/\/mm.howkuai.com\/wp-content\/uploads\/2014a\/08\/25\/05.jpg","http:\/\/mm.howkuai.com\/wp-content\/uploads\/2014a\/08\/25\/06.jpg","http:\/\/mm.howkuai.com\/wp-content\/uploads\/2014a\/08\/25\/07.jpg","http:\/\/mm.howkuai.com\/wp-content\/uploads\/2014a\/08\/25\/08.jpg","http:\/\/mm.howkuai.com\/wp-content\/uploads\/2014a\/08\/25\/09.jpg"]},{"plaintext":"\u8ff7\u4eba\u5a07\u5a03\uff0c\u6b27\u7f8e\u7f8e\u5973Kenza Fourati","href":"http:\/\/www.meizitu.com\/a\/4288.html","pic_list":["http:\/\/mm.howkuai.com\/wp-content\/uploads\/2014a\/06\/40\/01.jpg","http:\/\/mm.howkuai.com\/wp-content\/uploads\/2014a\/06\/40\/02.jpg","http:\/\/mm.howkuai.com\/wp-content\/uploads\/2014a\/06\/40\/03.jpg","http:\/\/mm.howkuai.com\/wp-content\/uploads\/2014a\/06\/40\/04.jpg","http:\/\/mm.howkuai.com\/wp-content\/uploads\/2014a\/06\/40\/05.jpg","http:\/\/mm.howkuai.com\/wp-content\/uploads\/2014a\/06\/40\/06.jpg","http:\/\/mm.howkuai.com\/wp-content\/uploads\/2014a\/06\/40\/07.jpg","http:\/\/mm.howkuai.com\/wp-content\/uploads\/2014a\/06\/40\/08.jpg"]},{"plaintext":"\u4e2a\u4e2a\u90fd\u7edd\u8272\uff0c\u6b27\u7f8e\u8d85\u68d2\u8eab\u6750\u7684\u6a21\u7279","href":"http:\/\/www.meizitu.com\/a\/4185.html","pic_list":["http:\/\/mm.howkuai.com\/wp-content\/uploads\/2014a\/04\/47\/01.jpg","http:\/\/mm.howkuai.com\/wp-content\/uploads\/2014a\/04\/47\/02.jpg","http:\/\/mm.howkuai.com\/wp-content\/uploads\/2014a\/04\/47\/03.jpg","http:\/\/mm.howkuai.com\/wp-content\/uploads\/2014a\/04\/47\/04.jpg","http:\/\/mm.howkuai.com\/wp-content\/uploads\/2014a\/04\/47\/05.jpg","http:\/\/mm.howkuai.com\/wp-content\/uploads\/2014a\/04\/47\/06.jpg","http:\/\/mm.howkuai.com\/wp-content\/uploads\/2014a\/04\/47\/07.jpg","http:\/\/mm.howkuai.com\/wp-content\/uploads\/2014a\/04\/47\/08.jpg","http:\/\/mm.howkuai.com\/wp-content\/uploads\/2014a\/04\/47\/09.jpg","http:\/\/mm.howkuai.com\/wp-content\/uploads\/2014a\/04\/47\/10.jpg","http:\/\/mm.howkuai.com\/wp-content\/uploads\/2014a\/04\/47\/11.jpg","http:\/\/mm.howkuai.com\/wp-content\/uploads\/2014a\/04\/47\/12.jpg"]},{"plaintext":"\u6b27\u7f8e\u5185\u8863\u6027\u611f\u98ce\uff0c\u7edd\u4f73\u8eab\u6750\u7684\u897f\u6d0b\u7f8e\u5973","href":"http:\/\/www.meizitu.com\/a\/4088.html","pic_list":["http:\/\/mm.howkuai.com\/wp-content\/uploads\/2014a\/03\/17\/01.jpg","http:\/\/mm.howkuai.com\/wp-content\/uploads\/2014a\/03\/17\/02.jpg","http:\/\/mm.howkuai.com\/wp-content\/uploads\/2014a\/03\/17\/03.jpg","http:\/\/mm.howkuai.com\/wp-content\/uploads\/2014a\/03\/17\/04.jpg","http:\/\/mm.howkuai.com\/wp-content\/uploads\/2014a\/03\/17\/05.jpg","http:\/\/mm.howkuai.com\/wp-content\/uploads\/2014a\/03\/17\/06.jpg","http:\/\/mm.howkuai.com\/wp-content\/uploads\/2014a\/03\/17\/07.jpg","http:\/\/mm.howkuai.com\/wp-content\/uploads\/2014a\/03\/17\/08.jpg","http:\/\/mm.howkuai.com\/wp-content\/uploads\/2014a\/03\/17\/09.jpg"]},{"plaintext":"\u6027\u611f\u6b27\u7f8e\u8d85\u6a21\u62cd\u6e7f\u8eab\u6cf3\u88c5\u5199\u771f","href":"http:\/\/www.meizitu.com\/a\/3982.html","pic_list":["http:\/\/mm.howkuai.com\/wp-content\/uploads\/2014a\/01\/46\/01.jpg","http:\/\/mm.howkuai.com\/wp-content\/uploads\/2014a\/01\/46\/02.jpg","http:\/\/mm.howkuai.com\/wp-content\/uploads\/2014a\/01\/46\/03.jpg","http:\/\/mm.howkuai.com\/wp-content\/uploads\/2014a\/01\/46\/04.jpg","http:\/\/mm.howkuai.com\/wp-content\/uploads\/2014a\/01\/46\/05.jpg","http:\/\/mm.howkuai.com\/wp-content\/uploads\/2014a\/01\/46\/06.jpg"]},{"plaintext":"\u91d1\u53d1\u6027\u611f\u7f8e\u5973\u7684\u7d27\u8eab\u77ed\u88d9\u8bf1\u60d1","href":"http:\/\/www.meizitu.com\/a\/3941.html","pic_list":["http:\/\/mm.howkuai.com\/wp-content\/uploads\/2014a\/01\/08\/01.jpg","http:\/\/mm.howkuai.com\/wp-content\/uploads\/2014a\/01\/08\/02.jpg","http:\/\/mm.howkuai.com\/wp-content\/uploads\/2014a\/01\/08\/03.jpg","http:\/\/mm.howkuai.com\/wp-content\/uploads\/2014a\/01\/08\/04.jpg","http:\/\/mm.howkuai.com\/wp-content\/uploads\/2014a\/01\/08\/05.jpg","http:\/\/mm.howkuai.com\/wp-content\/uploads\/2014a\/01\/08\/06.jpg","http:\/\/mm.howkuai.com\/wp-content\/uploads\/2014a\/01\/08\/07.jpg","http:\/\/mm.howkuai.com\/wp-content\/uploads\/2014a\/01\/08\/08.jpg","http:\/\/mm.howkuai.com\/wp-content\/uploads\/2014a\/01\/08\/09.jpg"]},{"plaintext":"[\u6027\u611f\u7f8e\u5973]\u6b27\u7f8e\u5973\u4eba\u5143\u65e6\u7279\u8f91","href":"http:\/\/www.meizitu.com\/a\/3935.html","pic_list":["http:\/\/mm.howkuai.com\/wp-content\/uploads\/2014a\/01\/02\/01.jpg","http:\/\/mm.howkuai.com\/wp-content\/uploads\/2014a\/01\/02\/02.jpg","http:\/\/mm.howkuai.com\/wp-content\/uploads\/2014a\/01\/02\/03.jpg","http:\/\/mm.howkuai.com\/wp-content\/uploads\/2014a\/01\/02\/04.jpg","http:\/\/mm.howkuai.com\/wp-content\/uploads\/2014a\/01\/02\/05.jpg","http:\/\/mm.howkuai.com\/wp-content\/uploads\/2014a\/01\/02\/06.jpg","http:\/\/mm.howkuai.com\/wp-content\/uploads\/2014a\/01\/02\/07.jpg","http:\/\/mm.howkuai.com\/wp-content\/uploads\/2014a\/01\/02\/08.jpg","http:\/\/mm.howkuai.com\/wp-content\/uploads\/2014a\/01\/02\/09.jpg","http:\/\/mm.howkuai.com\/wp-content\/uploads\/2014a\/01\/02\/10.jpg","http:\/\/mm.howkuai.com\/wp-content\/uploads\/2014a\/01\/02\/11.jpg"]},{"plaintext":"\u7edd\u7f8e\u6b27\u7f8e\u5973\u5b69\u5c4b\u9876\u82b1\u56ed\u79c1\u5bc6\u7167","href":"http:\/\/www.meizitu.com\/a\/3915.html","pic_list":["http:\/\/mm.howkuai.com\/wp-content\/uploads\/2013a\/12\/51\/01.jpg","http:\/\/mm.howkuai.com\/wp-content\/uploads\/2013a\/12\/51\/02.jpg","http:\/\/mm.howkuai.com\/wp-content\/uploads\/2013a\/12\/51\/03.jpg","http:\/\/mm.howkuai.com\/wp-content\/uploads\/2013a\/12\/51\/04.jpg","http:\/\/mm.howkuai.com\/wp-content\/uploads\/2013a\/12\/51\/05.jpg","http:\/\/mm.howkuai.com\/wp-content\/uploads\/2013a\/12\/51\/06.jpg","http:\/\/mm.howkuai.com\/wp-content\/uploads\/2013a\/12\/51\/07.jpg","http:\/\/mm.howkuai.com\/wp-content\/uploads\/2013a\/12\/51\/08.jpg"]},{"plaintext":"\u6b27\u7f8e\u4e9a\u6d32\u82e5\u5e72\u6027\u611f\u5c24\u7269","href":"http:\/\/www.meizitu.com\/a\/3814.html","pic_list":["http:\/\/mm.howkuai.com\/wp-content\/uploads\/2013a\/11\/29\/01.jpg","http:\/\/mm.howkuai.com\/wp-content\/uploads\/2013a\/11\/29\/02.jpg","http:\/\/mm.howkuai.com\/wp-content\/uploads\/2013a\/11\/29\/03.jpg","http:\/\/mm.howkuai.com\/wp-content\/uploads\/2013a\/11\/29\/04.jpg","http:\/\/mm.howkuai.com\/wp-content\/uploads\/2013a\/11\/29\/05.jpg","http:\/\/mm.howkuai.com\/wp-content\/uploads\/2013a\/11\/29\/06.jpg","http:\/\/mm.howkuai.com\/wp-content\/uploads\/2013a\/11\/29\/07.jpg","http:\/\/mm.howkuai.com\/wp-content\/uploads\/2013a\/11\/29\/08.jpg","http:\/\/mm.howkuai.com\/wp-content\/uploads\/2013a\/11\/29\/09.jpg","http:\/\/mm.howkuai.com\/wp-content\/uploads\/2013a\/11\/29\/10.jpg"]},{"plaintext":"\u6b27\u7f8e\u55b7\u8840\u6027\u611f\u7f8e\u5973\u7cfb\u5217\u4e8c","href":"http:\/\/www.meizitu.com\/a\/3777.html","pic_list":["http:\/\/mm.howkuai.com\/wp-content\/uploads\/2013a\/10\/57\/01.jpg","http:\/\/mm.howkuai.com\/wp-content\/uploads\/2013a\/10\/57\/02.jpg","http:\/\/mm.howkuai.com\/wp-content\/uploads\/2013a\/10\/57\/03.jpg","http:\/\/mm.howkuai.com\/wp-content\/uploads\/2013a\/10\/57\/04.jpg"]},{"plaintext":"\u7edd\u4ee3\u7ea2\u7c89\u4f73\u4eba\u6652\u80f8\u7f69","href":"http:\/\/www.meizitu.com\/a\/3750.html","pic_list":["http:\/\/mm.howkuai.com\/wp-content\/uploads\/2013a\/10\/32\/01.jpg","http:\/\/mm.howkuai.com\/wp-content\/uploads\/2013a\/10\/32\/02.jpg","http:\/\/mm.howkuai.com\/wp-content\/uploads\/2013a\/10\/32\/03.jpg","http:\/\/mm.howkuai.com\/wp-content\/uploads\/2013a\/10\/32\/04.jpg","http:\/\/mm.howkuai.com\/wp-content\/uploads\/2013a\/10\/32\/05.jpg"]},{"plaintext":"Maggie-Holly \u6df7\u8840\u6027\u611f\u5199\u771f","href":"http:\/\/www.meizitu.com\/a\/3743.html","pic_list":["http:\/\/mm.howkuai.com\/wp-content\/uploads\/2013a\/10\/25\/01.jpg","http:\/\/mm.howkuai.com\/wp-content\/uploads\/2013a\/10\/25\/02.jpg","http:\/\/mm.howkuai.com\/wp-content\/uploads\/2013a\/10\/25\/03.jpg","http:\/\/mm.howkuai.com\/wp-content\/uploads\/2013a\/10\/25\/04.jpg","http:\/\/mm.howkuai.com\/wp-content\/uploads\/2013a\/10\/25\/05.jpg","http:\/\/mm.howkuai.com\/wp-content\/uploads\/2013a\/10\/25\/06.jpg"]},{"plaintext":"\u7ed3\u5b9e\u7fd8\u81c0\u5c3d\u6001\u6781\u598d\u5927\u56fe","href":"http:\/\/www.meizitu.com\/a\/3729.html","pic_list":["http:\/\/mm.howkuai.com\/wp-content\/uploads\/2013a\/10\/11\/01.jpg","http:\/\/mm.howkuai.com\/wp-content\/uploads\/2013a\/10\/11\/02.jpg","http:\/\/mm.howkuai.com\/wp-content\/uploads\/2013a\/10\/11\/03.jpg","http:\/\/mm.howkuai.com\/wp-content\/uploads\/2013a\/10\/11\/04.jpg"]}]