[{"plaintext":"\u7edd\u8272\u6c14\u8d28\u5c11\u5973\u53f6\u5b50\u5c0f\u6e05\u65b0\u56fe\u7247","href":"http:\/\/www.meizitu.com\/a\/4609.html","pic_list":["http:\/\/mm.howkuai.com\/wp-content\/uploads\/2014a\/11\/17\/01.jpg","http:\/\/mm.howkuai.com\/wp-content\/uploads\/2014a\/11\/17\/02.jpg","http:\/\/mm.howkuai.com\/wp-content\/uploads\/2014a\/11\/17\/03.jpg","http:\/\/mm.howkuai.com\/wp-content\/uploads\/2014a\/11\/17\/04.jpg","http:\/\/mm.howkuai.com\/wp-content\/uploads\/2014a\/11\/17\/05.jpg","http:\/\/mm.howkuai.com\/wp-content\/uploads\/2014a\/11\/17\/06.jpg","http:\/\/mm.howkuai.com\/wp-content\/uploads\/2014a\/11\/17\/07.jpg"]},{"plaintext":"\u5a77\u5a77\u7389\u7acb\uff0c\u56fe\u4e66\u9986\u7684\u6e05\u7eaf\u751c\u59b9\u5b50","href":"http:\/\/www.meizitu.com\/a\/4605.html","pic_list":["http:\/\/mm.howkuai.com\/wp-content\/uploads\/2014a\/11\/13\/01.jpg","http:\/\/mm.howkuai.com\/wp-content\/uploads\/2014a\/11\/13\/02.jpg","http:\/\/mm.howkuai.com\/wp-content\/uploads\/2014a\/11\/13\/03.jpg","http:\/\/mm.howkuai.com\/wp-content\/uploads\/2014a\/11\/13\/04.jpg","http:\/\/mm.howkuai.com\/wp-content\/uploads\/2014a\/11\/13\/05.jpg","http:\/\/mm.howkuai.com\/wp-content\/uploads\/2014a\/11\/13\/06.jpg"]},{"plaintext":"\u4f60\u7684\u6e05\u6f88\u773c\u775b\u8ba9\u6211\u89c1\u72b9\u601c","href":"http:\/\/www.meizitu.com\/a\/4584.html","pic_list":["http:\/\/mm.howkuai.com\/wp-content\/uploads\/2014a\/10\/70\/01.jpg","http:\/\/mm.howkuai.com\/wp-content\/uploads\/2014a\/10\/70\/02.jpg","http:\/\/mm.howkuai.com\/wp-content\/uploads\/2014a\/10\/70\/03.jpg","http:\/\/mm.howkuai.com\/wp-content\/uploads\/2014a\/10\/70\/04.jpg","http:\/\/mm.howkuai.com\/wp-content\/uploads\/2014a\/10\/70\/05.jpg","http:\/\/mm.howkuai.com\/wp-content\/uploads\/2014a\/10\/70\/06.jpg"]},{"plaintext":"\u6e05\u6c34\u51fa\u8299\u84c9\uff0c\u90a3\u4e9b\u6e05\u7eaf\u7684\u517b\u773c\u7f8e\u5973\u56fe\u7247","href":"http:\/\/www.meizitu.com\/a\/4559.html","pic_list":["http:\/\/mm.howkuai.com\/wp-content\/uploads\/2014a\/10\/45\/01.jpg","http:\/\/mm.howkuai.com\/wp-content\/uploads\/2014a\/10\/45\/02.jpg","http:\/\/mm.howkuai.com\/wp-content\/uploads\/2014a\/10\/45\/03.jpg","http:\/\/mm.howkuai.com\/wp-content\/uploads\/2014a\/10\/45\/04.jpg","http:\/\/mm.howkuai.com\/wp-content\/uploads\/2014a\/10\/45\/05.jpg","http:\/\/mm.howkuai.com\/wp-content\/uploads\/2014a\/10\/45\/06.jpg","http:\/\/mm.howkuai.com\/wp-content\/uploads\/2014a\/10\/45\/07.jpg","http:\/\/mm.howkuai.com\/wp-content\/uploads\/2014a\/10\/45\/08.jpg","http:\/\/mm.howkuai.com\/wp-content\/uploads\/2014a\/10\/45\/09.jpg","http:\/\/mm.howkuai.com\/wp-content\/uploads\/2014a\/10\/45\/10.jpg"]},{"plaintext":"\u7a7f\u725b\u4ed4\u8863\u7684\u9752\u6625\u7f8e\u5c11\u5973\uff0c\u6c90\u6d74\u5728\u6e05\u6668\u9633\u5149\u4e0b","href":"http:\/\/www.meizitu.com\/a\/4554.html","pic_list":["http:\/\/mm.howkuai.com\/wp-content\/uploads\/2014a\/10\/40\/01.jpg","http:\/\/mm.howkuai.com\/wp-content\/uploads\/2014a\/10\/40\/02.jpg","http:\/\/mm.howkuai.com\/wp-content\/uploads\/2014a\/10\/40\/03.jpg","http:\/\/mm.howkuai.com\/wp-content\/uploads\/2014a\/10\/40\/04.jpg","http:\/\/mm.howkuai.com\/wp-content\/uploads\/2014a\/10\/40\/05.jpg"]},{"plaintext":"\u5c0f\u86ee\u8170\u7f8e\u5973\uff0c\u6210\u90fd\uff0c\u7396\u6708\u7684\u5c3e\u5df4\u9082\u9005\u9633\u5149","href":"http:\/\/www.meizitu.com\/a\/4545.html","pic_list":["http:\/\/mm.howkuai.com\/wp-content\/uploads\/2014a\/10\/31\/01.jpg","http:\/\/mm.howkuai.com\/wp-content\/uploads\/2014a\/10\/31\/02.jpg","http:\/\/mm.howkuai.com\/wp-content\/uploads\/2014a\/10\/31\/03.jpg","http:\/\/mm.howkuai.com\/wp-content\/uploads\/2014a\/10\/31\/04.jpg","http:\/\/mm.howkuai.com\/wp-content\/uploads\/2014a\/10\/31\/05.jpg","http:\/\/mm.howkuai.com\/wp-content\/uploads\/2014a\/10\/31\/06.jpg","http:\/\/mm.howkuai.com\/wp-content\/uploads\/2014a\/10\/31\/07.jpg"]},{"plaintext":"\u8d81\u7740\u590f\u5929\u7684\u5c3e\u5df4\uff0c\u7f8e\u7709\u5c55\u793a\u81ea\u5df1\u7684\u9752\u6625","href":"http:\/\/www.meizitu.com\/a\/4516.html","pic_list":["http:\/\/mm.howkuai.com\/wp-content\/uploads\/2014a\/10\/03\/01.jpg","http:\/\/mm.howkuai.com\/wp-content\/uploads\/2014a\/10\/03\/02.jpg","http:\/\/mm.howkuai.com\/wp-content\/uploads\/2014a\/10\/03\/03.jpg","http:\/\/mm.howkuai.com\/wp-content\/uploads\/2014a\/10\/03\/04.jpg","http:\/\/mm.howkuai.com\/wp-content\/uploads\/2014a\/10\/03\/05.jpg","http:\/\/mm.howkuai.com\/wp-content\/uploads\/2014a\/10\/03\/06.jpg","http:\/\/mm.howkuai.com\/wp-content\/uploads\/2014a\/10\/03\/07.jpg"]},{"plaintext":"\u5976\u8336\u59b9\u59b9\u62cd\u6587\u827a\u6e05\u65b0\u5199\u771f\u5927\u79c0\u7f8e\u817f","href":"http:\/\/www.meizitu.com\/a\/4498.html","pic_list":["http:\/\/mm.howkuai.com\/wp-content\/uploads\/2014a\/09\/43\/01.jpg","http:\/\/mm.howkuai.com\/wp-content\/uploads\/2014a\/09\/43\/02.jpg","http:\/\/mm.howkuai.com\/wp-content\/uploads\/2014a\/09\/43\/03.jpg","http:\/\/mm.howkuai.com\/wp-content\/uploads\/2014a\/09\/43\/04.jpg","http:\/\/mm.howkuai.com\/wp-content\/uploads\/2014a\/09\/43\/05.jpg","http:\/\/mm.howkuai.com\/wp-content\/uploads\/2014a\/09\/43\/06.jpg"]},{"plaintext":"\u90a3\u4e9b\u6e05\u7eaf\u7684\u517b\u773c\u7f8e\u5973\u56fe\u7247\uff0810\uff09","href":"http:\/\/www.meizitu.com\/a\/4486.html","pic_list":["http:\/\/mm.howkuai.com\/wp-content\/uploads\/2014a\/09\/31\/01.jpg","http:\/\/mm.howkuai.com\/wp-content\/uploads\/2014a\/09\/31\/02.jpg","http:\/\/mm.howkuai.com\/wp-content\/uploads\/2014a\/09\/31\/03.jpg","http:\/\/mm.howkuai.com\/wp-content\/uploads\/2014a\/09\/31\/04.jpg","http:\/\/mm.howkuai.com\/wp-content\/uploads\/2014a\/09\/31\/05.jpg","http:\/\/mm.howkuai.com\/wp-content\/uploads\/2014a\/09\/31\/06.jpg","http:\/\/mm.howkuai.com\/wp-content\/uploads\/2014a\/09\/31\/07.jpg","http:\/\/mm.howkuai.com\/wp-content\/uploads\/2014a\/09\/31\/08.jpg","http:\/\/mm.howkuai.com\/wp-content\/uploads\/2014a\/09\/31\/09.jpg","http:\/\/mm.howkuai.com\/wp-content\/uploads\/2014a\/09\/31\/10.jpg"]},{"plaintext":"\u5446\u840c\uff01\u6821\u56ed\u91cc\u7684\u6e05\u7eaf\u602a\u517d\uff0c\u4e4c\u9ed1\u7684\u5927\u773c\u775b","href":"http:\/\/www.meizitu.com\/a\/4480.html","pic_list":["http:\/\/mm.howkuai.com\/wp-content\/uploads\/2014a\/09\/25\/01.jpg","http:\/\/mm.howkuai.com\/wp-content\/uploads\/2014a\/09\/25\/02.jpg","http:\/\/mm.howkuai.com\/wp-content\/uploads\/2014a\/09\/25\/03.jpg","http:\/\/mm.howkuai.com\/wp-content\/uploads\/2014a\/09\/25\/04.jpg","http:\/\/mm.howkuai.com\/wp-content\/uploads\/2014a\/09\/25\/05.jpg","http:\/\/mm.howkuai.com\/wp-content\/uploads\/2014a\/09\/25\/06.jpg","http:\/\/mm.howkuai.com\/wp-content\/uploads\/2014a\/09\/25\/07.jpg","http:\/\/mm.howkuai.com\/wp-content\/uploads\/2014a\/09\/25\/08.jpg"]},{"plaintext":"[\u6cbb\u6108\u7cfb]\u4f60\u5728\u6df1\u95fa\uff0c\u671b\u7a7f\u79cb\u6c34","href":"http:\/\/www.meizitu.com\/a\/4460.html","pic_list":["http:\/\/mm.howkuai.com\/wp-content\/uploads\/2014a\/09\/06\/01.jpg","http:\/\/mm.howkuai.com\/wp-content\/uploads\/2014a\/09\/06\/02.jpg","http:\/\/mm.howkuai.com\/wp-content\/uploads\/2014a\/09\/06\/03.jpg","http:\/\/mm.howkuai.com\/wp-content\/uploads\/2014a\/09\/06\/04.jpg","http:\/\/mm.howkuai.com\/wp-content\/uploads\/2014a\/09\/06\/05.jpg","http:\/\/mm.howkuai.com\/wp-content\/uploads\/2014a\/09\/06\/06.jpg"]},{"plaintext":"\u590d\u65e6\u53cc\u80de\u80ce\u6821\u82b1\u7167\u7247\uff0c\u840c\u7ffb\u4f17\u4eba","href":"http:\/\/www.meizitu.com\/a\/4457.html","pic_list":["http:\/\/mm.howkuai.com\/wp-content\/uploads\/2014a\/09\/03\/01.jpg","http:\/\/mm.howkuai.com\/wp-content\/uploads\/2014a\/09\/03\/02.jpg","http:\/\/mm.howkuai.com\/wp-content\/uploads\/2014a\/09\/03\/03.jpg","http:\/\/mm.howkuai.com\/wp-content\/uploads\/2014a\/09\/03\/04.jpg","http:\/\/mm.howkuai.com\/wp-content\/uploads\/2014a\/09\/03\/05.jpg","http:\/\/mm.howkuai.com\/wp-content\/uploads\/2014a\/09\/03\/06.jpg","http:\/\/mm.howkuai.com\/wp-content\/uploads\/2014a\/09\/03\/07.jpg","http:\/\/mm.howkuai.com\/wp-content\/uploads\/2014a\/09\/03\/08.jpg","http:\/\/mm.howkuai.com\/wp-content\/uploads\/2014a\/09\/03\/09.jpg"]},{"plaintext":"\u7d20\u80a4\u82e5\u51dd\u8102\uff0c\u6e05\u7eaf\u7f8e\u5973\u7684\u5bfb\u5149\u96c6","href":"http:\/\/www.meizitu.com\/a\/4454.html","pic_list":["http:\/\/mm.howkuai.com\/wp-content\/uploads\/2014a\/08\/68\/01.jpg","http:\/\/mm.howkuai.com\/wp-content\/uploads\/2014a\/08\/68\/02.jpg","http:\/\/mm.howkuai.com\/wp-content\/uploads\/2014a\/08\/68\/03.jpg","http:\/\/mm.howkuai.com\/wp-content\/uploads\/2014a\/08\/68\/04.jpg","http:\/\/mm.howkuai.com\/wp-content\/uploads\/2014a\/08\/68\/05.jpg","http:\/\/mm.howkuai.com\/wp-content\/uploads\/2014a\/08\/68\/06.jpg","http:\/\/mm.howkuai.com\/wp-content\/uploads\/2014a\/08\/68\/07.jpg","http:\/\/mm.howkuai.com\/wp-content\/uploads\/2014a\/08\/68\/08.jpg"]},{"plaintext":"\u773c\u795e\u542b\u60c5\u8109\u8109\uff0c\u6e05\u7eaf\u7684\u540c\u65f6\u4e30\u6ee1\u6709\u6599","href":"http:\/\/www.meizitu.com\/a\/4447.html","pic_list":["http:\/\/mm.howkuai.com\/wp-content\/uploads\/2014a\/08\/61\/01.jpg","http:\/\/mm.howkuai.com\/wp-content\/uploads\/2014a\/08\/61\/02.jpg","http:\/\/mm.howkuai.com\/wp-content\/uploads\/2014a\/08\/61\/03.jpg","http:\/\/mm.howkuai.com\/wp-content\/uploads\/2014a\/08\/61\/04.jpg","http:\/\/mm.howkuai.com\/wp-content\/uploads\/2014a\/08\/61\/05.jpg","http:\/\/mm.howkuai.com\/wp-content\/uploads\/2014a\/08\/61\/06.jpg"]},{"plaintext":"\u590f\u5c0f\u8587\u4e4b\u3010\u7d20\u590f\u3011\u6e05\u7eaf\u7c89\u5ae9\u8def\u7ebf","href":"http:\/\/www.meizitu.com\/a\/4446.html","pic_list":["http:\/\/mm.howkuai.com\/wp-content\/uploads\/2014a\/08\/60\/01.jpg","http:\/\/mm.howkuai.com\/wp-content\/uploads\/2014a\/08\/60\/02.jpg","http:\/\/mm.howkuai.com\/wp-content\/uploads\/2014a\/08\/60\/03.jpg","http:\/\/mm.howkuai.com\/wp-content\/uploads\/2014a\/08\/60\/04.jpg","http:\/\/mm.howkuai.com\/wp-content\/uploads\/2014a\/08\/60\/05.jpg","http:\/\/mm.howkuai.com\/wp-content\/uploads\/2014a\/08\/60\/06.jpg"]},{"plaintext":"\u3010\u590f\u5be5\u5be5\u3011\u521d\u89c1\uff0c\u7eaf\u51c0\u65e0\u6687\u7684\u4f60\u7b11\u5bb9\u751c\u7f8e","href":"http:\/\/www.meizitu.com\/a\/4414.html","pic_list":["http:\/\/mm.howkuai.com\/wp-content\/uploads\/2014a\/08\/29\/01.jpg","http:\/\/mm.howkuai.com\/wp-content\/uploads\/2014a\/08\/29\/02.jpg","http:\/\/mm.howkuai.com\/wp-content\/uploads\/2014a\/08\/29\/03.jpg","http:\/\/mm.howkuai.com\/wp-content\/uploads\/2014a\/08\/29\/04.jpg","http:\/\/mm.howkuai.com\/wp-content\/uploads\/2014a\/08\/29\/05.jpg","http:\/\/mm.howkuai.com\/wp-content\/uploads\/2014a\/08\/29\/06.jpg","http:\/\/mm.howkuai.com\/wp-content\/uploads\/2014a\/08\/29\/07.jpg","http:\/\/mm.howkuai.com\/wp-content\/uploads\/2014a\/08\/29\/08.jpg"]},{"plaintext":"\u9690\u85cf\u6389\u7684\u6027\u611f\uff0c\u751c\u7f8e\u840c\u840c\u54d2\u7684\u6d74\u888d\u88c5","href":"http:\/\/www.meizitu.com\/a\/4402.html","pic_list":["http:\/\/mm.howkuai.com\/wp-content\/uploads\/2014a\/08\/16\/01.jpg","http:\/\/mm.howkuai.com\/wp-content\/uploads\/2014a\/08\/16\/02.jpg","http:\/\/mm.howkuai.com\/wp-content\/uploads\/2014a\/08\/16\/03.jpg","http:\/\/mm.howkuai.com\/wp-content\/uploads\/2014a\/08\/16\/04.jpg","http:\/\/mm.howkuai.com\/wp-content\/uploads\/2014a\/08\/16\/05.jpg","http:\/\/mm.howkuai.com\/wp-content\/uploads\/2014a\/08\/16\/06.jpg"]},{"plaintext":"\u8fd9\u4e2a\u91ce\u517d\u4e0d\u592a\u51f6\uff0c\u6f02\u4eae\u59b9\u5b50\u7684\u53ef\u7231\u53c8\u542c\u8bdd\u72d7\u72d7","href":"http:\/\/www.meizitu.com\/a\/4391.html","pic_list":["http:\/\/mm.howkuai.com\/wp-content\/uploads\/2014a\/08\/05\/01.jpg","http:\/\/mm.howkuai.com\/wp-content\/uploads\/2014a\/08\/05\/02.jpg","http:\/\/mm.howkuai.com\/wp-content\/uploads\/2014a\/08\/05\/03.jpg","http:\/\/mm.howkuai.com\/wp-content\/uploads\/2014a\/08\/05\/04.jpg","http:\/\/mm.howkuai.com\/wp-content\/uploads\/2014a\/08\/05\/05.jpg","http:\/\/mm.howkuai.com\/wp-content\/uploads\/2014a\/08\/05\/06.jpg","http:\/\/mm.howkuai.com\/wp-content\/uploads\/2014a\/08\/05\/07.jpg"]},{"plaintext":"17\u5c81\u7684\u957f\u817f\u59d1\u5a18\uff0c\u590f\u5929\uff0c\u7f8e\u5999\u800c\u7eaf\u51c0","href":"http:\/\/www.meizitu.com\/a\/4386.html","pic_list":["http:\/\/mm.howkuai.com\/wp-content\/uploads\/2014a\/07\/71\/01.jpg","http:\/\/mm.howkuai.com\/wp-content\/uploads\/2014a\/07\/71\/02.jpg","http:\/\/mm.howkuai.com\/wp-content\/uploads\/2014a\/07\/71\/03.jpg","http:\/\/mm.howkuai.com\/wp-content\/uploads\/2014a\/07\/71\/04.jpg","http:\/\/mm.howkuai.com\/wp-content\/uploads\/2014a\/07\/71\/05.jpg","http:\/\/mm.howkuai.com\/wp-content\/uploads\/2014a\/07\/71\/06.jpg"]},{"plaintext":"\u751c\u7f8e\u7684\u7b11\u5bb9\u80fd\u4ee3\u8868\u9752\u6625\u3001\u5feb\u4e50\u548c\u7f8e\u597d\u56de\u5fc6","href":"http:\/\/www.meizitu.com\/a\/4379.html","pic_list":["http:\/\/mm.howkuai.com\/wp-content\/uploads\/2014a\/07\/64\/01.jpg","http:\/\/mm.howkuai.com\/wp-content\/uploads\/2014a\/07\/64\/02.jpg","http:\/\/mm.howkuai.com\/wp-content\/uploads\/2014a\/07\/64\/03.jpg","http:\/\/mm.howkuai.com\/wp-content\/uploads\/2014a\/07\/64\/04.jpg","http:\/\/mm.howkuai.com\/wp-content\/uploads\/2014a\/07\/64\/05.jpg","http:\/\/mm.howkuai.com\/wp-content\/uploads\/2014a\/07\/64\/06.jpg","http:\/\/mm.howkuai.com\/wp-content\/uploads\/2014a\/07\/64\/07.jpg"]},{"plaintext":"TOKYO GIRL\uff0c\u59cb\u7ec8\u5e26\u7740\u5fae\u7b11\u7684\u751c\u7f8e\u6027\u611f\u5a03\u5a03","href":"http:\/\/www.meizitu.com\/a\/4376.html","pic_list":["http:\/\/mm.howkuai.com\/wp-content\/uploads\/2014a\/07\/61\/01.jpg","http:\/\/mm.howkuai.com\/wp-content\/uploads\/2014a\/07\/61\/02.jpg","http:\/\/mm.howkuai.com\/wp-content\/uploads\/2014a\/07\/61\/03.jpg","http:\/\/mm.howkuai.com\/wp-content\/uploads\/2014a\/07\/61\/04.jpg","http:\/\/mm.howkuai.com\/wp-content\/uploads\/2014a\/07\/61\/05.jpg","http:\/\/mm.howkuai.com\/wp-content\/uploads\/2014a\/07\/61\/06.jpg"]},{"plaintext":"\u957f\u817f\u7f8e\u5973\u8eab\u6750\u5f88\u597d\uff0c\u95fa\u623f\u5199\u771f\u7f9e\u6da9\u8ff7\u4eba","href":"http:\/\/www.meizitu.com\/a\/4368.html","pic_list":["http:\/\/mm.howkuai.com\/wp-content\/uploads\/2014a\/07\/53\/01.jpg","http:\/\/mm.howkuai.com\/wp-content\/uploads\/2014a\/07\/53\/02.jpg","http:\/\/mm.howkuai.com\/wp-content\/uploads\/2014a\/07\/53\/03.jpg","http:\/\/mm.howkuai.com\/wp-content\/uploads\/2014a\/07\/53\/04.jpg","http:\/\/mm.howkuai.com\/wp-content\/uploads\/2014a\/07\/53\/05.jpg","http:\/\/mm.howkuai.com\/wp-content\/uploads\/2014a\/07\/53\/06.jpg"]},{"plaintext":"\u6e05\u7eaf\u6821\u82b1\u7f8e\u5973\u8d75\u5df2\u6668\u6027\u611f\u5199\u771f","href":"http:\/\/www.meizitu.com\/a\/4365.html","pic_list":["http:\/\/mm.howkuai.com\/wp-content\/uploads\/2014a\/07\/50\/01.jpg","http:\/\/mm.howkuai.com\/wp-content\/uploads\/2014a\/07\/50\/02.jpg","http:\/\/mm.howkuai.com\/wp-content\/uploads\/2014a\/07\/50\/03.jpg","http:\/\/mm.howkuai.com\/wp-content\/uploads\/2014a\/07\/50\/04.jpg","http:\/\/mm.howkuai.com\/wp-content\/uploads\/2014a\/07\/50\/05.jpg","http:\/\/mm.howkuai.com\/wp-content\/uploads\/2014a\/07\/50\/06.jpg","http:\/\/mm.howkuai.com\/wp-content\/uploads\/2014a\/07\/50\/07.jpg"]},{"plaintext":"\u6709\u4f60\u7684\u590f\u5929\u6700\u7cbe\u5f69\uff0c\u561f\u5634\u59b9\u5b50\u9633\u5149\u5c0f\u80cc\u5fc3","href":"http:\/\/www.meizitu.com\/a\/4356.html","pic_list":["http:\/\/mm.howkuai.com\/wp-content\/uploads\/2014a\/07\/41\/01.jpg","http:\/\/mm.howkuai.com\/wp-content\/uploads\/2014a\/07\/41\/02.jpg","http:\/\/mm.howkuai.com\/wp-content\/uploads\/2014a\/07\/41\/03.jpg","http:\/\/mm.howkuai.com\/wp-content\/uploads\/2014a\/07\/41\/04.jpg","http:\/\/mm.howkuai.com\/wp-content\/uploads\/2014a\/07\/41\/05.jpg","http:\/\/mm.howkuai.com\/wp-content\/uploads\/2014a\/07\/41\/06.jpg"]},{"plaintext":"\u9633\u5149\u5973\u5b69\u7684\u5348\u540e\uff0c\u6de1\u6de1\u7684\u4e00\u88ad\u788e\u82b1\u957f\u88d9","href":"http:\/\/www.meizitu.com\/a\/4355.html","pic_list":["http:\/\/mm.howkuai.com\/wp-content\/uploads\/2014a\/07\/40\/01.jpg","http:\/\/mm.howkuai.com\/wp-content\/uploads\/2014a\/07\/40\/02.jpg","http:\/\/mm.howkuai.com\/wp-content\/uploads\/2014a\/07\/40\/03.jpg","http:\/\/mm.howkuai.com\/wp-content\/uploads\/2014a\/07\/40\/04.jpg","http:\/\/mm.howkuai.com\/wp-content\/uploads\/2014a\/07\/40\/05.jpg","http:\/\/mm.howkuai.com\/wp-content\/uploads\/2014a\/07\/40\/06.jpg"]},{"plaintext":"\u5a34\u9759\u7aef\u5e84\uff0c\u5e73\u9762\u6a21\u7279\u513fAnata\u4eba\u50cf\u5199\u771f","href":"http:\/\/www.meizitu.com\/a\/4339.html","pic_list":["http:\/\/mm.howkuai.com\/wp-content\/uploads\/2014a\/07\/24\/01.jpg","http:\/\/mm.howkuai.com\/wp-content\/uploads\/2014a\/07\/24\/02.jpg","http:\/\/mm.howkuai.com\/wp-content\/uploads\/2014a\/07\/24\/03.jpg","http:\/\/mm.howkuai.com\/wp-content\/uploads\/2014a\/07\/24\/04.jpg","http:\/\/mm.howkuai.com\/wp-content\/uploads\/2014a\/07\/24\/05.jpg"]},{"plaintext":"\u6298\u7ea4\u8170\u4ee5\u5fae\u6b65\uff0c\u6e05\u7eaf\u7f8e\u7709\u7684\u5c0f\u5973\u4eba\u60c5\u6000","href":"http:\/\/www.meizitu.com\/a\/4338.html","pic_list":["http:\/\/mm.howkuai.com\/wp-content\/uploads\/2014a\/07\/23\/01.jpg","http:\/\/mm.howkuai.com\/wp-content\/uploads\/2014a\/07\/23\/02.jpg","http:\/\/mm.howkuai.com\/wp-content\/uploads\/2014a\/07\/23\/03.jpg","http:\/\/mm.howkuai.com\/wp-content\/uploads\/2014a\/07\/23\/04.jpg","http:\/\/mm.howkuai.com\/wp-content\/uploads\/2014a\/07\/23\/05.jpg","http:\/\/mm.howkuai.com\/wp-content\/uploads\/2014a\/07\/23\/06.jpg","http:\/\/mm.howkuai.com\/wp-content\/uploads\/2014a\/07\/23\/07.jpg"]},{"plaintext":"\u56de\u7738\u4e00\u7b11\u767e\u9b45\u751f\uff0c\u59b9\u5b50\u53ef\u7231\u7684\u5c0f\u9152\u7a9d","href":"http:\/\/www.meizitu.com\/a\/4312.html","pic_list":["http:\/\/mm.howkuai.com\/wp-content\/uploads\/2014a\/06\/64\/01.jpg","http:\/\/mm.howkuai.com\/wp-content\/uploads\/2014a\/06\/64\/02.jpg","http:\/\/mm.howkuai.com\/wp-content\/uploads\/2014a\/06\/64\/03.jpg","http:\/\/mm.howkuai.com\/wp-content\/uploads\/2014a\/06\/64\/04.jpg","http:\/\/mm.howkuai.com\/wp-content\/uploads\/2014a\/06\/64\/05.jpg","http:\/\/mm.howkuai.com\/wp-content\/uploads\/2014a\/06\/64\/06.jpg"]},{"plaintext":"\u808c\u7406\u7ec6\u817b\u9aa8\u8089\u5300\uff0c\u68ee\u6797\u91cc\u7684\u767d\u7699\u59b9\u5b50","href":"http:\/\/www.meizitu.com\/a\/4300.html","pic_list":["http:\/\/mm.howkuai.com\/wp-content\/uploads\/2014a\/06\/52\/01.jpg","http:\/\/mm.howkuai.com\/wp-content\/uploads\/2014a\/06\/52\/02.jpg","http:\/\/mm.howkuai.com\/wp-content\/uploads\/2014a\/06\/52\/03.jpg","http:\/\/mm.howkuai.com\/wp-content\/uploads\/2014a\/06\/52\/04.jpg","http:\/\/mm.howkuai.com\/wp-content\/uploads\/2014a\/06\/52\/05.jpg","http:\/\/mm.howkuai.com\/wp-content\/uploads\/2014a\/06\/52\/06.jpg","http:\/\/mm.howkuai.com\/wp-content\/uploads\/2014a\/06\/52\/07.jpg","http:\/\/mm.howkuai.com\/wp-content\/uploads\/2014a\/06\/52\/08.jpg"]},{"plaintext":"\u6e05\u7eaf\u5973\u5b69\uff0c\u7528\u6e05\u6f88\u89c1\u5e95\u7684\u773c\u795e\u6298\u670d\u4f60","href":"http:\/\/www.meizitu.com\/a\/4295.html","pic_list":["http:\/\/mm.howkuai.com\/wp-content\/uploads\/2014a\/06\/47\/01.jpg","http:\/\/mm.howkuai.com\/wp-content\/uploads\/2014a\/06\/47\/02.jpg","http:\/\/mm.howkuai.com\/wp-content\/uploads\/2014a\/06\/47\/03.jpg","http:\/\/mm.howkuai.com\/wp-content\/uploads\/2014a\/06\/47\/04.jpg","http:\/\/mm.howkuai.com\/wp-content\/uploads\/2014a\/06\/47\/05.jpg","http:\/\/mm.howkuai.com\/wp-content\/uploads\/2014a\/06\/47\/06.jpg","http:\/\/mm.howkuai.com\/wp-content\/uploads\/2014a\/06\/47\/07.jpg"]}]