[{"plaintext":"\u7f8e\u4e3d\u52a8\u4eba\u7684\u6dd8\u5b9d\u7f51\u6a21","href":"http:\/\/www.meizitu.com\/a\/3687.html","pic_list":["http:\/\/mm.howkuai.com\/wp-content\/uploads\/2013a\/08\/23\/01.jpg","http:\/\/mm.howkuai.com\/wp-content\/uploads\/2013a\/08\/23\/02.jpg","http:\/\/mm.howkuai.com\/wp-content\/uploads\/2013a\/08\/23\/03.jpg","http:\/\/mm.howkuai.com\/wp-content\/uploads\/2013a\/08\/23\/04.jpg","http:\/\/mm.howkuai.com\/wp-content\/uploads\/2013a\/08\/23\/05.jpg","http:\/\/mm.howkuai.com\/wp-content\/uploads\/2013a\/08\/23\/06.jpg","http:\/\/mm.howkuai.com\/wp-content\/uploads\/2013a\/08\/23\/07.jpg","http:\/\/mm.howkuai.com\/wp-content\/uploads\/2013a\/08\/23\/08.jpg","http:\/\/mm.howkuai.com\/wp-content\/uploads\/2013a\/08\/23\/09.jpg"]},{"plaintext":"\u5a07\u8273\u6c34\u7075\u7684\u59d1\u5a18","href":"http:\/\/www.meizitu.com\/a\/3685.html","pic_list":["http:\/\/mm.howkuai.com\/wp-content\/uploads\/2013a\/08\/21\/01.jpg","http:\/\/mm.howkuai.com\/wp-content\/uploads\/2013a\/08\/21\/02.jpg","http:\/\/mm.howkuai.com\/wp-content\/uploads\/2013a\/08\/21\/03.jpg","http:\/\/mm.howkuai.com\/wp-content\/uploads\/2013a\/08\/21\/04.jpg","http:\/\/mm.howkuai.com\/wp-content\/uploads\/2013a\/08\/21\/05.jpg"]},{"plaintext":"\u5bb6\u5c45\u559d\u725b\u5976\u7684\u5973\u5b69","href":"http:\/\/www.meizitu.com\/a\/3683.html","pic_list":["http:\/\/mm.howkuai.com\/wp-content\/uploads\/2013a\/08\/19\/01.jpg","http:\/\/mm.howkuai.com\/wp-content\/uploads\/2013a\/08\/19\/02.jpg","http:\/\/mm.howkuai.com\/wp-content\/uploads\/2013a\/08\/19\/03.jpg","http:\/\/mm.howkuai.com\/wp-content\/uploads\/2013a\/08\/19\/04.jpg","http:\/\/mm.howkuai.com\/wp-content\/uploads\/2013a\/08\/19\/05.jpg","http:\/\/mm.howkuai.com\/wp-content\/uploads\/2013a\/08\/19\/06.jpg","http:\/\/mm.howkuai.com\/wp-content\/uploads\/2013a\/08\/19\/07.jpg","http:\/\/mm.howkuai.com\/wp-content\/uploads\/2013a\/08\/19\/08.jpg","http:\/\/mm.howkuai.com\/wp-content\/uploads\/2013a\/08\/19\/09.jpg"]},{"plaintext":"\u6d77\u7684\u53e6\u4e00\u8fb9\u662f\u6211\u7684\u601d\u5ff5","href":"http:\/\/www.meizitu.com\/a\/3681.html","pic_list":["http:\/\/mm.howkuai.com\/wp-content\/uploads\/2013a\/08\/17\/01.jpg","http:\/\/mm.howkuai.com\/wp-content\/uploads\/2013a\/08\/17\/02.jpg","http:\/\/mm.howkuai.com\/wp-content\/uploads\/2013a\/08\/17\/03.jpg","http:\/\/mm.howkuai.com\/wp-content\/uploads\/2013a\/08\/17\/04.jpg","http:\/\/mm.howkuai.com\/wp-content\/uploads\/2013a\/08\/17\/05.jpg","http:\/\/mm.howkuai.com\/wp-content\/uploads\/2013a\/08\/17\/06.jpg"]},{"plaintext":"\u767d\u601d\u5b9c\u65e5\u7cfb\u53ef\u7231\u5356\u840c\u53cc\u4e73\u5706\u6da6","href":"http:\/\/www.meizitu.com\/a\/3653.html","pic_list":["http:\/\/mm.howkuai.com\/wp-content\/uploads\/2013a\/07\/11\/01.jpg","http:\/\/mm.howkuai.com\/wp-content\/uploads\/2013a\/07\/11\/02.jpg","http:\/\/mm.howkuai.com\/wp-content\/uploads\/2013a\/07\/11\/03.jpg","http:\/\/mm.howkuai.com\/wp-content\/uploads\/2013a\/07\/11\/04.jpg","http:\/\/mm.howkuai.com\/wp-content\/uploads\/2013a\/07\/11\/05.jpg","http:\/\/mm.howkuai.com\/wp-content\/uploads\/2013a\/07\/11\/06.jpg","http:\/\/mm.howkuai.com\/wp-content\/uploads\/2013a\/07\/11\/07.jpg","http:\/\/mm.howkuai.com\/wp-content\/uploads\/2013a\/07\/11\/08.jpg","http:\/\/mm.howkuai.com\/wp-content\/uploads\/2013a\/07\/11\/09.jpg"]},{"plaintext":"\u4e8e\u695a\u4edf\u79c1\u623f\u7167\u66dd\u5149 \u59a9\u5a9a\u767e\u6001\u7c89\u5ae9\u53ef\u7231","href":"http:\/\/www.meizitu.com\/a\/3555.html","pic_list":["http:\/\/mm.howkuai.com\/wp-content\/uploads\/2013a\/04\/36\/01.jpg","http:\/\/mm.howkuai.com\/wp-content\/uploads\/2013a\/04\/36\/02.jpg","http:\/\/mm.howkuai.com\/wp-content\/uploads\/2013a\/04\/36\/03.jpg","http:\/\/mm.howkuai.com\/wp-content\/uploads\/2013a\/04\/36\/04.jpg","http:\/\/mm.howkuai.com\/wp-content\/uploads\/2013a\/04\/36\/05.jpg","http:\/\/mm.howkuai.com\/wp-content\/uploads\/2013a\/04\/36\/06.jpg"]}]