[{"plaintext":"\u90bb\u5bb6\u59b9\u59b9\u4e00\u88ad\u957f\u88d9\u9759\u9759\u7684\u7ad9\u5728\u5df7\u5b50\u524d","href":"http:\/\/www.meizitu.com\/a\/4285.html","pic_list":["http:\/\/mm.howkuai.com\/wp-content\/uploads\/2014a\/06\/37\/01.jpg","http:\/\/mm.howkuai.com\/wp-content\/uploads\/2014a\/06\/37\/02.jpg","http:\/\/mm.howkuai.com\/wp-content\/uploads\/2014a\/06\/37\/03.jpg","http:\/\/mm.howkuai.com\/wp-content\/uploads\/2014a\/06\/37\/04.jpg","http:\/\/mm.howkuai.com\/wp-content\/uploads\/2014a\/06\/37\/05.jpg","http:\/\/mm.howkuai.com\/wp-content\/uploads\/2014a\/06\/37\/06.jpg","http:\/\/mm.howkuai.com\/wp-content\/uploads\/2014a\/06\/37\/07.jpg"]},{"plaintext":"[\u6e05\u7eaf\u7f8e\u5973]\u957f\u76f8\u751c\u7f8e\u53ef\u7231\u7684\u5c0f\u5973\u751f","href":"http:\/\/www.meizitu.com\/a\/4284.html","pic_list":["http:\/\/mm.howkuai.com\/wp-content\/uploads\/2014a\/06\/36\/01.jpg","http:\/\/mm.howkuai.com\/wp-content\/uploads\/2014a\/06\/36\/02.jpg","http:\/\/mm.howkuai.com\/wp-content\/uploads\/2014a\/06\/36\/03.jpg","http:\/\/mm.howkuai.com\/wp-content\/uploads\/2014a\/06\/36\/04.jpg","http:\/\/mm.howkuai.com\/wp-content\/uploads\/2014a\/06\/36\/05.jpg","http:\/\/mm.howkuai.com\/wp-content\/uploads\/2014a\/06\/36\/06.jpg"]},{"plaintext":"\u6e05\u6f88\u7684\u773c\u775b\uff0c\u90a3\u4e9b\u6e05\u7eaf\u7684\u517b\u773c\u7f8e\u5973\u56fe\u7247\uff08\u4e94\uff09","href":"http:\/\/www.meizitu.com\/a\/4280.html","pic_list":["http:\/\/mm.howkuai.com\/wp-content\/uploads\/2014a\/06\/32\/01.jpg","http:\/\/mm.howkuai.com\/wp-content\/uploads\/2014a\/06\/32\/02.jpg","http:\/\/mm.howkuai.com\/wp-content\/uploads\/2014a\/06\/32\/03.jpg","http:\/\/mm.howkuai.com\/wp-content\/uploads\/2014a\/06\/32\/04.jpg","http:\/\/mm.howkuai.com\/wp-content\/uploads\/2014a\/06\/32\/05.jpg","http:\/\/mm.howkuai.com\/wp-content\/uploads\/2014a\/06\/32\/06.jpg","http:\/\/mm.howkuai.com\/wp-content\/uploads\/2014a\/06\/32\/07.jpg","http:\/\/mm.howkuai.com\/wp-content\/uploads\/2014a\/06\/32\/08.jpg","http:\/\/mm.howkuai.com\/wp-content\/uploads\/2014a\/06\/32\/09.jpg","http:\/\/mm.howkuai.com\/wp-content\/uploads\/2014a\/06\/32\/10.jpg"]},{"plaintext":"\u753b\u822b\u91cc\u4f0a\u4eba\u8c01\u4f9d\uff0c\u5fd8\u4e0d\u4e86\u4f60\u7684\u5bb9\u989c","href":"http:\/\/www.meizitu.com\/a\/4277.html","pic_list":["http:\/\/mm.howkuai.com\/wp-content\/uploads\/2014a\/06\/29\/01.jpg","http:\/\/mm.howkuai.com\/wp-content\/uploads\/2014a\/06\/29\/02.jpg","http:\/\/mm.howkuai.com\/wp-content\/uploads\/2014a\/06\/29\/03.jpg","http:\/\/mm.howkuai.com\/wp-content\/uploads\/2014a\/06\/29\/04.jpg","http:\/\/mm.howkuai.com\/wp-content\/uploads\/2014a\/06\/29\/05.jpg","http:\/\/mm.howkuai.com\/wp-content\/uploads\/2014a\/06\/29\/06.jpg","http:\/\/mm.howkuai.com\/wp-content\/uploads\/2014a\/06\/29\/07.jpg","http:\/\/mm.howkuai.com\/wp-content\/uploads\/2014a\/06\/29\/08.jpg","http:\/\/mm.howkuai.com\/wp-content\/uploads\/2014a\/06\/29\/09.jpg","http:\/\/mm.howkuai.com\/wp-content\/uploads\/2014a\/06\/29\/10.jpg"]},{"plaintext":"\u53ef\u7231\u6027\u611f\u7684\u5e73\u9762\u6a21\u7279\u857e\u62c9","href":"http:\/\/www.meizitu.com\/a\/4270.html","pic_list":["http:\/\/mm.howkuai.com\/wp-content\/uploads\/2014a\/06\/22\/01.jpg","http:\/\/mm.howkuai.com\/wp-content\/uploads\/2014a\/06\/22\/02.jpg","http:\/\/mm.howkuai.com\/wp-content\/uploads\/2014a\/06\/22\/03.jpg","http:\/\/mm.howkuai.com\/wp-content\/uploads\/2014a\/06\/22\/04.jpg","http:\/\/mm.howkuai.com\/wp-content\/uploads\/2014a\/06\/22\/05.jpg","http:\/\/mm.howkuai.com\/wp-content\/uploads\/2014a\/06\/22\/06.jpg"]},{"plaintext":"\u708e\u708e\u590f\u65e5\uff0c\u53ef\u7231\u6a21\u7279\u5927\u79c0\u8eab\u6750","href":"http:\/\/www.meizitu.com\/a\/4252.html","pic_list":["http:\/\/mm.howkuai.com\/wp-content\/uploads\/2014a\/06\/04\/01.jpg","http:\/\/mm.howkuai.com\/wp-content\/uploads\/2014a\/06\/04\/02.jpg","http:\/\/mm.howkuai.com\/wp-content\/uploads\/2014a\/06\/04\/03.jpg","http:\/\/mm.howkuai.com\/wp-content\/uploads\/2014a\/06\/04\/04.jpg","http:\/\/mm.howkuai.com\/wp-content\/uploads\/2014a\/06\/04\/05.jpg"]},{"plaintext":"\u5634\u89d2\u90a3\u4e1d\u5fae\u7b11\u7684\u5f27\u7ebf\uff0c\u7a7f\u788e\u82b1\u5185\u5185\u7684\u59b9\u5b50","href":"http:\/\/www.meizitu.com\/a\/4243.html","pic_list":["http:\/\/mm.howkuai.com\/wp-content\/uploads\/2014a\/05\/44\/01.jpg","http:\/\/mm.howkuai.com\/wp-content\/uploads\/2014a\/05\/44\/02.jpg","http:\/\/mm.howkuai.com\/wp-content\/uploads\/2014a\/05\/44\/03.jpg","http:\/\/mm.howkuai.com\/wp-content\/uploads\/2014a\/05\/44\/04.jpg","http:\/\/mm.howkuai.com\/wp-content\/uploads\/2014a\/05\/44\/05.jpg","http:\/\/mm.howkuai.com\/wp-content\/uploads\/2014a\/05\/44\/06.jpg"]},{"plaintext":"\u5bb9\u8272\u6e05\u79c0\uff0c\u5f88\u6709\u5473\u9053\u7684\u6e05\u7eaf\u7f8e\u5c11\u5987","href":"http:\/\/www.meizitu.com\/a\/4238.html","pic_list":["http:\/\/mm.howkuai.com\/wp-content\/uploads\/2014a\/05\/39\/01.jpg","http:\/\/mm.howkuai.com\/wp-content\/uploads\/2014a\/05\/39\/02.jpg","http:\/\/mm.howkuai.com\/wp-content\/uploads\/2014a\/05\/39\/03.jpg","http:\/\/mm.howkuai.com\/wp-content\/uploads\/2014a\/05\/39\/04.jpg","http:\/\/mm.howkuai.com\/wp-content\/uploads\/2014a\/05\/39\/05.jpg","http:\/\/mm.howkuai.com\/wp-content\/uploads\/2014a\/05\/39\/06.jpg"]},{"plaintext":"\u90a3\u4e9b\u81ea\u4fe1\u53c8\u53ef\u7231\u7684\u59b9\u5b50\u4eec\uff0c\u6027\u611f\u7531\u81ea\u672c\u80fd","href":"http:\/\/www.meizitu.com\/a\/4235.html","pic_list":["http:\/\/mm.howkuai.com\/wp-content\/uploads\/2014a\/05\/36\/01.jpg","http:\/\/mm.howkuai.com\/wp-content\/uploads\/2014a\/05\/36\/02.jpg","http:\/\/mm.howkuai.com\/wp-content\/uploads\/2014a\/05\/36\/03.jpg","http:\/\/mm.howkuai.com\/wp-content\/uploads\/2014a\/05\/36\/04.jpg","http:\/\/mm.howkuai.com\/wp-content\/uploads\/2014a\/05\/36\/05.jpg","http:\/\/mm.howkuai.com\/wp-content\/uploads\/2014a\/05\/36\/06.jpg","http:\/\/mm.howkuai.com\/wp-content\/uploads\/2014a\/05\/36\/07.jpg","http:\/\/mm.howkuai.com\/wp-content\/uploads\/2014a\/05\/36\/08.jpg"]},{"plaintext":"\u7231\u7b11\u3001\u7231\u95f9\uff0c\u6211\u7684\u5f69\u8272\u4e16\u754c\u6211\u505a\u4e3b","href":"http:\/\/www.meizitu.com\/a\/4231.html","pic_list":["http:\/\/mm.howkuai.com\/wp-content\/uploads\/2014a\/05\/32\/01.jpg","http:\/\/mm.howkuai.com\/wp-content\/uploads\/2014a\/05\/32\/02.jpg","http:\/\/mm.howkuai.com\/wp-content\/uploads\/2014a\/05\/32\/03.jpg","http:\/\/mm.howkuai.com\/wp-content\/uploads\/2014a\/05\/32\/04.jpg","http:\/\/mm.howkuai.com\/wp-content\/uploads\/2014a\/05\/32\/05.jpg","http:\/\/mm.howkuai.com\/wp-content\/uploads\/2014a\/05\/32\/06.jpg","http:\/\/mm.howkuai.com\/wp-content\/uploads\/2014a\/05\/32\/07.jpg"]},{"plaintext":"\u521d\u590f\uff0c\u7c89\u5ae9\u7f8e\u5973\u5916\u62cd\u5199\u771f","href":"http:\/\/www.meizitu.com\/a\/4228.html","pic_list":["http:\/\/mm.howkuai.com\/wp-content\/uploads\/2014a\/05\/29\/01.jpg","http:\/\/mm.howkuai.com\/wp-content\/uploads\/2014a\/05\/29\/02.jpg","http:\/\/mm.howkuai.com\/wp-content\/uploads\/2014a\/05\/29\/03.jpg","http:\/\/mm.howkuai.com\/wp-content\/uploads\/2014a\/05\/29\/04.jpg","http:\/\/mm.howkuai.com\/wp-content\/uploads\/2014a\/05\/29\/05.jpg","http:\/\/mm.howkuai.com\/wp-content\/uploads\/2014a\/05\/29\/06.jpg","http:\/\/mm.howkuai.com\/wp-content\/uploads\/2014a\/05\/29\/07.jpg"]},{"plaintext":"\u9633\u5149\u6709\u6d3b\u529b\u7684\u90bb\u5bb6\u5c0f\u5973\u96c5\u7b51\u5916\u62cd","href":"http:\/\/www.meizitu.com\/a\/4223.html","pic_list":["http:\/\/mm.howkuai.com\/wp-content\/uploads\/2014a\/05\/24\/01.jpg","http:\/\/mm.howkuai.com\/wp-content\/uploads\/2014a\/05\/24\/02.jpg","http:\/\/mm.howkuai.com\/wp-content\/uploads\/2014a\/05\/24\/03.jpg","http:\/\/mm.howkuai.com\/wp-content\/uploads\/2014a\/05\/24\/04.jpg","http:\/\/mm.howkuai.com\/wp-content\/uploads\/2014a\/05\/24\/05.jpg","http:\/\/mm.howkuai.com\/wp-content\/uploads\/2014a\/05\/24\/06.jpg","http:\/\/mm.howkuai.com\/wp-content\/uploads\/2014a\/05\/24\/07.jpg"]},{"plaintext":"\u6d41\u6dcc\u5165\u68a6\u7684\u60c5\u4e66\uff0c\u5c0f\u7cd6\u6c34\u7f8e\u62cd","href":"http:\/\/www.meizitu.com\/a\/4221.html","pic_list":["http:\/\/mm.howkuai.com\/wp-content\/uploads\/2014a\/05\/22\/01.jpg","http:\/\/mm.howkuai.com\/wp-content\/uploads\/2014a\/05\/22\/02.jpg","http:\/\/mm.howkuai.com\/wp-content\/uploads\/2014a\/05\/22\/03.jpg","http:\/\/mm.howkuai.com\/wp-content\/uploads\/2014a\/05\/22\/04.jpg","http:\/\/mm.howkuai.com\/wp-content\/uploads\/2014a\/05\/22\/05.jpg","http:\/\/mm.howkuai.com\/wp-content\/uploads\/2014a\/05\/22\/06.jpg","http:\/\/mm.howkuai.com\/wp-content\/uploads\/2014a\/05\/22\/07.jpg","http:\/\/mm.howkuai.com\/wp-content\/uploads\/2014a\/05\/22\/08.jpg"]},{"plaintext":"\u53ef\u8010\u7684\u6df7\u8840\u59b9\u5b50\u7279\u6797\u5fb7\u5c14\u30fb\u73b2\u5948","href":"http:\/\/www.meizitu.com\/a\/4219.html","pic_list":["http:\/\/mm.howkuai.com\/wp-content\/uploads\/2014a\/05\/20\/01.jpg","http:\/\/mm.howkuai.com\/wp-content\/uploads\/2014a\/05\/20\/02.jpg","http:\/\/mm.howkuai.com\/wp-content\/uploads\/2014a\/05\/20\/03.jpg","http:\/\/mm.howkuai.com\/wp-content\/uploads\/2014a\/05\/20\/04.jpg","http:\/\/mm.howkuai.com\/wp-content\/uploads\/2014a\/05\/20\/05.jpg","http:\/\/mm.howkuai.com\/wp-content\/uploads\/2014a\/05\/20\/06.jpg","http:\/\/mm.howkuai.com\/wp-content\/uploads\/2014a\/05\/20\/07.jpg"]},{"plaintext":"\u4eab\u53d7\u6700\u540e\u7684\u51c9\u723d\uff0c\u521d\u590f\u5c0f\u7cd6\u6c34","href":"http:\/\/www.meizitu.com\/a\/4209.html","pic_list":["http:\/\/mm.howkuai.com\/wp-content\/uploads\/2014a\/05\/10\/01.jpg","http:\/\/mm.howkuai.com\/wp-content\/uploads\/2014a\/05\/10\/02.jpg","http:\/\/mm.howkuai.com\/wp-content\/uploads\/2014a\/05\/10\/03.jpg","http:\/\/mm.howkuai.com\/wp-content\/uploads\/2014a\/05\/10\/04.jpg","http:\/\/mm.howkuai.com\/wp-content\/uploads\/2014a\/05\/10\/05.jpg","http:\/\/mm.howkuai.com\/wp-content\/uploads\/2014a\/05\/10\/06.jpg","http:\/\/mm.howkuai.com\/wp-content\/uploads\/2014a\/05\/10\/07.jpg"]},{"plaintext":"\u53ef\u7231\u5c0f\u80cc\u5fc3\uff0c\u6e05\u7eaf\u6a21\u7279\u738b\u99a8\u7476yanni\u5916\u62cd","href":"http:\/\/www.meizitu.com\/a\/4191.html","pic_list":["http:\/\/mm.howkuai.com\/wp-content\/uploads\/2014a\/04\/53\/01.jpg","http:\/\/mm.howkuai.com\/wp-content\/uploads\/2014a\/04\/53\/02.jpg","http:\/\/mm.howkuai.com\/wp-content\/uploads\/2014a\/04\/53\/03.jpg","http:\/\/mm.howkuai.com\/wp-content\/uploads\/2014a\/04\/53\/04.jpg","http:\/\/mm.howkuai.com\/wp-content\/uploads\/2014a\/04\/53\/05.jpg","http:\/\/mm.howkuai.com\/wp-content\/uploads\/2014a\/04\/53\/06.jpg"]},{"plaintext":"\u6027\u611f\u7f8e\u5973\u6c99\u6ee9\u5199\u771f\uff0c\u900f\u7740\u4e00\u4e1d\u4e1d\u53ef\u7231\u7684\u5c0f\u4fcf\u76ae","href":"http:\/\/www.meizitu.com\/a\/4180.html","pic_list":["http:\/\/mm.howkuai.com\/wp-content\/uploads\/2014a\/04\/42\/01.jpg","http:\/\/mm.howkuai.com\/wp-content\/uploads\/2014a\/04\/42\/02.jpg","http:\/\/mm.howkuai.com\/wp-content\/uploads\/2014a\/04\/42\/03.jpg","http:\/\/mm.howkuai.com\/wp-content\/uploads\/2014a\/04\/42\/04.jpg","http:\/\/mm.howkuai.com\/wp-content\/uploads\/2014a\/04\/42\/05.jpg","http:\/\/mm.howkuai.com\/wp-content\/uploads\/2014a\/04\/42\/06.jpg","http:\/\/mm.howkuai.com\/wp-content\/uploads\/2014a\/04\/42\/07.jpg","http:\/\/mm.howkuai.com\/wp-content\/uploads\/2014a\/04\/42\/08.jpg"]},{"plaintext":"\u751c\u5230\u4f60\u7684\u5fc3\u574e\uff0c\u6e05\u7eaf\u59b9\u5b50\u5408\u96c6","href":"http:\/\/www.meizitu.com\/a\/4177.html","pic_list":["http:\/\/mm.howkuai.com\/wp-content\/uploads\/2014a\/04\/39\/01.jpg","http:\/\/mm.howkuai.com\/wp-content\/uploads\/2014a\/04\/39\/02.jpg","http:\/\/mm.howkuai.com\/wp-content\/uploads\/2014a\/04\/39\/03.jpg","http:\/\/mm.howkuai.com\/wp-content\/uploads\/2014a\/04\/39\/04.jpg","http:\/\/mm.howkuai.com\/wp-content\/uploads\/2014a\/04\/39\/05.jpg","http:\/\/mm.howkuai.com\/wp-content\/uploads\/2014a\/04\/39\/06.jpg","http:\/\/mm.howkuai.com\/wp-content\/uploads\/2014a\/04\/39\/07.jpg","http:\/\/mm.howkuai.com\/wp-content\/uploads\/2014a\/04\/39\/08.jpg","http:\/\/mm.howkuai.com\/wp-content\/uploads\/2014a\/04\/39\/09.jpg","http:\/\/mm.howkuai.com\/wp-content\/uploads\/2014a\/04\/39\/10.jpg","http:\/\/mm.howkuai.com\/wp-content\/uploads\/2014a\/04\/39\/11.jpg"]},{"plaintext":"\u6a21\u7279\u590f\u5c0f\u8587\u5728\u9633\u5149\u666e\u5409\u5c9b\u7684\u5199\u610f\u751f\u6d3b","href":"http:\/\/www.meizitu.com\/a\/4175.html","pic_list":["http:\/\/mm.howkuai.com\/wp-content\/uploads\/2014a\/04\/37\/01.jpg","http:\/\/mm.howkuai.com\/wp-content\/uploads\/2014a\/04\/37\/02.jpg","http:\/\/mm.howkuai.com\/wp-content\/uploads\/2014a\/04\/37\/03.jpg","http:\/\/mm.howkuai.com\/wp-content\/uploads\/2014a\/04\/37\/04.jpg","http:\/\/mm.howkuai.com\/wp-content\/uploads\/2014a\/04\/37\/05.jpg","http:\/\/mm.howkuai.com\/wp-content\/uploads\/2014a\/04\/37\/06.jpg","http:\/\/mm.howkuai.com\/wp-content\/uploads\/2014a\/04\/37\/07.jpg","http:\/\/mm.howkuai.com\/wp-content\/uploads\/2014a\/04\/37\/08.jpg"]},{"plaintext":"\u90a3\u4e9b\u6e05\u7eaf\u7684\u517b\u773c\u7f8e\u5973\u56fe\u7247","href":"http:\/\/www.meizitu.com\/a\/4169.html","pic_list":["http:\/\/mm.howkuai.com\/wp-content\/uploads\/2014a\/04\/31\/01.jpg","http:\/\/mm.howkuai.com\/wp-content\/uploads\/2014a\/04\/31\/02.jpg","http:\/\/mm.howkuai.com\/wp-content\/uploads\/2014a\/04\/31\/03.jpg","http:\/\/mm.howkuai.com\/wp-content\/uploads\/2014a\/04\/31\/04.jpg","http:\/\/mm.howkuai.com\/wp-content\/uploads\/2014a\/04\/31\/05.jpg","http:\/\/mm.howkuai.com\/wp-content\/uploads\/2014a\/04\/31\/06.jpg","http:\/\/mm.howkuai.com\/wp-content\/uploads\/2014a\/04\/31\/07.jpg","http:\/\/mm.howkuai.com\/wp-content\/uploads\/2014a\/04\/31\/08.jpg","http:\/\/mm.howkuai.com\/wp-content\/uploads\/2014a\/04\/31\/09.jpg","http:\/\/mm.howkuai.com\/wp-content\/uploads\/2014a\/04\/31\/10.jpg","http:\/\/mm.howkuai.com\/wp-content\/uploads\/2014a\/04\/31\/11.jpg","http:\/\/mm.howkuai.com\/wp-content\/uploads\/2014a\/04\/31\/12.jpg"]},{"plaintext":"\u82b1\u7684\u5b63\u8282\uff0c90\u4faf\u540e\u6e05\u7eaf\u7f8e\u5973\u751f\u6d3b\u7167","href":"http:\/\/www.meizitu.com\/a\/4164.html","pic_list":["http:\/\/mm.howkuai.com\/wp-content\/uploads\/2014a\/04\/26\/01.jpg","http:\/\/mm.howkuai.com\/wp-content\/uploads\/2014a\/04\/26\/02.jpg","http:\/\/mm.howkuai.com\/wp-content\/uploads\/2014a\/04\/26\/03.jpg","http:\/\/mm.howkuai.com\/wp-content\/uploads\/2014a\/04\/26\/04.jpg","http:\/\/mm.howkuai.com\/wp-content\/uploads\/2014a\/04\/26\/05.jpg","http:\/\/mm.howkuai.com\/wp-content\/uploads\/2014a\/04\/26\/06.jpg","http:\/\/mm.howkuai.com\/wp-content\/uploads\/2014a\/04\/26\/07.jpg","http:\/\/mm.howkuai.com\/wp-content\/uploads\/2014a\/04\/26\/08.jpg","http:\/\/mm.howkuai.com\/wp-content\/uploads\/2014a\/04\/26\/09.jpg","http:\/\/mm.howkuai.com\/wp-content\/uploads\/2014a\/04\/26\/10.jpg","http:\/\/mm.howkuai.com\/wp-content\/uploads\/2014a\/04\/26\/11.jpg","http:\/\/mm.howkuai.com\/wp-content\/uploads\/2014a\/04\/26\/12.jpg"]},{"plaintext":"\u4e54\u4e54\u513fSylvia\u4e0a\u6f14\u53ef\u7231\u5973\u4ec6\u88c5","href":"http:\/\/www.meizitu.com\/a\/4155.html","pic_list":["http:\/\/mm.howkuai.com\/wp-content\/uploads\/2014a\/04\/17\/01.jpg","http:\/\/mm.howkuai.com\/wp-content\/uploads\/2014a\/04\/17\/02.jpg","http:\/\/mm.howkuai.com\/wp-content\/uploads\/2014a\/04\/17\/03.jpg","http:\/\/mm.howkuai.com\/wp-content\/uploads\/2014a\/04\/17\/04.jpg","http:\/\/mm.howkuai.com\/wp-content\/uploads\/2014a\/04\/17\/05.jpg","http:\/\/mm.howkuai.com\/wp-content\/uploads\/2014a\/04\/17\/06.jpg","http:\/\/mm.howkuai.com\/wp-content\/uploads\/2014a\/04\/17\/07.jpg","http:\/\/mm.howkuai.com\/wp-content\/uploads\/2014a\/04\/17\/08.jpg","http:\/\/mm.howkuai.com\/wp-content\/uploads\/2014a\/04\/17\/09.jpg","http:\/\/mm.howkuai.com\/wp-content\/uploads\/2014a\/04\/17\/10.jpg"]},{"plaintext":"\u6d77\u8fb9\u7684\u7eaf\u60c5\u957f\u817f\u6b63\u59b9\uff0c\u9752\u6625\u4e0d\u9700\u8981\u505a\u4f5c","href":"http:\/\/www.meizitu.com\/a\/4152.html","pic_list":["http:\/\/mm.howkuai.com\/wp-content\/uploads\/2014a\/04\/14\/01.jpg","http:\/\/mm.howkuai.com\/wp-content\/uploads\/2014a\/04\/14\/02.jpg","http:\/\/mm.howkuai.com\/wp-content\/uploads\/2014a\/04\/14\/03.jpg","http:\/\/mm.howkuai.com\/wp-content\/uploads\/2014a\/04\/14\/04.jpg","http:\/\/mm.howkuai.com\/wp-content\/uploads\/2014a\/04\/14\/05.jpg","http:\/\/mm.howkuai.com\/wp-content\/uploads\/2014a\/04\/14\/06.jpg","http:\/\/mm.howkuai.com\/wp-content\/uploads\/2014a\/04\/14\/07.jpg","http:\/\/mm.howkuai.com\/wp-content\/uploads\/2014a\/04\/14\/08.jpg"]},{"plaintext":"\u52a8\u6f2b\u7f8e\u5973\uff0c\u5fc5\u987b\u4e2a\u4e2a\u90fd\u751c\u7f8e\u53ef\u7231","href":"http:\/\/www.meizitu.com\/a\/4141.html","pic_list":["http:\/\/mm.howkuai.com\/wp-content\/uploads\/2014a\/04\/03\/01.jpg","http:\/\/mm.howkuai.com\/wp-content\/uploads\/2014a\/04\/03\/02.jpg","http:\/\/mm.howkuai.com\/wp-content\/uploads\/2014a\/04\/03\/03.jpg","http:\/\/mm.howkuai.com\/wp-content\/uploads\/2014a\/04\/03\/04.jpg","http:\/\/mm.howkuai.com\/wp-content\/uploads\/2014a\/04\/03\/05.jpg","http:\/\/mm.howkuai.com\/wp-content\/uploads\/2014a\/04\/03\/06.jpg","http:\/\/mm.howkuai.com\/wp-content\/uploads\/2014a\/04\/03\/07.jpg","http:\/\/mm.howkuai.com\/wp-content\/uploads\/2014a\/04\/03\/08.jpg","http:\/\/mm.howkuai.com\/wp-content\/uploads\/2014a\/04\/03\/09.jpg","http:\/\/mm.howkuai.com\/wp-content\/uploads\/2014a\/04\/03\/10.jpg","http:\/\/mm.howkuai.com\/wp-content\/uploads\/2014a\/04\/03\/11.jpg"]},{"plaintext":"\u559c\u6b22\u7b80\u5355\u751f\u6d3b\uff0c\u5c0f\u86ee\u8170\u7f8e\u7709\u6e05\u7eaf\u7167","href":"http:\/\/www.meizitu.com\/a\/4133.html","pic_list":["http:\/\/mm.howkuai.com\/wp-content\/uploads\/2014a\/03\/62\/01.jpg","http:\/\/mm.howkuai.com\/wp-content\/uploads\/2014a\/03\/62\/02.jpg","http:\/\/mm.howkuai.com\/wp-content\/uploads\/2014a\/03\/62\/03.jpg","http:\/\/mm.howkuai.com\/wp-content\/uploads\/2014a\/03\/62\/04.jpg","http:\/\/mm.howkuai.com\/wp-content\/uploads\/2014a\/03\/62\/05.jpg"]},{"plaintext":"\u97f3\u6e05\u67d4\u7f8e\u6613\u63a8\u5230\uff0c\u6d45\u7b11\u5ae3\u7136\u59b9\u59b9\u6e05\u751c\u8ff7\u4eba","href":"http:\/\/www.meizitu.com\/a\/4125.html","pic_list":["http:\/\/mm.howkuai.com\/wp-content\/uploads\/2014a\/03\/54\/01.jpg","http:\/\/mm.howkuai.com\/wp-content\/uploads\/2014a\/03\/54\/02.jpg","http:\/\/mm.howkuai.com\/wp-content\/uploads\/2014a\/03\/54\/03.jpg","http:\/\/mm.howkuai.com\/wp-content\/uploads\/2014a\/03\/54\/04.jpg","http:\/\/mm.howkuai.com\/wp-content\/uploads\/2014a\/03\/54\/05.jpg","http:\/\/mm.howkuai.com\/wp-content\/uploads\/2014a\/03\/54\/06.jpg","http:\/\/mm.howkuai.com\/wp-content\/uploads\/2014a\/03\/54\/07.jpg","http:\/\/mm.howkuai.com\/wp-content\/uploads\/2014a\/03\/54\/08.jpg"]},{"plaintext":"\u6e05\u7eaf\u957f\u53d1\u7f8e\u5973\u5728\u6e56\u4e2d\u592e\uff0c\u60f3\u628a\u5979\u5531\u7ed9\u4f60\u542c","href":"http:\/\/www.meizitu.com\/a\/4123.html","pic_list":["http:\/\/mm.howkuai.com\/wp-content\/uploads\/2014a\/03\/52\/01.jpg","http:\/\/mm.howkuai.com\/wp-content\/uploads\/2014a\/03\/52\/02.jpg","http:\/\/mm.howkuai.com\/wp-content\/uploads\/2014a\/03\/52\/03.jpg","http:\/\/mm.howkuai.com\/wp-content\/uploads\/2014a\/03\/52\/04.jpg","http:\/\/mm.howkuai.com\/wp-content\/uploads\/2014a\/03\/52\/05.jpg","http:\/\/mm.howkuai.com\/wp-content\/uploads\/2014a\/03\/52\/06.jpg","http:\/\/mm.howkuai.com\/wp-content\/uploads\/2014a\/03\/52\/07.jpg","http:\/\/mm.howkuai.com\/wp-content\/uploads\/2014a\/03\/52\/08.jpg"]},{"plaintext":"\u7389\u4f53\u9999\u808c\uff0c\u6731\u5fc6\u97f3\u79c1\u623f\u5c0f\u53ef\u7231\u98ce\u683c\u5199\u771f","href":"http:\/\/www.meizitu.com\/a\/4122.html","pic_list":["http:\/\/mm.howkuai.com\/wp-content\/uploads\/2014a\/03\/51\/01.jpg","http:\/\/mm.howkuai.com\/wp-content\/uploads\/2014a\/03\/51\/02.jpg","http:\/\/mm.howkuai.com\/wp-content\/uploads\/2014a\/03\/51\/03.jpg","http:\/\/mm.howkuai.com\/wp-content\/uploads\/2014a\/03\/51\/04.jpg","http:\/\/mm.howkuai.com\/wp-content\/uploads\/2014a\/03\/51\/05.jpg","http:\/\/mm.howkuai.com\/wp-content\/uploads\/2014a\/03\/51\/06.jpg"]},{"plaintext":"\u6c34\u7075\u53ef\u7231\u4e30\u6ee1\u59b9\u5b50\u7f8e\u59ff\u8bf1\u4eba","href":"http:\/\/www.meizitu.com\/a\/4117.html","pic_list":["http:\/\/mm.howkuai.com\/wp-content\/uploads\/2014a\/03\/46\/01.jpg","http:\/\/mm.howkuai.com\/wp-content\/uploads\/2014a\/03\/46\/02.jpg","http:\/\/mm.howkuai.com\/wp-content\/uploads\/2014a\/03\/46\/03.jpg","http:\/\/mm.howkuai.com\/wp-content\/uploads\/2014a\/03\/46\/04.jpg","http:\/\/mm.howkuai.com\/wp-content\/uploads\/2014a\/03\/46\/05.jpg","http:\/\/mm.howkuai.com\/wp-content\/uploads\/2014a\/03\/46\/06.jpg","http:\/\/mm.howkuai.com\/wp-content\/uploads\/2014a\/03\/46\/07.jpg","http:\/\/mm.howkuai.com\/wp-content\/uploads\/2014a\/03\/46\/08.jpg","http:\/\/mm.howkuai.com\/wp-content\/uploads\/2014a\/03\/46\/09.jpg","http:\/\/mm.howkuai.com\/wp-content\/uploads\/2014a\/03\/46\/10.jpg","http:\/\/mm.howkuai.com\/wp-content\/uploads\/2014a\/03\/46\/11.jpg"]},{"plaintext":"\u957f\u817f\u7f8e\u7709\u79c1\u623f\u8bf1\u60d1\u5c55\u6781\u54c1\u5b8c\u7f8e\u8eab\u6750","href":"http:\/\/www.meizitu.com\/a\/4102.html","pic_list":["http:\/\/mm.howkuai.com\/wp-content\/uploads\/2014a\/03\/31\/01.jpg","http:\/\/mm.howkuai.com\/wp-content\/uploads\/2014a\/03\/31\/02.jpg","http:\/\/mm.howkuai.com\/wp-content\/uploads\/2014a\/03\/31\/03.jpg","http:\/\/mm.howkuai.com\/wp-content\/uploads\/2014a\/03\/31\/04.jpg","http:\/\/mm.howkuai.com\/wp-content\/uploads\/2014a\/03\/31\/05.jpg","http:\/\/mm.howkuai.com\/wp-content\/uploads\/2014a\/03\/31\/06.jpg","http:\/\/mm.howkuai.com\/wp-content\/uploads\/2014a\/03\/31\/07.jpg","http:\/\/mm.howkuai.com\/wp-content\/uploads\/2014a\/03\/31\/08.jpg"]}]