[{"plaintext":"\u7eaf\u51c0\u65e0\u6687\u7684\u7f8e\u7709\u5fae\u7b11\u5728\u6a31\u82b1\u98de\u821e\u65f6","href":"http:\/\/www.meizitu.com\/a\/4098.html","pic_list":["http:\/\/mm.howkuai.com\/wp-content\/uploads\/2014a\/03\/27\/01.jpg","http:\/\/mm.howkuai.com\/wp-content\/uploads\/2014a\/03\/27\/02.jpg","http:\/\/mm.howkuai.com\/wp-content\/uploads\/2014a\/03\/27\/03.jpg","http:\/\/mm.howkuai.com\/wp-content\/uploads\/2014a\/03\/27\/04.jpg","http:\/\/mm.howkuai.com\/wp-content\/uploads\/2014a\/03\/27\/05.jpg","http:\/\/mm.howkuai.com\/wp-content\/uploads\/2014a\/03\/27\/06.jpg","http:\/\/mm.howkuai.com\/wp-content\/uploads\/2014a\/03\/27\/07.jpg"]},{"plaintext":"\u5b8c\u7f8e\u8eab\u59ff\uff01\u957f\u817f\u7f8e\u7709\u540c\u6837\u62e5\u6709\u8ff7\u4eba\u7684\u8138\u86cb","href":"http:\/\/www.meizitu.com\/a\/4095.html","pic_list":["http:\/\/mm.howkuai.com\/wp-content\/uploads\/2014a\/03\/24\/01.jpg","http:\/\/mm.howkuai.com\/wp-content\/uploads\/2014a\/03\/24\/02.jpg","http:\/\/mm.howkuai.com\/wp-content\/uploads\/2014a\/03\/24\/03.jpg","http:\/\/mm.howkuai.com\/wp-content\/uploads\/2014a\/03\/24\/04.jpg","http:\/\/mm.howkuai.com\/wp-content\/uploads\/2014a\/03\/24\/05.jpg","http:\/\/mm.howkuai.com\/wp-content\/uploads\/2014a\/03\/24\/06.jpg","http:\/\/mm.howkuai.com\/wp-content\/uploads\/2014a\/03\/24\/07.jpg"]},{"plaintext":"\u751c\u751c\u7f8e\u7f8e\u7684MM\u8584\u7eb1\u5c0f\u79c1\u623f","href":"http:\/\/www.meizitu.com\/a\/4083.html","pic_list":["http:\/\/mm.howkuai.com\/wp-content\/uploads\/2014a\/03\/12\/01.jpg","http:\/\/mm.howkuai.com\/wp-content\/uploads\/2014a\/03\/12\/02.jpg","http:\/\/mm.howkuai.com\/wp-content\/uploads\/2014a\/03\/12\/03.jpg","http:\/\/mm.howkuai.com\/wp-content\/uploads\/2014a\/03\/12\/04.jpg","http:\/\/mm.howkuai.com\/wp-content\/uploads\/2014a\/03\/12\/05.jpg","http:\/\/mm.howkuai.com\/wp-content\/uploads\/2014a\/03\/12\/06.jpg"]},{"plaintext":"\u53ef\u7231\u4fcf\u76ae\u7684\u59b9\u5b50\uff0c\u9752\u6625\u5973\u4ec6\u53d8\u5b66\u751f\u88c5","href":"http:\/\/www.meizitu.com\/a\/4067.html","pic_list":["http:\/\/mm.howkuai.com\/wp-content\/uploads\/2014a\/02\/59\/01.jpg","http:\/\/mm.howkuai.com\/wp-content\/uploads\/2014a\/02\/59\/02.jpg","http:\/\/mm.howkuai.com\/wp-content\/uploads\/2014a\/02\/59\/03.jpg","http:\/\/mm.howkuai.com\/wp-content\/uploads\/2014a\/02\/59\/04.jpg","http:\/\/mm.howkuai.com\/wp-content\/uploads\/2014a\/02\/59\/05.jpg","http:\/\/mm.howkuai.com\/wp-content\/uploads\/2014a\/02\/59\/06.jpg"]},{"plaintext":"\u6d51\u8eab\u6563\u53d1\u8ff7\u4eba\u6c14\u606f\u7684\u957f\u817f\u6f02\u4eae\u5973\u5b69","href":"http:\/\/www.meizitu.com\/a\/4047.html","pic_list":["http:\/\/mm.howkuai.com\/wp-content\/uploads\/2014a\/02\/39\/01.jpg","http:\/\/mm.howkuai.com\/wp-content\/uploads\/2014a\/02\/39\/02.jpg","http:\/\/mm.howkuai.com\/wp-content\/uploads\/2014a\/02\/39\/03.jpg","http:\/\/mm.howkuai.com\/wp-content\/uploads\/2014a\/02\/39\/04.jpg","http:\/\/mm.howkuai.com\/wp-content\/uploads\/2014a\/02\/39\/05.jpg","http:\/\/mm.howkuai.com\/wp-content\/uploads\/2014a\/02\/39\/06.jpg","http:\/\/mm.howkuai.com\/wp-content\/uploads\/2014a\/02\/39\/07.jpg","http:\/\/mm.howkuai.com\/wp-content\/uploads\/2014a\/02\/39\/08.jpg","http:\/\/mm.howkuai.com\/wp-content\/uploads\/2014a\/02\/39\/09.jpg"]},{"plaintext":"\u53ef\u7231\u7684\u6258\u816e\u561f\u5634\uff0c\u6e05\u7eaf\u7f8e\u5973\u5408\u96c6","href":"http:\/\/www.meizitu.com\/a\/4039.html","pic_list":["http:\/\/mm.howkuai.com\/wp-content\/uploads\/2014a\/02\/31\/01.jpg","http:\/\/mm.howkuai.com\/wp-content\/uploads\/2014a\/02\/31\/02.jpg","http:\/\/mm.howkuai.com\/wp-content\/uploads\/2014a\/02\/31\/03.jpg","http:\/\/mm.howkuai.com\/wp-content\/uploads\/2014a\/02\/31\/04.jpg","http:\/\/mm.howkuai.com\/wp-content\/uploads\/2014a\/02\/31\/05.jpg","http:\/\/mm.howkuai.com\/wp-content\/uploads\/2014a\/02\/31\/06.jpg","http:\/\/mm.howkuai.com\/wp-content\/uploads\/2014a\/02\/31\/07.jpg","http:\/\/mm.howkuai.com\/wp-content\/uploads\/2014a\/02\/31\/08.jpg","http:\/\/mm.howkuai.com\/wp-content\/uploads\/2014a\/02\/31\/09.jpg","http:\/\/mm.howkuai.com\/wp-content\/uploads\/2014a\/02\/31\/10.jpg","http:\/\/mm.howkuai.com\/wp-content\/uploads\/2014a\/02\/31\/11.jpg","http:\/\/mm.howkuai.com\/wp-content\/uploads\/2014a\/02\/31\/12.jpg","http:\/\/mm.howkuai.com\/wp-content\/uploads\/2014a\/02\/31\/13.jpg","http:\/\/mm.howkuai.com\/wp-content\/uploads\/2014a\/02\/31\/14.jpg","http:\/\/mm.howkuai.com\/wp-content\/uploads\/2014a\/02\/31\/15.jpg"]},{"plaintext":"\u8eab\u6750\u4e30\u6ee1\u8bf1\u4eba\uff0c\u957f\u76f8\u751c\u7f8e\u53ef\u7231\u7684\u90bb\u5bb6\u59b9\u59b9","href":"http:\/\/www.meizitu.com\/a\/3996.html","pic_list":["http:\/\/mm.howkuai.com\/wp-content\/uploads\/2014a\/01\/60\/01.jpg","http:\/\/mm.howkuai.com\/wp-content\/uploads\/2014a\/01\/60\/02.jpg","http:\/\/mm.howkuai.com\/wp-content\/uploads\/2014a\/01\/60\/03.jpg","http:\/\/mm.howkuai.com\/wp-content\/uploads\/2014a\/01\/60\/04.jpg","http:\/\/mm.howkuai.com\/wp-content\/uploads\/2014a\/01\/60\/05.jpg","http:\/\/mm.howkuai.com\/wp-content\/uploads\/2014a\/01\/60\/06.jpg","http:\/\/mm.howkuai.com\/wp-content\/uploads\/2014a\/01\/60\/07.jpg"]},{"plaintext":"\u751c\u7f8e\u53ef\u7231\u53c8\u6027\u611f\u7684Nono\u9171\u5c45\u5bb6\u5199\u771f","href":"http:\/\/www.meizitu.com\/a\/3988.html","pic_list":["http:\/\/mm.howkuai.com\/wp-content\/uploads\/2014a\/01\/52\/01.jpg","http:\/\/mm.howkuai.com\/wp-content\/uploads\/2014a\/01\/52\/02.jpg","http:\/\/mm.howkuai.com\/wp-content\/uploads\/2014a\/01\/52\/03.jpg","http:\/\/mm.howkuai.com\/wp-content\/uploads\/2014a\/01\/52\/04.jpg","http:\/\/mm.howkuai.com\/wp-content\/uploads\/2014a\/01\/52\/05.jpg","http:\/\/mm.howkuai.com\/wp-content\/uploads\/2014a\/01\/52\/06.jpg","http:\/\/mm.howkuai.com\/wp-content\/uploads\/2014a\/01\/52\/07.jpg","http:\/\/mm.howkuai.com\/wp-content\/uploads\/2014a\/01\/52\/08.jpg"]},{"plaintext":"\u51ac\u5929\u91cc\u7684\u4e00\u628a\u706b\uff0c\u9752\u6625\u9633\u5149\u7f8e\u5973\u7b11\u5bb9\u6696\u4eba\u5fc3\u7a9d","href":"http:\/\/www.meizitu.com\/a\/3984.html","pic_list":["http:\/\/mm.howkuai.com\/wp-content\/uploads\/2014a\/01\/48\/01.jpg","http:\/\/mm.howkuai.com\/wp-content\/uploads\/2014a\/01\/48\/02.jpg","http:\/\/mm.howkuai.com\/wp-content\/uploads\/2014a\/01\/48\/03.jpg","http:\/\/mm.howkuai.com\/wp-content\/uploads\/2014a\/01\/48\/04.jpg","http:\/\/mm.howkuai.com\/wp-content\/uploads\/2014a\/01\/48\/05.jpg","http:\/\/mm.howkuai.com\/wp-content\/uploads\/2014a\/01\/48\/06.jpg","http:\/\/mm.howkuai.com\/wp-content\/uploads\/2014a\/01\/48\/07.jpg"]},{"plaintext":"\u6e05\u7eaf\u7f8e\u5973\u56fe\u7247\u672c\u5468\u7279\u8f91","href":"http:\/\/www.meizitu.com\/a\/3943.html","pic_list":["http:\/\/mm.howkuai.com\/wp-content\/uploads\/2014a\/01\/11\/01.jpg","http:\/\/mm.howkuai.com\/wp-content\/uploads\/2014a\/01\/11\/02.jpg","http:\/\/mm.howkuai.com\/wp-content\/uploads\/2014a\/01\/11\/03.jpg","http:\/\/mm.howkuai.com\/wp-content\/uploads\/2014a\/01\/11\/04.jpg","http:\/\/mm.howkuai.com\/wp-content\/uploads\/2014a\/01\/11\/05.jpg","http:\/\/mm.howkuai.com\/wp-content\/uploads\/2014a\/01\/11\/06.jpg","http:\/\/mm.howkuai.com\/wp-content\/uploads\/2014a\/01\/11\/07.jpg","http:\/\/mm.howkuai.com\/wp-content\/uploads\/2014a\/01\/11\/08.jpg","http:\/\/mm.howkuai.com\/wp-content\/uploads\/2014a\/01\/11\/09.jpg","http:\/\/mm.howkuai.com\/wp-content\/uploads\/2014a\/01\/11\/10.jpg","http:\/\/mm.howkuai.com\/wp-content\/uploads\/2014a\/01\/11\/11.jpg","http:\/\/mm.howkuai.com\/wp-content\/uploads\/2014a\/01\/11\/12.jpg","http:\/\/mm.howkuai.com\/wp-content\/uploads\/2014a\/01\/11\/13.jpg","http:\/\/mm.howkuai.com\/wp-content\/uploads\/2014a\/01\/11\/14.jpg"]},{"plaintext":"\u53ef\u7231\u7684\u5343\u77f3\u629a\u5b50\u50cf\u6781\u4e86\u6f2b\u753b\u4eba\u7269","href":"http:\/\/www.meizitu.com\/a\/3929.html","pic_list":["http:\/\/mm.howkuai.com\/wp-content\/uploads\/2013a\/12\/66\/01.jpg","http:\/\/mm.howkuai.com\/wp-content\/uploads\/2013a\/12\/66\/02.jpg","http:\/\/mm.howkuai.com\/wp-content\/uploads\/2013a\/12\/66\/03.jpg","http:\/\/mm.howkuai.com\/wp-content\/uploads\/2013a\/12\/66\/04.jpg","http:\/\/mm.howkuai.com\/wp-content\/uploads\/2013a\/12\/66\/05.jpg","http:\/\/mm.howkuai.com\/wp-content\/uploads\/2013a\/12\/66\/06.jpg"]},{"plaintext":"\u53ef\u7231\u59b9\u5b50\u7cfb\u5217\uff0c\u6000\u5ff5\u4f60\u90a3\u7ea2\u6251\u6251\u7684\u8138\u86cb","href":"http:\/\/www.meizitu.com\/a\/3928.html","pic_list":["http:\/\/mm.howkuai.com\/wp-content\/uploads\/2013a\/12\/65\/01.jpg","http:\/\/mm.howkuai.com\/wp-content\/uploads\/2013a\/12\/65\/02.jpg","http:\/\/mm.howkuai.com\/wp-content\/uploads\/2013a\/12\/65\/03.jpg","http:\/\/mm.howkuai.com\/wp-content\/uploads\/2013a\/12\/65\/04.jpg"]},{"plaintext":"\u53ef\u7231\u7684\u5c0f\u7f8e\u5973Toro\u7fbd\u4f4f\u6700\u65b0\u5199\u771f\u96c6","href":"http:\/\/www.meizitu.com\/a\/3894.html","pic_list":["http:\/\/mm.howkuai.com\/wp-content\/uploads\/2013a\/12\/30\/01.jpg","http:\/\/mm.howkuai.com\/wp-content\/uploads\/2013a\/12\/30\/02.jpg","http:\/\/mm.howkuai.com\/wp-content\/uploads\/2013a\/12\/30\/03.jpg","http:\/\/mm.howkuai.com\/wp-content\/uploads\/2013a\/12\/30\/04.jpg","http:\/\/mm.howkuai.com\/wp-content\/uploads\/2013a\/12\/30\/05.jpg","http:\/\/mm.howkuai.com\/wp-content\/uploads\/2013a\/12\/30\/06.jpg","http:\/\/mm.howkuai.com\/wp-content\/uploads\/2013a\/12\/30\/07.jpg","http:\/\/mm.howkuai.com\/wp-content\/uploads\/2013a\/12\/30\/08.jpg","http:\/\/mm.howkuai.com\/wp-content\/uploads\/2013a\/12\/30\/09.jpg"]},{"plaintext":"\u53ef\u7231\u751c\u7f8e\u59b9\u5b50\u4e3a\u5723\u8bde\u8282\u589e\u6dfb\u6c14\u6c1b","href":"http:\/\/www.meizitu.com\/a\/3892.html","pic_list":["http:\/\/mm.howkuai.com\/wp-content\/uploads\/2013a\/12\/28\/01.jpg","http:\/\/mm.howkuai.com\/wp-content\/uploads\/2013a\/12\/28\/02.jpg","http:\/\/mm.howkuai.com\/wp-content\/uploads\/2013a\/12\/28\/03.jpg","http:\/\/mm.howkuai.com\/wp-content\/uploads\/2013a\/12\/28\/04.jpg","http:\/\/mm.howkuai.com\/wp-content\/uploads\/2013a\/12\/28\/05.jpg","http:\/\/mm.howkuai.com\/wp-content\/uploads\/2013a\/12\/28\/06.jpg","http:\/\/mm.howkuai.com\/wp-content\/uploads\/2013a\/12\/28\/07.jpg","http:\/\/mm.howkuai.com\/wp-content\/uploads\/2013a\/12\/28\/08.jpg","http:\/\/mm.howkuai.com\/wp-content\/uploads\/2013a\/12\/28\/09.jpg","http:\/\/mm.howkuai.com\/wp-content\/uploads\/2013a\/12\/28\/10.jpg"]},{"plaintext":"\u8ff7\u4eba\u7684\u6e05\u7eaf\u6821\u82b1\u751f\u6d3b\u7167","href":"http:\/\/www.meizitu.com\/a\/3890.html","pic_list":["http:\/\/mm.howkuai.com\/wp-content\/uploads\/2013a\/12\/26\/01.jpg","http:\/\/mm.howkuai.com\/wp-content\/uploads\/2013a\/12\/26\/02.jpg","http:\/\/mm.howkuai.com\/wp-content\/uploads\/2013a\/12\/26\/03.jpg","http:\/\/mm.howkuai.com\/wp-content\/uploads\/2013a\/12\/26\/04.jpg","http:\/\/mm.howkuai.com\/wp-content\/uploads\/2013a\/12\/26\/05.jpg","http:\/\/mm.howkuai.com\/wp-content\/uploads\/2013a\/12\/26\/06.jpg","http:\/\/mm.howkuai.com\/wp-content\/uploads\/2013a\/12\/26\/07.jpg"]},{"plaintext":"\u6e05\u7eaf\u5973\u5b69\u5728\u51ac\u65e5\u91cc\u4eab\u53d7\u9633\u5149","href":"http:\/\/www.meizitu.com\/a\/3869.html","pic_list":["http:\/\/mm.howkuai.com\/wp-content\/uploads\/2013a\/12\/05\/01.jpg","http:\/\/mm.howkuai.com\/wp-content\/uploads\/2013a\/12\/05\/02.jpg","http:\/\/mm.howkuai.com\/wp-content\/uploads\/2013a\/12\/05\/03.jpg","http:\/\/mm.howkuai.com\/wp-content\/uploads\/2013a\/12\/05\/04.jpg","http:\/\/mm.howkuai.com\/wp-content\/uploads\/2013a\/12\/05\/05.jpg","http:\/\/mm.howkuai.com\/wp-content\/uploads\/2013a\/12\/05\/06.jpg","http:\/\/mm.howkuai.com\/wp-content\/uploads\/2013a\/12\/05\/07.jpg","http:\/\/mm.howkuai.com\/wp-content\/uploads\/2013a\/12\/05\/08.jpg"]},{"plaintext":"\u626e\u53ef\u7231\uff0c\u6e05\u7eaf\u7f8e\u5973\u751f\u6d3b\u7167","href":"http:\/\/www.meizitu.com\/a\/3866.html","pic_list":["http:\/\/mm.howkuai.com\/wp-content\/uploads\/2013a\/12\/02\/01.jpg","http:\/\/mm.howkuai.com\/wp-content\/uploads\/2013a\/12\/02\/02.jpg","http:\/\/mm.howkuai.com\/wp-content\/uploads\/2013a\/12\/02\/03.jpg","http:\/\/mm.howkuai.com\/wp-content\/uploads\/2013a\/12\/02\/04.jpg","http:\/\/mm.howkuai.com\/wp-content\/uploads\/2013a\/12\/02\/05.jpg","http:\/\/mm.howkuai.com\/wp-content\/uploads\/2013a\/12\/02\/06.jpg"]},{"plaintext":"\u5c0f\u6e05\u7eaf\u7f8e\u597311-30\u53f7\u5408\u96c6","href":"http:\/\/www.meizitu.com\/a\/3863.html","pic_list":["http:\/\/mm.howkuai.com\/wp-content\/uploads\/2013a\/11\/76\/01.jpg","http:\/\/mm.howkuai.com\/wp-content\/uploads\/2013a\/11\/76\/02.jpg","http:\/\/mm.howkuai.com\/wp-content\/uploads\/2013a\/11\/76\/03.jpg","http:\/\/mm.howkuai.com\/wp-content\/uploads\/2013a\/11\/76\/04.jpg","http:\/\/mm.howkuai.com\/wp-content\/uploads\/2013a\/11\/76\/05.jpg","http:\/\/mm.howkuai.com\/wp-content\/uploads\/2013a\/11\/76\/06.jpg","http:\/\/mm.howkuai.com\/wp-content\/uploads\/2013a\/11\/76\/07.jpg","http:\/\/mm.howkuai.com\/wp-content\/uploads\/2013a\/11\/76\/08.jpg","http:\/\/mm.howkuai.com\/wp-content\/uploads\/2013a\/11\/76\/09.jpg","http:\/\/mm.howkuai.com\/wp-content\/uploads\/2013a\/11\/76\/10.jpg","http:\/\/mm.howkuai.com\/wp-content\/uploads\/2013a\/11\/76\/11.jpg","http:\/\/mm.howkuai.com\/wp-content\/uploads\/2013a\/11\/76\/12.jpg"]},{"plaintext":"\u5929\u51c9\u4e86\uff0c\u53ef\u7231\u5c0f\u7f8e\u5973\u9648\u831c\u5b50\u8bd5\u6f02\u4eae\u6bdb\u8863","href":"http:\/\/www.meizitu.com\/a\/3822.html","pic_list":["http:\/\/mm.howkuai.com\/wp-content\/uploads\/2013a\/11\/37\/01.jpg","http:\/\/mm.howkuai.com\/wp-content\/uploads\/2013a\/11\/37\/02.jpg","http:\/\/mm.howkuai.com\/wp-content\/uploads\/2013a\/11\/37\/03.jpg","http:\/\/mm.howkuai.com\/wp-content\/uploads\/2013a\/11\/37\/04.jpg","http:\/\/mm.howkuai.com\/wp-content\/uploads\/2013a\/11\/37\/05.jpg","http:\/\/mm.howkuai.com\/wp-content\/uploads\/2013a\/11\/37\/06.jpg","http:\/\/mm.howkuai.com\/wp-content\/uploads\/2013a\/11\/37\/07.jpg"]},{"plaintext":"\u53ef\u7231\u7f8e\u5973\u62cd\u6444\u521d\u51ac\u79c1\u623f\u5199\u771f","href":"http:\/\/www.meizitu.com\/a\/3819.html","pic_list":["http:\/\/mm.howkuai.com\/wp-content\/uploads\/2013a\/11\/34\/01.jpg","http:\/\/mm.howkuai.com\/wp-content\/uploads\/2013a\/11\/34\/02.jpg","http:\/\/mm.howkuai.com\/wp-content\/uploads\/2013a\/11\/34\/03.jpg","http:\/\/mm.howkuai.com\/wp-content\/uploads\/2013a\/11\/34\/04.jpg","http:\/\/mm.howkuai.com\/wp-content\/uploads\/2013a\/11\/34\/05.jpg","http:\/\/mm.howkuai.com\/wp-content\/uploads\/2013a\/11\/34\/06.jpg","http:\/\/mm.howkuai.com\/wp-content\/uploads\/2013a\/11\/34\/07.jpg","http:\/\/mm.howkuai.com\/wp-content\/uploads\/2013a\/11\/34\/08.jpg"]},{"plaintext":"\u6052\u5927\u5973\u7403\u8ff7\u6d3b\u6cfc\u5c0f\u6027\u611f\uff0c\u751c\u7f8e\u7b11\u5bb9\u4f20\u8fbe\u5fc5\u80dc\u4fe1\u5fc3","href":"http:\/\/www.meizitu.com\/a\/3809.html","pic_list":["http:\/\/mm.howkuai.com\/wp-content\/uploads\/2013a\/11\/24\/01.jpg","http:\/\/mm.howkuai.com\/wp-content\/uploads\/2013a\/11\/24\/02.jpg","http:\/\/mm.howkuai.com\/wp-content\/uploads\/2013a\/11\/24\/03.jpg","http:\/\/mm.howkuai.com\/wp-content\/uploads\/2013a\/11\/24\/04.jpg","http:\/\/mm.howkuai.com\/wp-content\/uploads\/2013a\/11\/24\/05.jpg"]},{"plaintext":"\u90a3\u5e74\u94f6\u674f\u4e0b\u9762,\u6e05\u7eaf\u53ef\u7231\u7684\u9ed1\u4e1d\u7f8e\u5973","href":"http:\/\/www.meizitu.com\/a\/3805.html","pic_list":["http:\/\/mm.howkuai.com\/wp-content\/uploads\/2013a\/11\/20\/01.jpg","http:\/\/mm.howkuai.com\/wp-content\/uploads\/2013a\/11\/20\/02.jpg","http:\/\/mm.howkuai.com\/wp-content\/uploads\/2013a\/11\/20\/03.jpg","http:\/\/mm.howkuai.com\/wp-content\/uploads\/2013a\/11\/20\/04.jpg","http:\/\/mm.howkuai.com\/wp-content\/uploads\/2013a\/11\/20\/04.jpg"]},{"plaintext":"\u53ef\u7231\u6821\u82b1\u7684\u5b66\u751f\u88c5\u5199\u771f","href":"http:\/\/www.meizitu.com\/a\/3789.html","pic_list":["http:\/\/mm.howkuai.com\/wp-content\/uploads\/2013a\/11\/04\/01.jpg","http:\/\/mm.howkuai.com\/wp-content\/uploads\/2013a\/11\/04\/02.jpg","http:\/\/mm.howkuai.com\/wp-content\/uploads\/2013a\/11\/04\/03.jpg","http:\/\/mm.howkuai.com\/wp-content\/uploads\/2013a\/11\/04\/04.jpg","http:\/\/mm.howkuai.com\/wp-content\/uploads\/2013a\/11\/04\/05.jpg","http:\/\/mm.howkuai.com\/wp-content\/uploads\/2013a\/11\/04\/06.jpg"]},{"plaintext":"\u53ef\u7231\u7684\u4fcf\u76ae\u767e\u53d8\u5973\u751f","href":"http:\/\/www.meizitu.com\/a\/3776.html","pic_list":["http:\/\/mm.howkuai.com\/wp-content\/uploads\/2013a\/10\/56\/01.jpg","http:\/\/mm.howkuai.com\/wp-content\/uploads\/2013a\/10\/56\/02.jpg","http:\/\/mm.howkuai.com\/wp-content\/uploads\/2013a\/10\/56\/03.jpg","http:\/\/mm.howkuai.com\/wp-content\/uploads\/2013a\/10\/56\/04.jpg","http:\/\/mm.howkuai.com\/wp-content\/uploads\/2013a\/10\/56\/05.jpg","http:\/\/mm.howkuai.com\/wp-content\/uploads\/2013a\/10\/56\/06.jpg","http:\/\/mm.howkuai.com\/wp-content\/uploads\/2013a\/10\/56\/07.jpg","http:\/\/mm.howkuai.com\/wp-content\/uploads\/2013a\/10\/56\/08.jpg"]},{"plaintext":"[10-24\u65e5]\u6e05\u7eaf\u7f8e\u5973\u7cfb\u5217","href":"http:\/\/www.meizitu.com\/a\/3770.html","pic_list":["http:\/\/mm.howkuai.com\/wp-content\/uploads\/2013a\/10\/50\/01.jpg","http:\/\/mm.howkuai.com\/wp-content\/uploads\/2013a\/10\/50\/02.jpg","http:\/\/mm.howkuai.com\/wp-content\/uploads\/2013a\/10\/50\/03.jpg","http:\/\/mm.howkuai.com\/wp-content\/uploads\/2013a\/10\/50\/04.jpg","http:\/\/mm.howkuai.com\/wp-content\/uploads\/2013a\/10\/50\/05.jpg","http:\/\/mm.howkuai.com\/wp-content\/uploads\/2013a\/10\/50\/06.jpg","http:\/\/mm.howkuai.com\/wp-content\/uploads\/2013a\/10\/50\/07.jpg","http:\/\/mm.howkuai.com\/wp-content\/uploads\/2013a\/10\/50\/08.jpg","http:\/\/mm.howkuai.com\/wp-content\/uploads\/2013a\/10\/50\/09.jpg","http:\/\/mm.howkuai.com\/wp-content\/uploads\/2013a\/10\/50\/10.jpg"]},{"plaintext":"[\u9752\u6625]\u6821\u56ed\u6821\u82b1\u6b23\u8d4f","href":"http:\/\/www.meizitu.com\/a\/3711.html","pic_list":["http:\/\/mm.howkuai.com\/wp-content\/uploads\/2013a\/09\/24\/01.jpg","http:\/\/mm.howkuai.com\/wp-content\/uploads\/2013a\/09\/24\/02.jpg","http:\/\/mm.howkuai.com\/wp-content\/uploads\/2013a\/09\/24\/03.jpg","http:\/\/mm.howkuai.com\/wp-content\/uploads\/2013a\/09\/24\/04.jpg","http:\/\/mm.howkuai.com\/wp-content\/uploads\/2013a\/09\/24\/05.jpg","http:\/\/mm.howkuai.com\/wp-content\/uploads\/2013a\/09\/24\/06.jpg"]},{"plaintext":"\u53ef\u7231\u7684\u79cb\u79cb\u5411\u524d\u51b2","href":"http:\/\/www.meizitu.com\/a\/3709.html","pic_list":["http:\/\/mm.howkuai.com\/wp-content\/uploads\/2013a\/09\/22\/01.jpg","http:\/\/mm.howkuai.com\/wp-content\/uploads\/2013a\/09\/22\/02.jpg","http:\/\/mm.howkuai.com\/wp-content\/uploads\/2013a\/09\/22\/03.jpg","http:\/\/mm.howkuai.com\/wp-content\/uploads\/2013a\/09\/22\/04.jpg","http:\/\/mm.howkuai.com\/wp-content\/uploads\/2013a\/09\/22\/05.jpg","http:\/\/mm.howkuai.com\/wp-content\/uploads\/2013a\/09\/22\/06.jpg","http:\/\/mm.howkuai.com\/wp-content\/uploads\/2013a\/09\/22\/07.jpg"]},{"plaintext":"\u6db5\u513f\uff0c\u84dd\u8272\u5c0f\u732b\u5199\u771f","href":"http:\/\/www.meizitu.com\/a\/3691.html","pic_list":["http:\/\/mm.howkuai.com\/wp-content\/uploads\/2013a\/09\/04\/01.jpg","http:\/\/mm.howkuai.com\/wp-content\/uploads\/2013a\/09\/04\/02.jpg","http:\/\/mm.howkuai.com\/wp-content\/uploads\/2013a\/09\/04\/03.jpg","http:\/\/mm.howkuai.com\/wp-content\/uploads\/2013a\/09\/04\/04.jpg","http:\/\/mm.howkuai.com\/wp-content\/uploads\/2013a\/09\/04\/05.jpg","http:\/\/mm.howkuai.com\/wp-content\/uploads\/2013a\/09\/04\/06.jpg","http:\/\/mm.howkuai.com\/wp-content\/uploads\/2013a\/09\/04\/07.jpg"]}]