[{"plaintext":"\u4f53\u64cd\u670d\uff0c\u4e0b\u8bfe\u540e\uff0c\u6765\u4e00\u53d1","href":"http:\/\/www.meizitu.com\/a\/5477.html","pic_list":["http:\/\/mm.howkuai.com\/wp-content\/uploads\/2016a\/09\/01\/01.jpg","http:\/\/mm.howkuai.com\/wp-content\/uploads\/2016a\/09\/01\/02.jpg","http:\/\/mm.howkuai.com\/wp-content\/uploads\/2016a\/09\/01\/03.jpg","http:\/\/mm.howkuai.com\/wp-content\/uploads\/2016a\/09\/01\/04.jpg","http:\/\/mm.howkuai.com\/wp-content\/uploads\/2016a\/09\/01\/05.jpg","http:\/\/mm.howkuai.com\/wp-content\/uploads\/2016a\/09\/01\/06.jpg"]},{"plaintext":"\u5c0f\u6e05\u65b0\u5973\u795e\uff0c\u4f60\u6700\u559c\u6b22\u54ea\u4e00\u4e2a\uff1f","href":"http:\/\/www.meizitu.com\/a\/5469.html","pic_list":["http:\/\/mm.howkuai.com\/wp-content\/uploads\/2016a\/08\/24\/01.jpg","http:\/\/mm.howkuai.com\/wp-content\/uploads\/2016a\/08\/24\/02.jpg","http:\/\/mm.howkuai.com\/wp-content\/uploads\/2016a\/08\/24\/03.jpg","http:\/\/mm.howkuai.com\/wp-content\/uploads\/2016a\/08\/24\/04.jpg","http:\/\/mm.howkuai.com\/wp-content\/uploads\/2016a\/08\/24\/05.jpg","http:\/\/mm.howkuai.com\/wp-content\/uploads\/2016a\/08\/24\/06.jpg","http:\/\/mm.howkuai.com\/wp-content\/uploads\/2016a\/08\/24\/07.jpg","http:\/\/mm.howkuai.com\/wp-content\/uploads\/2016a\/08\/24\/08.jpg","http:\/\/mm.howkuai.com\/wp-content\/uploads\/2016a\/08\/24\/09.jpg","http:\/\/mm.howkuai.com\/wp-content\/uploads\/2016a\/08\/24\/10.jpg","http:\/\/mm.howkuai.com\/wp-content\/uploads\/2016a\/08\/24\/11.jpg"]},{"plaintext":"\u8eba\u5728\u8349\u4e1b\u91cc\u7684\u6e05\u7eaf\u5c24\u7269\uff0c\u8c01\u6765\u6361","href":"http:\/\/www.meizitu.com\/a\/5463.html","pic_list":["http:\/\/mm.howkuai.com\/wp-content\/uploads\/2016a\/08\/18\/01.jpg","http:\/\/mm.howkuai.com\/wp-content\/uploads\/2016a\/08\/18\/02.jpg","http:\/\/mm.howkuai.com\/wp-content\/uploads\/2016a\/08\/18\/03.jpg","http:\/\/mm.howkuai.com\/wp-content\/uploads\/2016a\/08\/18\/04.jpg","http:\/\/mm.howkuai.com\/wp-content\/uploads\/2016a\/08\/18\/05.jpg","http:\/\/mm.howkuai.com\/wp-content\/uploads\/2016a\/08\/18\/06.jpg","http:\/\/mm.howkuai.com\/wp-content\/uploads\/2016a\/08\/18\/07.jpg","http:\/\/mm.howkuai.com\/wp-content\/uploads\/2016a\/08\/18\/08.jpg","http:\/\/mm.howkuai.com\/wp-content\/uploads\/2016a\/08\/18\/09.jpg"]},{"plaintext":"\u6c27\u6c14\u7f8e\u5973\uff0c\u5439\u5f39\u53ef\u7834\u7684\u76ae\u80a4","href":"http:\/\/www.meizitu.com\/a\/5461.html","pic_list":["http:\/\/mm.howkuai.com\/wp-content\/uploads\/2016a\/08\/16\/01.jpg","http:\/\/mm.howkuai.com\/wp-content\/uploads\/2016a\/08\/16\/02.jpg","http:\/\/mm.howkuai.com\/wp-content\/uploads\/2016a\/08\/16\/03.jpg","http:\/\/mm.howkuai.com\/wp-content\/uploads\/2016a\/08\/16\/04.jpg","http:\/\/mm.howkuai.com\/wp-content\/uploads\/2016a\/08\/16\/05.jpg","http:\/\/mm.howkuai.com\/wp-content\/uploads\/2016a\/08\/16\/06.jpg"]},{"plaintext":"\u59b9\u5b50\u620f\u6c34\u56fe\uff0c\u6676\u83b9\u767d\u7699\u597d\u6709feel","href":"http:\/\/www.meizitu.com\/a\/5459.html","pic_list":["http:\/\/mm.howkuai.com\/wp-content\/uploads\/2016a\/08\/14\/01.jpg","http:\/\/mm.howkuai.com\/wp-content\/uploads\/2016a\/08\/14\/02.jpg","http:\/\/mm.howkuai.com\/wp-content\/uploads\/2016a\/08\/14\/03.jpg","http:\/\/mm.howkuai.com\/wp-content\/uploads\/2016a\/08\/14\/04.jpg","http:\/\/mm.howkuai.com\/wp-content\/uploads\/2016a\/08\/14\/05.jpg","http:\/\/mm.howkuai.com\/wp-content\/uploads\/2016a\/08\/14\/06.jpg","http:\/\/mm.howkuai.com\/wp-content\/uploads\/2016a\/08\/14\/07.jpg","http:\/\/mm.howkuai.com\/wp-content\/uploads\/2016a\/08\/14\/08.jpg","http:\/\/mm.howkuai.com\/wp-content\/uploads\/2016a\/08\/14\/09.jpg"]},{"plaintext":"\u840c\u840c\u7684\u957f\u817f\u6821\u82b1\uff0c\u7b11\u5bb9\u5f88\u80fd\u611f\u67d3\u4eba","href":"http:\/\/www.meizitu.com\/a\/5440.html","pic_list":["http:\/\/mm.howkuai.com\/wp-content\/uploads\/2016a\/07\/37\/01.jpg","http:\/\/mm.howkuai.com\/wp-content\/uploads\/2016a\/07\/37\/02.jpg","http:\/\/mm.howkuai.com\/wp-content\/uploads\/2016a\/07\/37\/03.jpg","http:\/\/mm.howkuai.com\/wp-content\/uploads\/2016a\/07\/37\/04.jpg","http:\/\/mm.howkuai.com\/wp-content\/uploads\/2016a\/07\/37\/05.jpg","http:\/\/mm.howkuai.com\/wp-content\/uploads\/2016a\/07\/37\/06.jpg","http:\/\/mm.howkuai.com\/wp-content\/uploads\/2016a\/07\/37\/07.jpg","http:\/\/mm.howkuai.com\/wp-content\/uploads\/2016a\/07\/37\/08.jpg"]},{"plaintext":"\u7761\u773c\u60fa\u5fea\u7684\u7d20\u989c\u5973\u5b69\uff0c\u6700\u7231\u590f\u65e5","href":"http:\/\/www.meizitu.com\/a\/5438.html","pic_list":["http:\/\/mm.howkuai.com\/wp-content\/uploads\/2016a\/07\/35\/01.jpg","http:\/\/mm.howkuai.com\/wp-content\/uploads\/2016a\/07\/35\/02.jpg","http:\/\/mm.howkuai.com\/wp-content\/uploads\/2016a\/07\/35\/03.jpg","http:\/\/mm.howkuai.com\/wp-content\/uploads\/2016a\/07\/35\/04.jpg","http:\/\/mm.howkuai.com\/wp-content\/uploads\/2016a\/07\/35\/05.jpg","http:\/\/mm.howkuai.com\/wp-content\/uploads\/2016a\/07\/35\/06.jpg","http:\/\/mm.howkuai.com\/wp-content\/uploads\/2016a\/07\/35\/07.jpg"]},{"plaintext":"\u5373\u4fbf\u662f\u5927\u6691\uff0c\u7231\u8fd0\u52a8\u7684\u59d1\u5a18\u4e5f\u4e0d\u6015\u6652","href":"http:\/\/www.meizitu.com\/a\/5428.html","pic_list":["http:\/\/mm.howkuai.com\/wp-content\/uploads\/2016a\/07\/25\/01.jpg","http:\/\/mm.howkuai.com\/wp-content\/uploads\/2016a\/07\/25\/02.jpg","http:\/\/mm.howkuai.com\/wp-content\/uploads\/2016a\/07\/25\/03.jpg","http:\/\/mm.howkuai.com\/wp-content\/uploads\/2016a\/07\/25\/04.jpg","http:\/\/mm.howkuai.com\/wp-content\/uploads\/2016a\/07\/25\/05.jpg","http:\/\/mm.howkuai.com\/wp-content\/uploads\/2016a\/07\/25\/06.jpg","http:\/\/mm.howkuai.com\/wp-content\/uploads\/2016a\/07\/25\/07.jpg"]},{"plaintext":"\u65e2\u6e05\u65b0\u53ef\u4eba\uff0c\u53c8\u70ed\u60c5\u4f3c\u706b\u7684\u8fd0\u52a8\u5973\u5b69","href":"http:\/\/www.meizitu.com\/a\/5413.html","pic_list":["http:\/\/mm.howkuai.com\/wp-content\/uploads\/2016a\/07\/10\/01.jpg","http:\/\/mm.howkuai.com\/wp-content\/uploads\/2016a\/07\/10\/02.jpg","http:\/\/mm.howkuai.com\/wp-content\/uploads\/2016a\/07\/10\/03.jpg","http:\/\/mm.howkuai.com\/wp-content\/uploads\/2016a\/07\/10\/04.jpg","http:\/\/mm.howkuai.com\/wp-content\/uploads\/2016a\/07\/10\/05.jpg","http:\/\/mm.howkuai.com\/wp-content\/uploads\/2016a\/07\/10\/06.jpg"]},{"plaintext":"\u708e\u708e\u590f\u65e5\u4e0d\u5982\u5e26\u7740\u59b9\u5b50\u51fa\u53bb\u8e0f\u9752\u5427","href":"http:\/\/www.meizitu.com\/a\/5406.html","pic_list":["http:\/\/mm.howkuai.com\/wp-content\/uploads\/2016a\/07\/04\/1.jpg","http:\/\/mm.howkuai.com\/wp-content\/uploads\/2016a\/07\/04\/2.jpg","http:\/\/mm.howkuai.com\/wp-content\/uploads\/2016a\/07\/04\/3.jpg","http:\/\/mm.howkuai.com\/wp-content\/uploads\/2016a\/07\/04\/4.jpg","http:\/\/mm.howkuai.com\/wp-content\/uploads\/2016a\/07\/04\/5.jpg","http:\/\/mm.howkuai.com\/wp-content\/uploads\/2016a\/07\/04\/6.jpg","http:\/\/mm.howkuai.com\/wp-content\/uploads\/2016a\/07\/04\/7.jpg","http:\/\/mm.howkuai.com\/wp-content\/uploads\/2016a\/07\/04\/8.jpg","http:\/\/mm.howkuai.com\/wp-content\/uploads\/2016a\/07\/04\/9.jpg","http:\/\/mm.howkuai.com\/wp-content\/uploads\/2016a\/07\/04\/10.jpg","http:\/\/mm.howkuai.com\/wp-content\/uploads\/2016a\/07\/04\/11.jpg","http:\/\/mm.howkuai.com\/wp-content\/uploads\/2016a\/07\/04\/12.jpg"]},{"plaintext":"\u7f8e\u672f\u7cfb\u5b66\u59b9\u521b\u610f\u6444\u5f71\uff0c\u514b\u9686\u4e00\u4e2a\u81ea\u5df1","href":"http:\/\/www.meizitu.com\/a\/5402.html","pic_list":["http:\/\/mm.howkuai.com\/wp-content\/uploads\/2016a\/06\/16\/01.jpg","http:\/\/mm.howkuai.com\/wp-content\/uploads\/2016a\/06\/16\/02.jpg","http:\/\/mm.howkuai.com\/wp-content\/uploads\/2016a\/06\/16\/03.jpg","http:\/\/mm.howkuai.com\/wp-content\/uploads\/2016a\/06\/16\/04.jpg","http:\/\/mm.howkuai.com\/wp-content\/uploads\/2016a\/06\/16\/05.jpg","http:\/\/mm.howkuai.com\/wp-content\/uploads\/2016a\/06\/16\/06.jpg","http:\/\/mm.howkuai.com\/wp-content\/uploads\/2016a\/06\/16\/07.jpg","http:\/\/mm.howkuai.com\/wp-content\/uploads\/2016a\/06\/16\/08.jpg","http:\/\/mm.howkuai.com\/wp-content\/uploads\/2016a\/06\/16\/09.jpg"]},{"plaintext":"\u60f3\u4e0d\u5230\u4f60\u662f\u90a3\u4e48\u50b2\u5a07\u7684\u5c11\u5973","href":"http:\/\/www.meizitu.com\/a\/5396.html","pic_list":["http:\/\/mm.howkuai.com\/wp-content\/uploads\/2016a\/06\/11\/01.jpg","http:\/\/mm.howkuai.com\/wp-content\/uploads\/2016a\/06\/11\/02.jpg","http:\/\/mm.howkuai.com\/wp-content\/uploads\/2016a\/06\/11\/03.jpg","http:\/\/mm.howkuai.com\/wp-content\/uploads\/2016a\/06\/11\/04.jpg","http:\/\/mm.howkuai.com\/wp-content\/uploads\/2016a\/06\/11\/05.jpg","http:\/\/mm.howkuai.com\/wp-content\/uploads\/2016a\/06\/11\/06.jpg","http:\/\/mm.howkuai.com\/wp-content\/uploads\/2016a\/06\/11\/07.jpg","http:\/\/mm.howkuai.com\/wp-content\/uploads\/2016a\/06\/11\/08.jpg"]},{"plaintext":"\u5e7f\u4e1c\u9ad8\u6821\u5341\u5927\u9876\u7ea7\u6821\u82b1\uff0c\u989c\u503c\u7206\u8868\uff01","href":"http:\/\/www.meizitu.com\/a\/5390.html","pic_list":["http:\/\/mm.howkuai.com\/wp-content\/uploads\/2016a\/06\/05\/01.jpg","http:\/\/mm.howkuai.com\/wp-content\/uploads\/2016a\/06\/05\/02.jpg","http:\/\/mm.howkuai.com\/wp-content\/uploads\/2016a\/06\/05\/03.jpg","http:\/\/mm.howkuai.com\/wp-content\/uploads\/2016a\/06\/05\/04.jpg","http:\/\/mm.howkuai.com\/wp-content\/uploads\/2016a\/06\/05\/05.jpg","http:\/\/mm.howkuai.com\/wp-content\/uploads\/2016a\/06\/05\/06.jpg","http:\/\/mm.howkuai.com\/wp-content\/uploads\/2016a\/06\/05\/07.jpg","http:\/\/mm.howkuai.com\/wp-content\/uploads\/2016a\/06\/05\/08.jpg","http:\/\/mm.howkuai.com\/wp-content\/uploads\/2016a\/06\/05\/09.jpg","http:\/\/mm.howkuai.com\/wp-content\/uploads\/2016a\/06\/05\/10.jpg","http:\/\/mm.howkuai.com\/wp-content\/uploads\/2016a\/06\/05\/11.jpg","http:\/\/mm.howkuai.com\/wp-content\/uploads\/2016a\/06\/05\/12.jpg","http:\/\/mm.howkuai.com\/wp-content\/uploads\/2016a\/06\/05\/13.jpg","http:\/\/mm.howkuai.com\/wp-content\/uploads\/2016a\/06\/05\/14.jpg"]},{"plaintext":"\u517b\u773c\uff01\u90a3\u4e9b\u6e05\u7eaf\u7684\u7f8e\u5973\u56fe\u7247-24","href":"http:\/\/www.meizitu.com\/a\/5380.html","pic_list":["http:\/\/mm.howkuai.com\/wp-content\/uploads\/2016a\/05\/18\/01.jpg","http:\/\/mm.howkuai.com\/wp-content\/uploads\/2016a\/05\/18\/02.jpg","http:\/\/mm.howkuai.com\/wp-content\/uploads\/2016a\/05\/18\/03.jpg","http:\/\/mm.howkuai.com\/wp-content\/uploads\/2016a\/05\/18\/04.jpg","http:\/\/mm.howkuai.com\/wp-content\/uploads\/2016a\/05\/18\/05.jpg","http:\/\/mm.howkuai.com\/wp-content\/uploads\/2016a\/05\/18\/06.jpg","http:\/\/mm.howkuai.com\/wp-content\/uploads\/2016a\/05\/18\/07.jpg","http:\/\/mm.howkuai.com\/wp-content\/uploads\/2016a\/05\/18\/08.jpg","http:\/\/mm.howkuai.com\/wp-content\/uploads\/2016a\/05\/18\/09.jpg"]},{"plaintext":"\u4e2d\u5c71\u533b\u5b66\u5927\u5b66\u7684\u6821\u82b1\uff0c\u6e05\u79c0\u7684\u5bb9\u989c\u8ba9\u4eba\u96be\u5fd8","href":"http:\/\/www.meizitu.com\/a\/5373.html","pic_list":["http:\/\/mm.howkuai.com\/wp-content\/uploads\/2016a\/05\/11\/01.jpg","http:\/\/mm.howkuai.com\/wp-content\/uploads\/2016a\/05\/11\/02.jpg","http:\/\/mm.howkuai.com\/wp-content\/uploads\/2016a\/05\/11\/03.jpg","http:\/\/mm.howkuai.com\/wp-content\/uploads\/2016a\/05\/11\/04.jpg","http:\/\/mm.howkuai.com\/wp-content\/uploads\/2016a\/05\/11\/05.jpg","http:\/\/mm.howkuai.com\/wp-content\/uploads\/2016a\/05\/11\/06.jpg","http:\/\/mm.howkuai.com\/wp-content\/uploads\/2016a\/05\/11\/07.jpg","http:\/\/mm.howkuai.com\/wp-content\/uploads\/2016a\/05\/11\/08.jpg","http:\/\/mm.howkuai.com\/wp-content\/uploads\/2016a\/05\/11\/09.jpg","http:\/\/mm.howkuai.com\/wp-content\/uploads\/2016a\/05\/11\/10.jpg"]},{"plaintext":"\u751c\u7f8e\u5973\u5b69\u6e05\u7eaf\u5982\u6c34\uff0c\u8bb0\u5f55\u751f\u6d3b\u7684\u70b9\u70b9\u6ef4\u6ef4","href":"http:\/\/www.meizitu.com\/a\/5370.html","pic_list":["http:\/\/mm.howkuai.com\/wp-content\/uploads\/2016a\/05\/08\/01.jpg","http:\/\/mm.howkuai.com\/wp-content\/uploads\/2016a\/05\/08\/02.jpg","http:\/\/mm.howkuai.com\/wp-content\/uploads\/2016a\/05\/08\/03.jpg","http:\/\/mm.howkuai.com\/wp-content\/uploads\/2016a\/05\/08\/04.jpg","http:\/\/mm.howkuai.com\/wp-content\/uploads\/2016a\/05\/08\/05.jpg","http:\/\/mm.howkuai.com\/wp-content\/uploads\/2016a\/05\/08\/06.jpg","http:\/\/mm.howkuai.com\/wp-content\/uploads\/2016a\/05\/08\/07.jpg"]},{"plaintext":"\u989c\u503c\u7206\u68da\u7684\u9999\u6e2f\u6821\u82b1\u6797\u6c81\u56ed","href":"http:\/\/www.meizitu.com\/a\/5366.html","pic_list":["http:\/\/mm.howkuai.com\/wp-content\/uploads\/2016a\/05\/04\/01.jpg","http:\/\/mm.howkuai.com\/wp-content\/uploads\/2016a\/05\/04\/02.jpg","http:\/\/mm.howkuai.com\/wp-content\/uploads\/2016a\/05\/04\/03.jpg","http:\/\/mm.howkuai.com\/wp-content\/uploads\/2016a\/05\/04\/04.jpg","http:\/\/mm.howkuai.com\/wp-content\/uploads\/2016a\/05\/04\/05.jpg","http:\/\/mm.howkuai.com\/wp-content\/uploads\/2016a\/05\/04\/06.jpg","http:\/\/mm.howkuai.com\/wp-content\/uploads\/2016a\/05\/04\/07.jpg","http:\/\/mm.howkuai.com\/wp-content\/uploads\/2016a\/05\/04\/08.jpg","http:\/\/mm.howkuai.com\/wp-content\/uploads\/2016a\/05\/04\/09.jpg","http:\/\/mm.howkuai.com\/wp-content\/uploads\/2016a\/05\/04\/10.jpg"]},{"plaintext":"\u59b9\u5b50\u4f60\u662f\u5496\u5561\u9986\u91cc\u6700\u7f8e\u7684\u98ce\u666f\u7ebf","href":"http:\/\/www.meizitu.com\/a\/5350.html","pic_list":["http:\/\/mm.howkuai.com\/wp-content\/uploads\/2016a\/04\/10\/01.jpg","http:\/\/mm.howkuai.com\/wp-content\/uploads\/2016a\/04\/10\/02.jpg","http:\/\/mm.howkuai.com\/wp-content\/uploads\/2016a\/04\/10\/03.jpg","http:\/\/mm.howkuai.com\/wp-content\/uploads\/2016a\/04\/10\/04.jpg","http:\/\/mm.howkuai.com\/wp-content\/uploads\/2016a\/04\/10\/05.jpg","http:\/\/mm.howkuai.com\/wp-content\/uploads\/2016a\/04\/10\/06.jpg","http:\/\/mm.howkuai.com\/wp-content\/uploads\/2016a\/04\/10\/07.jpg"]},{"plaintext":"\u6709\u81ea\u4fe1\u8ff7\u4eba\u7684\u7b11\u5bb9\uff0c\u6bcf\u5929\u90fd\u662f\u707f\u70c2\u7684","href":"http:\/\/www.meizitu.com\/a\/5318.html","pic_list":["http:\/\/mm.howkuai.com\/wp-content\/uploads\/2016a\/02\/27\/01.jpg","http:\/\/mm.howkuai.com\/wp-content\/uploads\/2016a\/02\/27\/02.jpg","http:\/\/mm.howkuai.com\/wp-content\/uploads\/2016a\/02\/27\/03.jpg","http:\/\/mm.howkuai.com\/wp-content\/uploads\/2016a\/02\/27\/04.jpg","http:\/\/mm.howkuai.com\/wp-content\/uploads\/2016a\/02\/27\/05.jpg","http:\/\/mm.howkuai.com\/wp-content\/uploads\/2016a\/02\/27\/06.jpg"]},{"plaintext":"\u4e94\u5b98\u7cbe\u81f4\u7684\u7f8e\u7709\uff0c\u4eff\u4f5b\u7ae5\u8bdd\u91cc\u7684\u516c\u4e3b","href":"http:\/\/www.meizitu.com\/a\/5314.html","pic_list":["http:\/\/mm.howkuai.com\/wp-content\/uploads\/2016a\/02\/23\/01.jpg","http:\/\/mm.howkuai.com\/wp-content\/uploads\/2016a\/02\/23\/02.jpg","http:\/\/mm.howkuai.com\/wp-content\/uploads\/2016a\/02\/23\/03.jpg","http:\/\/mm.howkuai.com\/wp-content\/uploads\/2016a\/02\/23\/04.jpg","http:\/\/mm.howkuai.com\/wp-content\/uploads\/2016a\/02\/23\/05.jpg","http:\/\/mm.howkuai.com\/wp-content\/uploads\/2016a\/02\/23\/06.jpg"]},{"plaintext":"\u6e05\u7eaf\u6821\u82b1\uff0c\u62e5\u62b1\u65e9\u6668\u7684\u9633\u5149","href":"http:\/\/www.meizitu.com\/a\/5313.html","pic_list":["http:\/\/mm.howkuai.com\/wp-content\/uploads\/2016a\/02\/22\/01.jpg","http:\/\/mm.howkuai.com\/wp-content\/uploads\/2016a\/02\/22\/02.jpg","http:\/\/mm.howkuai.com\/wp-content\/uploads\/2016a\/02\/22\/03.jpg","http:\/\/mm.howkuai.com\/wp-content\/uploads\/2016a\/02\/22\/04.jpg","http:\/\/mm.howkuai.com\/wp-content\/uploads\/2016a\/02\/22\/05.jpg","http:\/\/mm.howkuai.com\/wp-content\/uploads\/2016a\/02\/22\/06.jpg","http:\/\/mm.howkuai.com\/wp-content\/uploads\/2016a\/02\/22\/07.jpg","http:\/\/mm.howkuai.com\/wp-content\/uploads\/2016a\/02\/22\/08.jpg","http:\/\/mm.howkuai.com\/wp-content\/uploads\/2016a\/02\/22\/09.jpg"]},{"plaintext":"\u6e05\u7eaf\u7f8e\u5982\u753b\uff0c\u6444\u5f71\u5e08\u7684\u5fa1\u7528\u9ebb\u8c46","href":"http:\/\/www.meizitu.com\/a\/5310.html","pic_list":["http:\/\/mm.howkuai.com\/wp-content\/uploads\/2016a\/02\/19\/01.jpg","http:\/\/mm.howkuai.com\/wp-content\/uploads\/2016a\/02\/19\/02.jpg","http:\/\/mm.howkuai.com\/wp-content\/uploads\/2016a\/02\/19\/03.jpg","http:\/\/mm.howkuai.com\/wp-content\/uploads\/2016a\/02\/19\/04.jpg","http:\/\/mm.howkuai.com\/wp-content\/uploads\/2016a\/02\/19\/05.jpg","http:\/\/mm.howkuai.com\/wp-content\/uploads\/2016a\/02\/19\/06.jpg","http:\/\/mm.howkuai.com\/wp-content\/uploads\/2016a\/02\/19\/07.jpg","http:\/\/mm.howkuai.com\/wp-content\/uploads\/2016a\/02\/19\/08.jpg","http:\/\/mm.howkuai.com\/wp-content\/uploads\/2016a\/02\/19\/09.jpg","http:\/\/mm.howkuai.com\/wp-content\/uploads\/2016a\/02\/19\/10.jpg"]},{"plaintext":"\u53ef\u7231\u5973\u5b69\uff0c\u613f\u6696\u98ce\u5475\u62a4\u7eaf\u771f\u548c\u6267\u7740","href":"http:\/\/www.meizitu.com\/a\/5308.html","pic_list":["http:\/\/mm.howkuai.com\/wp-content\/uploads\/2016a\/02\/17\/01.jpg","http:\/\/mm.howkuai.com\/wp-content\/uploads\/2016a\/02\/17\/02.jpg","http:\/\/mm.howkuai.com\/wp-content\/uploads\/2016a\/02\/17\/03.jpg","http:\/\/mm.howkuai.com\/wp-content\/uploads\/2016a\/02\/17\/04.jpg","http:\/\/mm.howkuai.com\/wp-content\/uploads\/2016a\/02\/17\/05.jpg","http:\/\/mm.howkuai.com\/wp-content\/uploads\/2016a\/02\/17\/06.jpg","http:\/\/mm.howkuai.com\/wp-content\/uploads\/2016a\/02\/17\/07.jpg","http:\/\/mm.howkuai.com\/wp-content\/uploads\/2016a\/02\/17\/08.jpg","http:\/\/mm.howkuai.com\/wp-content\/uploads\/2016a\/02\/17\/09.jpg","http:\/\/mm.howkuai.com\/wp-content\/uploads\/2016a\/02\/17\/10.jpg"]},{"plaintext":"\u7f8e\u5973\u6f14\u5458\u4efb\u65af\u7490\u6ed1\u96ea\u6e05\u7eaf\u81ea\u62cd","href":"http:\/\/www.meizitu.com\/a\/5292.html","pic_list":["http:\/\/mm.howkuai.com\/wp-content\/uploads\/2016a\/02\/01\/01.jpg","http:\/\/mm.howkuai.com\/wp-content\/uploads\/2016a\/02\/01\/02.jpg","http:\/\/mm.howkuai.com\/wp-content\/uploads\/2016a\/02\/01\/03.jpg","http:\/\/mm.howkuai.com\/wp-content\/uploads\/2016a\/02\/01\/04.jpg","http:\/\/mm.howkuai.com\/wp-content\/uploads\/2016a\/02\/01\/05.jpg","http:\/\/mm.howkuai.com\/wp-content\/uploads\/2016a\/02\/01\/06.jpg","http:\/\/mm.howkuai.com\/wp-content\/uploads\/2016a\/02\/01\/07.jpg"]},{"plaintext":"\u957f\u53d1\u53ca\u8170\u7684\u6e05\u7eaf\u59b9\u7eb8\u695a\u695a\u52a8\u4eba","href":"http:\/\/www.meizitu.com\/a\/5278.html","pic_list":["http:\/\/mm.howkuai.com\/wp-content\/uploads\/2016a\/01\/15\/01.jpg","http:\/\/mm.howkuai.com\/wp-content\/uploads\/2016a\/01\/15\/02.jpg","http:\/\/mm.howkuai.com\/wp-content\/uploads\/2016a\/01\/15\/03.jpg","http:\/\/mm.howkuai.com\/wp-content\/uploads\/2016a\/01\/15\/04.jpg","http:\/\/mm.howkuai.com\/wp-content\/uploads\/2016a\/01\/15\/05.jpg","http:\/\/mm.howkuai.com\/wp-content\/uploads\/2016a\/01\/15\/06.jpg","http:\/\/mm.howkuai.com\/wp-content\/uploads\/2016a\/01\/15\/07.jpg","http:\/\/mm.howkuai.com\/wp-content\/uploads\/2016a\/01\/15\/08.jpg","http:\/\/mm.howkuai.com\/wp-content\/uploads\/2016a\/01\/15\/09.jpg","http:\/\/mm.howkuai.com\/wp-content\/uploads\/2016a\/01\/15\/10.jpg"]},{"plaintext":"\u9752\u6625\u7684\u7b11\u5bb9\uff0c\u90a3\u4e9b\u6e05\u7eaf\u7684\u517b\u773c\u7f8e\u5973\u56fe\u7247\uff0822\uff09","href":"http:\/\/www.meizitu.com\/a\/5269.html","pic_list":["http:\/\/mm.howkuai.com\/wp-content\/uploads\/2016a\/01\/06\/01.jpg","http:\/\/mm.howkuai.com\/wp-content\/uploads\/2016a\/01\/06\/02.jpg","http:\/\/mm.howkuai.com\/wp-content\/uploads\/2016a\/01\/06\/03.jpg","http:\/\/mm.howkuai.com\/wp-content\/uploads\/2016a\/01\/06\/04.jpg","http:\/\/mm.howkuai.com\/wp-content\/uploads\/2016a\/01\/06\/05.jpg","http:\/\/mm.howkuai.com\/wp-content\/uploads\/2016a\/01\/06\/06.jpg","http:\/\/mm.howkuai.com\/wp-content\/uploads\/2016a\/01\/06\/07.jpg","http:\/\/mm.howkuai.com\/wp-content\/uploads\/2016a\/01\/06\/08.jpg","http:\/\/mm.howkuai.com\/wp-content\/uploads\/2016a\/01\/06\/09.jpg","http:\/\/mm.howkuai.com\/wp-content\/uploads\/2016a\/01\/06\/10.jpg"]},{"plaintext":"\u770b\u5230\u4f60\u5c31\u5feb\u4e50\uff0c\u6f02\u4eae\u7684\u5723\u8bde\u8282\u5973\u5b69","href":"http:\/\/www.meizitu.com\/a\/5260.html","pic_list":["http:\/\/mm.howkuai.com\/wp-content\/uploads\/2015a\/12\/25\/01.jpg","http:\/\/mm.howkuai.com\/wp-content\/uploads\/2015a\/12\/25\/02.jpg","http:\/\/mm.howkuai.com\/wp-content\/uploads\/2015a\/12\/25\/03.jpg","http:\/\/mm.howkuai.com\/wp-content\/uploads\/2015a\/12\/25\/04.jpg","http:\/\/mm.howkuai.com\/wp-content\/uploads\/2015a\/12\/25\/05.jpg","http:\/\/mm.howkuai.com\/wp-content\/uploads\/2015a\/12\/25\/06.jpg","http:\/\/mm.howkuai.com\/wp-content\/uploads\/2015a\/12\/25\/07.jpg"]},{"plaintext":"\u4e3b\u8981\u770b\u6c14\u8d28\uff0c\u90a3\u4e9b\u6e05\u7eaf\u7684\u59b9\u5b50\u300a21\u300b","href":"http:\/\/www.meizitu.com\/a\/5254.html","pic_list":["http:\/\/mm.howkuai.com\/wp-content\/uploads\/2015a\/12\/19\/01.jpg","http:\/\/mm.howkuai.com\/wp-content\/uploads\/2015a\/12\/19\/02.jpg","http:\/\/mm.howkuai.com\/wp-content\/uploads\/2015a\/12\/19\/03.jpg","http:\/\/mm.howkuai.com\/wp-content\/uploads\/2015a\/12\/19\/04.jpg","http:\/\/mm.howkuai.com\/wp-content\/uploads\/2015a\/12\/19\/05.jpg","http:\/\/mm.howkuai.com\/wp-content\/uploads\/2015a\/12\/19\/06.jpg","http:\/\/mm.howkuai.com\/wp-content\/uploads\/2015a\/12\/19\/07.jpg","http:\/\/mm.howkuai.com\/wp-content\/uploads\/2015a\/12\/19\/08.jpg","http:\/\/mm.howkuai.com\/wp-content\/uploads\/2015a\/12\/19\/09.jpg","http:\/\/mm.howkuai.com\/wp-content\/uploads\/2015a\/12\/19\/10.jpg"]},{"plaintext":"\u559c\u6b22\u6258\u7740\u816e\u5e2e\u5b50\u5fae\u7b11\u7684\u77ed\u53d1\u5973\u5b69","href":"http:\/\/www.meizitu.com\/a\/5245.html","pic_list":["http:\/\/mm.howkuai.com\/wp-content\/uploads\/2015a\/12\/10\/01.jpg","http:\/\/mm.howkuai.com\/wp-content\/uploads\/2015a\/12\/10\/02.jpg","http:\/\/mm.howkuai.com\/wp-content\/uploads\/2015a\/12\/10\/03.jpg","http:\/\/mm.howkuai.com\/wp-content\/uploads\/2015a\/12\/10\/04.jpg","http:\/\/mm.howkuai.com\/wp-content\/uploads\/2015a\/12\/10\/05.jpg","http:\/\/mm.howkuai.com\/wp-content\/uploads\/2015a\/12\/10\/06.jpg","http:\/\/mm.howkuai.com\/wp-content\/uploads\/2015a\/12\/10\/07.jpg","http:\/\/mm.howkuai.com\/wp-content\/uploads\/2015a\/12\/10\/08.jpg"]}]