[{"plaintext":"\u4ef2\u590f\uff0c\u9752\u6625\u59b9\u5b50\u5145\u6ee1\u7740\u53db\u9006\u7684\u5473\u9053","href":"http:\/\/www.meizitu.com\/a\/4980.html","pic_list":["http:\/\/mm.howkuai.com\/wp-content\/uploads\/2015a\/05\/30\/01.jpg","http:\/\/mm.howkuai.com\/wp-content\/uploads\/2015a\/05\/30\/02.jpg","http:\/\/mm.howkuai.com\/wp-content\/uploads\/2015a\/05\/30\/03.jpg","http:\/\/mm.howkuai.com\/wp-content\/uploads\/2015a\/05\/30\/04.jpg","http:\/\/mm.howkuai.com\/wp-content\/uploads\/2015a\/05\/30\/05.jpg","http:\/\/mm.howkuai.com\/wp-content\/uploads\/2015a\/05\/30\/06.jpg","http:\/\/mm.howkuai.com\/wp-content\/uploads\/2015a\/05\/30\/07.jpg","http:\/\/mm.howkuai.com\/wp-content\/uploads\/2015a\/05\/30\/08.jpg"]},{"plaintext":"\u6e29\u5ba4\u68a6\u5883\u2015\u751c\u7f8e\u59b9\u5b50\u6c90\u6d74\u5728\u6e05\u6668\u7684\u9633\u5149","href":"http:\/\/www.meizitu.com\/a\/4953.html","pic_list":["http:\/\/mm.howkuai.com\/wp-content\/uploads\/2015a\/05\/02\/01.jpg","http:\/\/mm.howkuai.com\/wp-content\/uploads\/2015a\/05\/02\/02.jpg","http:\/\/mm.howkuai.com\/wp-content\/uploads\/2015a\/05\/02\/03.jpg","http:\/\/mm.howkuai.com\/wp-content\/uploads\/2015a\/05\/02\/04.jpg","http:\/\/mm.howkuai.com\/wp-content\/uploads\/2015a\/05\/02\/05.jpg","http:\/\/mm.howkuai.com\/wp-content\/uploads\/2015a\/05\/02\/06.jpg","http:\/\/mm.howkuai.com\/wp-content\/uploads\/2015a\/05\/02\/07.jpg","http:\/\/mm.howkuai.com\/wp-content\/uploads\/2015a\/05\/02\/08.jpg"]},{"plaintext":"\u773c\u795e\u5145\u6ee1\u9633\u5149\u81ea\u4fe1\uff0c\u80cc\u5e26\u725b\u4ed4\u66f4\u6dfb\u9752\u6625\u6c14\u606f","href":"http:\/\/www.meizitu.com\/a\/4948.html","pic_list":["http:\/\/mm.howkuai.com\/wp-content\/uploads\/2015a\/04\/52\/01.jpg","http:\/\/mm.howkuai.com\/wp-content\/uploads\/2015a\/04\/52\/02.jpg","http:\/\/mm.howkuai.com\/wp-content\/uploads\/2015a\/04\/52\/03.jpg","http:\/\/mm.howkuai.com\/wp-content\/uploads\/2015a\/04\/52\/04.jpg","http:\/\/mm.howkuai.com\/wp-content\/uploads\/2015a\/04\/52\/05.jpg","http:\/\/mm.howkuai.com\/wp-content\/uploads\/2015a\/04\/52\/06.jpg","http:\/\/mm.howkuai.com\/wp-content\/uploads\/2015a\/04\/52\/07.jpg","http:\/\/mm.howkuai.com\/wp-content\/uploads\/2015a\/04\/52\/08.jpg"]},{"plaintext":"\u90a3\u4e9b\u6e05\u7eaf\u7684\u517b\u773c\u7f8e\u5973\u56fe\u7247\uff0816\uff09","href":"http:\/\/www.meizitu.com\/a\/4937.html","pic_list":["http:\/\/mm.howkuai.com\/wp-content\/uploads\/2015a\/04\/41\/01.jpg","http:\/\/mm.howkuai.com\/wp-content\/uploads\/2015a\/04\/41\/02.jpg","http:\/\/mm.howkuai.com\/wp-content\/uploads\/2015a\/04\/41\/03.jpg","http:\/\/mm.howkuai.com\/wp-content\/uploads\/2015a\/04\/41\/04.jpg","http:\/\/mm.howkuai.com\/wp-content\/uploads\/2015a\/04\/41\/05.jpg","http:\/\/mm.howkuai.com\/wp-content\/uploads\/2015a\/04\/41\/06.jpg","http:\/\/mm.howkuai.com\/wp-content\/uploads\/2015a\/04\/41\/07.jpg","http:\/\/mm.howkuai.com\/wp-content\/uploads\/2015a\/04\/41\/08.jpg","http:\/\/mm.howkuai.com\/wp-content\/uploads\/2015a\/04\/41\/09.jpg","http:\/\/mm.howkuai.com\/wp-content\/uploads\/2015a\/04\/41\/10.jpg"]},{"plaintext":"\u6bd5\u4e1a\u5b63\uff0c\u6211\u8981\u7559\u4e0b\u9752\u6625\u7684\u9a6c\u5c3e\u8fab","href":"http:\/\/www.meizitu.com\/a\/4925.html","pic_list":["http:\/\/mm.howkuai.com\/wp-content\/uploads\/2015a\/04\/29\/01.jpg","http:\/\/mm.howkuai.com\/wp-content\/uploads\/2015a\/04\/29\/02.jpg","http:\/\/mm.howkuai.com\/wp-content\/uploads\/2015a\/04\/29\/03.jpg","http:\/\/mm.howkuai.com\/wp-content\/uploads\/2015a\/04\/29\/04.jpg","http:\/\/mm.howkuai.com\/wp-content\/uploads\/2015a\/04\/29\/05.jpg","http:\/\/mm.howkuai.com\/wp-content\/uploads\/2015a\/04\/29\/06.jpg","http:\/\/mm.howkuai.com\/wp-content\/uploads\/2015a\/04\/29\/07.jpg"]},{"plaintext":"\u6dd1\u5973\u624d\u60c5\uff0c\u6e29\u67d4\u4e4b\u81f3\u3002\u6e56\u8fb9\u7684\u751c\u7f8e\u6c14\u8d28\u5c11\u5973","href":"http:\/\/www.meizitu.com\/a\/4924.html","pic_list":["http:\/\/mm.howkuai.com\/wp-content\/uploads\/2015a\/04\/28\/01.jpg","http:\/\/mm.howkuai.com\/wp-content\/uploads\/2015a\/04\/28\/02.jpg","http:\/\/mm.howkuai.com\/wp-content\/uploads\/2015a\/04\/28\/03.jpg","http:\/\/mm.howkuai.com\/wp-content\/uploads\/2015a\/04\/28\/04.jpg","http:\/\/mm.howkuai.com\/wp-content\/uploads\/2015a\/04\/28\/05.jpg","http:\/\/mm.howkuai.com\/wp-content\/uploads\/2015a\/04\/28\/06.jpg","http:\/\/mm.howkuai.com\/wp-content\/uploads\/2015a\/04\/28\/07.jpg"]},{"plaintext":"\u6e05\u9187\u6821\u82b1\u7f8e\u5973\u8d75\u5df2\u6668\u6027\u611f\u5199\u771f","href":"http:\/\/www.meizitu.com\/a\/4894.html","pic_list":["http:\/\/mm.howkuai.com\/wp-content\/uploads\/2015a\/03\/52\/01.jpg","http:\/\/mm.howkuai.com\/wp-content\/uploads\/2015a\/03\/52\/02.jpg","http:\/\/mm.howkuai.com\/wp-content\/uploads\/2015a\/03\/52\/03.jpg","http:\/\/mm.howkuai.com\/wp-content\/uploads\/2015a\/03\/52\/04.jpg","http:\/\/mm.howkuai.com\/wp-content\/uploads\/2015a\/03\/52\/05.jpg","http:\/\/mm.howkuai.com\/wp-content\/uploads\/2015a\/03\/52\/06.jpg","http:\/\/mm.howkuai.com\/wp-content\/uploads\/2015a\/03\/52\/07.jpg"]},{"plaintext":"\u6e05\u7eaf\u6821\u82b1\uff0c\u90a3\u5e74\u590f\u5929\uff0c\u6211\u5728\u519b\u8bad","href":"http:\/\/www.meizitu.com\/a\/4887.html","pic_list":["http:\/\/mm.howkuai.com\/wp-content\/uploads\/2015a\/03\/45\/01.jpg","http:\/\/mm.howkuai.com\/wp-content\/uploads\/2015a\/03\/45\/02.jpg","http:\/\/mm.howkuai.com\/wp-content\/uploads\/2015a\/03\/45\/03.jpg","http:\/\/mm.howkuai.com\/wp-content\/uploads\/2015a\/03\/45\/04.jpg","http:\/\/mm.howkuai.com\/wp-content\/uploads\/2015a\/03\/45\/05.jpg","http:\/\/mm.howkuai.com\/wp-content\/uploads\/2015a\/03\/45\/06.jpg"]},{"plaintext":"\u6e05\u7eaf\u59b9\u5b50\u7684\u8eab\u5f71,\u968f\u65f6\u5149\u5954\u8dd1","href":"http:\/\/www.meizitu.com\/a\/4866.html","pic_list":["http:\/\/mm.howkuai.com\/wp-content\/uploads\/2015a\/03\/24\/01.jpg","http:\/\/mm.howkuai.com\/wp-content\/uploads\/2015a\/03\/24\/02.jpg","http:\/\/mm.howkuai.com\/wp-content\/uploads\/2015a\/03\/24\/03.jpg","http:\/\/mm.howkuai.com\/wp-content\/uploads\/2015a\/03\/24\/04.jpg","http:\/\/mm.howkuai.com\/wp-content\/uploads\/2015a\/03\/24\/05.jpg","http:\/\/mm.howkuai.com\/wp-content\/uploads\/2015a\/03\/24\/06.jpg","http:\/\/mm.howkuai.com\/wp-content\/uploads\/2015a\/03\/24\/07.jpg","http:\/\/mm.howkuai.com\/wp-content\/uploads\/2015a\/03\/24\/08.jpg","http:\/\/mm.howkuai.com\/wp-content\/uploads\/2015a\/03\/24\/09.jpg"]},{"plaintext":"\u7c89\u5986\u7389\u7422\u7684\u8d3a\u5c0f\u68e0\uff0c2014\u5e74\u7cbe\u5199\u771f\u5408\u96c6","href":"http:\/\/www.meizitu.com\/a\/4857.html","pic_list":["http:\/\/mm.howkuai.com\/wp-content\/uploads\/2015a\/03\/15\/01.jpg","http:\/\/mm.howkuai.com\/wp-content\/uploads\/2015a\/03\/15\/02.jpg","http:\/\/mm.howkuai.com\/wp-content\/uploads\/2015a\/03\/15\/03.jpg","http:\/\/mm.howkuai.com\/wp-content\/uploads\/2015a\/03\/15\/04.jpg","http:\/\/mm.howkuai.com\/wp-content\/uploads\/2015a\/03\/15\/05.jpg","http:\/\/mm.howkuai.com\/wp-content\/uploads\/2015a\/03\/15\/06.jpg","http:\/\/mm.howkuai.com\/wp-content\/uploads\/2015a\/03\/15\/07.jpg","http:\/\/mm.howkuai.com\/wp-content\/uploads\/2015a\/03\/15\/08.jpg","http:\/\/mm.howkuai.com\/wp-content\/uploads\/2015a\/03\/15\/09.jpg"]},{"plaintext":"\u53ef\u7231\u7684\u5c0f\u672b\u5e26\u7ed9\u4eba\u6e29\u6696\u7684\u611f\u89c9","href":"http:\/\/www.meizitu.com\/a\/4853.html","pic_list":["http:\/\/mm.howkuai.com\/wp-content\/uploads\/2015a\/03\/11\/01.jpg","http:\/\/mm.howkuai.com\/wp-content\/uploads\/2015a\/03\/11\/02.jpg","http:\/\/mm.howkuai.com\/wp-content\/uploads\/2015a\/03\/11\/03.jpg","http:\/\/mm.howkuai.com\/wp-content\/uploads\/2015a\/03\/11\/04.jpg","http:\/\/mm.howkuai.com\/wp-content\/uploads\/2015a\/03\/11\/05.jpg","http:\/\/mm.howkuai.com\/wp-content\/uploads\/2015a\/03\/11\/06.jpg","http:\/\/mm.howkuai.com\/wp-content\/uploads\/2015a\/03\/11\/07.jpg","http:\/\/mm.howkuai.com\/wp-content\/uploads\/2015a\/03\/11\/08.jpg"]},{"plaintext":"\u6587\u827a\u5c0f\u6e05\u65b0\uff0c\u90a3\u4e9b\u6e05\u7eaf\u7684\u517b\u773c\u7f8e\u5973","href":"http:\/\/www.meizitu.com\/a\/4826.html","pic_list":["http:\/\/mm.howkuai.com\/wp-content\/uploads\/2015a\/02\/21\/01.jpg","http:\/\/mm.howkuai.com\/wp-content\/uploads\/2015a\/02\/21\/02.jpg","http:\/\/mm.howkuai.com\/wp-content\/uploads\/2015a\/02\/21\/03.jpg","http:\/\/mm.howkuai.com\/wp-content\/uploads\/2015a\/02\/21\/04.jpg","http:\/\/mm.howkuai.com\/wp-content\/uploads\/2015a\/02\/21\/05.jpg","http:\/\/mm.howkuai.com\/wp-content\/uploads\/2015a\/02\/21\/06.jpg","http:\/\/mm.howkuai.com\/wp-content\/uploads\/2015a\/02\/21\/07.jpg","http:\/\/mm.howkuai.com\/wp-content\/uploads\/2015a\/02\/21\/08.jpg","http:\/\/mm.howkuai.com\/wp-content\/uploads\/2015a\/02\/21\/09.jpg","http:\/\/mm.howkuai.com\/wp-content\/uploads\/2015a\/02\/21\/10.jpg"]},{"plaintext":"\u66fe\u7ecf\u4e5f\u6709\u4e00\u4e2a\u7b11\u5bb9\u51fa\u73b0\u5728\u6211\u7684\u751f\u547d\u91cc","href":"http:\/\/www.meizitu.com\/a\/4799.html","pic_list":["http:\/\/mm.howkuai.com\/wp-content\/uploads\/2015a\/01\/58\/01.jpg","http:\/\/mm.howkuai.com\/wp-content\/uploads\/2015a\/01\/58\/02.jpg","http:\/\/mm.howkuai.com\/wp-content\/uploads\/2015a\/01\/58\/03.jpg","http:\/\/mm.howkuai.com\/wp-content\/uploads\/2015a\/01\/58\/04.jpg","http:\/\/mm.howkuai.com\/wp-content\/uploads\/2015a\/01\/58\/05.jpg","http:\/\/mm.howkuai.com\/wp-content\/uploads\/2015a\/01\/58\/06.jpg","http:\/\/mm.howkuai.com\/wp-content\/uploads\/2015a\/01\/58\/07.jpg"]},{"plaintext":"\u7eaf\u60c5\u59b9\u5b50\uff0c\u9694\u5e18\u5f62\uff0c\u7761\u521d\u9192\u3002","href":"http:\/\/www.meizitu.com\/a\/4787.html","pic_list":["http:\/\/mm.howkuai.com\/wp-content\/uploads\/2015a\/01\/44\/01.jpg","http:\/\/mm.howkuai.com\/wp-content\/uploads\/2015a\/01\/44\/02.jpg","http:\/\/mm.howkuai.com\/wp-content\/uploads\/2015a\/01\/44\/03.jpg","http:\/\/mm.howkuai.com\/wp-content\/uploads\/2015a\/01\/44\/04.jpg","http:\/\/mm.howkuai.com\/wp-content\/uploads\/2015a\/01\/44\/05.jpg","http:\/\/mm.howkuai.com\/wp-content\/uploads\/2015a\/01\/44\/06.jpg"]},{"plaintext":"\u90a3\u4e9b\u6e05\u7eaf\u7684\u517b\u773c\u7f8e\u5973\u56fe\u7247\uff0814\uff09","href":"http:\/\/www.meizitu.com\/a\/4758.html","pic_list":["http:\/\/mm.howkuai.com\/wp-content\/uploads\/2015a\/01\/16\/01.jpg","http:\/\/mm.howkuai.com\/wp-content\/uploads\/2015a\/01\/16\/02.jpg","http:\/\/mm.howkuai.com\/wp-content\/uploads\/2015a\/01\/16\/03.jpg","http:\/\/mm.howkuai.com\/wp-content\/uploads\/2015a\/01\/16\/04.jpg","http:\/\/mm.howkuai.com\/wp-content\/uploads\/2015a\/01\/16\/05.jpg","http:\/\/mm.howkuai.com\/wp-content\/uploads\/2015a\/01\/16\/06.jpg","http:\/\/mm.howkuai.com\/wp-content\/uploads\/2015a\/01\/16\/07.jpg","http:\/\/mm.howkuai.com\/wp-content\/uploads\/2015a\/01\/16\/08.jpg","http:\/\/mm.howkuai.com\/wp-content\/uploads\/2015a\/01\/16\/09.jpg","http:\/\/mm.howkuai.com\/wp-content\/uploads\/2015a\/01\/16\/10.jpg"]},{"plaintext":"\u7693\u9f7f\u661f\u7738\u3002\u7d20\u9f7f\u6731\u5507\uff0c\u6a31\u6843\u5c0f\u5634\u5341\u8db3\u8bf1\u4eba","href":"http:\/\/www.meizitu.com\/a\/4753.html","pic_list":["http:\/\/mm.howkuai.com\/wp-content\/uploads\/2015a\/01\/11\/01.jpg","http:\/\/mm.howkuai.com\/wp-content\/uploads\/2015a\/01\/11\/02.jpg","http:\/\/mm.howkuai.com\/wp-content\/uploads\/2015a\/01\/11\/03.jpg","http:\/\/mm.howkuai.com\/wp-content\/uploads\/2015a\/01\/11\/04.jpg","http:\/\/mm.howkuai.com\/wp-content\/uploads\/2015a\/01\/11\/05.jpg"]},{"plaintext":"\u767d\u5ae9\u59b9\u5b50\u559c\u6b22\u51ac\u5929\uff0c\u5374\u4e0d\u7231\u590f\u5929","href":"http:\/\/www.meizitu.com\/a\/4738.html","pic_list":["http:\/\/mm.howkuai.com\/wp-content\/uploads\/2014a\/12\/73\/01.jpg","http:\/\/mm.howkuai.com\/wp-content\/uploads\/2014a\/12\/73\/02.jpg","http:\/\/mm.howkuai.com\/wp-content\/uploads\/2014a\/12\/73\/03.jpg","http:\/\/mm.howkuai.com\/wp-content\/uploads\/2014a\/12\/73\/04.jpg","http:\/\/mm.howkuai.com\/wp-content\/uploads\/2014a\/12\/73\/05.jpg","http:\/\/mm.howkuai.com\/wp-content\/uploads\/2014a\/12\/73\/06.jpg","http:\/\/mm.howkuai.com\/wp-content\/uploads\/2014a\/12\/73\/07.jpg"]},{"plaintext":"\u51ac\u65e5\u6696\u9633\uff0c\u540c\u6d4e\u5927\u5b66\u5185\u7684\u6e05\u7eaf\u957f\u53d1\u59b9\u5b50","href":"http:\/\/www.meizitu.com\/a\/4723.html","pic_list":["http:\/\/mm.howkuai.com\/wp-content\/uploads\/2014a\/12\/58\/01.jpg","http:\/\/mm.howkuai.com\/wp-content\/uploads\/2014a\/12\/58\/02.jpg","http:\/\/mm.howkuai.com\/wp-content\/uploads\/2014a\/12\/58\/03.jpg","http:\/\/mm.howkuai.com\/wp-content\/uploads\/2014a\/12\/58\/04.jpg","http:\/\/mm.howkuai.com\/wp-content\/uploads\/2014a\/12\/58\/05.jpg","http:\/\/mm.howkuai.com\/wp-content\/uploads\/2014a\/12\/58\/06.jpg","http:\/\/mm.howkuai.com\/wp-content\/uploads\/2014a\/12\/58\/07.jpg"]},{"plaintext":"\u81f3\u771f\u81f3\u7eaf\u7684\u59b9\u5b50\uff0c\u5b9b\u5982\u767d\u96ea\u516c\u4e3b","href":"http:\/\/www.meizitu.com\/a\/4720.html","pic_list":["http:\/\/mm.howkuai.com\/wp-content\/uploads\/2014a\/12\/55\/01.jpg","http:\/\/mm.howkuai.com\/wp-content\/uploads\/2014a\/12\/55\/02.jpg","http:\/\/mm.howkuai.com\/wp-content\/uploads\/2014a\/12\/55\/03.jpg","http:\/\/mm.howkuai.com\/wp-content\/uploads\/2014a\/12\/55\/04.jpg","http:\/\/mm.howkuai.com\/wp-content\/uploads\/2014a\/12\/55\/05.jpg","http:\/\/mm.howkuai.com\/wp-content\/uploads\/2014a\/12\/55\/06.jpg","http:\/\/mm.howkuai.com\/wp-content\/uploads\/2014a\/12\/55\/07.jpg"]},{"plaintext":"\u606c\u9759\u53ef\u7231\uff0c\u5496\u5561\u9986\u91cc\u7684\u77e5\u6027\u7f8e\u5973","href":"http:\/\/www.meizitu.com\/a\/4704.html","pic_list":["http:\/\/mm.howkuai.com\/wp-content\/uploads\/2014a\/12\/39\/01.jpg","http:\/\/mm.howkuai.com\/wp-content\/uploads\/2014a\/12\/39\/02.jpg","http:\/\/mm.howkuai.com\/wp-content\/uploads\/2014a\/12\/39\/03.jpg","http:\/\/mm.howkuai.com\/wp-content\/uploads\/2014a\/12\/39\/04.jpg","http:\/\/mm.howkuai.com\/wp-content\/uploads\/2014a\/12\/39\/05.jpg","http:\/\/mm.howkuai.com\/wp-content\/uploads\/2014a\/12\/39\/06.jpg","http:\/\/mm.howkuai.com\/wp-content\/uploads\/2014a\/12\/39\/07.jpg"]},{"plaintext":"\u6211\u53ea\u60f3\u505a\u4e00\u4e2a\u5b89\u5b89\u9759\u9759\u7684\u7f8e\u5c11\u5973","href":"http:\/\/www.meizitu.com\/a\/4700.html","pic_list":["http:\/\/mm.howkuai.com\/wp-content\/uploads\/2014a\/12\/35\/01.jpg","http:\/\/mm.howkuai.com\/wp-content\/uploads\/2014a\/12\/35\/02.jpg","http:\/\/mm.howkuai.com\/wp-content\/uploads\/2014a\/12\/35\/03.jpg","http:\/\/mm.howkuai.com\/wp-content\/uploads\/2014a\/12\/35\/04.jpg","http:\/\/mm.howkuai.com\/wp-content\/uploads\/2014a\/12\/35\/05.jpg","http:\/\/mm.howkuai.com\/wp-content\/uploads\/2014a\/12\/35\/06.jpg","http:\/\/mm.howkuai.com\/wp-content\/uploads\/2014a\/12\/35\/07.jpg","http:\/\/mm.howkuai.com\/wp-content\/uploads\/2014a\/12\/35\/08.jpg"]},{"plaintext":"\u4eea\u9759\u4f53\u95f2\u7684\u6e05\u7eaf\u59b9\u5b50\uff0c\u773c\u795e\u6e05\u6f88\u65e0\u90aa","href":"http:\/\/www.meizitu.com\/a\/4687.html","pic_list":["http:\/\/mm.howkuai.com\/wp-content\/uploads\/2014a\/12\/22\/01.jpg","http:\/\/mm.howkuai.com\/wp-content\/uploads\/2014a\/12\/22\/02.jpg","http:\/\/mm.howkuai.com\/wp-content\/uploads\/2014a\/12\/22\/03.jpg","http:\/\/mm.howkuai.com\/wp-content\/uploads\/2014a\/12\/22\/04.jpg","http:\/\/mm.howkuai.com\/wp-content\/uploads\/2014a\/12\/22\/05.jpg","http:\/\/mm.howkuai.com\/wp-content\/uploads\/2014a\/12\/22\/06.jpg","http:\/\/mm.howkuai.com\/wp-content\/uploads\/2014a\/12\/22\/07.jpg"]},{"plaintext":"\u6e05\u65b0\u65e5\u7cfb\u98ce\uff0c\u90a3\u4e9b\u6e05\u7eaf\u7684\u517b\u773c\u7f8e\u5973\u56fe\u7247\uff0813\uff09","href":"http:\/\/www.meizitu.com\/a\/4659.html","pic_list":["http:\/\/mm.howkuai.com\/wp-content\/uploads\/2014a\/11\/66\/01.jpg","http:\/\/mm.howkuai.com\/wp-content\/uploads\/2014a\/11\/66\/02.jpg","http:\/\/mm.howkuai.com\/wp-content\/uploads\/2014a\/11\/66\/03.jpg","http:\/\/mm.howkuai.com\/wp-content\/uploads\/2014a\/11\/66\/04.jpg","http:\/\/mm.howkuai.com\/wp-content\/uploads\/2014a\/11\/66\/05.jpg","http:\/\/mm.howkuai.com\/wp-content\/uploads\/2014a\/11\/66\/06.jpg","http:\/\/mm.howkuai.com\/wp-content\/uploads\/2014a\/11\/66\/07.jpg","http:\/\/mm.howkuai.com\/wp-content\/uploads\/2014a\/11\/66\/08.jpg","http:\/\/mm.howkuai.com\/wp-content\/uploads\/2014a\/11\/66\/09.jpg","http:\/\/mm.howkuai.com\/wp-content\/uploads\/2014a\/11\/66\/10.jpg"]},{"plaintext":"\u897f\u5357\u77f3\u5927\u6821\u82b1\u9648\u59ae\u5a1c\u649e\u8138\u5168\u667a\u8d24\u8d70\u7ea2","href":"http:\/\/www.meizitu.com\/a\/4655.html","pic_list":["http:\/\/mm.howkuai.com\/wp-content\/uploads\/2014a\/11\/62\/01.jpg","http:\/\/mm.howkuai.com\/wp-content\/uploads\/2014a\/11\/62\/02.jpg","http:\/\/mm.howkuai.com\/wp-content\/uploads\/2014a\/11\/62\/03.jpg","http:\/\/mm.howkuai.com\/wp-content\/uploads\/2014a\/11\/62\/04.jpg","http:\/\/mm.howkuai.com\/wp-content\/uploads\/2014a\/11\/62\/05.jpg","http:\/\/mm.howkuai.com\/wp-content\/uploads\/2014a\/11\/62\/06.jpg","http:\/\/mm.howkuai.com\/wp-content\/uploads\/2014a\/11\/62\/07.jpg","http:\/\/mm.howkuai.com\/wp-content\/uploads\/2014a\/11\/62\/08.jpg","http:\/\/mm.howkuai.com\/wp-content\/uploads\/2014a\/11\/62\/09.jpg"]},{"plaintext":"\u6de1\u626b\u86fe\u7709\u3002\u7709\u4f3c\u65b0\u6708\uff0c\u6e05\u7eaf\u7f8e\u5973\u7684\u7f8e\u6001","href":"http:\/\/www.meizitu.com\/a\/4643.html","pic_list":["http:\/\/mm.howkuai.com\/wp-content\/uploads\/2014a\/11\/50\/01.jpg","http:\/\/mm.howkuai.com\/wp-content\/uploads\/2014a\/11\/50\/02.jpg","http:\/\/mm.howkuai.com\/wp-content\/uploads\/2014a\/11\/50\/03.jpg","http:\/\/mm.howkuai.com\/wp-content\/uploads\/2014a\/11\/50\/04.jpg","http:\/\/mm.howkuai.com\/wp-content\/uploads\/2014a\/11\/50\/05.jpg","http:\/\/mm.howkuai.com\/wp-content\/uploads\/2014a\/11\/50\/06.jpg"]},{"plaintext":"\u53ef\u7231\u7684\u5c0f\u7f8e\u5973\uff0c\u559c\u6b22\u6696\u51ac\u56e0\u4e3a\u4f9d\u7136\u53ef\u4ee5\u7f8e\u4e3d","href":"http:\/\/www.meizitu.com\/a\/4637.html","pic_list":["http:\/\/mm.howkuai.com\/wp-content\/uploads\/2014a\/11\/44\/01.jpg","http:\/\/mm.howkuai.com\/wp-content\/uploads\/2014a\/11\/44\/02.jpg","http:\/\/mm.howkuai.com\/wp-content\/uploads\/2014a\/11\/44\/03.jpg","http:\/\/mm.howkuai.com\/wp-content\/uploads\/2014a\/11\/44\/04.jpg","http:\/\/mm.howkuai.com\/wp-content\/uploads\/2014a\/11\/44\/05.jpg","http:\/\/mm.howkuai.com\/wp-content\/uploads\/2014a\/11\/44\/06.jpg","http:\/\/mm.howkuai.com\/wp-content\/uploads\/2014a\/11\/44\/07.jpg","http:\/\/mm.howkuai.com\/wp-content\/uploads\/2014a\/11\/44\/08.jpg"]},{"plaintext":"\u6811\u6797\u4e2d\uff0c\u6e05\u65b0\u8131\u4fd7\u7684\u957f\u53d1\u4f73\u4eba","href":"http:\/\/www.meizitu.com\/a\/4614.html","pic_list":["http:\/\/mm.howkuai.com\/wp-content\/uploads\/2014a\/11\/22\/01.jpg","http:\/\/mm.howkuai.com\/wp-content\/uploads\/2014a\/11\/22\/02.jpg","http:\/\/mm.howkuai.com\/wp-content\/uploads\/2014a\/11\/22\/03.jpg","http:\/\/mm.howkuai.com\/wp-content\/uploads\/2014a\/11\/22\/04.jpg","http:\/\/mm.howkuai.com\/wp-content\/uploads\/2014a\/11\/22\/05.jpg","http:\/\/mm.howkuai.com\/wp-content\/uploads\/2014a\/11\/22\/06.jpg","http:\/\/mm.howkuai.com\/wp-content\/uploads\/2014a\/11\/22\/07.jpg"]}]