[{"plaintext":"\u6700\u6e29\u6696\u4e0d\u8fc7\u4f60\u7684\u5fae\u7b11 \u90a3\u4e2a\u660e\u6717\u7684\u5c11\u5973","href":"http:\/\/www.meizitu.com\/a\/5239.html","pic_list":["http:\/\/mm.howkuai.com\/wp-content\/uploads\/2015a\/12\/05\/01.jpg","http:\/\/mm.howkuai.com\/wp-content\/uploads\/2015a\/12\/05\/02.jpg","http:\/\/mm.howkuai.com\/wp-content\/uploads\/2015a\/12\/05\/03.jpg","http:\/\/mm.howkuai.com\/wp-content\/uploads\/2015a\/12\/05\/04.jpg","http:\/\/mm.howkuai.com\/wp-content\/uploads\/2015a\/12\/05\/05.jpg","http:\/\/mm.howkuai.com\/wp-content\/uploads\/2015a\/12\/05\/06.jpg","http:\/\/mm.howkuai.com\/wp-content\/uploads\/2015a\/12\/05\/07.jpg","http:\/\/mm.howkuai.com\/wp-content\/uploads\/2015a\/12\/05\/08.jpg"]},{"plaintext":"\u8fd9\u91cc\u7684\u51ac\u5929 \u6709\u9633\u5149\u6696\u6696\u7684\u843d\u5728\u8138\u4e0a","href":"http:\/\/www.meizitu.com\/a\/5219.html","pic_list":["http:\/\/mm.howkuai.com\/wp-content\/uploads\/2015a\/11\/14\/01.jpg","http:\/\/mm.howkuai.com\/wp-content\/uploads\/2015a\/11\/14\/02.jpg","http:\/\/mm.howkuai.com\/wp-content\/uploads\/2015a\/11\/14\/03.jpg","http:\/\/mm.howkuai.com\/wp-content\/uploads\/2015a\/11\/14\/04.jpg","http:\/\/mm.howkuai.com\/wp-content\/uploads\/2015a\/11\/14\/05.jpg","http:\/\/mm.howkuai.com\/wp-content\/uploads\/2015a\/11\/14\/06.jpg"]},{"plaintext":"\u6e05\u7eaf\u552f\u7f8e\u7f8e\u5973\u56fe\u5408\u96c6","href":"http:\/\/www.meizitu.com\/a\/5199.html","pic_list":["http:\/\/mm.howkuai.com\/wp-content\/uploads\/2015a\/10\/30\/01.jpg","http:\/\/mm.howkuai.com\/wp-content\/uploads\/2015a\/10\/30\/02.jpg","http:\/\/mm.howkuai.com\/wp-content\/uploads\/2015a\/10\/30\/03.jpg","http:\/\/mm.howkuai.com\/wp-content\/uploads\/2015a\/10\/30\/04.jpg","http:\/\/mm.howkuai.com\/wp-content\/uploads\/2015a\/10\/30\/05.jpg","http:\/\/mm.howkuai.com\/wp-content\/uploads\/2015a\/10\/30\/06.jpg","http:\/\/mm.howkuai.com\/wp-content\/uploads\/2015a\/10\/30\/07.jpg","http:\/\/mm.howkuai.com\/wp-content\/uploads\/2015a\/10\/30\/08.jpg","http:\/\/mm.howkuai.com\/wp-content\/uploads\/2015a\/10\/30\/09.jpg","http:\/\/mm.howkuai.com\/wp-content\/uploads\/2015a\/10\/30\/10.jpg"]},{"plaintext":"\u6e05\u7eaf\u59b9\u5b50\u7738\u542b\u79cb\u6c34\u53cc\u76ee\u6f84\u6f88","href":"http:\/\/www.meizitu.com\/a\/5195.html","pic_list":["http:\/\/mm.howkuai.com\/wp-content\/uploads\/2015a\/10\/26\/01.jpg","http:\/\/mm.howkuai.com\/wp-content\/uploads\/2015a\/10\/26\/02.jpg","http:\/\/mm.howkuai.com\/wp-content\/uploads\/2015a\/10\/26\/03.jpg","http:\/\/mm.howkuai.com\/wp-content\/uploads\/2015a\/10\/26\/04.jpg","http:\/\/mm.howkuai.com\/wp-content\/uploads\/2015a\/10\/26\/05.jpg","http:\/\/mm.howkuai.com\/wp-content\/uploads\/2015a\/10\/26\/06.jpg","http:\/\/mm.howkuai.com\/wp-content\/uploads\/2015a\/10\/26\/07.jpg"]},{"plaintext":"\u68b3\u7740\u9a6c\u5c3e\u8fab\u7684\u67d4\u5f31\u59b9\u7eb8","href":"http:\/\/www.meizitu.com\/a\/5193.html","pic_list":["http:\/\/mm.howkuai.com\/wp-content\/uploads\/2015a\/10\/24\/01.jpg","http:\/\/mm.howkuai.com\/wp-content\/uploads\/2015a\/10\/24\/02.jpg","http:\/\/mm.howkuai.com\/wp-content\/uploads\/2015a\/10\/24\/03.jpg","http:\/\/mm.howkuai.com\/wp-content\/uploads\/2015a\/10\/24\/04.jpg","http:\/\/mm.howkuai.com\/wp-content\/uploads\/2015a\/10\/24\/05.jpg","http:\/\/mm.howkuai.com\/wp-content\/uploads\/2015a\/10\/24\/06.jpg","http:\/\/mm.howkuai.com\/wp-content\/uploads\/2015a\/10\/24\/07.jpg","http:\/\/mm.howkuai.com\/wp-content\/uploads\/2015a\/10\/24\/08.jpg"]},{"plaintext":"\u840c\u5973\u795e\u6e05\u6668\u7a97\u53f0\u8fb9\u53d1\u5446","href":"http:\/\/www.meizitu.com\/a\/5169.html","pic_list":["http:\/\/mm.howkuai.com\/wp-content\/uploads\/2015a\/09\/36\/01.jpg","http:\/\/mm.howkuai.com\/wp-content\/uploads\/2015a\/09\/36\/02.jpg","http:\/\/mm.howkuai.com\/wp-content\/uploads\/2015a\/09\/36\/03.jpg","http:\/\/mm.howkuai.com\/wp-content\/uploads\/2015a\/09\/36\/04.jpg","http:\/\/mm.howkuai.com\/wp-content\/uploads\/2015a\/09\/36\/05.jpg","http:\/\/mm.howkuai.com\/wp-content\/uploads\/2015a\/09\/36\/06.jpg"]},{"plaintext":"\u6f02\u4eae\u7684\u59b9\u5b50\u6d51\u8eab\u6d0b\u6ea2\u9752\u6625\u7684\u6c14\u606f","href":"http:\/\/www.meizitu.com\/a\/5154.html","pic_list":["http:\/\/mm.howkuai.com\/wp-content\/uploads\/2015a\/09\/21\/01.jpg","http:\/\/mm.howkuai.com\/wp-content\/uploads\/2015a\/09\/21\/02.jpg","http:\/\/mm.howkuai.com\/wp-content\/uploads\/2015a\/09\/21\/03.jpg","http:\/\/mm.howkuai.com\/wp-content\/uploads\/2015a\/09\/21\/04.jpg","http:\/\/mm.howkuai.com\/wp-content\/uploads\/2015a\/09\/21\/05.jpg","http:\/\/mm.howkuai.com\/wp-content\/uploads\/2015a\/09\/21\/06.jpg"]},{"plaintext":"\u5b89\u9759\u7684\u5728\u89d2\u843d\u505a\u7cbe\u81f4\u7684\u5973\u5b50","href":"http:\/\/www.meizitu.com\/a\/5151.html","pic_list":["http:\/\/mm.howkuai.com\/wp-content\/uploads\/2015a\/09\/18\/01.jpg","http:\/\/mm.howkuai.com\/wp-content\/uploads\/2015a\/09\/18\/02.jpg","http:\/\/mm.howkuai.com\/wp-content\/uploads\/2015a\/09\/18\/03.jpg","http:\/\/mm.howkuai.com\/wp-content\/uploads\/2015a\/09\/18\/04.jpg","http:\/\/mm.howkuai.com\/wp-content\/uploads\/2015a\/09\/18\/05.jpg","http:\/\/mm.howkuai.com\/wp-content\/uploads\/2015a\/09\/18\/06.jpg","http:\/\/mm.howkuai.com\/wp-content\/uploads\/2015a\/09\/18\/07.jpg"]},{"plaintext":"\u751c\u751c\u7684\u67e0\u6aac\u5973\u5b69\uff0c\u7d20\u989c\u4e5f\u5f88\u7f8e","href":"http:\/\/www.meizitu.com\/a\/5145.html","pic_list":["http:\/\/mm.howkuai.com\/wp-content\/uploads\/2015a\/09\/12\/01.jpg","http:\/\/mm.howkuai.com\/wp-content\/uploads\/2015a\/09\/12\/02.jpg","http:\/\/mm.howkuai.com\/wp-content\/uploads\/2015a\/09\/12\/03.jpg","http:\/\/mm.howkuai.com\/wp-content\/uploads\/2015a\/09\/12\/04.jpg","http:\/\/mm.howkuai.com\/wp-content\/uploads\/2015a\/09\/12\/05.jpg","http:\/\/mm.howkuai.com\/wp-content\/uploads\/2015a\/09\/12\/06.jpg","http:\/\/mm.howkuai.com\/wp-content\/uploads\/2015a\/09\/12\/07.jpg"]},{"plaintext":"\u4e58\u7740\u9a91\u58eb\u7684\u9a6c\uff0c\u6458\u4e0b\u9e7f\u89d2\u7684\u82b1","href":"http:\/\/www.meizitu.com\/a\/5130.html","pic_list":["http:\/\/mm.howkuai.com\/wp-content\/uploads\/2015a\/08\/35\/01.jpg","http:\/\/mm.howkuai.com\/wp-content\/uploads\/2015a\/08\/35\/02.jpg","http:\/\/mm.howkuai.com\/wp-content\/uploads\/2015a\/08\/35\/03.jpg","http:\/\/mm.howkuai.com\/wp-content\/uploads\/2015a\/08\/35\/04.jpg","http:\/\/mm.howkuai.com\/wp-content\/uploads\/2015a\/08\/35\/05.jpg","http:\/\/mm.howkuai.com\/wp-content\/uploads\/2015a\/08\/35\/06.jpg","http:\/\/mm.howkuai.com\/wp-content\/uploads\/2015a\/08\/35\/07.jpg"]},{"plaintext":"\u7eff\u8272\u7cfb\u5c0f\u6e05\u65b0\u30fb\u6e05\u7eaf\u7684\u517b\u773c\u7f8e\u5973\u56fe\u7247\uff0819\uff09","href":"http:\/\/www.meizitu.com\/a\/5115.html","pic_list":["http:\/\/mm.howkuai.com\/wp-content\/uploads\/2015a\/08\/20\/01.jpg","http:\/\/mm.howkuai.com\/wp-content\/uploads\/2015a\/08\/20\/02.jpg","http:\/\/mm.howkuai.com\/wp-content\/uploads\/2015a\/08\/20\/03.jpg","http:\/\/mm.howkuai.com\/wp-content\/uploads\/2015a\/08\/20\/04.jpg","http:\/\/mm.howkuai.com\/wp-content\/uploads\/2015a\/08\/20\/05.jpg","http:\/\/mm.howkuai.com\/wp-content\/uploads\/2015a\/08\/20\/06.jpg","http:\/\/mm.howkuai.com\/wp-content\/uploads\/2015a\/08\/20\/07.jpg","http:\/\/mm.howkuai.com\/wp-content\/uploads\/2015a\/08\/20\/08.jpg","http:\/\/mm.howkuai.com\/wp-content\/uploads\/2015a\/08\/20\/09.jpg","http:\/\/mm.howkuai.com\/wp-content\/uploads\/2015a\/08\/20\/10.jpg"]},{"plaintext":"\u6e05\u7eaf\u5c0f\u7f8e\u5973\u30fb\u7eaf\u51c0\u7b11\u5bb9","href":"http:\/\/www.meizitu.com\/a\/5109.html","pic_list":["http:\/\/mm.howkuai.com\/wp-content\/uploads\/2015a\/08\/14\/01.jpg","http:\/\/mm.howkuai.com\/wp-content\/uploads\/2015a\/08\/14\/02.jpg","http:\/\/mm.howkuai.com\/wp-content\/uploads\/2015a\/08\/14\/03.jpg","http:\/\/mm.howkuai.com\/wp-content\/uploads\/2015a\/08\/14\/04.jpg","http:\/\/mm.howkuai.com\/wp-content\/uploads\/2015a\/08\/14\/05.jpg","http:\/\/mm.howkuai.com\/wp-content\/uploads\/2015a\/08\/14\/06.jpg","http:\/\/mm.howkuai.com\/wp-content\/uploads\/2015a\/08\/14\/07.jpg"]},{"plaintext":"\u770b\u4e0d\u817b\u7684\u53ef\u7231\u83c7\u5a18\uff0c\u5634\u89d2\u7684\u5fae\u7b11\u306e\u5f27\u5ea6","href":"http:\/\/www.meizitu.com\/a\/5107.html","pic_list":["http:\/\/mm.howkuai.com\/wp-content\/uploads\/2015a\/08\/12\/01.jpg","http:\/\/mm.howkuai.com\/wp-content\/uploads\/2015a\/08\/12\/02.jpg","http:\/\/mm.howkuai.com\/wp-content\/uploads\/2015a\/08\/12\/03.jpg","http:\/\/mm.howkuai.com\/wp-content\/uploads\/2015a\/08\/12\/04.jpg","http:\/\/mm.howkuai.com\/wp-content\/uploads\/2015a\/08\/12\/05.jpg","http:\/\/mm.howkuai.com\/wp-content\/uploads\/2015a\/08\/12\/06.jpg","http:\/\/mm.howkuai.com\/wp-content\/uploads\/2015a\/08\/12\/07.jpg","http:\/\/mm.howkuai.com\/wp-content\/uploads\/2015a\/08\/12\/08.jpg"]},{"plaintext":"\u6559\u5ba4\u91cc\u7684\u6e05\u7eaf\u5973\u5b69\uff0c16\u5c81\u7684\u82b1\u5b63\u3002","href":"http:\/\/www.meizitu.com\/a\/5089.html","pic_list":["http:\/\/mm.howkuai.com\/wp-content\/uploads\/2015a\/07\/39\/01.jpg","http:\/\/mm.howkuai.com\/wp-content\/uploads\/2015a\/07\/39\/02.jpg","http:\/\/mm.howkuai.com\/wp-content\/uploads\/2015a\/07\/39\/03.jpg","http:\/\/mm.howkuai.com\/wp-content\/uploads\/2015a\/07\/39\/04.jpg","http:\/\/mm.howkuai.com\/wp-content\/uploads\/2015a\/07\/39\/05.jpg","http:\/\/mm.howkuai.com\/wp-content\/uploads\/2015a\/07\/39\/06.jpg","http:\/\/mm.howkuai.com\/wp-content\/uploads\/2015a\/07\/39\/07.jpg","http:\/\/mm.howkuai.com\/wp-content\/uploads\/2015a\/07\/39\/08.jpg","http:\/\/mm.howkuai.com\/wp-content\/uploads\/2015a\/07\/39\/09.jpg"]},{"plaintext":"\u5927\u5b66\u8fd0\u52a8\u573a\u4e0a\u7684\u9ad8\u6311\u5973\u5b69\uff0c\u8eab\u6750\u597d\u989c\u503c\u9ad8","href":"http:\/\/www.meizitu.com\/a\/5068.html","pic_list":["http:\/\/mm.howkuai.com\/wp-content\/uploads\/2015a\/07\/19\/01.jpg","http:\/\/mm.howkuai.com\/wp-content\/uploads\/2015a\/07\/19\/02.jpg","http:\/\/mm.howkuai.com\/wp-content\/uploads\/2015a\/07\/19\/03.jpg","http:\/\/mm.howkuai.com\/wp-content\/uploads\/2015a\/07\/19\/04.jpg","http:\/\/mm.howkuai.com\/wp-content\/uploads\/2015a\/07\/19\/05.jpg","http:\/\/mm.howkuai.com\/wp-content\/uploads\/2015a\/07\/19\/06.jpg","http:\/\/mm.howkuai.com\/wp-content\/uploads\/2015a\/07\/19\/07.jpg","http:\/\/mm.howkuai.com\/wp-content\/uploads\/2015a\/07\/19\/08.jpg","http:\/\/mm.howkuai.com\/wp-content\/uploads\/2015a\/07\/19\/09.jpg","http:\/\/mm.howkuai.com\/wp-content\/uploads\/2015a\/07\/19\/10.jpg"]},{"plaintext":"\u95f2\u9759\u4f3c\u5a07\u82b1\u7167\u6c34\uff0c\u6e05\u7eaf\u59b9\u59b9\u5728\u96e8\u5929","href":"http:\/\/www.meizitu.com\/a\/5056.html","pic_list":["http:\/\/mm.howkuai.com\/wp-content\/uploads\/2015a\/07\/07\/01.jpg","http:\/\/mm.howkuai.com\/wp-content\/uploads\/2015a\/07\/07\/02.jpg","http:\/\/mm.howkuai.com\/wp-content\/uploads\/2015a\/07\/07\/03.jpg","http:\/\/mm.howkuai.com\/wp-content\/uploads\/2015a\/07\/07\/04.jpg","http:\/\/mm.howkuai.com\/wp-content\/uploads\/2015a\/07\/07\/05.jpg","http:\/\/mm.howkuai.com\/wp-content\/uploads\/2015a\/07\/07\/06.jpg"]},{"plaintext":"\u53ef\u7231\u6a21\u7279\u6881\u7f18\uff0c\u96c5\u67d4\u590f\u5b63\u5f62\u8c61\u7247","href":"http:\/\/www.meizitu.com\/a\/5052.html","pic_list":["http:\/\/mm.howkuai.com\/wp-content\/uploads\/2015a\/07\/03\/01.jpg","http:\/\/mm.howkuai.com\/wp-content\/uploads\/2015a\/07\/03\/02.jpg","http:\/\/mm.howkuai.com\/wp-content\/uploads\/2015a\/07\/03\/03.jpg","http:\/\/mm.howkuai.com\/wp-content\/uploads\/2015a\/07\/03\/04.jpg","http:\/\/mm.howkuai.com\/wp-content\/uploads\/2015a\/07\/03\/05.jpg","http:\/\/mm.howkuai.com\/wp-content\/uploads\/2015a\/07\/03\/06.jpg","http:\/\/mm.howkuai.com\/wp-content\/uploads\/2015a\/07\/03\/07.jpg"]},{"plaintext":"\u770b\u7684\u4f60\u76ee\u4e0d\u8f6c\u775b\uff0c\u90a3\u4e9b\u6e05\u7eaf\u7684\u517b\u773c\u7f8e\u5973\u56fe\u7247\uff0818\uff09","href":"http:\/\/www.meizitu.com\/a\/5047.html","pic_list":["http:\/\/mm.howkuai.com\/wp-content\/uploads\/2015a\/06\/40\/01.jpg","http:\/\/mm.howkuai.com\/wp-content\/uploads\/2015a\/06\/40\/02.jpg","http:\/\/mm.howkuai.com\/wp-content\/uploads\/2015a\/06\/40\/03.jpg","http:\/\/mm.howkuai.com\/wp-content\/uploads\/2015a\/06\/40\/04.jpg","http:\/\/mm.howkuai.com\/wp-content\/uploads\/2015a\/06\/40\/05.jpg","http:\/\/mm.howkuai.com\/wp-content\/uploads\/2015a\/06\/40\/06.jpg","http:\/\/mm.howkuai.com\/wp-content\/uploads\/2015a\/06\/40\/07.jpg","http:\/\/mm.howkuai.com\/wp-content\/uploads\/2015a\/06\/40\/08.jpg","http:\/\/mm.howkuai.com\/wp-content\/uploads\/2015a\/06\/40\/09.jpg","http:\/\/mm.howkuai.com\/wp-content\/uploads\/2015a\/06\/40\/10.jpg"]},{"plaintext":"\u624b\u5982\u67d4\u8351\uff0c\u80a4\u5982\u51dd\u8102\uff0c\u77ed\u53d1\u897f\u74dc\u59b9\u5b50","href":"http:\/\/www.meizitu.com\/a\/5046.html","pic_list":["http:\/\/mm.howkuai.com\/wp-content\/uploads\/2015a\/06\/39\/01.jpg","http:\/\/mm.howkuai.com\/wp-content\/uploads\/2015a\/06\/39\/02.jpg","http:\/\/mm.howkuai.com\/wp-content\/uploads\/2015a\/06\/39\/03.jpg","http:\/\/mm.howkuai.com\/wp-content\/uploads\/2015a\/06\/39\/04.jpg","http:\/\/mm.howkuai.com\/wp-content\/uploads\/2015a\/06\/39\/05.jpg","http:\/\/mm.howkuai.com\/wp-content\/uploads\/2015a\/06\/39\/06.jpg"]},{"plaintext":"\u6211\u4e3a\u4f60\u4ee3\u8a00\uff0c\u590f\u306e\u5348\u5f8c\u7684\u6e05\u7eaf\u5973\u5b69","href":"http:\/\/www.meizitu.com\/a\/5041.html","pic_list":["http:\/\/mm.howkuai.com\/wp-content\/uploads\/2015a\/06\/34\/01.jpg","http:\/\/mm.howkuai.com\/wp-content\/uploads\/2015a\/06\/34\/02.jpg","http:\/\/mm.howkuai.com\/wp-content\/uploads\/2015a\/06\/34\/03.jpg","http:\/\/mm.howkuai.com\/wp-content\/uploads\/2015a\/06\/34\/04.jpg","http:\/\/mm.howkuai.com\/wp-content\/uploads\/2015a\/06\/34\/05.jpg","http:\/\/mm.howkuai.com\/wp-content\/uploads\/2015a\/06\/34\/06.jpg","http:\/\/mm.howkuai.com\/wp-content\/uploads\/2015a\/06\/34\/07.jpg","http:\/\/mm.howkuai.com\/wp-content\/uploads\/2015a\/06\/34\/08.jpg"]},{"plaintext":"\u59b9\u7eb8\u6bd5\u4e1a\u5566\uff0c\u518d\u5230\u6821\u56ed\u8e29\u4e00\u8e29","href":"http:\/\/www.meizitu.com\/a\/5040.html","pic_list":["http:\/\/mm.howkuai.com\/wp-content\/uploads\/2015a\/06\/33\/01.jpg","http:\/\/mm.howkuai.com\/wp-content\/uploads\/2015a\/06\/33\/02.jpg","http:\/\/mm.howkuai.com\/wp-content\/uploads\/2015a\/06\/33\/03.jpg","http:\/\/mm.howkuai.com\/wp-content\/uploads\/2015a\/06\/33\/04.jpg","http:\/\/mm.howkuai.com\/wp-content\/uploads\/2015a\/06\/33\/05.jpg","http:\/\/mm.howkuai.com\/wp-content\/uploads\/2015a\/06\/33\/06.jpg","http:\/\/mm.howkuai.com\/wp-content\/uploads\/2015a\/06\/33\/07.jpg","http:\/\/mm.howkuai.com\/wp-content\/uploads\/2015a\/06\/33\/08.jpg","http:\/\/mm.howkuai.com\/wp-content\/uploads\/2015a\/06\/33\/09.jpg","http:\/\/mm.howkuai.com\/wp-content\/uploads\/2015a\/06\/33\/10.jpg"]},{"plaintext":"\u6e05\u723d\u6c14\u8d28\uff0c\u4e24\u5f2f\u4f3c\u8e59\u975e\u8e59\u7b3c\u70df\u7709","href":"http:\/\/www.meizitu.com\/a\/5033.html","pic_list":["http:\/\/mm.howkuai.com\/wp-content\/uploads\/2015a\/06\/26\/01.jpg","http:\/\/mm.howkuai.com\/wp-content\/uploads\/2015a\/06\/26\/02.jpg","http:\/\/mm.howkuai.com\/wp-content\/uploads\/2015a\/06\/26\/03.jpg","http:\/\/mm.howkuai.com\/wp-content\/uploads\/2015a\/06\/26\/04.jpg","http:\/\/mm.howkuai.com\/wp-content\/uploads\/2015a\/06\/26\/05.jpg","http:\/\/mm.howkuai.com\/wp-content\/uploads\/2015a\/06\/26\/06.jpg"]},{"plaintext":"\u6e05\u7eaf\u59b9\u7eb8\uff0c\u6709\u4e9b\u8bb0\u5fc6\u6563\u843d\u5728\u98ce\u91cc","href":"http:\/\/www.meizitu.com\/a\/5024.html","pic_list":["http:\/\/mm.howkuai.com\/wp-content\/uploads\/2015a\/06\/17\/01.jpg","http:\/\/mm.howkuai.com\/wp-content\/uploads\/2015a\/06\/17\/02.jpg","http:\/\/mm.howkuai.com\/wp-content\/uploads\/2015a\/06\/17\/03.jpg","http:\/\/mm.howkuai.com\/wp-content\/uploads\/2015a\/06\/17\/04.jpg","http:\/\/mm.howkuai.com\/wp-content\/uploads\/2015a\/06\/17\/05.jpg","http:\/\/mm.howkuai.com\/wp-content\/uploads\/2015a\/06\/17\/06.jpg","http:\/\/mm.howkuai.com\/wp-content\/uploads\/2015a\/06\/17\/07.jpg"]},{"plaintext":"\u697c\u9876\u8d2d\u7269\u8f66\u91cc\u7684\u5c0f\u53ef\u4eba","href":"http:\/\/www.meizitu.com\/a\/5018.html","pic_list":["http:\/\/mm.howkuai.com\/wp-content\/uploads\/2015a\/06\/11\/01.jpg","http:\/\/mm.howkuai.com\/wp-content\/uploads\/2015a\/06\/11\/02.jpg","http:\/\/mm.howkuai.com\/wp-content\/uploads\/2015a\/06\/11\/03.jpg","http:\/\/mm.howkuai.com\/wp-content\/uploads\/2015a\/06\/11\/04.jpg","http:\/\/mm.howkuai.com\/wp-content\/uploads\/2015a\/06\/11\/05.jpg","http:\/\/mm.howkuai.com\/wp-content\/uploads\/2015a\/06\/11\/06.jpg"]},{"plaintext":"\u4e00\u987e\u503e\u4eba\u57ce\uff0c\u518d\u987e\u503e\u4eba\u56fd","href":"http:\/\/www.meizitu.com\/a\/5015.html","pic_list":["http:\/\/mm.howkuai.com\/wp-content\/uploads\/2015a\/06\/08\/01.jpg","http:\/\/mm.howkuai.com\/wp-content\/uploads\/2015a\/06\/08\/02.jpg","http:\/\/mm.howkuai.com\/wp-content\/uploads\/2015a\/06\/08\/03.jpg","http:\/\/mm.howkuai.com\/wp-content\/uploads\/2015a\/06\/08\/04.jpg","http:\/\/mm.howkuai.com\/wp-content\/uploads\/2015a\/06\/08\/05.jpg","http:\/\/mm.howkuai.com\/wp-content\/uploads\/2015a\/06\/08\/06.jpg","http:\/\/mm.howkuai.com\/wp-content\/uploads\/2015a\/06\/08\/07.jpg","http:\/\/mm.howkuai.com\/wp-content\/uploads\/2015a\/06\/08\/08.jpg","http:\/\/mm.howkuai.com\/wp-content\/uploads\/2015a\/06\/08\/09.jpg","http:\/\/mm.howkuai.com\/wp-content\/uploads\/2015a\/06\/08\/10.jpg"]},{"plaintext":"\u6e05\u7eaf\u59b9\u5b50NoNo\u6625\u610f\u76ce\u7136","href":"http:\/\/www.meizitu.com\/a\/4991.html","pic_list":["http:\/\/mm.howkuai.com\/wp-content\/uploads\/2015a\/05\/41\/01.jpg","http:\/\/mm.howkuai.com\/wp-content\/uploads\/2015a\/05\/41\/02.jpg","http:\/\/mm.howkuai.com\/wp-content\/uploads\/2015a\/05\/41\/03.jpg","http:\/\/mm.howkuai.com\/wp-content\/uploads\/2015a\/05\/41\/04.jpg","http:\/\/mm.howkuai.com\/wp-content\/uploads\/2015a\/05\/41\/05.jpg","http:\/\/mm.howkuai.com\/wp-content\/uploads\/2015a\/05\/41\/06.jpg"]},{"plaintext":"\u9601\u697c\u91cc\u7684\u59b9\u7eb8\uff0c\u4f60\u7684\u773c\u795e\u91cc\u6709\u5f88\u591a\u6545\u4e8b","href":"http:\/\/www.meizitu.com\/a\/4989.html","pic_list":["http:\/\/mm.howkuai.com\/wp-content\/uploads\/2015a\/05\/39\/01.jpg","http:\/\/mm.howkuai.com\/wp-content\/uploads\/2015a\/05\/39\/02.jpg","http:\/\/mm.howkuai.com\/wp-content\/uploads\/2015a\/05\/39\/03.jpg","http:\/\/mm.howkuai.com\/wp-content\/uploads\/2015a\/05\/39\/04.jpg","http:\/\/mm.howkuai.com\/wp-content\/uploads\/2015a\/05\/39\/05.jpg","http:\/\/mm.howkuai.com\/wp-content\/uploads\/2015a\/05\/39\/06.jpg","http:\/\/mm.howkuai.com\/wp-content\/uploads\/2015a\/05\/39\/07.jpg"]},{"plaintext":"\u7a7a\u8c37\u5e7d\u5170\u6e05\u4e3d\u8131\u4fd7\u7684\u6e05\u7eaf\u7f8e\u5973\u56fe\u7247","href":"http:\/\/www.meizitu.com\/a\/4986.html","pic_list":["http:\/\/mm.howkuai.com\/wp-content\/uploads\/2015a\/05\/36\/01.jpg","http:\/\/mm.howkuai.com\/wp-content\/uploads\/2015a\/05\/36\/02.jpg","http:\/\/mm.howkuai.com\/wp-content\/uploads\/2015a\/05\/36\/03.jpg","http:\/\/mm.howkuai.com\/wp-content\/uploads\/2015a\/05\/36\/04.jpg","http:\/\/mm.howkuai.com\/wp-content\/uploads\/2015a\/05\/36\/05.jpg","http:\/\/mm.howkuai.com\/wp-content\/uploads\/2015a\/05\/36\/06.jpg","http:\/\/mm.howkuai.com\/wp-content\/uploads\/2015a\/05\/36\/07.jpg","http:\/\/mm.howkuai.com\/wp-content\/uploads\/2015a\/05\/36\/08.jpg","http:\/\/mm.howkuai.com\/wp-content\/uploads\/2015a\/05\/36\/09.jpg","http:\/\/mm.howkuai.com\/wp-content\/uploads\/2015a\/05\/36\/10.jpg"]}]