[{"plaintext":"\u65e5\u672c\u5076\u50cf\u7ec4\u5408\u4e43\u6728\u574246\u6210\u5458\u6e05\u7eaf\u7167","href":"http:\/\/www.meizitu.com\/a\/4906.html","pic_list":["http:\/\/mm.howkuai.com\/wp-content\/uploads\/2015a\/04\/10\/01.jpg","http:\/\/mm.howkuai.com\/wp-content\/uploads\/2015a\/04\/10\/02.jpg","http:\/\/mm.howkuai.com\/wp-content\/uploads\/2015a\/04\/10\/03.jpg","http:\/\/mm.howkuai.com\/wp-content\/uploads\/2015a\/04\/10\/04.jpg","http:\/\/mm.howkuai.com\/wp-content\/uploads\/2015a\/04\/10\/05.jpg","http:\/\/mm.howkuai.com\/wp-content\/uploads\/2015a\/04\/10\/06.jpg","http:\/\/mm.howkuai.com\/wp-content\/uploads\/2015a\/04\/10\/07.jpg","http:\/\/mm.howkuai.com\/wp-content\/uploads\/2015a\/04\/10\/08.jpg","http:\/\/mm.howkuai.com\/wp-content\/uploads\/2015a\/04\/10\/09.jpg"]},{"plaintext":"\u7edd\u7f8e\u65e5\u672c\u5c11\u5973\u5199\u771f\uff0c\u5439\u5f39\u53ef\u7834\u7684\u808c\u80a4","href":"http:\/\/www.meizitu.com\/a\/4886.html","pic_list":["http:\/\/mm.howkuai.com\/wp-content\/uploads\/2015a\/03\/44\/01.jpg","http:\/\/mm.howkuai.com\/wp-content\/uploads\/2015a\/03\/44\/02.jpg","http:\/\/mm.howkuai.com\/wp-content\/uploads\/2015a\/03\/44\/03.jpg","http:\/\/mm.howkuai.com\/wp-content\/uploads\/2015a\/03\/44\/04.jpg","http:\/\/mm.howkuai.com\/wp-content\/uploads\/2015a\/03\/44\/05.jpg","http:\/\/mm.howkuai.com\/wp-content\/uploads\/2015a\/03\/44\/06.jpg","http:\/\/mm.howkuai.com\/wp-content\/uploads\/2015a\/03\/44\/07.jpg","http:\/\/mm.howkuai.com\/wp-content\/uploads\/2015a\/03\/44\/08.jpg","http:\/\/mm.howkuai.com\/wp-content\/uploads\/2015a\/03\/44\/09.jpg"]},{"plaintext":"\u65e5\u672c\u56fd\u6c11\u5076\u50cf\u7f8e\u5c11\u5973\u7ec4\u5408\u65e9\u5b89\u5c11\u5973\u7ec4","href":"http:\/\/www.meizitu.com\/a\/4876.html","pic_list":["http:\/\/mm.howkuai.com\/wp-content\/uploads\/2015a\/03\/34\/01.jpg","http:\/\/mm.howkuai.com\/wp-content\/uploads\/2015a\/03\/34\/02.jpg","http:\/\/mm.howkuai.com\/wp-content\/uploads\/2015a\/03\/34\/03.jpg","http:\/\/mm.howkuai.com\/wp-content\/uploads\/2015a\/03\/34\/04.jpg","http:\/\/mm.howkuai.com\/wp-content\/uploads\/2015a\/03\/34\/05.jpg","http:\/\/mm.howkuai.com\/wp-content\/uploads\/2015a\/03\/34\/06.jpg","http:\/\/mm.howkuai.com\/wp-content\/uploads\/2015a\/03\/34\/07.jpg","http:\/\/mm.howkuai.com\/wp-content\/uploads\/2015a\/03\/34\/08.jpg"]},{"plaintext":"\u53ef\u7231\u59b9\u5b50\u7684\u65e5\u7cfb\u4e8c\u6b21\u5143\u98ce","href":"http:\/\/www.meizitu.com\/a\/4856.html","pic_list":["http:\/\/mm.howkuai.com\/wp-content\/uploads\/2015a\/03\/14\/01.jpg","http:\/\/mm.howkuai.com\/wp-content\/uploads\/2015a\/03\/14\/02.jpg","http:\/\/mm.howkuai.com\/wp-content\/uploads\/2015a\/03\/14\/03.jpg","http:\/\/mm.howkuai.com\/wp-content\/uploads\/2015a\/03\/14\/04.jpg","http:\/\/mm.howkuai.com\/wp-content\/uploads\/2015a\/03\/14\/05.jpg","http:\/\/mm.howkuai.com\/wp-content\/uploads\/2015a\/03\/14\/06.jpg"]},{"plaintext":"\u94c3\u6728\u7231\u7406\uff08Suzuki Airi\uff09\u65e5\u672c\u5c11\u5973\u5076\u50cf\u7ec4\u5408","href":"http:\/\/www.meizitu.com\/a\/4833.html","pic_list":["http:\/\/mm.howkuai.com\/wp-content\/uploads\/2015a\/02\/28\/01.jpg","http:\/\/mm.howkuai.com\/wp-content\/uploads\/2015a\/02\/28\/02.jpg","http:\/\/mm.howkuai.com\/wp-content\/uploads\/2015a\/02\/28\/03.jpg","http:\/\/mm.howkuai.com\/wp-content\/uploads\/2015a\/02\/28\/04.jpg","http:\/\/mm.howkuai.com\/wp-content\/uploads\/2015a\/02\/28\/05.jpg","http:\/\/mm.howkuai.com\/wp-content\/uploads\/2015a\/02\/28\/06.jpg","http:\/\/mm.howkuai.com\/wp-content\/uploads\/2015a\/02\/28\/07.jpg"]},{"plaintext":"\u65e515\u5c81\u5929\u4f7f\u642c\u6e05\u7eaf\u5c11\u5973\u8d70\u7ea2","href":"http:\/\/www.meizitu.com\/a\/4818.html","pic_list":["http:\/\/mm.howkuai.com\/wp-content\/uploads\/2015a\/02\/13\/01.jpg","http:\/\/mm.howkuai.com\/wp-content\/uploads\/2015a\/02\/13\/02.jpg","http:\/\/mm.howkuai.com\/wp-content\/uploads\/2015a\/02\/13\/03.jpg","http:\/\/mm.howkuai.com\/wp-content\/uploads\/2015a\/02\/13\/04.jpg","http:\/\/mm.howkuai.com\/wp-content\/uploads\/2015a\/02\/13\/05.jpg","http:\/\/mm.howkuai.com\/wp-content\/uploads\/2015a\/02\/13\/06.jpg","http:\/\/mm.howkuai.com\/wp-content\/uploads\/2015a\/02\/13\/07.jpg","http:\/\/mm.howkuai.com\/wp-content\/uploads\/2015a\/02\/13\/08.jpg","http:\/\/mm.howkuai.com\/wp-content\/uploads\/2015a\/02\/13\/09.jpg","http:\/\/mm.howkuai.com\/wp-content\/uploads\/2015a\/02\/13\/10.jpg","http:\/\/mm.howkuai.com\/wp-content\/uploads\/2015a\/02\/13\/11.jpg"]},{"plaintext":"\u751c\u751c\u7f8e\u5c11\u5973\u5927\u5c3a\u5ea6\u5199\u771f","href":"http:\/\/www.meizitu.com\/a\/4797.html","pic_list":["http:\/\/mm.howkuai.com\/wp-content\/uploads\/2015a\/01\/56\/01.jpg","http:\/\/mm.howkuai.com\/wp-content\/uploads\/2015a\/01\/56\/02.jpg","http:\/\/mm.howkuai.com\/wp-content\/uploads\/2015a\/01\/56\/03.jpg","http:\/\/mm.howkuai.com\/wp-content\/uploads\/2015a\/01\/56\/04.jpg","http:\/\/mm.howkuai.com\/wp-content\/uploads\/2015a\/01\/56\/05.jpg"]},{"plaintext":"\u7c89 | \u30d4\u30f3\u30af \u8272\u65e5\u7cfb\u59b9\u5b50","href":"http:\/\/www.meizitu.com\/a\/4763.html","pic_list":["http:\/\/mm.howkuai.com\/wp-content\/uploads\/2015a\/01\/20\/01.jpg","http:\/\/mm.howkuai.com\/wp-content\/uploads\/2015a\/01\/20\/02.jpg","http:\/\/mm.howkuai.com\/wp-content\/uploads\/2015a\/01\/20\/03.jpg","http:\/\/mm.howkuai.com\/wp-content\/uploads\/2015a\/01\/20\/04.jpg","http:\/\/mm.howkuai.com\/wp-content\/uploads\/2015a\/01\/20\/05.jpg","http:\/\/mm.howkuai.com\/wp-content\/uploads\/2015a\/01\/20\/06.jpg"]},{"plaintext":"\u65e5\u672c\u7f8e\u5c11\u5973\u5408\u96c6\uff08\u6a2a\u5c71\u7531\u4f9d\u3001\u6749\u672c\u6709\u7f8e\uff09","href":"http:\/\/www.meizitu.com\/a\/4754.html","pic_list":["http:\/\/mm.howkuai.com\/wp-content\/uploads\/2015a\/01\/12\/01.jpg","http:\/\/mm.howkuai.com\/wp-content\/uploads\/2015a\/01\/12\/02.jpg","http:\/\/mm.howkuai.com\/wp-content\/uploads\/2015a\/01\/12\/03.jpg","http:\/\/mm.howkuai.com\/wp-content\/uploads\/2015a\/01\/12\/04.jpg","http:\/\/mm.howkuai.com\/wp-content\/uploads\/2015a\/01\/12\/05.jpg","http:\/\/mm.howkuai.com\/wp-content\/uploads\/2015a\/01\/12\/06.jpg","http:\/\/mm.howkuai.com\/wp-content\/uploads\/2015a\/01\/12\/07.jpg","http:\/\/mm.howkuai.com\/wp-content\/uploads\/2015a\/01\/12\/08.jpg","http:\/\/mm.howkuai.com\/wp-content\/uploads\/2015a\/01\/12\/09.jpg"]},{"plaintext":"\u7709\u6bdb\u5f2f\u5f2f\uff0c\u53ef\u7231\u7684\u65e5\u672c\u5973\u795e\u4e2d\u91ce\u4f51\u7f8e\u7b49","href":"http:\/\/www.meizitu.com\/a\/4733.html","pic_list":["http:\/\/mm.howkuai.com\/wp-content\/uploads\/2014a\/12\/68\/01.jpg","http:\/\/mm.howkuai.com\/wp-content\/uploads\/2014a\/12\/68\/02.jpg","http:\/\/mm.howkuai.com\/wp-content\/uploads\/2014a\/12\/68\/03.jpg","http:\/\/mm.howkuai.com\/wp-content\/uploads\/2014a\/12\/68\/04.jpg","http:\/\/mm.howkuai.com\/wp-content\/uploads\/2014a\/12\/68\/05.jpg","http:\/\/mm.howkuai.com\/wp-content\/uploads\/2014a\/12\/68\/06.jpg","http:\/\/mm.howkuai.com\/wp-content\/uploads\/2014a\/12\/68\/07.jpg","http:\/\/mm.howkuai.com\/wp-content\/uploads\/2014a\/12\/68\/08.jpg","http:\/\/mm.howkuai.com\/wp-content\/uploads\/2014a\/12\/68\/09.jpg","http:\/\/mm.howkuai.com\/wp-content\/uploads\/2014a\/12\/68\/10.jpg"]},{"plaintext":"\u65e5\u672c\u5973\u5fe7\u7eb1\u4ed3\u771f\u5948\u6027\u611f\u59ff\u6001\u653e\u9001","href":"http:\/\/www.meizitu.com\/a\/4713.html","pic_list":["http:\/\/mm.howkuai.com\/wp-content\/uploads\/2014a\/12\/48\/01.jpg","http:\/\/mm.howkuai.com\/wp-content\/uploads\/2014a\/12\/48\/02.jpg","http:\/\/mm.howkuai.com\/wp-content\/uploads\/2014a\/12\/48\/03.jpg","http:\/\/mm.howkuai.com\/wp-content\/uploads\/2014a\/12\/48\/04.jpg","http:\/\/mm.howkuai.com\/wp-content\/uploads\/2014a\/12\/48\/05.jpg","http:\/\/mm.howkuai.com\/wp-content\/uploads\/2014a\/12\/48\/06.jpg","http:\/\/mm.howkuai.com\/wp-content\/uploads\/2014a\/12\/48\/07.jpg","http:\/\/mm.howkuai.com\/wp-content\/uploads\/2014a\/12\/48\/08.jpg"]},{"plaintext":"\u65e5\u672c\u8d85\u4eba\u6c14\u6a21\u7279\uff0c\u957f\u76f8\u751c\u7f8e\u53ef\u4eba\uff0c\u6563\u53d1\u6e05\u7eaf\u6c14\u8d28","href":"http:\/\/www.meizitu.com\/a\/4701.html","pic_list":["http:\/\/mm.howkuai.com\/wp-content\/uploads\/2014a\/12\/36\/01.jpg","http:\/\/mm.howkuai.com\/wp-content\/uploads\/2014a\/12\/36\/02.jpg","http:\/\/mm.howkuai.com\/wp-content\/uploads\/2014a\/12\/36\/03.jpg","http:\/\/mm.howkuai.com\/wp-content\/uploads\/2014a\/12\/36\/04.jpg","http:\/\/mm.howkuai.com\/wp-content\/uploads\/2014a\/12\/36\/05.jpg","http:\/\/mm.howkuai.com\/wp-content\/uploads\/2014a\/12\/36\/06.jpg","http:\/\/mm.howkuai.com\/wp-content\/uploads\/2014a\/12\/36\/07.jpg","http:\/\/mm.howkuai.com\/wp-content\/uploads\/2014a\/12\/36\/08.jpg","http:\/\/mm.howkuai.com\/wp-content\/uploads\/2014a\/12\/36\/09.jpg"]},{"plaintext":"\u65e5\u672c\u6e05\u7eaf\u5c11\u5973\u5199\u771f\u6b23\u8d4f","href":"http:\/\/www.meizitu.com\/a\/4676.html","pic_list":["http:\/\/mm.howkuai.com\/wp-content\/uploads\/2014a\/12\/11\/01.jpg","http:\/\/mm.howkuai.com\/wp-content\/uploads\/2014a\/12\/11\/02.jpg","http:\/\/mm.howkuai.com\/wp-content\/uploads\/2014a\/12\/11\/03.jpg","http:\/\/mm.howkuai.com\/wp-content\/uploads\/2014a\/12\/11\/04.jpg","http:\/\/mm.howkuai.com\/wp-content\/uploads\/2014a\/12\/11\/05.jpg","http:\/\/mm.howkuai.com\/wp-content\/uploads\/2014a\/12\/11\/06.jpg","http:\/\/mm.howkuai.com\/wp-content\/uploads\/2014a\/12\/11\/07.jpg","http:\/\/mm.howkuai.com\/wp-content\/uploads\/2014a\/12\/11\/08.jpg","http:\/\/mm.howkuai.com\/wp-content\/uploads\/2014a\/12\/11\/09.jpg"]},{"plaintext":"\u771f\u8ba9\u4eba\u9189\u4e86\uff0c\u4e8c\u6b21\u5143\u3001\u4e09\u6b21\u5143\u7f8e\u5c11\u5973\u5408\u96c6\uff08\u4e00\uff09","href":"http:\/\/www.meizitu.com\/a\/4635.html","pic_list":["http:\/\/mm.howkuai.com\/wp-content\/uploads\/2014a\/11\/42\/01.jpg","http:\/\/mm.howkuai.com\/wp-content\/uploads\/2014a\/11\/42\/02.jpg","http:\/\/mm.howkuai.com\/wp-content\/uploads\/2014a\/11\/42\/03.jpg","http:\/\/mm.howkuai.com\/wp-content\/uploads\/2014a\/11\/42\/04.jpg","http:\/\/mm.howkuai.com\/wp-content\/uploads\/2014a\/11\/42\/05.jpg","http:\/\/mm.howkuai.com\/wp-content\/uploads\/2014a\/11\/42\/06.jpg","http:\/\/mm.howkuai.com\/wp-content\/uploads\/2014a\/11\/42\/07.jpg","http:\/\/mm.howkuai.com\/wp-content\/uploads\/2014a\/11\/42\/08.jpg","http:\/\/mm.howkuai.com\/wp-content\/uploads\/2014a\/11\/42\/09.jpg","http:\/\/mm.howkuai.com\/wp-content\/uploads\/2014a\/11\/42\/10.jpg"]},{"plaintext":"\u9b45\u529b\u6321\u4e0d\u4f4f\uff0cRainbow\u821e\u53f0\u73b0\u5a07\u7f9e\u6a21\u6837","href":"http:\/\/www.meizitu.com\/a\/4631.html","pic_list":["http:\/\/mm.howkuai.com\/wp-content\/uploads\/2014a\/11\/39\/01.jpg","http:\/\/mm.howkuai.com\/wp-content\/uploads\/2014a\/11\/39\/02.jpg","http:\/\/mm.howkuai.com\/wp-content\/uploads\/2014a\/11\/39\/03.jpg","http:\/\/mm.howkuai.com\/wp-content\/uploads\/2014a\/11\/39\/04.jpg","http:\/\/mm.howkuai.com\/wp-content\/uploads\/2014a\/11\/39\/05.jpg","http:\/\/mm.howkuai.com\/wp-content\/uploads\/2014a\/11\/39\/06.jpg","http:\/\/mm.howkuai.com\/wp-content\/uploads\/2014a\/11\/39\/07.jpg","http:\/\/mm.howkuai.com\/wp-content\/uploads\/2014a\/11\/39\/08.jpg"]},{"plaintext":"\u5de8\u4e73\u7f8e\u5973\u539f\u5e72\u60e0\u6d74\u6c60\u4e2d\u82b1\u74e3\u6d74\u5199\u771f","href":"http:\/\/www.meizitu.com\/a\/4588.html","pic_list":["http:\/\/mm.howkuai.com\/wp-content\/uploads\/2014a\/11\/02\/01.jpg","http:\/\/mm.howkuai.com\/wp-content\/uploads\/2014a\/11\/02\/02.jpg","http:\/\/mm.howkuai.com\/wp-content\/uploads\/2014a\/11\/02\/03.jpg","http:\/\/mm.howkuai.com\/wp-content\/uploads\/2014a\/11\/02\/04.jpg","http:\/\/mm.howkuai.com\/wp-content\/uploads\/2014a\/11\/02\/05.jpg","http:\/\/mm.howkuai.com\/wp-content\/uploads\/2014a\/11\/02\/06.jpg"]},{"plaintext":"\u6027\u611f\u65e5\u672c\u7f8e\u5973\u957f\u53d1\u7ec6\u817f","href":"http:\/\/www.meizitu.com\/a\/4587.html","pic_list":["http:\/\/mm.howkuai.com\/wp-content\/uploads\/2014a\/11\/01\/01.jpg","http:\/\/mm.howkuai.com\/wp-content\/uploads\/2014a\/11\/01\/02.jpg","http:\/\/mm.howkuai.com\/wp-content\/uploads\/2014a\/11\/01\/03.jpg","http:\/\/mm.howkuai.com\/wp-content\/uploads\/2014a\/11\/01\/04.jpg","http:\/\/mm.howkuai.com\/wp-content\/uploads\/2014a\/11\/01\/05.jpg","http:\/\/mm.howkuai.com\/wp-content\/uploads\/2014a\/11\/01\/06.jpg"]},{"plaintext":"\u600e\u80fd\u62b5\u6321\u7f8e\u81c0\u4e0e\u7f8e\u4e73\u7684\u51b2\u51fb\uff0c\u6027\u611f\u7684\u4eba\u513f","href":"http:\/\/www.meizitu.com\/a\/4586.html","pic_list":["http:\/\/mm.howkuai.com\/wp-content\/uploads\/2014a\/10\/72\/01.jpg","http:\/\/mm.howkuai.com\/wp-content\/uploads\/2014a\/10\/72\/02.jpg","http:\/\/mm.howkuai.com\/wp-content\/uploads\/2014a\/10\/72\/03.jpg","http:\/\/mm.howkuai.com\/wp-content\/uploads\/2014a\/10\/72\/04.jpg","http:\/\/mm.howkuai.com\/wp-content\/uploads\/2014a\/10\/72\/05.jpg","http:\/\/mm.howkuai.com\/wp-content\/uploads\/2014a\/10\/72\/06.jpg","http:\/\/mm.howkuai.com\/wp-content\/uploads\/2014a\/10\/72\/07.jpg","http:\/\/mm.howkuai.com\/wp-content\/uploads\/2014a\/10\/72\/08.jpg"]},{"plaintext":"\u65e5\u672c\u6027\u611f\u53cc\u59dd\u62cd\u8bf1\u60d1\u5199\u771f","href":"http:\/\/www.meizitu.com\/a\/4553.html","pic_list":["http:\/\/mm.howkuai.com\/wp-content\/uploads\/2014a\/10\/39\/01.jpg","http:\/\/mm.howkuai.com\/wp-content\/uploads\/2014a\/10\/39\/02.jpg","http:\/\/mm.howkuai.com\/wp-content\/uploads\/2014a\/10\/39\/03.jpg","http:\/\/mm.howkuai.com\/wp-content\/uploads\/2014a\/10\/39\/04.jpg","http:\/\/mm.howkuai.com\/wp-content\/uploads\/2014a\/10\/39\/05.jpg","http:\/\/mm.howkuai.com\/wp-content\/uploads\/2014a\/10\/39\/06.jpg","http:\/\/mm.howkuai.com\/wp-content\/uploads\/2014a\/10\/39\/07.jpg"]},{"plaintext":"\u73af\u80a5\u71d5\u7626\u7684\u5404\u79cd\u6027\u611f\u53c8\u9752\u6625\u7684\u53ef\u4eba","href":"http:\/\/www.meizitu.com\/a\/4487.html","pic_list":["http:\/\/mm.howkuai.com\/wp-content\/uploads\/2014a\/09\/32\/01.jpg","http:\/\/mm.howkuai.com\/wp-content\/uploads\/2014a\/09\/32\/02.jpg","http:\/\/mm.howkuai.com\/wp-content\/uploads\/2014a\/09\/32\/03.jpg","http:\/\/mm.howkuai.com\/wp-content\/uploads\/2014a\/09\/32\/04.jpg","http:\/\/mm.howkuai.com\/wp-content\/uploads\/2014a\/09\/32\/05.jpg","http:\/\/mm.howkuai.com\/wp-content\/uploads\/2014a\/09\/32\/06.jpg","http:\/\/mm.howkuai.com\/wp-content\/uploads\/2014a\/09\/32\/07.jpg","http:\/\/mm.howkuai.com\/wp-content\/uploads\/2014a\/09\/32\/08.jpg","http:\/\/mm.howkuai.com\/wp-content\/uploads\/2014a\/09\/32\/09.jpg","http:\/\/mm.howkuai.com\/wp-content\/uploads\/2014a\/09\/32\/10.jpg"]},{"plaintext":"\u6843\u816e\u674f\u9762\u7eee\u91cc\u5609\u6027\u611f\u5185\u8863\u56fe\u7247","href":"http:\/\/www.meizitu.com\/a\/4481.html","pic_list":["http:\/\/mm.howkuai.com\/wp-content\/uploads\/2014a\/09\/26\/01.jpg","http:\/\/mm.howkuai.com\/wp-content\/uploads\/2014a\/09\/26\/02.jpg","http:\/\/mm.howkuai.com\/wp-content\/uploads\/2014a\/09\/26\/03.jpg","http:\/\/mm.howkuai.com\/wp-content\/uploads\/2014a\/09\/26\/04.jpg","http:\/\/mm.howkuai.com\/wp-content\/uploads\/2014a\/09\/26\/05.jpg","http:\/\/mm.howkuai.com\/wp-content\/uploads\/2014a\/09\/26\/06.jpg","http:\/\/mm.howkuai.com\/wp-content\/uploads\/2014a\/09\/26\/07.jpg"]},{"plaintext":"\u65e5\u672c\u7f8e\u5973\uff0c\u7f8e\u80f8\u59b9\u5b50\u6d77\u8fb9\u6e05\u51c9\u4e00\u590f","href":"http:\/\/www.meizitu.com\/a\/4351.html","pic_list":["http:\/\/mm.howkuai.com\/wp-content\/uploads\/2014a\/07\/36\/01.jpg","http:\/\/mm.howkuai.com\/wp-content\/uploads\/2014a\/07\/36\/02.jpg","http:\/\/mm.howkuai.com\/wp-content\/uploads\/2014a\/07\/36\/03.jpg","http:\/\/mm.howkuai.com\/wp-content\/uploads\/2014a\/07\/36\/04.jpg","http:\/\/mm.howkuai.com\/wp-content\/uploads\/2014a\/07\/36\/05.jpg","http:\/\/mm.howkuai.com\/wp-content\/uploads\/2014a\/07\/36\/06.jpg"]},{"plaintext":"90\u540e\u65e5\u672c\u53ef\u7231\u5973\u6f14\u5458\u65b0\u5ddd\u4f18\u7231\u6700\u65b0\u5199\u771f","href":"http:\/\/www.meizitu.com\/a\/4218.html","pic_list":["http:\/\/mm.howkuai.com\/wp-content\/uploads\/2014a\/05\/19\/01.jpg","http:\/\/mm.howkuai.com\/wp-content\/uploads\/2014a\/05\/19\/02.jpg","http:\/\/mm.howkuai.com\/wp-content\/uploads\/2014a\/05\/19\/03.jpg","http:\/\/mm.howkuai.com\/wp-content\/uploads\/2014a\/05\/19\/04.jpg","http:\/\/mm.howkuai.com\/wp-content\/uploads\/2014a\/05\/19\/05.jpg","http:\/\/mm.howkuai.com\/wp-content\/uploads\/2014a\/05\/19\/06.jpg","http:\/\/mm.howkuai.com\/wp-content\/uploads\/2014a\/05\/19\/07.jpg","http:\/\/mm.howkuai.com\/wp-content\/uploads\/2014a\/05\/19\/08.jpg"]},{"plaintext":"\u606c\u9759\u7684\u751f\u6d3b\uff0c\u6e05\u7eaf\u7f8e\u5973\u7684\u65e5\u672c\u98ce\u60c5\u753b","href":"http:\/\/www.meizitu.com\/a\/4147.html","pic_list":["http:\/\/mm.howkuai.com\/wp-content\/uploads\/2014a\/04\/09\/01.jpg","http:\/\/mm.howkuai.com\/wp-content\/uploads\/2014a\/04\/09\/02.jpg","http:\/\/mm.howkuai.com\/wp-content\/uploads\/2014a\/04\/09\/03.jpg","http:\/\/mm.howkuai.com\/wp-content\/uploads\/2014a\/04\/09\/04.jpg","http:\/\/mm.howkuai.com\/wp-content\/uploads\/2014a\/04\/09\/05.jpg","http:\/\/mm.howkuai.com\/wp-content\/uploads\/2014a\/04\/09\/06.jpg","http:\/\/mm.howkuai.com\/wp-content\/uploads\/2014a\/04\/09\/07.jpg"]},{"plaintext":"\u9633\u5149\u4e0b\u5a07\u5a9a\u767d\u5ae9\u7684\u65e5\u672c\u59b9\u5b50\u4e2d\u6751\u9759\u9999","href":"http:\/\/www.meizitu.com\/a\/4129.html","pic_list":["http:\/\/mm.howkuai.com\/wp-content\/uploads\/2014a\/03\/58\/01.jpg","http:\/\/mm.howkuai.com\/wp-content\/uploads\/2014a\/03\/58\/02.jpg","http:\/\/mm.howkuai.com\/wp-content\/uploads\/2014a\/03\/58\/03.jpg","http:\/\/mm.howkuai.com\/wp-content\/uploads\/2014a\/03\/58\/04.jpg","http:\/\/mm.howkuai.com\/wp-content\/uploads\/2014a\/03\/58\/05.jpg","http:\/\/mm.howkuai.com\/wp-content\/uploads\/2014a\/03\/58\/06.jpg","http:\/\/mm.howkuai.com\/wp-content\/uploads\/2014a\/03\/58\/07.jpg"]}]