[{"plaintext":"\u97e9\u56fd\u5973\u4e3b\u64ad\u517c\u804c\u4e0a\u53f0\u8bb2\u8bfe \u7f51\u53cb\u76f4\u547c\uff1a\u4e0d\u6de1\u5b9a","href":"http:\/\/www.meizitu.com\/a\/5372.html","pic_list":["http:\/\/mm.howkuai.com\/wp-content\/uploads\/2016a\/05\/10\/01.jpg","http:\/\/mm.howkuai.com\/wp-content\/uploads\/2016a\/05\/10\/02.jpg","http:\/\/mm.howkuai.com\/wp-content\/uploads\/2016a\/05\/10\/03.jpg","http:\/\/mm.howkuai.com\/wp-content\/uploads\/2016a\/05\/10\/04.jpg","http:\/\/mm.howkuai.com\/wp-content\/uploads\/2016a\/05\/10\/05.jpg","http:\/\/mm.howkuai.com\/wp-content\/uploads\/2016a\/05\/10\/06.jpg","http:\/\/mm.howkuai.com\/wp-content\/uploads\/2016a\/05\/10\/07.jpg","http:\/\/mm.howkuai.com\/wp-content\/uploads\/2016a\/05\/10\/08.jpg","http:\/\/mm.howkuai.com\/wp-content\/uploads\/2016a\/05\/10\/09.jpg","http:\/\/mm.howkuai.com\/wp-content\/uploads\/2016a\/05\/10\/10.jpg"]},{"plaintext":"\u65e5\u7cfb\u6bd4\u57fa\u5c3c\u7f8e\u5973\u51fa\u6f142016\u5e74\u53f0\u5386","href":"http:\/\/www.meizitu.com\/a\/5353.html","pic_list":["http:\/\/mm.howkuai.com\/wp-content\/uploads\/2016a\/04\/13\/01.jpg","http:\/\/mm.howkuai.com\/wp-content\/uploads\/2016a\/04\/13\/02.jpg","http:\/\/mm.howkuai.com\/wp-content\/uploads\/2016a\/04\/13\/03.jpg","http:\/\/mm.howkuai.com\/wp-content\/uploads\/2016a\/04\/13\/04.jpg","http:\/\/mm.howkuai.com\/wp-content\/uploads\/2016a\/04\/13\/05.jpg","http:\/\/mm.howkuai.com\/wp-content\/uploads\/2016a\/04\/13\/06.jpg","http:\/\/mm.howkuai.com\/wp-content\/uploads\/2016a\/04\/13\/07.jpg","http:\/\/mm.howkuai.com\/wp-content\/uploads\/2016a\/04\/13\/08.jpg","http:\/\/mm.howkuai.com\/wp-content\/uploads\/2016a\/04\/13\/09.jpg","http:\/\/mm.howkuai.com\/wp-content\/uploads\/2016a\/04\/13\/10.jpg"]},{"plaintext":"\u7ae5\u989c\u5de8\u4e73\u65e5\u672c\u5973\u661f\u6d77\u6ee9\u5c55\u73b0\u4e30\u6ee1\u8eab\u6750","href":"http:\/\/www.meizitu.com\/a\/5341.html","pic_list":["http:\/\/mm.howkuai.com\/wp-content\/uploads\/2016a\/04\/01\/01.jpg","http:\/\/mm.howkuai.com\/wp-content\/uploads\/2016a\/04\/01\/02.jpg","http:\/\/mm.howkuai.com\/wp-content\/uploads\/2016a\/04\/01\/03.jpg","http:\/\/mm.howkuai.com\/wp-content\/uploads\/2016a\/04\/01\/04.jpg","http:\/\/mm.howkuai.com\/wp-content\/uploads\/2016a\/04\/01\/05.jpg","http:\/\/mm.howkuai.com\/wp-content\/uploads\/2016a\/04\/01\/06.jpg","http:\/\/mm.howkuai.com\/wp-content\/uploads\/2016a\/04\/01\/07.jpg","http:\/\/mm.howkuai.com\/wp-content\/uploads\/2016a\/04\/01\/08.jpg","http:\/\/mm.howkuai.com\/wp-content\/uploads\/2016a\/04\/01\/09.jpg"]},{"plaintext":"\u4e00\u6ce2\u65e5\u672c\u59b9\u5b50\u6df1\u591c\u6765\u88ad\uff0c\u5c9b\u56fd\u59b9\u5b50\u989c\u503c\u9ad8","href":"http:\/\/www.meizitu.com\/a\/5336.html","pic_list":["http:\/\/mm.howkuai.com\/wp-content\/uploads\/2016a\/03\/16\/01.jpg","http:\/\/mm.howkuai.com\/wp-content\/uploads\/2016a\/03\/16\/02.jpg","http:\/\/mm.howkuai.com\/wp-content\/uploads\/2016a\/03\/16\/03.jpg","http:\/\/mm.howkuai.com\/wp-content\/uploads\/2016a\/03\/16\/04.jpg","http:\/\/mm.howkuai.com\/wp-content\/uploads\/2016a\/03\/16\/05.jpg","http:\/\/mm.howkuai.com\/wp-content\/uploads\/2016a\/03\/16\/06.jpg","http:\/\/mm.howkuai.com\/wp-content\/uploads\/2016a\/03\/16\/07.jpg","http:\/\/mm.howkuai.com\/wp-content\/uploads\/2016a\/03\/16\/08.jpg","http:\/\/mm.howkuai.com\/wp-content\/uploads\/2016a\/03\/16\/09.jpg"]},{"plaintext":"\u4e30\u6ee1\u8089\u611f\u7684\u65e5\u672c\u7f8e\u80f8\u5973\u795e\u7b71\u5d0e\u7231\u590f\u65e5\u5199\u771f","href":"http:\/\/www.meizitu.com\/a\/5324.html","pic_list":["http:\/\/mm.howkuai.com\/wp-content\/uploads\/2016a\/03\/04\/01.jpg","http:\/\/mm.howkuai.com\/wp-content\/uploads\/2016a\/03\/04\/02.jpg","http:\/\/mm.howkuai.com\/wp-content\/uploads\/2016a\/03\/04\/03.jpg","http:\/\/mm.howkuai.com\/wp-content\/uploads\/2016a\/03\/04\/04.jpg","http:\/\/mm.howkuai.com\/wp-content\/uploads\/2016a\/03\/04\/05.jpg","http:\/\/mm.howkuai.com\/wp-content\/uploads\/2016a\/03\/04\/06.jpg","http:\/\/mm.howkuai.com\/wp-content\/uploads\/2016a\/03\/04\/07.jpg"]},{"plaintext":"\u65e5\u672c\u65b0\u751f\u4ee3\u4eba\u6c14\u5076\u50cf\u4f50\u91ce\u96cf\u5b50\u6e05\u7eaf\u56fe\u7247\u96c6","href":"http:\/\/www.meizitu.com\/a\/5256.html","pic_list":["http:\/\/mm.howkuai.com\/wp-content\/uploads\/2015a\/12\/21\/01.jpg","http:\/\/mm.howkuai.com\/wp-content\/uploads\/2015a\/12\/21\/02.jpg","http:\/\/mm.howkuai.com\/wp-content\/uploads\/2015a\/12\/21\/03.jpg","http:\/\/mm.howkuai.com\/wp-content\/uploads\/2015a\/12\/21\/04.jpg","http:\/\/mm.howkuai.com\/wp-content\/uploads\/2015a\/12\/21\/05.jpg","http:\/\/mm.howkuai.com\/wp-content\/uploads\/2015a\/12\/21\/06.jpg","http:\/\/mm.howkuai.com\/wp-content\/uploads\/2015a\/12\/21\/07.jpg","http:\/\/mm.howkuai.com\/wp-content\/uploads\/2015a\/12\/21\/08.jpg","http:\/\/mm.howkuai.com\/wp-content\/uploads\/2015a\/12\/21\/09.jpg"]},{"plaintext":"\u5019\u8865\u751f\u65e5\u672c\u6a21\u7279\u91ce\u7530\u5f69\u52a0\u9ad8\u6e05\u5199\u771f","href":"http:\/\/www.meizitu.com\/a\/5221.html","pic_list":["http:\/\/mm.howkuai.com\/wp-content\/uploads\/2015a\/11\/16\/01.jpg","http:\/\/mm.howkuai.com\/wp-content\/uploads\/2015a\/11\/16\/02.jpg","http:\/\/mm.howkuai.com\/wp-content\/uploads\/2015a\/11\/16\/03.jpg","http:\/\/mm.howkuai.com\/wp-content\/uploads\/2015a\/11\/16\/04.jpg","http:\/\/mm.howkuai.com\/wp-content\/uploads\/2015a\/11\/16\/05.jpg","http:\/\/mm.howkuai.com\/wp-content\/uploads\/2015a\/11\/16\/06.jpg","http:\/\/mm.howkuai.com\/wp-content\/uploads\/2015a\/11\/16\/07.jpg","http:\/\/mm.howkuai.com\/wp-content\/uploads\/2015a\/11\/16\/08.jpg","http:\/\/mm.howkuai.com\/wp-content\/uploads\/2015a\/11\/16\/09.jpg"]},{"plaintext":"\u65e5\u672c\u5973\u6027\u5076\u50cf\u4f50\u85e4\u4e3d\u5948\u5199\u771f","href":"http:\/\/www.meizitu.com\/a\/5220.html","pic_list":["http:\/\/mm.howkuai.com\/wp-content\/uploads\/2015a\/11\/15\/01.jpg","http:\/\/mm.howkuai.com\/wp-content\/uploads\/2015a\/11\/15\/02.jpg","http:\/\/mm.howkuai.com\/wp-content\/uploads\/2015a\/11\/15\/03.jpg","http:\/\/mm.howkuai.com\/wp-content\/uploads\/2015a\/11\/15\/04.jpg","http:\/\/mm.howkuai.com\/wp-content\/uploads\/2015a\/11\/15\/05.jpg","http:\/\/mm.howkuai.com\/wp-content\/uploads\/2015a\/11\/15\/06.jpg","http:\/\/mm.howkuai.com\/wp-content\/uploads\/2015a\/11\/15\/07.jpg","http:\/\/mm.howkuai.com\/wp-content\/uploads\/2015a\/11\/15\/08.jpg"]},{"plaintext":"\u6e05\u7eaf\u53ef\u7231\u7684\u65e5\u672c\u59b9\u5b50\u7c89\u8272\u7cfb\u7761\u8863\u63a7","href":"http:\/\/www.meizitu.com\/a\/5201.html","pic_list":["http:\/\/mm.howkuai.com\/wp-content\/uploads\/2015a\/10\/32\/01.jpg","http:\/\/mm.howkuai.com\/wp-content\/uploads\/2015a\/10\/32\/02.jpg","http:\/\/mm.howkuai.com\/wp-content\/uploads\/2015a\/10\/32\/03.jpg","http:\/\/mm.howkuai.com\/wp-content\/uploads\/2015a\/10\/32\/04.jpg","http:\/\/mm.howkuai.com\/wp-content\/uploads\/2015a\/10\/32\/05.jpg","http:\/\/mm.howkuai.com\/wp-content\/uploads\/2015a\/10\/32\/06.jpg","http:\/\/mm.howkuai.com\/wp-content\/uploads\/2015a\/10\/32\/07.jpg","http:\/\/mm.howkuai.com\/wp-content\/uploads\/2015a\/10\/32\/08.jpg","http:\/\/mm.howkuai.com\/wp-content\/uploads\/2015a\/10\/32\/09.jpg","http:\/\/mm.howkuai.com\/wp-content\/uploads\/2015a\/10\/32\/10.jpg"]},{"plaintext":"\u65e5\u672c\u65b0\u664b\u6df7\u8840\u5199\u771f\u5076\u50cf\u6bd4\u57fa\u5c3c\u5199\u771f","href":"http:\/\/www.meizitu.com\/a\/5200.html","pic_list":["http:\/\/mm.howkuai.com\/wp-content\/uploads\/2015a\/10\/31\/01.jpg","http:\/\/mm.howkuai.com\/wp-content\/uploads\/2015a\/10\/31\/02.jpg","http:\/\/mm.howkuai.com\/wp-content\/uploads\/2015a\/10\/31\/03.jpg","http:\/\/mm.howkuai.com\/wp-content\/uploads\/2015a\/10\/31\/04.jpg","http:\/\/mm.howkuai.com\/wp-content\/uploads\/2015a\/10\/31\/05.jpg","http:\/\/mm.howkuai.com\/wp-content\/uploads\/2015a\/10\/31\/06.jpg"]},{"plaintext":"\u65e5\u672c\u59b9\u5b50\u9732\u9f7f\u751c\u7f8e\u4e00\u7b11\u864f\u83b7\u591a\u5c11\u5b85\u7537\u5fc3","href":"http:\/\/www.meizitu.com\/a\/5171.html","pic_list":["http:\/\/mm.howkuai.com\/wp-content\/uploads\/2015a\/10\/02\/01.jpg","http:\/\/mm.howkuai.com\/wp-content\/uploads\/2015a\/10\/02\/02.jpg","http:\/\/mm.howkuai.com\/wp-content\/uploads\/2015a\/10\/02\/03.jpg","http:\/\/mm.howkuai.com\/wp-content\/uploads\/2015a\/10\/02\/04.jpg","http:\/\/mm.howkuai.com\/wp-content\/uploads\/2015a\/10\/02\/05.jpg","http:\/\/mm.howkuai.com\/wp-content\/uploads\/2015a\/10\/02\/06.jpg","http:\/\/mm.howkuai.com\/wp-content\/uploads\/2015a\/10\/02\/07.jpg","http:\/\/mm.howkuai.com\/wp-content\/uploads\/2015a\/10\/02\/08.jpg","http:\/\/mm.howkuai.com\/wp-content\/uploads\/2015a\/10\/02\/09.jpg"]},{"plaintext":"\u65e5\u672c\u5ae9\u6a21\u4e2d\u91ce\u4f51\u7f8e\u7c89\u8272\u5185\u8863\u6027\u611f\u79c1\u623f","href":"http:\/\/www.meizitu.com\/a\/5147.html","pic_list":["http:\/\/mm.howkuai.com\/wp-content\/uploads\/2015a\/09\/13\/01.jpg","http:\/\/mm.howkuai.com\/wp-content\/uploads\/2015a\/09\/13\/02.jpg","http:\/\/mm.howkuai.com\/wp-content\/uploads\/2015a\/09\/13\/03.jpg","http:\/\/mm.howkuai.com\/wp-content\/uploads\/2015a\/09\/13\/04.jpg","http:\/\/mm.howkuai.com\/wp-content\/uploads\/2015a\/09\/13\/05.jpg","http:\/\/mm.howkuai.com\/wp-content\/uploads\/2015a\/09\/13\/06.jpg","http:\/\/mm.howkuai.com\/wp-content\/uploads\/2015a\/09\/13\/07.jpg","http:\/\/mm.howkuai.com\/wp-content\/uploads\/2015a\/09\/13\/08.jpg","http:\/\/mm.howkuai.com\/wp-content\/uploads\/2015a\/09\/13\/09.jpg"]},{"plaintext":"\u65e5\u672c\u5973\u661f\u771f\u91ce\u60e0\u91cc\u83dc\u4e3a\u65e5\u672c\u5468\u520a\u62cd\u6444\u5199\u771f","href":"http:\/\/www.meizitu.com\/a\/5142.html","pic_list":["http:\/\/mm.howkuai.com\/wp-content\/uploads\/2015a\/09\/09\/01.jpg","http:\/\/mm.howkuai.com\/wp-content\/uploads\/2015a\/09\/09\/02.jpg","http:\/\/mm.howkuai.com\/wp-content\/uploads\/2015a\/09\/09\/03.jpg","http:\/\/mm.howkuai.com\/wp-content\/uploads\/2015a\/09\/09\/04.jpg","http:\/\/mm.howkuai.com\/wp-content\/uploads\/2015a\/09\/09\/05.jpg","http:\/\/mm.howkuai.com\/wp-content\/uploads\/2015a\/09\/09\/06.jpg"]},{"plaintext":"\u660e\u7738\u5584\u7750\uff0c\u6e05\u7eaf\u6c14\u8d28\u7684\u65e5\u672c\u7f8e\u5973","href":"http:\/\/www.meizitu.com\/a\/5090.html","pic_list":["http:\/\/mm.howkuai.com\/wp-content\/uploads\/2015a\/07\/40\/01.jpg","http:\/\/mm.howkuai.com\/wp-content\/uploads\/2015a\/07\/40\/02.jpg","http:\/\/mm.howkuai.com\/wp-content\/uploads\/2015a\/07\/40\/03.jpg","http:\/\/mm.howkuai.com\/wp-content\/uploads\/2015a\/07\/40\/04.jpg","http:\/\/mm.howkuai.com\/wp-content\/uploads\/2015a\/07\/40\/05.jpg","http:\/\/mm.howkuai.com\/wp-content\/uploads\/2015a\/07\/40\/06.jpg","http:\/\/mm.howkuai.com\/wp-content\/uploads\/2015a\/07\/40\/07.jpg","http:\/\/mm.howkuai.com\/wp-content\/uploads\/2015a\/07\/40\/08.jpg"]},{"plaintext":"\u65e5\u672c\u6027\u611f\u6a21\u7279\u9ebb\u4ed3\u7f8e\u5a1c\u5199\u771f","href":"http:\/\/www.meizitu.com\/a\/5061.html","pic_list":["http:\/\/mm.howkuai.com\/wp-content\/uploads\/2015a\/07\/12\/01.jpg","http:\/\/mm.howkuai.com\/wp-content\/uploads\/2015a\/07\/12\/02.jpg","http:\/\/mm.howkuai.com\/wp-content\/uploads\/2015a\/07\/12\/03.jpg","http:\/\/mm.howkuai.com\/wp-content\/uploads\/2015a\/07\/12\/04.jpg","http:\/\/mm.howkuai.com\/wp-content\/uploads\/2015a\/07\/12\/05.jpg","http:\/\/mm.howkuai.com\/wp-content\/uploads\/2015a\/07\/12\/06.jpg","http:\/\/mm.howkuai.com\/wp-content\/uploads\/2015a\/07\/12\/07.jpg","http:\/\/mm.howkuai.com\/wp-content\/uploads\/2015a\/07\/12\/08.jpg","http:\/\/mm.howkuai.com\/wp-content\/uploads\/2015a\/07\/12\/09.jpg"]},{"plaintext":"\u53ef\u7231\u65e5\u672c\u7f8e\u5973SNH48\u4e0eAKB48\u6210\u5458\u5199\u771f","href":"http:\/\/www.meizitu.com\/a\/5043.html","pic_list":["http:\/\/mm.howkuai.com\/wp-content\/uploads\/2015a\/06\/36\/01.jpg","http:\/\/mm.howkuai.com\/wp-content\/uploads\/2015a\/06\/36\/02.jpg","http:\/\/mm.howkuai.com\/wp-content\/uploads\/2015a\/06\/36\/03.jpg","http:\/\/mm.howkuai.com\/wp-content\/uploads\/2015a\/06\/36\/04.jpg","http:\/\/mm.howkuai.com\/wp-content\/uploads\/2015a\/06\/36\/05.jpg","http:\/\/mm.howkuai.com\/wp-content\/uploads\/2015a\/06\/36\/06.jpg","http:\/\/mm.howkuai.com\/wp-content\/uploads\/2015a\/06\/36\/07.jpg","http:\/\/mm.howkuai.com\/wp-content\/uploads\/2015a\/06\/36\/08.jpg","http:\/\/mm.howkuai.com\/wp-content\/uploads\/2015a\/06\/36\/09.jpg","http:\/\/mm.howkuai.com\/wp-content\/uploads\/2015a\/06\/36\/10.jpg"]},{"plaintext":"\u6e05\u7eaf\u65e5\u672c\u5c11\u5973\uff0c\u524d\u7530\u7f8e\u91cc\u5236\u670d\u5199\u771f","href":"http:\/\/www.meizitu.com\/a\/4999.html","pic_list":["http:\/\/mm.howkuai.com\/wp-content\/uploads\/2015a\/05\/49\/01.jpg","http:\/\/mm.howkuai.com\/wp-content\/uploads\/2015a\/05\/49\/02.jpg","http:\/\/mm.howkuai.com\/wp-content\/uploads\/2015a\/05\/49\/03.jpg","http:\/\/mm.howkuai.com\/wp-content\/uploads\/2015a\/05\/49\/04.jpg","http:\/\/mm.howkuai.com\/wp-content\/uploads\/2015a\/05\/49\/05.jpg","http:\/\/mm.howkuai.com\/wp-content\/uploads\/2015a\/05\/49\/06.jpg","http:\/\/mm.howkuai.com\/wp-content\/uploads\/2015a\/05\/49\/07.jpg","http:\/\/mm.howkuai.com\/wp-content\/uploads\/2015a\/05\/49\/08.jpg","http:\/\/mm.howkuai.com\/wp-content\/uploads\/2015a\/05\/49\/09.jpg"]},{"plaintext":"\u6e05\u7eaf\u53ef\u7231\u7684\u65e5\u672c\u5c11\u5973\uff0c\u7d20\u989c\u6de1\u5986\u66f4\u8ba9\u4eba\u559c\u7231","href":"http:\/\/www.meizitu.com\/a\/4990.html","pic_list":["http:\/\/mm.howkuai.com\/wp-content\/uploads\/2015a\/05\/40\/01.jpg","http:\/\/mm.howkuai.com\/wp-content\/uploads\/2015a\/05\/40\/02.jpg","http:\/\/mm.howkuai.com\/wp-content\/uploads\/2015a\/05\/40\/03.jpg","http:\/\/mm.howkuai.com\/wp-content\/uploads\/2015a\/05\/40\/04.jpg","http:\/\/mm.howkuai.com\/wp-content\/uploads\/2015a\/05\/40\/05.jpg","http:\/\/mm.howkuai.com\/wp-content\/uploads\/2015a\/05\/40\/06.jpg","http:\/\/mm.howkuai.com\/wp-content\/uploads\/2015a\/05\/40\/07.jpg"]},{"plaintext":"\u6728\u6751\u8475 \u304d\u307e\u3050\u308c\u30cd\u30b3\u30e1\u7f8e\u5c11\u5973\u5165\u5b66","href":"http:\/\/www.meizitu.com\/a\/4963.html","pic_list":["http:\/\/mm.howkuai.com\/wp-content\/uploads\/2015a\/05\/12\/01.jpg","http:\/\/mm.howkuai.com\/wp-content\/uploads\/2015a\/05\/12\/02.jpg","http:\/\/mm.howkuai.com\/wp-content\/uploads\/2015a\/05\/12\/03.jpg","http:\/\/mm.howkuai.com\/wp-content\/uploads\/2015a\/05\/12\/04.jpg","http:\/\/mm.howkuai.com\/wp-content\/uploads\/2015a\/05\/12\/05.jpg","http:\/\/mm.howkuai.com\/wp-content\/uploads\/2015a\/05\/12\/06.jpg","http:\/\/mm.howkuai.com\/wp-content\/uploads\/2015a\/05\/12\/07.jpg","http:\/\/mm.howkuai.com\/wp-content\/uploads\/2015a\/05\/12\/08.jpg"]},{"plaintext":"SKE48\u6e05\u7eaf\u65e5\u672c\u5c11\u5973\u5199\u771f","href":"http:\/\/www.meizitu.com\/a\/4959.html","pic_list":["http:\/\/mm.howkuai.com\/wp-content\/uploads\/2015a\/05\/08\/01.jpg","http:\/\/mm.howkuai.com\/wp-content\/uploads\/2015a\/05\/08\/02.jpg","http:\/\/mm.howkuai.com\/wp-content\/uploads\/2015a\/05\/08\/03.jpg","http:\/\/mm.howkuai.com\/wp-content\/uploads\/2015a\/05\/08\/04.jpg","http:\/\/mm.howkuai.com\/wp-content\/uploads\/2015a\/05\/08\/05.jpg","http:\/\/mm.howkuai.com\/wp-content\/uploads\/2015a\/05\/08\/06.jpg","http:\/\/mm.howkuai.com\/wp-content\/uploads\/2015a\/05\/08\/07.jpg","http:\/\/mm.howkuai.com\/wp-content\/uploads\/2015a\/05\/08\/08.jpg","http:\/\/mm.howkuai.com\/wp-content\/uploads\/2015a\/05\/08\/09.jpg","http:\/\/mm.howkuai.com\/wp-content\/uploads\/2015a\/05\/08\/10.jpg"]},{"plaintext":"\u6cf3\u6c60\u4e2d\u7684\u4e30\u6ee1\u65e5\u7cfb\u7f8e\u5973\uff0c\u6709\u7740\u9633\u5149\u7387\u771f\u7684\u7b11\u5bb9","href":"http:\/\/www.meizitu.com\/a\/4946.html","pic_list":["http:\/\/mm.howkuai.com\/wp-content\/uploads\/2015a\/04\/50\/01.jpg","http:\/\/mm.howkuai.com\/wp-content\/uploads\/2015a\/04\/50\/02.jpg","http:\/\/mm.howkuai.com\/wp-content\/uploads\/2015a\/04\/50\/03.jpg","http:\/\/mm.howkuai.com\/wp-content\/uploads\/2015a\/04\/50\/04.jpg","http:\/\/mm.howkuai.com\/wp-content\/uploads\/2015a\/04\/50\/05.jpg","http:\/\/mm.howkuai.com\/wp-content\/uploads\/2015a\/04\/50\/06.jpg","http:\/\/mm.howkuai.com\/wp-content\/uploads\/2015a\/04\/50\/07.jpg","http:\/\/mm.howkuai.com\/wp-content\/uploads\/2015a\/04\/50\/08.jpg","http:\/\/mm.howkuai.com\/wp-content\/uploads\/2015a\/04\/50\/09.jpg","http:\/\/mm.howkuai.com\/wp-content\/uploads\/2015a\/04\/50\/10.jpg"]},{"plaintext":"\u65e5\u672c\u7f8e\u5973\u56fe\u7247\u5c71\u5730\u307e\u308a \u541b\u3068\u91cd\u529b","href":"http:\/\/www.meizitu.com\/a\/4931.html","pic_list":["http:\/\/mm.howkuai.com\/wp-content\/uploads\/2015a\/04\/35\/01.jpg","http:\/\/mm.howkuai.com\/wp-content\/uploads\/2015a\/04\/35\/02.jpg","http:\/\/mm.howkuai.com\/wp-content\/uploads\/2015a\/04\/35\/03.jpg","http:\/\/mm.howkuai.com\/wp-content\/uploads\/2015a\/04\/35\/04.jpg","http:\/\/mm.howkuai.com\/wp-content\/uploads\/2015a\/04\/35\/05.jpg","http:\/\/mm.howkuai.com\/wp-content\/uploads\/2015a\/04\/35\/06.jpg","http:\/\/mm.howkuai.com\/wp-content\/uploads\/2015a\/04\/35\/07.jpg"]},{"plaintext":"\u7a7f\u7740\u82b1\u513f\u505a\u6210\u7684\u8863\u88f3\uff0c\u65e5\u672c\u7f8e\u7709\u7f8e\u9189\u4f17\u4eba","href":"http:\/\/www.meizitu.com\/a\/4910.html","pic_list":["http:\/\/mm.howkuai.com\/wp-content\/uploads\/2015a\/04\/14\/01.jpg","http:\/\/mm.howkuai.com\/wp-content\/uploads\/2015a\/04\/14\/02.jpg","http:\/\/mm.howkuai.com\/wp-content\/uploads\/2015a\/04\/14\/03.jpg","http:\/\/mm.howkuai.com\/wp-content\/uploads\/2015a\/04\/14\/04.jpg","http:\/\/mm.howkuai.com\/wp-content\/uploads\/2015a\/04\/14\/05.jpg","http:\/\/mm.howkuai.com\/wp-content\/uploads\/2015a\/04\/14\/06.jpg","http:\/\/mm.howkuai.com\/wp-content\/uploads\/2015a\/04\/14\/07.jpg","http:\/\/mm.howkuai.com\/wp-content\/uploads\/2015a\/04\/14\/08.jpg","http:\/\/mm.howkuai.com\/wp-content\/uploads\/2015a\/04\/14\/09.jpg"]}]