[{"plaintext":"\u840c\u59b9\u5b50\u7684\u8fde\u4f53\u6cf3\u8863\u7167\uff0c\u65e5\u672c\u6027\u611f\u7f8e\u5973\u6728\u6751\u771f\u5e06","href":"http:\/\/www.meizitu.com\/a\/4111.html","pic_list":["http:\/\/mm.howkuai.com\/wp-content\/uploads\/2014a\/03\/40\/01.jpg","http:\/\/mm.howkuai.com\/wp-content\/uploads\/2014a\/03\/40\/02.jpg","http:\/\/mm.howkuai.com\/wp-content\/uploads\/2014a\/03\/40\/03.jpg","http:\/\/mm.howkuai.com\/wp-content\/uploads\/2014a\/03\/40\/04.jpg","http:\/\/mm.howkuai.com\/wp-content\/uploads\/2014a\/03\/40\/05.jpg","http:\/\/mm.howkuai.com\/wp-content\/uploads\/2014a\/03\/40\/06.jpg","http:\/\/mm.howkuai.com\/wp-content\/uploads\/2014a\/03\/40\/07.jpg","http:\/\/mm.howkuai.com\/wp-content\/uploads\/2014a\/03\/40\/08.jpg"]},{"plaintext":"[\u65e5\u672c\u7f8e\u5973]\u5927\u6865\u672a\u4e45\u6d74\u5ba4\u8bf1\u4eba\u56fe\u7247\u5199\u771f","href":"http:\/\/www.meizitu.com\/a\/4017.html","pic_list":["http:\/\/mm.howkuai.com\/wp-content\/uploads\/2014a\/02\/08\/01.jpg","http:\/\/mm.howkuai.com\/wp-content\/uploads\/2014a\/02\/08\/02.jpg","http:\/\/mm.howkuai.com\/wp-content\/uploads\/2014a\/02\/08\/03.jpg","http:\/\/mm.howkuai.com\/wp-content\/uploads\/2014a\/02\/08\/04.jpg","http:\/\/mm.howkuai.com\/wp-content\/uploads\/2014a\/02\/08\/05.jpg","http:\/\/mm.howkuai.com\/wp-content\/uploads\/2014a\/02\/08\/06.jpg","http:\/\/mm.howkuai.com\/wp-content\/uploads\/2014a\/02\/08\/07.jpg","http:\/\/mm.howkuai.com\/wp-content\/uploads\/2014a\/02\/08\/08.jpg","http:\/\/mm.howkuai.com\/wp-content\/uploads\/2014a\/02\/08\/09.jpg"]},{"plaintext":"\u65e5\u672c\u6f02\u4eae\u7f8e\u5973\u767d\u7699\u80f4\u4f53\u5a07\u5a9a\u64a9\u4eba","href":"http:\/\/www.meizitu.com\/a\/4008.html","pic_list":["http:\/\/mm.howkuai.com\/wp-content\/uploads\/2014a\/01\/70\/01.jpg","http:\/\/mm.howkuai.com\/wp-content\/uploads\/2014a\/01\/70\/02.jpg","http:\/\/mm.howkuai.com\/wp-content\/uploads\/2014a\/01\/70\/03.jpg","http:\/\/mm.howkuai.com\/wp-content\/uploads\/2014a\/01\/70\/04.jpg","http:\/\/mm.howkuai.com\/wp-content\/uploads\/2014a\/01\/70\/05.jpg","http:\/\/mm.howkuai.com\/wp-content\/uploads\/2014a\/01\/70\/06.jpg","http:\/\/mm.howkuai.com\/wp-content\/uploads\/2014a\/01\/70\/07.jpg","http:\/\/mm.howkuai.com\/wp-content\/uploads\/2014a\/01\/70\/08.jpg"]},{"plaintext":"\u65e5\u672c\u4eba\u6c14\u8d85\u6a21\u4f50\u4f50\u6728\u5e0c\u6cf3\u88c5\u5199\u771f","href":"http:\/\/www.meizitu.com\/a\/4001.html","pic_list":["http:\/\/mm.howkuai.com\/wp-content\/uploads\/2014a\/01\/65\/01.jpg","http:\/\/mm.howkuai.com\/wp-content\/uploads\/2014a\/01\/65\/02.jpg","http:\/\/mm.howkuai.com\/wp-content\/uploads\/2014a\/01\/65\/03.jpg","http:\/\/mm.howkuai.com\/wp-content\/uploads\/2014a\/01\/65\/04.jpg","http:\/\/mm.howkuai.com\/wp-content\/uploads\/2014a\/01\/65\/05.jpg","http:\/\/mm.howkuai.com\/wp-content\/uploads\/2014a\/01\/65\/06.jpg","http:\/\/mm.howkuai.com\/wp-content\/uploads\/2014a\/01\/65\/07.jpg","http:\/\/mm.howkuai.com\/wp-content\/uploads\/2014a\/01\/65\/08.jpg","http:\/\/mm.howkuai.com\/wp-content\/uploads\/2014a\/01\/65\/09.jpg","http:\/\/mm.howkuai.com\/wp-content\/uploads\/2014a\/01\/65\/10.jpg"]},{"plaintext":"\u65e5\u672c\u840c\u59b9\u9022\u6cfd\u8389\u5a1c\u79c0\u8bf1\u4eba\u5c11\u5973\u80f4\u4f53","href":"http:\/\/www.meizitu.com\/a\/3952.html","pic_list":["http:\/\/mm.howkuai.com\/wp-content\/uploads\/2014a\/01\/19\/01.jpg","http:\/\/mm.howkuai.com\/wp-content\/uploads\/2014a\/01\/19\/02.jpg","http:\/\/mm.howkuai.com\/wp-content\/uploads\/2014a\/01\/19\/03.jpg","http:\/\/mm.howkuai.com\/wp-content\/uploads\/2014a\/01\/19\/04.jpg","http:\/\/mm.howkuai.com\/wp-content\/uploads\/2014a\/01\/19\/05.jpg","http:\/\/mm.howkuai.com\/wp-content\/uploads\/2014a\/01\/19\/06.jpg","http:\/\/mm.howkuai.com\/wp-content\/uploads\/2014a\/01\/19\/07.jpg","http:\/\/mm.howkuai.com\/wp-content\/uploads\/2014a\/01\/19\/08.jpg","http:\/\/mm.howkuai.com\/wp-content\/uploads\/2014a\/01\/19\/09.jpg"]},{"plaintext":"\u65e5\u672c\u7f8e\u5c11\u5973\u5c0f\u677e\u5f69\u590f\u5199\u771f","href":"http:\/\/www.meizitu.com\/a\/3951.html","pic_list":["http:\/\/mm.howkuai.com\/wp-content\/uploads\/2014a\/01\/18\/01.jpg","http:\/\/mm.howkuai.com\/wp-content\/uploads\/2014a\/01\/18\/02.jpg","http:\/\/mm.howkuai.com\/wp-content\/uploads\/2014a\/01\/18\/03.jpg","http:\/\/mm.howkuai.com\/wp-content\/uploads\/2014a\/01\/18\/04.jpg","http:\/\/mm.howkuai.com\/wp-content\/uploads\/2014a\/01\/18\/05.jpg","http:\/\/mm.howkuai.com\/wp-content\/uploads\/2014a\/01\/18\/06.jpg","http:\/\/mm.howkuai.com\/wp-content\/uploads\/2014a\/01\/18\/07.jpg"]},{"plaintext":"\u77ed\u53d1\u7684\u6ecb\u5473\uff0c\u4e30\u6ee1\u8ff7\u4eba\u7684\u65e5\u672c\u6a21\u7279\u559c\u5c4b\u6b66\u5343\u79cb","href":"http:\/\/www.meizitu.com\/a\/3927.html","pic_list":["http:\/\/mm.howkuai.com\/wp-content\/uploads\/2013a\/12\/63\/01.jpg","http:\/\/mm.howkuai.com\/wp-content\/uploads\/2013a\/12\/63\/02.jpg","http:\/\/mm.howkuai.com\/wp-content\/uploads\/2013a\/12\/63\/03.jpg","http:\/\/mm.howkuai.com\/wp-content\/uploads\/2013a\/12\/63\/04.jpg","http:\/\/mm.howkuai.com\/wp-content\/uploads\/2013a\/12\/63\/05.jpg","http:\/\/mm.howkuai.com\/wp-content\/uploads\/2013a\/12\/63\/06.jpg","http:\/\/mm.howkuai.com\/wp-content\/uploads\/2013a\/12\/63\/07.jpg"]},{"plaintext":"\u65e5\u672c\u7f8e\u5973\uff0c\u5de8\u4e73\u5c24\u7269\u6749\u539f\u674f\u7483\u7f8e\u80f8\u8361\u6f3e","href":"http:\/\/www.meizitu.com\/a\/3903.html","pic_list":["http:\/\/mm.howkuai.com\/wp-content\/uploads\/2013a\/12\/39\/01.jpg","http:\/\/mm.howkuai.com\/wp-content\/uploads\/2013a\/12\/39\/02.jpg","http:\/\/mm.howkuai.com\/wp-content\/uploads\/2013a\/12\/39\/03.jpg","http:\/\/mm.howkuai.com\/wp-content\/uploads\/2013a\/12\/39\/04.jpg","http:\/\/mm.howkuai.com\/wp-content\/uploads\/2013a\/12\/39\/05.jpg","http:\/\/mm.howkuai.com\/wp-content\/uploads\/2013a\/12\/39\/06.jpg","http:\/\/mm.howkuai.com\/wp-content\/uploads\/2013a\/12\/39\/07.jpg","http:\/\/mm.howkuai.com\/wp-content\/uploads\/2013a\/12\/39\/08.jpg"]},{"plaintext":"\u65e5\u672c\u4e09\u5927\u5199\u771f\u5973\u4f18\u575b\u871c\u3001\u6749\u672c\u6709\u7f8e\u3001\u9ebb\u4ed3\u4f18\u6027\u611fPK","href":"http:\/\/www.meizitu.com\/a\/3896.html","pic_list":["http:\/\/mm.howkuai.com\/wp-content\/uploads\/2013a\/12\/32\/01.jpg","http:\/\/mm.howkuai.com\/wp-content\/uploads\/2013a\/12\/32\/02.jpg","http:\/\/mm.howkuai.com\/wp-content\/uploads\/2013a\/12\/32\/03.jpg","http:\/\/mm.howkuai.com\/wp-content\/uploads\/2013a\/12\/32\/04.jpg","http:\/\/mm.howkuai.com\/wp-content\/uploads\/2013a\/12\/32\/05.jpg","http:\/\/mm.howkuai.com\/wp-content\/uploads\/2013a\/12\/32\/06.jpg","http:\/\/mm.howkuai.com\/wp-content\/uploads\/2013a\/12\/32\/07.jpg","http:\/\/mm.howkuai.com\/wp-content\/uploads\/2013a\/12\/32\/08.jpg"]},{"plaintext":"\u53ef\u7231\u4e0e\u6210\u719f\u517c\u6709\uff0c\u4e30\u6ee1\u7684\u65e5\u672c\u7f8e\u5c11\u5973\u64a9\u4eba\u5199\u771f","href":"http:\/\/www.meizitu.com\/a\/3885.html","pic_list":["http:\/\/mm.howkuai.com\/wp-content\/uploads\/2013a\/12\/21\/01.jpg","http:\/\/mm.howkuai.com\/wp-content\/uploads\/2013a\/12\/21\/02.jpg","http:\/\/mm.howkuai.com\/wp-content\/uploads\/2013a\/12\/21\/03.jpg","http:\/\/mm.howkuai.com\/wp-content\/uploads\/2013a\/12\/21\/04.jpg","http:\/\/mm.howkuai.com\/wp-content\/uploads\/2013a\/12\/21\/05.jpg","http:\/\/mm.howkuai.com\/wp-content\/uploads\/2013a\/12\/21\/06.jpg","http:\/\/mm.howkuai.com\/wp-content\/uploads\/2013a\/12\/21\/07.jpg"]},{"plaintext":"\u65e5\u672c\u7edd\u7f8e\u5973\u661f\uff0c\u6749\u539f\u674f\u7483\u7f8e\u6d77\u8fb9\u6c99\u6ee9\u5b09\u620f\u7167","href":"http:\/\/www.meizitu.com\/a\/3879.html","pic_list":["http:\/\/mm.howkuai.com\/wp-content\/uploads\/2013a\/12\/15\/01.jpg","http:\/\/mm.howkuai.com\/wp-content\/uploads\/2013a\/12\/15\/02.jpg","http:\/\/mm.howkuai.com\/wp-content\/uploads\/2013a\/12\/15\/03.jpg","http:\/\/mm.howkuai.com\/wp-content\/uploads\/2013a\/12\/15\/04.jpg","http:\/\/mm.howkuai.com\/wp-content\/uploads\/2013a\/12\/15\/05.jpg","http:\/\/mm.howkuai.com\/wp-content\/uploads\/2013a\/12\/15\/06.jpg","http:\/\/mm.howkuai.com\/wp-content\/uploads\/2013a\/12\/15\/07.jpg","http:\/\/mm.howkuai.com\/wp-content\/uploads\/2013a\/12\/15\/08.jpg","http:\/\/mm.howkuai.com\/wp-content\/uploads\/2013a\/12\/15\/09.jpg"]},{"plaintext":"\u65e5\u672c\u6027\u611f\u6a21\u7279\u718a\u7530\u66dc\u5b50\u6d77\u8fb9\u5199\u771f","href":"http:\/\/www.meizitu.com\/a\/3870.html","pic_list":["http:\/\/mm.howkuai.com\/wp-content\/uploads\/2013a\/12\/06\/01.jpg","http:\/\/mm.howkuai.com\/wp-content\/uploads\/2013a\/12\/06\/02.jpg","http:\/\/mm.howkuai.com\/wp-content\/uploads\/2013a\/12\/06\/03.jpg","http:\/\/mm.howkuai.com\/wp-content\/uploads\/2013a\/12\/06\/04.jpg","http:\/\/mm.howkuai.com\/wp-content\/uploads\/2013a\/12\/06\/05.jpg","http:\/\/mm.howkuai.com\/wp-content\/uploads\/2013a\/12\/06\/06.jpg","http:\/\/mm.howkuai.com\/wp-content\/uploads\/2013a\/12\/06\/07.jpg","http:\/\/mm.howkuai.com\/wp-content\/uploads\/2013a\/12\/06\/08.jpg","http:\/\/mm.howkuai.com\/wp-content\/uploads\/2013a\/12\/06\/09.jpg"]},{"plaintext":"\u65e5\u672c\u840c\u59b9\u5b50,\u840c\u795e\u9752\u6728\u7f8e\u6c99\u5b50\u4e2d\u56fd\u8c61\u884c","href":"http:\/\/www.meizitu.com\/a\/3848.html","pic_list":["http:\/\/mm.howkuai.com\/wp-content\/uploads\/2013a\/11\/62\/01.jpg","http:\/\/mm.howkuai.com\/wp-content\/uploads\/2013a\/11\/62\/02.jpg","http:\/\/mm.howkuai.com\/wp-content\/uploads\/2013a\/11\/62\/03.jpg","http:\/\/mm.howkuai.com\/wp-content\/uploads\/2013a\/11\/62\/04.jpg","http:\/\/mm.howkuai.com\/wp-content\/uploads\/2013a\/11\/62\/05.jpg"]},{"plaintext":"\u201c\u53cb\u7530\u5f69\u4e5f\u9999\u201d \u7684\u771f\u4eba\u9762\u5bf9\u9762","href":"http:\/\/www.meizitu.com\/a\/3839.html","pic_list":["http:\/\/mm.howkuai.com\/wp-content\/uploads\/2013a\/11\/53\/01.jpg","http:\/\/mm.howkuai.com\/wp-content\/uploads\/2013a\/11\/53\/02.jpg","http:\/\/mm.howkuai.com\/wp-content\/uploads\/2013a\/11\/53\/03.jpg","http:\/\/mm.howkuai.com\/wp-content\/uploads\/2013a\/11\/53\/04.jpg","http:\/\/mm.howkuai.com\/wp-content\/uploads\/2013a\/11\/53\/05.jpg","http:\/\/mm.howkuai.com\/wp-content\/uploads\/2013a\/11\/53\/06.jpg","http:\/\/mm.howkuai.com\/wp-content\/uploads\/2013a\/11\/53\/07.jpg"]},{"plaintext":"\u8fd9\u662f\u65e5\u672c\u8299\u84c9\u59d0\u59d0\u7684\u8282\u594f\u554a","href":"http:\/\/www.meizitu.com\/a\/3784.html","pic_list":["http:\/\/mm.howkuai.com\/wp-content\/uploads\/2013a\/10\/64\/01.jpg","http:\/\/mm.howkuai.com\/wp-content\/uploads\/2013a\/10\/64\/02.jpg","http:\/\/mm.howkuai.com\/wp-content\/uploads\/2013a\/10\/64\/03.jpg","http:\/\/mm.howkuai.com\/wp-content\/uploads\/2013a\/10\/64\/04.jpg"]},{"plaintext":"\u65e5\u672c\u7ecf\u5178\u7f8e\u5973-\u6749\u539f\u674f\u7483","href":"http:\/\/www.meizitu.com\/a\/3719.html","pic_list":["http:\/\/mm.howkuai.com\/wp-content\/uploads\/2013a\/10\/01\/01.jpg","http:\/\/mm.howkuai.com\/wp-content\/uploads\/2013a\/10\/01\/02.jpg","http:\/\/mm.howkuai.com\/wp-content\/uploads\/2013a\/10\/01\/03.jpg"]},{"plaintext":"[\u5199\u771f]\u9022\u6cfd\u4e3d\u5948\u56fe\u7247\u4e00\u7ec4","href":"http:\/\/www.meizitu.com\/a\/3716.html","pic_list":["http:\/\/mm.howkuai.com\/wp-content\/uploads\/2013a\/09\/29\/01.jpg","http:\/\/mm.howkuai.com\/wp-content\/uploads\/2013a\/09\/29\/02.jpg","http:\/\/mm.howkuai.com\/wp-content\/uploads\/2013a\/09\/29\/03.jpg","http:\/\/mm.howkuai.com\/wp-content\/uploads\/2013a\/09\/29\/04.jpg"]},{"plaintext":"G\u5976\u65e5\u672c\u6a21\u7279\u68ee\u4e0b\u60a0\u91cc\u5ba4\u5185\u9633\u5149\u9165\u80f8\u5199\u771f","href":"http:\/\/www.meizitu.com\/a\/3627.html","pic_list":["http:\/\/mm.howkuai.com\/wp-content\/uploads\/2013a\/06\/28\/01.jpg","http:\/\/mm.howkuai.com\/wp-content\/uploads\/2013a\/06\/28\/02.jpg","http:\/\/mm.howkuai.com\/wp-content\/uploads\/2013a\/06\/28\/03.jpg","http:\/\/mm.howkuai.com\/wp-content\/uploads\/2013a\/06\/28\/04.jpg","http:\/\/mm.howkuai.com\/wp-content\/uploads\/2013a\/06\/28\/05.jpg","http:\/\/mm.howkuai.com\/wp-content\/uploads\/2013a\/06\/28\/06.jpg","http:\/\/mm.howkuai.com\/wp-content\/uploads\/2013a\/06\/28\/07.jpg","http:\/\/mm.howkuai.com\/wp-content\/uploads\/2013a\/06\/28\/08.jpg","http:\/\/mm.howkuai.com\/wp-content\/uploads\/2013a\/06\/28\/09.jpg","http:\/\/mm.howkuai.com\/wp-content\/uploads\/2013a\/06\/28\/10.jpg","http:\/\/mm.howkuai.com\/wp-content\/uploads\/2013a\/06\/28\/11.jpg","http:\/\/mm.howkuai.com\/wp-content\/uploads\/2013a\/06\/28\/12.jpg","http:\/\/mm.howkuai.com\/wp-content\/uploads\/2013a\/06\/28\/13.jpg","http:\/\/mm.howkuai.com\/wp-content\/uploads\/2013a\/06\/28\/14.jpg"]},{"plaintext":"AV\u5973\u4f18\u5c0f\u6cfd\u739b\u8389\u4e9a\u8f6c\u578b\u6027\u611f\u65f6\u5c1a\u5927\u7247","href":"http:\/\/www.meizitu.com\/a\/3610.html","pic_list":["http:\/\/mm.howkuai.com\/wp-content\/uploads\/2013a\/06\/11\/01.jpg","http:\/\/mm.howkuai.com\/wp-content\/uploads\/2013a\/06\/11\/02.jpg","http:\/\/mm.howkuai.com\/wp-content\/uploads\/2013a\/06\/11\/03.jpg","http:\/\/mm.howkuai.com\/wp-content\/uploads\/2013a\/06\/11\/04.jpg","http:\/\/mm.howkuai.com\/wp-content\/uploads\/2013a\/06\/11\/05.jpg"]}]