[{"plaintext":"\u8ff7\u4eba\u957f\u817f\uff0c\u53f6\u6893\u8431\u6cf3\u6c60\u6f5c\u6cf3\u5199\u771f","href":"http:\/\/www.meizitu.com\/a\/4248.html","pic_list":["http:\/\/mm.howkuai.com\/wp-content\/uploads\/2014a\/05\/49\/01.jpg","http:\/\/mm.howkuai.com\/wp-content\/uploads\/2014a\/05\/49\/02.jpg","http:\/\/mm.howkuai.com\/wp-content\/uploads\/2014a\/05\/49\/03.jpg","http:\/\/mm.howkuai.com\/wp-content\/uploads\/2014a\/05\/49\/04.jpg","http:\/\/mm.howkuai.com\/wp-content\/uploads\/2014a\/05\/49\/05.jpg"]},{"plaintext":"\u7eaf\u60c5\u5973\u751f\u7684\u5f02\u57df\u98ce\u60c5\u4e00\u9762","href":"http:\/\/www.meizitu.com\/a\/4214.html","pic_list":["http:\/\/mm.howkuai.com\/wp-content\/uploads\/2014a\/05\/15\/01.jpg","http:\/\/mm.howkuai.com\/wp-content\/uploads\/2014a\/05\/15\/02.jpg","http:\/\/mm.howkuai.com\/wp-content\/uploads\/2014a\/05\/15\/03.jpg","http:\/\/mm.howkuai.com\/wp-content\/uploads\/2014a\/05\/15\/04.jpg","http:\/\/mm.howkuai.com\/wp-content\/uploads\/2014a\/05\/15\/05.jpg","http:\/\/mm.howkuai.com\/wp-content\/uploads\/2014a\/05\/15\/06.jpg"]},{"plaintext":"\u7f8e\u817f\u59b9\u5b50\u5728\u5496\u5561\u5c4b\u7684\u4f11\u95f2\u5199\u771f","href":"http:\/\/www.meizitu.com\/a\/4212.html","pic_list":["http:\/\/mm.howkuai.com\/wp-content\/uploads\/2014a\/05\/13\/01.jpg","http:\/\/mm.howkuai.com\/wp-content\/uploads\/2014a\/05\/13\/02.jpg","http:\/\/mm.howkuai.com\/wp-content\/uploads\/2014a\/05\/13\/03.jpg","http:\/\/mm.howkuai.com\/wp-content\/uploads\/2014a\/05\/13\/04.jpg","http:\/\/mm.howkuai.com\/wp-content\/uploads\/2014a\/05\/13\/05.jpg","http:\/\/mm.howkuai.com\/wp-content\/uploads\/2014a\/05\/13\/06.jpg"]},{"plaintext":"\u773c\u795e\u8ff7\u79bb\u7684\u5c0f\u79c1\u623f","href":"http:\/\/www.meizitu.com\/a\/4211.html","pic_list":["http:\/\/mm.howkuai.com\/wp-content\/uploads\/2014a\/05\/12\/01.jpg","http:\/\/mm.howkuai.com\/wp-content\/uploads\/2014a\/05\/12\/02.jpg","http:\/\/mm.howkuai.com\/wp-content\/uploads\/2014a\/05\/12\/03.jpg","http:\/\/mm.howkuai.com\/wp-content\/uploads\/2014a\/05\/12\/04.jpg","http:\/\/mm.howkuai.com\/wp-content\/uploads\/2014a\/05\/12\/05.jpg","http:\/\/mm.howkuai.com\/wp-content\/uploads\/2014a\/05\/12\/06.jpg"]},{"plaintext":"\u77e5\u6027\u7f8e\u5973\uff0c\u53d1\u5982\u7f8e\u4eba\u957f\u53ca\u8170","href":"http:\/\/www.meizitu.com\/a\/4199.html","pic_list":["http:\/\/mm.howkuai.com\/wp-content\/uploads\/2014a\/05\/01\/01.jpg","http:\/\/mm.howkuai.com\/wp-content\/uploads\/2014a\/05\/01\/02.jpg","http:\/\/mm.howkuai.com\/wp-content\/uploads\/2014a\/05\/01\/03.jpg","http:\/\/mm.howkuai.com\/wp-content\/uploads\/2014a\/05\/01\/04.jpg","http:\/\/mm.howkuai.com\/wp-content\/uploads\/2014a\/05\/01\/05.jpg","http:\/\/mm.howkuai.com\/wp-content\/uploads\/2014a\/05\/01\/06.jpg"]},{"plaintext":"\u7f8e\u4eba\u501a\u5899\u89d2\u68a8\u82b1\u5e26\u96e8\uff0c\u6495\u88c2\u7684\u827a\u672f","href":"http:\/\/www.meizitu.com\/a\/4196.html","pic_list":["http:\/\/mm.howkuai.com\/wp-content\/uploads\/2014a\/04\/58\/01.jpg","http:\/\/mm.howkuai.com\/wp-content\/uploads\/2014a\/04\/58\/02.jpg","http:\/\/mm.howkuai.com\/wp-content\/uploads\/2014a\/04\/58\/03.jpg","http:\/\/mm.howkuai.com\/wp-content\/uploads\/2014a\/04\/58\/04.jpg","http:\/\/mm.howkuai.com\/wp-content\/uploads\/2014a\/04\/58\/05.jpg","http:\/\/mm.howkuai.com\/wp-content\/uploads\/2014a\/04\/58\/06.jpg","http:\/\/mm.howkuai.com\/wp-content\/uploads\/2014a\/04\/58\/07.jpg"]},{"plaintext":"\u7ea4\u7ea4\u4f5c\u7ec6\u6b65\uff0c\u957f\u817f\u7f8e\u5973\u56fe\u7247\u5408\u96c6\uff08\u4e09\uff09","href":"http:\/\/www.meizitu.com\/a\/4192.html","pic_list":["http:\/\/mm.howkuai.com\/wp-content\/uploads\/2014a\/04\/54\/01.jpg","http:\/\/mm.howkuai.com\/wp-content\/uploads\/2014a\/04\/54\/02.jpg","http:\/\/mm.howkuai.com\/wp-content\/uploads\/2014a\/04\/54\/03.jpg","http:\/\/mm.howkuai.com\/wp-content\/uploads\/2014a\/04\/54\/04.jpg","http:\/\/mm.howkuai.com\/wp-content\/uploads\/2014a\/04\/54\/05.jpg","http:\/\/mm.howkuai.com\/wp-content\/uploads\/2014a\/04\/54\/06.jpg","http:\/\/mm.howkuai.com\/wp-content\/uploads\/2014a\/04\/54\/07.jpg","http:\/\/mm.howkuai.com\/wp-content\/uploads\/2014a\/04\/54\/08.jpg","http:\/\/mm.howkuai.com\/wp-content\/uploads\/2014a\/04\/54\/09.jpg"]},{"plaintext":"\u5e7d\u9999\u88ad\u4eba\uff0c\u54ea\u4e9b\u6027\u611f\u7684\u4eba\u513f\uff08\u56db\uff09","href":"http:\/\/www.meizitu.com\/a\/4190.html","pic_list":["http:\/\/mm.howkuai.com\/wp-content\/uploads\/2014a\/04\/52\/01.jpg","http:\/\/mm.howkuai.com\/wp-content\/uploads\/2014a\/04\/52\/02.jpg","http:\/\/mm.howkuai.com\/wp-content\/uploads\/2014a\/04\/52\/03.jpg","http:\/\/mm.howkuai.com\/wp-content\/uploads\/2014a\/04\/52\/04.jpg","http:\/\/mm.howkuai.com\/wp-content\/uploads\/2014a\/04\/52\/05.jpg","http:\/\/mm.howkuai.com\/wp-content\/uploads\/2014a\/04\/52\/06.jpg","http:\/\/mm.howkuai.com\/wp-content\/uploads\/2014a\/04\/52\/07.jpg","http:\/\/mm.howkuai.com\/wp-content\/uploads\/2014a\/04\/52\/08.jpg","http:\/\/mm.howkuai.com\/wp-content\/uploads\/2014a\/04\/52\/09.jpg","http:\/\/mm.howkuai.com\/wp-content\/uploads\/2014a\/04\/52\/10.jpg","http:\/\/mm.howkuai.com\/wp-content\/uploads\/2014a\/04\/52\/11.jpg","http:\/\/mm.howkuai.com\/wp-content\/uploads\/2014a\/04\/52\/12.jpg"]},{"plaintext":"\u4e0d\u662f\u62c9\u62c9\uff0c\u6709\u4f60\u966a\u6211\uff0c\u6211\u4eec\u662f\u6700\u597d\u7684\u95fa\u871c","href":"http:\/\/www.meizitu.com\/a\/4189.html","pic_list":["http:\/\/mm.howkuai.com\/wp-content\/uploads\/2014a\/04\/51\/01.jpg","http:\/\/mm.howkuai.com\/wp-content\/uploads\/2014a\/04\/51\/02.jpg","http:\/\/mm.howkuai.com\/wp-content\/uploads\/2014a\/04\/51\/03.jpg","http:\/\/mm.howkuai.com\/wp-content\/uploads\/2014a\/04\/51\/04.jpg","http:\/\/mm.howkuai.com\/wp-content\/uploads\/2014a\/04\/51\/05.jpg","http:\/\/mm.howkuai.com\/wp-content\/uploads\/2014a\/04\/51\/06.jpg","http:\/\/mm.howkuai.com\/wp-content\/uploads\/2014a\/04\/51\/07.jpg"]},{"plaintext":"\u7cbe\u81f4\u7f8e\u5973\uff0c\u5e73\u9762\u6a21\u7279\u513f\u9ad8\u516e\u598d\u56fe\u7247","href":"http:\/\/www.meizitu.com\/a\/4187.html","pic_list":["http:\/\/mm.howkuai.com\/wp-content\/uploads\/2014a\/04\/49\/01.jpg","http:\/\/mm.howkuai.com\/wp-content\/uploads\/2014a\/04\/49\/02.jpg","http:\/\/mm.howkuai.com\/wp-content\/uploads\/2014a\/04\/49\/03.jpg","http:\/\/mm.howkuai.com\/wp-content\/uploads\/2014a\/04\/49\/04.jpg","http:\/\/mm.howkuai.com\/wp-content\/uploads\/2014a\/04\/49\/05.jpg","http:\/\/mm.howkuai.com\/wp-content\/uploads\/2014a\/04\/49\/06.jpg"]},{"plaintext":"\u9b4f\u6c50\u7457\u6700\u65b0\u5199\u771f\uff0c\u5927\u79c0\u5f02\u57df\u98ce\u60c5","href":"http:\/\/www.meizitu.com\/a\/4186.html","pic_list":["http:\/\/mm.howkuai.com\/wp-content\/uploads\/2014a\/04\/48\/01.jpg","http:\/\/mm.howkuai.com\/wp-content\/uploads\/2014a\/04\/48\/02.jpg","http:\/\/mm.howkuai.com\/wp-content\/uploads\/2014a\/04\/48\/03.jpg","http:\/\/mm.howkuai.com\/wp-content\/uploads\/2014a\/04\/48\/04.jpg","http:\/\/mm.howkuai.com\/wp-content\/uploads\/2014a\/04\/48\/05.jpg","http:\/\/mm.howkuai.com\/wp-content\/uploads\/2014a\/04\/48\/06.jpg"]},{"plaintext":"\u53cc\u77b3\u526a\u6c34\uff0c90\u5019\u8d85\u597d\u770b\u7684\u7f8e\u4e73\u6b63\u59b9","href":"http:\/\/www.meizitu.com\/a\/4182.html","pic_list":["http:\/\/mm.howkuai.com\/wp-content\/uploads\/2014a\/04\/44\/01.jpg","http:\/\/mm.howkuai.com\/wp-content\/uploads\/2014a\/04\/44\/02.jpg","http:\/\/mm.howkuai.com\/wp-content\/uploads\/2014a\/04\/44\/03.jpg","http:\/\/mm.howkuai.com\/wp-content\/uploads\/2014a\/04\/44\/04.jpg","http:\/\/mm.howkuai.com\/wp-content\/uploads\/2014a\/04\/44\/05.jpg","http:\/\/mm.howkuai.com\/wp-content\/uploads\/2014a\/04\/44\/06.jpg","http:\/\/mm.howkuai.com\/wp-content\/uploads\/2014a\/04\/44\/07.jpg","http:\/\/mm.howkuai.com\/wp-content\/uploads\/2014a\/04\/44\/08.jpg"]},{"plaintext":"\u7c89\u8863E\u5976\u7f8e\u5973\u9707\u60ca\u56db\u5ea7","href":"http:\/\/www.meizitu.com\/a\/4181.html","pic_list":["http:\/\/mm.howkuai.com\/wp-content\/uploads\/2014a\/04\/43\/01.jpg","http:\/\/mm.howkuai.com\/wp-content\/uploads\/2014a\/04\/43\/02.jpg","http:\/\/mm.howkuai.com\/wp-content\/uploads\/2014a\/04\/43\/03.jpg","http:\/\/mm.howkuai.com\/wp-content\/uploads\/2014a\/04\/43\/04.jpg","http:\/\/mm.howkuai.com\/wp-content\/uploads\/2014a\/04\/43\/05.jpg","http:\/\/mm.howkuai.com\/wp-content\/uploads\/2014a\/04\/43\/06.jpg","http:\/\/mm.howkuai.com\/wp-content\/uploads\/2014a\/04\/43\/07.jpg"]},{"plaintext":"\u6709\u5982\u6b64\u6027\u611f\u7684\u62a4\u58eb\uff0c\u6253\u9488\u4e00\u5b9a\u4e0d\u75db","href":"http:\/\/www.meizitu.com\/a\/4179.html","pic_list":["http:\/\/mm.howkuai.com\/wp-content\/uploads\/2014a\/04\/41\/01.jpg","http:\/\/mm.howkuai.com\/wp-content\/uploads\/2014a\/04\/41\/02.jpg","http:\/\/mm.howkuai.com\/wp-content\/uploads\/2014a\/04\/41\/03.jpg","http:\/\/mm.howkuai.com\/wp-content\/uploads\/2014a\/04\/41\/04.jpg","http:\/\/mm.howkuai.com\/wp-content\/uploads\/2014a\/04\/41\/05.jpg","http:\/\/mm.howkuai.com\/wp-content\/uploads\/2014a\/04\/41\/06.jpg","http:\/\/mm.howkuai.com\/wp-content\/uploads\/2014a\/04\/41\/07.jpg"]},{"plaintext":"\u7f8e\u817f\u7ec4\u5408\u59d0\u59b9\u5171\u540c\u6f14\u7ece\u7edd\u8272\u300a\u5927\u5c0f\u4e54\u300b","href":"http:\/\/www.meizitu.com\/a\/4168.html","pic_list":["http:\/\/mm.howkuai.com\/wp-content\/uploads\/2014a\/04\/30\/01.jpg","http:\/\/mm.howkuai.com\/wp-content\/uploads\/2014a\/04\/30\/02.jpg","http:\/\/mm.howkuai.com\/wp-content\/uploads\/2014a\/04\/30\/03.jpg","http:\/\/mm.howkuai.com\/wp-content\/uploads\/2014a\/04\/30\/04.jpg","http:\/\/mm.howkuai.com\/wp-content\/uploads\/2014a\/04\/30\/05.jpg","http:\/\/mm.howkuai.com\/wp-content\/uploads\/2014a\/04\/30\/06.jpg","http:\/\/mm.howkuai.com\/wp-content\/uploads\/2014a\/04\/30\/07.jpg","http:\/\/mm.howkuai.com\/wp-content\/uploads\/2014a\/04\/30\/08.jpg"]},{"plaintext":"\u900f\u660e\u8584\u7eb1\u7f8e\u5973\u96be\u63a9\u706b\u8fa3\u51f8\u51f9\u8eab\u6750","href":"http:\/\/www.meizitu.com\/a\/4167.html","pic_list":["http:\/\/mm.howkuai.com\/wp-content\/uploads\/2014a\/04\/29\/01.jpg","http:\/\/mm.howkuai.com\/wp-content\/uploads\/2014a\/04\/29\/02.jpg","http:\/\/mm.howkuai.com\/wp-content\/uploads\/2014a\/04\/29\/03.jpg","http:\/\/mm.howkuai.com\/wp-content\/uploads\/2014a\/04\/29\/04.jpg","http:\/\/mm.howkuai.com\/wp-content\/uploads\/2014a\/04\/29\/05.jpg","http:\/\/mm.howkuai.com\/wp-content\/uploads\/2014a\/04\/29\/06.jpg","http:\/\/mm.howkuai.com\/wp-content\/uploads\/2014a\/04\/29\/07.jpg","http:\/\/mm.howkuai.com\/wp-content\/uploads\/2014a\/04\/29\/08.jpg"]},{"plaintext":"\u9633\u5149\u4e4b\u7f8e\uff0c\u7f8e\u5973\u4e73\u795e\u5218\u7fbd\u7426\u56fe\u7247","href":"http:\/\/www.meizitu.com\/a\/4166.html","pic_list":["http:\/\/mm.howkuai.com\/wp-content\/uploads\/2014a\/04\/28\/01.jpg","http:\/\/mm.howkuai.com\/wp-content\/uploads\/2014a\/04\/28\/02.jpg","http:\/\/mm.howkuai.com\/wp-content\/uploads\/2014a\/04\/28\/03.jpg","http:\/\/mm.howkuai.com\/wp-content\/uploads\/2014a\/04\/28\/04.jpg","http:\/\/mm.howkuai.com\/wp-content\/uploads\/2014a\/04\/28\/05.jpg","http:\/\/mm.howkuai.com\/wp-content\/uploads\/2014a\/04\/28\/06.jpg","http:\/\/mm.howkuai.com\/wp-content\/uploads\/2014a\/04\/28\/07.jpg","http:\/\/mm.howkuai.com\/wp-content\/uploads\/2014a\/04\/28\/08.jpg","http:\/\/mm.howkuai.com\/wp-content\/uploads\/2014a\/04\/28\/09.jpg","http:\/\/mm.howkuai.com\/wp-content\/uploads\/2014a\/04\/28\/10.jpg"]},{"plaintext":"\u4e30\u76c8\u7a88\u7a95\u7684\u5168\u88f8\u6027\u611f\u5c24\u7269\u593a\u4eba\u773c\u7403","href":"http:\/\/www.meizitu.com\/a\/4156.html","pic_list":["http:\/\/mm.howkuai.com\/wp-content\/uploads\/2014a\/04\/18\/01.jpg","http:\/\/mm.howkuai.com\/wp-content\/uploads\/2014a\/04\/18\/02.jpg","http:\/\/mm.howkuai.com\/wp-content\/uploads\/2014a\/04\/18\/03.jpg","http:\/\/mm.howkuai.com\/wp-content\/uploads\/2014a\/04\/18\/04.jpg","http:\/\/mm.howkuai.com\/wp-content\/uploads\/2014a\/04\/18\/05.jpg","http:\/\/mm.howkuai.com\/wp-content\/uploads\/2014a\/04\/18\/06.jpg","http:\/\/mm.howkuai.com\/wp-content\/uploads\/2014a\/04\/18\/07.jpg"]},{"plaintext":"\u517b\u773c\uff01\u6a21\u7279\u738b\u99a8\u7476yanni\u6027\u611f\u9ad8\u6e05\u5199\u771f","href":"http:\/\/www.meizitu.com\/a\/4153.html","pic_list":["http:\/\/mm.howkuai.com\/wp-content\/uploads\/2014a\/04\/15\/01.jpg","http:\/\/mm.howkuai.com\/wp-content\/uploads\/2014a\/04\/15\/02.jpg","http:\/\/mm.howkuai.com\/wp-content\/uploads\/2014a\/04\/15\/03.jpg","http:\/\/mm.howkuai.com\/wp-content\/uploads\/2014a\/04\/15\/04.jpg","http:\/\/mm.howkuai.com\/wp-content\/uploads\/2014a\/04\/15\/05.jpg","http:\/\/mm.howkuai.com\/wp-content\/uploads\/2014a\/04\/15\/06.jpg","http:\/\/mm.howkuai.com\/wp-content\/uploads\/2014a\/04\/15\/07.jpg","http:\/\/mm.howkuai.com\/wp-content\/uploads\/2014a\/04\/15\/08.jpg","http:\/\/mm.howkuai.com\/wp-content\/uploads\/2014a\/04\/15\/09.jpg"]},{"plaintext":"\u771f\u771f\u5047\u5047\uff0c\u8863\u88f3\u892a\u53bb\u53ea\u89c1\u6027\u611f\u4e30\u6ee1\u7684\u53cc\u4e73","href":"http:\/\/www.meizitu.com\/a\/4150.html","pic_list":["http:\/\/mm.howkuai.com\/wp-content\/uploads\/2014a\/04\/12\/01.jpg","http:\/\/mm.howkuai.com\/wp-content\/uploads\/2014a\/04\/12\/02.jpg","http:\/\/mm.howkuai.com\/wp-content\/uploads\/2014a\/04\/12\/03.jpg","http:\/\/mm.howkuai.com\/wp-content\/uploads\/2014a\/04\/12\/04.jpg","http:\/\/mm.howkuai.com\/wp-content\/uploads\/2014a\/04\/12\/05.jpg","http:\/\/mm.howkuai.com\/wp-content\/uploads\/2014a\/04\/12\/06.jpg","http:\/\/mm.howkuai.com\/wp-content\/uploads\/2014a\/04\/12\/07.jpg","http:\/\/mm.howkuai.com\/wp-content\/uploads\/2014a\/04\/12\/08.jpg","http:\/\/mm.howkuai.com\/wp-content\/uploads\/2014a\/04\/12\/09.jpg","http:\/\/mm.howkuai.com\/wp-content\/uploads\/2014a\/04\/12\/10.jpg"]},{"plaintext":"\u795e\u6001\u5a07\u5a9a\u7684\u7f8e\u81c0\u7f8e\u5973\u79c1\u623f\u5199\u771f","href":"http:\/\/www.meizitu.com\/a\/4140.html","pic_list":["http:\/\/mm.howkuai.com\/wp-content\/uploads\/2014a\/04\/02\/01.jpg","http:\/\/mm.howkuai.com\/wp-content\/uploads\/2014a\/04\/02\/02.jpg","http:\/\/mm.howkuai.com\/wp-content\/uploads\/2014a\/04\/02\/03.jpg","http:\/\/mm.howkuai.com\/wp-content\/uploads\/2014a\/04\/02\/04.jpg","http:\/\/mm.howkuai.com\/wp-content\/uploads\/2014a\/04\/02\/05.jpg","http:\/\/mm.howkuai.com\/wp-content\/uploads\/2014a\/04\/02\/06.jpg","http:\/\/mm.howkuai.com\/wp-content\/uploads\/2014a\/04\/02\/07.jpg"]},{"plaintext":"\u5a07\u5c0f\u73b2\u73d1\u51f9\u51f8\u6709\u81f4\u7684\u5c0f\u5ae9\u8089\u59a9\u5a9a\u52a8\u4eba","href":"http:\/\/www.meizitu.com\/a\/4138.html","pic_list":["http:\/\/mm.howkuai.com\/wp-content\/uploads\/2014a\/03\/67\/01.jpg","http:\/\/mm.howkuai.com\/wp-content\/uploads\/2014a\/03\/67\/02.jpg","http:\/\/mm.howkuai.com\/wp-content\/uploads\/2014a\/03\/67\/03.jpg","http:\/\/mm.howkuai.com\/wp-content\/uploads\/2014a\/03\/67\/04.jpg","http:\/\/mm.howkuai.com\/wp-content\/uploads\/2014a\/03\/67\/05.jpg","http:\/\/mm.howkuai.com\/wp-content\/uploads\/2014a\/03\/67\/06.jpg","http:\/\/mm.howkuai.com\/wp-content\/uploads\/2014a\/03\/67\/07.jpg","http:\/\/mm.howkuai.com\/wp-content\/uploads\/2014a\/03\/67\/08.jpg"]},{"plaintext":"\u82cd\u8001\u5e08\u7626\u4e86\uff0c\u98ce\u60c5\u5404\u5f02\u7684\u6027\u611f\u5c0f\u7f8e\u5973","href":"http:\/\/www.meizitu.com\/a\/4124.html","pic_list":["http:\/\/mm.howkuai.com\/wp-content\/uploads\/2014a\/03\/53\/01.jpg","http:\/\/mm.howkuai.com\/wp-content\/uploads\/2014a\/03\/53\/02.jpg","http:\/\/mm.howkuai.com\/wp-content\/uploads\/2014a\/03\/53\/03.jpg","http:\/\/mm.howkuai.com\/wp-content\/uploads\/2014a\/03\/53\/04.jpg","http:\/\/mm.howkuai.com\/wp-content\/uploads\/2014a\/03\/53\/05.jpg","http:\/\/mm.howkuai.com\/wp-content\/uploads\/2014a\/03\/53\/06.jpg","http:\/\/mm.howkuai.com\/wp-content\/uploads\/2014a\/03\/53\/07.jpg","http:\/\/mm.howkuai.com\/wp-content\/uploads\/2014a\/03\/53\/08.jpg","http:\/\/mm.howkuai.com\/wp-content\/uploads\/2014a\/03\/53\/09.jpg","http:\/\/mm.howkuai.com\/wp-content\/uploads\/2014a\/03\/53\/10.jpg","http:\/\/mm.howkuai.com\/wp-content\/uploads\/2014a\/03\/53\/11.jpg"]},{"plaintext":"\u5468\u672b\u798f\u5229\uff0c\u7f8e\u81c0\u7cfb\u5217\u4e09","href":"http:\/\/www.meizitu.com\/a\/4119.html","pic_list":["http:\/\/mm.howkuai.com\/wp-content\/uploads\/2014a\/03\/48\/01.jpg","http:\/\/mm.howkuai.com\/wp-content\/uploads\/2014a\/03\/48\/02.jpg","http:\/\/mm.howkuai.com\/wp-content\/uploads\/2014a\/03\/48\/03.jpg","http:\/\/mm.howkuai.com\/wp-content\/uploads\/2014a\/03\/48\/04.jpg","http:\/\/mm.howkuai.com\/wp-content\/uploads\/2014a\/03\/48\/05.jpg","http:\/\/mm.howkuai.com\/wp-content\/uploads\/2014a\/03\/48\/06.jpg","http:\/\/mm.howkuai.com\/wp-content\/uploads\/2014a\/03\/48\/07.jpg","http:\/\/mm.howkuai.com\/wp-content\/uploads\/2014a\/03\/48\/08.jpg"]},{"plaintext":"\u6027\u611f\u6a21\u7279\u4e8e\u5927\u5c0f\u59d0ayu\u4e94\u5143\u7d20\u8f6f\u5ba3","href":"http:\/\/www.meizitu.com\/a\/4114.html","pic_list":["http:\/\/mm.howkuai.com\/wp-content\/uploads\/2014a\/03\/43\/01.jpg","http:\/\/mm.howkuai.com\/wp-content\/uploads\/2014a\/03\/43\/02.jpg","http:\/\/mm.howkuai.com\/wp-content\/uploads\/2014a\/03\/43\/03.jpg","http:\/\/mm.howkuai.com\/wp-content\/uploads\/2014a\/03\/43\/04.jpg","http:\/\/mm.howkuai.com\/wp-content\/uploads\/2014a\/03\/43\/05.jpg","http:\/\/mm.howkuai.com\/wp-content\/uploads\/2014a\/03\/43\/06.jpg","http:\/\/mm.howkuai.com\/wp-content\/uploads\/2014a\/03\/43\/07.jpg","http:\/\/mm.howkuai.com\/wp-content\/uploads\/2014a\/03\/43\/08.jpg","http:\/\/mm.howkuai.com\/wp-content\/uploads\/2014a\/03\/43\/09.jpg"]},{"plaintext":"\u5b85\u7537\u770b\u5446\u4e86\uff0c\u9999\u8273\u6027\u611f\u7f8e\u5973\u5408\u96c6","href":"http:\/\/www.meizitu.com\/a\/4110.html","pic_list":["http:\/\/mm.howkuai.com\/wp-content\/uploads\/2014a\/03\/39\/01.jpg","http:\/\/mm.howkuai.com\/wp-content\/uploads\/2014a\/03\/39\/02.jpg","http:\/\/mm.howkuai.com\/wp-content\/uploads\/2014a\/03\/39\/03.jpg","http:\/\/mm.howkuai.com\/wp-content\/uploads\/2014a\/03\/39\/04.jpg","http:\/\/mm.howkuai.com\/wp-content\/uploads\/2014a\/03\/39\/05.jpg","http:\/\/mm.howkuai.com\/wp-content\/uploads\/2014a\/03\/39\/06.jpg","http:\/\/mm.howkuai.com\/wp-content\/uploads\/2014a\/03\/39\/07.jpg","http:\/\/mm.howkuai.com\/wp-content\/uploads\/2014a\/03\/39\/08.jpg","http:\/\/mm.howkuai.com\/wp-content\/uploads\/2014a\/03\/39\/09.jpg","http:\/\/mm.howkuai.com\/wp-content\/uploads\/2014a\/03\/39\/10.jpg"]},{"plaintext":"\u540d\u6a21\u6797\u839c\u8bfa\u4e00\u7ec4\u5c0f\u79c1\u623f\u64a9\u4eba\u5fc3\u6000","href":"http:\/\/www.meizitu.com\/a\/4107.html","pic_list":["http:\/\/mm.howkuai.com\/wp-content\/uploads\/2014a\/03\/36\/01.jpg","http:\/\/mm.howkuai.com\/wp-content\/uploads\/2014a\/03\/36\/02.jpg","http:\/\/mm.howkuai.com\/wp-content\/uploads\/2014a\/03\/36\/03.jpg","http:\/\/mm.howkuai.com\/wp-content\/uploads\/2014a\/03\/36\/04.jpg","http:\/\/mm.howkuai.com\/wp-content\/uploads\/2014a\/03\/36\/05.jpg","http:\/\/mm.howkuai.com\/wp-content\/uploads\/2014a\/03\/36\/06.jpg","http:\/\/mm.howkuai.com\/wp-content\/uploads\/2014a\/03\/36\/07.jpg","http:\/\/mm.howkuai.com\/wp-content\/uploads\/2014a\/03\/36\/08.jpg"]},{"plaintext":"\u6027\u611f\u5c0f\u7f8e\u7709\u7684\u5fe7\u6101\uff0c\u5c0f\u7a97\u51dd\u5750\u72ec\u5e7d\u60c5","href":"http:\/\/www.meizitu.com\/a\/4105.html","pic_list":["http:\/\/mm.howkuai.com\/wp-content\/uploads\/2014a\/03\/34\/01.jpg","http:\/\/mm.howkuai.com\/wp-content\/uploads\/2014a\/03\/34\/02.jpg","http:\/\/mm.howkuai.com\/wp-content\/uploads\/2014a\/03\/34\/03.jpg","http:\/\/mm.howkuai.com\/wp-content\/uploads\/2014a\/03\/34\/04.jpg","http:\/\/mm.howkuai.com\/wp-content\/uploads\/2014a\/03\/34\/05.jpg","http:\/\/mm.howkuai.com\/wp-content\/uploads\/2014a\/03\/34\/06.jpg","http:\/\/mm.howkuai.com\/wp-content\/uploads\/2014a\/03\/34\/07.jpg","http:\/\/mm.howkuai.com\/wp-content\/uploads\/2014a\/03\/34\/08.jpg"]},{"plaintext":"\u6027\u611f\u5c24\u7269\u5fa1\u5973\u90ce\u5c0f\u8431\u201c\u6211\u8981\u62b1\u62b1\u201d","href":"http:\/\/www.meizitu.com\/a\/4101.html","pic_list":["http:\/\/mm.howkuai.com\/wp-content\/uploads\/2014a\/03\/30\/01.jpg","http:\/\/mm.howkuai.com\/wp-content\/uploads\/2014a\/03\/30\/02.jpg","http:\/\/mm.howkuai.com\/wp-content\/uploads\/2014a\/03\/30\/03.jpg","http:\/\/mm.howkuai.com\/wp-content\/uploads\/2014a\/03\/30\/04.jpg","http:\/\/mm.howkuai.com\/wp-content\/uploads\/2014a\/03\/30\/05.jpg","http:\/\/mm.howkuai.com\/wp-content\/uploads\/2014a\/03\/30\/06.jpg"]},{"plaintext":"[\u6027\u611f\u7f8e\u5973]\u6cf3\u6c60\u91cc\u5438\u5f15\u4f60\u773c\u7403\u7684\u7684\u88f8\u8eab\u7f8e\u5973","href":"http:\/\/www.meizitu.com\/a\/4099.html","pic_list":["http:\/\/mm.howkuai.com\/wp-content\/uploads\/2014a\/03\/28\/01.jpg","http:\/\/mm.howkuai.com\/wp-content\/uploads\/2014a\/03\/28\/02.jpg","http:\/\/mm.howkuai.com\/wp-content\/uploads\/2014a\/03\/28\/03.jpg","http:\/\/mm.howkuai.com\/wp-content\/uploads\/2014a\/03\/28\/04.jpg","http:\/\/mm.howkuai.com\/wp-content\/uploads\/2014a\/03\/28\/05.jpg","http:\/\/mm.howkuai.com\/wp-content\/uploads\/2014a\/03\/28\/06.jpg"]}]