[{"plaintext":"\u95fa\u623f\u91cc\u7684\u4e24\u53ea\u5c0f\u53ef\u7231\u30fb\u7d20\u989c\u7490\u7476\u4e0e\u732b","href":"http:\/\/www.meizitu.com\/a\/5123.html","pic_list":["http:\/\/mm.howkuai.com\/wp-content\/uploads\/2015a\/08\/28\/01.jpg","http:\/\/mm.howkuai.com\/wp-content\/uploads\/2015a\/08\/28\/02.jpg","http:\/\/mm.howkuai.com\/wp-content\/uploads\/2015a\/08\/28\/03.jpg","http:\/\/mm.howkuai.com\/wp-content\/uploads\/2015a\/08\/28\/04.jpg","http:\/\/mm.howkuai.com\/wp-content\/uploads\/2015a\/08\/28\/05.jpg","http:\/\/mm.howkuai.com\/wp-content\/uploads\/2015a\/08\/28\/06.jpg"]},{"plaintext":"\u5065\u8eab\u623f\u91cc\u7684\u66fc\u5999\u5434\u5999\u5982miumiu","href":"http:\/\/www.meizitu.com\/a\/5121.html","pic_list":["http:\/\/mm.howkuai.com\/wp-content\/uploads\/2015a\/08\/26\/01.jpg","http:\/\/mm.howkuai.com\/wp-content\/uploads\/2015a\/08\/26\/02.jpg","http:\/\/mm.howkuai.com\/wp-content\/uploads\/2015a\/08\/26\/03.jpg","http:\/\/mm.howkuai.com\/wp-content\/uploads\/2015a\/08\/26\/04.jpg","http:\/\/mm.howkuai.com\/wp-content\/uploads\/2015a\/08\/26\/05.jpg","http:\/\/mm.howkuai.com\/wp-content\/uploads\/2015a\/08\/26\/06.jpg","http:\/\/mm.howkuai.com\/wp-content\/uploads\/2015a\/08\/26\/07.jpg","http:\/\/mm.howkuai.com\/wp-content\/uploads\/2015a\/08\/26\/08.jpg"]},{"plaintext":"\u6a21\u7279\u9f50\u8d1d\u8d1d\u6d74\u5ba4\u8bf1\u60d1\u5199\u771f","href":"http:\/\/www.meizitu.com\/a\/5119.html","pic_list":["http:\/\/mm.howkuai.com\/wp-content\/uploads\/2015a\/08\/24\/01.jpg","http:\/\/mm.howkuai.com\/wp-content\/uploads\/2015a\/08\/24\/02.jpg","http:\/\/mm.howkuai.com\/wp-content\/uploads\/2015a\/08\/24\/03.jpg","http:\/\/mm.howkuai.com\/wp-content\/uploads\/2015a\/08\/24\/04.jpg","http:\/\/mm.howkuai.com\/wp-content\/uploads\/2015a\/08\/24\/05.jpg","http:\/\/mm.howkuai.com\/wp-content\/uploads\/2015a\/08\/24\/06.jpg","http:\/\/mm.howkuai.com\/wp-content\/uploads\/2015a\/08\/24\/07.jpg","http:\/\/mm.howkuai.com\/wp-content\/uploads\/2015a\/08\/24\/08.jpg"]},{"plaintext":"\u5468\u672b\u7684\u65e9\u6668\uff0c\u7f8e\u5973\u4eab\u53d7\u7b2c\u4e00\u62b9\u9633\u5149","href":"http:\/\/www.meizitu.com\/a\/5112.html","pic_list":["http:\/\/mm.howkuai.com\/wp-content\/uploads\/2015a\/08\/17\/01.jpg","http:\/\/mm.howkuai.com\/wp-content\/uploads\/2015a\/08\/17\/02.jpg","http:\/\/mm.howkuai.com\/wp-content\/uploads\/2015a\/08\/17\/03.jpg","http:\/\/mm.howkuai.com\/wp-content\/uploads\/2015a\/08\/17\/04.jpg","http:\/\/mm.howkuai.com\/wp-content\/uploads\/2015a\/08\/17\/05.jpg","http:\/\/mm.howkuai.com\/wp-content\/uploads\/2015a\/08\/17\/06.jpg","http:\/\/mm.howkuai.com\/wp-content\/uploads\/2015a\/08\/17\/07.jpg","http:\/\/mm.howkuai.com\/wp-content\/uploads\/2015a\/08\/17\/08.jpg"]},{"plaintext":"\u957f\u53d1\u5ae9\u6a21\u7a7f\u900f\u660e\u7761\u8863\u62cd\u79c1\u623f\u5199\u771f","href":"http:\/\/www.meizitu.com\/a\/5110.html","pic_list":["http:\/\/mm.howkuai.com\/wp-content\/uploads\/2015a\/08\/15\/01.jpg","http:\/\/mm.howkuai.com\/wp-content\/uploads\/2015a\/08\/15\/02.jpg","http:\/\/mm.howkuai.com\/wp-content\/uploads\/2015a\/08\/15\/03.jpg","http:\/\/mm.howkuai.com\/wp-content\/uploads\/2015a\/08\/15\/04.jpg","http:\/\/mm.howkuai.com\/wp-content\/uploads\/2015a\/08\/15\/05.jpg","http:\/\/mm.howkuai.com\/wp-content\/uploads\/2015a\/08\/15\/06.jpg","http:\/\/mm.howkuai.com\/wp-content\/uploads\/2015a\/08\/15\/07.jpg"]},{"plaintext":"\u6a21\u7279\u738b\u5c14\u7433\u88f8\u534a\u8eab\u5927\u6446\u8bf1\u60d1\u59ff\u52bf","href":"http:\/\/www.meizitu.com\/a\/5102.html","pic_list":["http:\/\/mm.howkuai.com\/wp-content\/uploads\/2015a\/08\/07\/01.jpg","http:\/\/mm.howkuai.com\/wp-content\/uploads\/2015a\/08\/07\/02.jpg","http:\/\/mm.howkuai.com\/wp-content\/uploads\/2015a\/08\/07\/03.jpg","http:\/\/mm.howkuai.com\/wp-content\/uploads\/2015a\/08\/07\/04.jpg","http:\/\/mm.howkuai.com\/wp-content\/uploads\/2015a\/08\/07\/05.jpg","http:\/\/mm.howkuai.com\/wp-content\/uploads\/2015a\/08\/07\/06.jpg"]},{"plaintext":"\u521d\u590f\u30fb\u4fcf\u4f73\u4eba\u7684\u5c0f\u60c5\u7eea\u79c1\u623f","href":"http:\/\/www.meizitu.com\/a\/5097.html","pic_list":["http:\/\/mm.howkuai.com\/wp-content\/uploads\/2015a\/08\/02\/01.jpg","http:\/\/mm.howkuai.com\/wp-content\/uploads\/2015a\/08\/02\/02.jpg","http:\/\/mm.howkuai.com\/wp-content\/uploads\/2015a\/08\/02\/03.jpg","http:\/\/mm.howkuai.com\/wp-content\/uploads\/2015a\/08\/02\/04.jpg","http:\/\/mm.howkuai.com\/wp-content\/uploads\/2015a\/08\/02\/05.jpg","http:\/\/mm.howkuai.com\/wp-content\/uploads\/2015a\/08\/02\/06.jpg"]},{"plaintext":"\u6e7f\u6f09\u6d74\u7f38\u5199\u771f\uff0c\u80a2\u4f53\u4e0e\u795e\u6001\u5c55\u73b0\u51fa\u6765\u7684\u6027\u611f\u7f8e","href":"http:\/\/www.meizitu.com\/a\/5080.html","pic_list":["http:\/\/mm.howkuai.com\/wp-content\/uploads\/2015a\/07\/31\/01.jpg","http:\/\/mm.howkuai.com\/wp-content\/uploads\/2015a\/07\/31\/02.jpg","http:\/\/mm.howkuai.com\/wp-content\/uploads\/2015a\/07\/31\/03.jpg","http:\/\/mm.howkuai.com\/wp-content\/uploads\/2015a\/07\/31\/04.jpg","http:\/\/mm.howkuai.com\/wp-content\/uploads\/2015a\/07\/31\/05.jpg","http:\/\/mm.howkuai.com\/wp-content\/uploads\/2015a\/07\/31\/06.jpg","http:\/\/mm.howkuai.com\/wp-content\/uploads\/2015a\/07\/31\/07.jpg","http:\/\/mm.howkuai.com\/wp-content\/uploads\/2015a\/07\/31\/08.jpg"]},{"plaintext":"\u5fae\u5149\u89e6\u6478\u6bcf\u4e00\u5bf8\u808c\u80a4","href":"http:\/\/www.meizitu.com\/a\/5071.html","pic_list":["http:\/\/mm.howkuai.com\/wp-content\/uploads\/2015a\/07\/22\/01.jpg","http:\/\/mm.howkuai.com\/wp-content\/uploads\/2015a\/07\/22\/02.jpg","http:\/\/mm.howkuai.com\/wp-content\/uploads\/2015a\/07\/22\/03.jpg","http:\/\/mm.howkuai.com\/wp-content\/uploads\/2015a\/07\/22\/04.jpg","http:\/\/mm.howkuai.com\/wp-content\/uploads\/2015a\/07\/22\/05.jpg","http:\/\/mm.howkuai.com\/wp-content\/uploads\/2015a\/07\/22\/06.jpg"]},{"plaintext":"\u708e\u53ef\u53ef\u4e0a\u6f14\u53a8\u623f\u771f\u7a7a\u8bf1\u60d1","href":"http:\/\/www.meizitu.com\/a\/5053.html","pic_list":["http:\/\/mm.howkuai.com\/wp-content\/uploads\/2015a\/07\/04\/01.jpg","http:\/\/mm.howkuai.com\/wp-content\/uploads\/2015a\/07\/04\/02.jpg","http:\/\/mm.howkuai.com\/wp-content\/uploads\/2015a\/07\/04\/03.jpg","http:\/\/mm.howkuai.com\/wp-content\/uploads\/2015a\/07\/04\/04.jpg","http:\/\/mm.howkuai.com\/wp-content\/uploads\/2015a\/07\/04\/05.jpg","http:\/\/mm.howkuai.com\/wp-content\/uploads\/2015a\/07\/04\/06.jpg","http:\/\/mm.howkuai.com\/wp-content\/uploads\/2015a\/07\/04\/07.jpg"]},{"plaintext":"\u8fc8\u5165\u5a5a\u59fb\u6bbf\u5802\u524d\uff0c\u4efb\u6027\u5c0f\u79c1\u623f\u4e00\u628a","href":"http:\/\/www.meizitu.com\/a\/5021.html","pic_list":["http:\/\/mm.howkuai.com\/wp-content\/uploads\/2015a\/06\/14\/01.jpg","http:\/\/mm.howkuai.com\/wp-content\/uploads\/2015a\/06\/14\/02.jpg","http:\/\/mm.howkuai.com\/wp-content\/uploads\/2015a\/06\/14\/03.jpg","http:\/\/mm.howkuai.com\/wp-content\/uploads\/2015a\/06\/14\/04.jpg","http:\/\/mm.howkuai.com\/wp-content\/uploads\/2015a\/06\/14\/05.jpg","http:\/\/mm.howkuai.com\/wp-content\/uploads\/2015a\/06\/14\/06.jpg","http:\/\/mm.howkuai.com\/wp-content\/uploads\/2015a\/06\/14\/07.jpg"]},{"plaintext":"\u6ce2\u6d9b\u6c79\u6d8c\u5218\u98de\u513ffaye\u5199\u771f","href":"http:\/\/www.meizitu.com\/a\/4996.html","pic_list":["http:\/\/mm.howkuai.com\/wp-content\/uploads\/2015a\/05\/46\/01.jpg","http:\/\/mm.howkuai.com\/wp-content\/uploads\/2015a\/05\/46\/02.jpg","http:\/\/mm.howkuai.com\/wp-content\/uploads\/2015a\/05\/46\/03.jpg","http:\/\/mm.howkuai.com\/wp-content\/uploads\/2015a\/05\/46\/04.jpg","http:\/\/mm.howkuai.com\/wp-content\/uploads\/2015a\/05\/46\/05.jpg","http:\/\/mm.howkuai.com\/wp-content\/uploads\/2015a\/05\/46\/06.jpg","http:\/\/mm.howkuai.com\/wp-content\/uploads\/2015a\/05\/46\/07.jpg"]},{"plaintext":"\u5377\u53d1\u5c24\u7269\u5410\u7c89\u820c\u79c1\u623f\u8bf1\u4eba\u7167","href":"http:\/\/www.meizitu.com\/a\/4992.html","pic_list":["http:\/\/mm.howkuai.com\/wp-content\/uploads\/2015a\/05\/42\/01.jpg","http:\/\/mm.howkuai.com\/wp-content\/uploads\/2015a\/05\/42\/02.jpg","http:\/\/mm.howkuai.com\/wp-content\/uploads\/2015a\/05\/42\/03.jpg","http:\/\/mm.howkuai.com\/wp-content\/uploads\/2015a\/05\/42\/04.jpg","http:\/\/mm.howkuai.com\/wp-content\/uploads\/2015a\/05\/42\/05.jpg","http:\/\/mm.howkuai.com\/wp-content\/uploads\/2015a\/05\/42\/06.jpg","http:\/\/mm.howkuai.com\/wp-content\/uploads\/2015a\/05\/42\/07.jpg"]},{"plaintext":"\u5377\u53d1\u91d1\u4e1d\u732b\uff0c\u738b\u745e\u513f\u524d\u51f8\u540e\u7fd8\u52b2\u7206\u5199\u771f","href":"http:\/\/www.meizitu.com\/a\/4988.html","pic_list":["http:\/\/mm.howkuai.com\/wp-content\/uploads\/2015a\/05\/38\/01.jpg","http:\/\/mm.howkuai.com\/wp-content\/uploads\/2015a\/05\/38\/02.jpg","http:\/\/mm.howkuai.com\/wp-content\/uploads\/2015a\/05\/38\/03.jpg","http:\/\/mm.howkuai.com\/wp-content\/uploads\/2015a\/05\/38\/04.jpg","http:\/\/mm.howkuai.com\/wp-content\/uploads\/2015a\/05\/38\/05.jpg","http:\/\/mm.howkuai.com\/wp-content\/uploads\/2015a\/05\/38\/06.jpg"]},{"plaintext":"\u5bd0\u542b\u6625\u6c34\u8138\u5982\u51dd\u8102\uff0c\u8096\u4e0e\u6668\u79c1\u623f\u5199\u771f","href":"http:\/\/www.meizitu.com\/a\/4985.html","pic_list":["http:\/\/mm.howkuai.com\/wp-content\/uploads\/2015a\/05\/35\/01.jpg","http:\/\/mm.howkuai.com\/wp-content\/uploads\/2015a\/05\/35\/02.jpg","http:\/\/mm.howkuai.com\/wp-content\/uploads\/2015a\/05\/35\/03.jpg","http:\/\/mm.howkuai.com\/wp-content\/uploads\/2015a\/05\/35\/04.jpg","http:\/\/mm.howkuai.com\/wp-content\/uploads\/2015a\/05\/35\/05.jpg","http:\/\/mm.howkuai.com\/wp-content\/uploads\/2015a\/05\/35\/06.jpg","http:\/\/mm.howkuai.com\/wp-content\/uploads\/2015a\/05\/35\/07.jpg"]},{"plaintext":"\u6027\u611f\u6a21\u7279\u6768\u4f0a\u79c1\u623f\u5199\u771f","href":"http:\/\/www.meizitu.com\/a\/4973.html","pic_list":["http:\/\/mm.howkuai.com\/wp-content\/uploads\/2015a\/05\/23\/01.jpg","http:\/\/mm.howkuai.com\/wp-content\/uploads\/2015a\/05\/23\/02.jpg","http:\/\/mm.howkuai.com\/wp-content\/uploads\/2015a\/05\/23\/03.jpg","http:\/\/mm.howkuai.com\/wp-content\/uploads\/2015a\/05\/23\/04.jpg","http:\/\/mm.howkuai.com\/wp-content\/uploads\/2015a\/05\/23\/05.jpg","http:\/\/mm.howkuai.com\/wp-content\/uploads\/2015a\/05\/23\/06.jpg","http:\/\/mm.howkuai.com\/wp-content\/uploads\/2015a\/05\/23\/07.jpg"]},{"plaintext":"\u957f\u53d1\u53ca\u8170\uff0c\u7f8e\u4e73\u6a21\u7279\u5468\u5b50\u8bfa\u5199\u771f","href":"http:\/\/www.meizitu.com\/a\/4970.html","pic_list":["http:\/\/mm.howkuai.com\/wp-content\/uploads\/2015a\/05\/19\/01.jpg","http:\/\/mm.howkuai.com\/wp-content\/uploads\/2015a\/05\/19\/02.jpg","http:\/\/mm.howkuai.com\/wp-content\/uploads\/2015a\/05\/19\/03.jpg","http:\/\/mm.howkuai.com\/wp-content\/uploads\/2015a\/05\/19\/04.jpg","http:\/\/mm.howkuai.com\/wp-content\/uploads\/2015a\/05\/19\/05.jpg","http:\/\/mm.howkuai.com\/wp-content\/uploads\/2015a\/05\/19\/06.jpg","http:\/\/mm.howkuai.com\/wp-content\/uploads\/2015a\/05\/19\/07.jpg"]},{"plaintext":"\u7537\u4eba\u68a6\u5bd0\u4ee5\u6c42\uff0c\u8eba\u5728\u5e8a\u4e0a\u7684\u7f8e\u5973\u4e0e\u949e\u7968","href":"http:\/\/www.meizitu.com\/a\/4961.html","pic_list":["http:\/\/mm.howkuai.com\/wp-content\/uploads\/2015a\/05\/10\/01.jpg","http:\/\/mm.howkuai.com\/wp-content\/uploads\/2015a\/05\/10\/02.jpg","http:\/\/mm.howkuai.com\/wp-content\/uploads\/2015a\/05\/10\/03.jpg","http:\/\/mm.howkuai.com\/wp-content\/uploads\/2015a\/05\/10\/04.jpg","http:\/\/mm.howkuai.com\/wp-content\/uploads\/2015a\/05\/10\/05.jpg","http:\/\/mm.howkuai.com\/wp-content\/uploads\/2015a\/05\/10\/06.jpg"]},{"plaintext":"\u7fd8\u81c0\u4e0a\u9762\u53ef\u4ee5\u653e\u6c34\u676f\u7684\u6027\u611f\u5973\u5b69","href":"http:\/\/www.meizitu.com\/a\/4956.html","pic_list":["http:\/\/mm.howkuai.com\/wp-content\/uploads\/2015a\/05\/05\/01.jpg","http:\/\/mm.howkuai.com\/wp-content\/uploads\/2015a\/05\/05\/02.jpg","http:\/\/mm.howkuai.com\/wp-content\/uploads\/2015a\/05\/05\/03.jpg","http:\/\/mm.howkuai.com\/wp-content\/uploads\/2015a\/05\/05\/04.jpg","http:\/\/mm.howkuai.com\/wp-content\/uploads\/2015a\/05\/05\/05.jpg","http:\/\/mm.howkuai.com\/wp-content\/uploads\/2015a\/05\/05\/06.jpg","http:\/\/mm.howkuai.com\/wp-content\/uploads\/2015a\/05\/05\/07.jpg"]},{"plaintext":"\u6d74\u7f38\u4e2d\u7684\u53ef\u7231\u5c0f\u7f8e\u5973\uff0c\u4eba\u7f8e\u5c31\u662f\u4efb\u6027","href":"http:\/\/www.meizitu.com\/a\/4945.html","pic_list":["http:\/\/mm.howkuai.com\/wp-content\/uploads\/2015a\/04\/49\/01.jpg","http:\/\/mm.howkuai.com\/wp-content\/uploads\/2015a\/04\/49\/02.jpg","http:\/\/mm.howkuai.com\/wp-content\/uploads\/2015a\/04\/49\/03.jpg","http:\/\/mm.howkuai.com\/wp-content\/uploads\/2015a\/04\/49\/04.jpg","http:\/\/mm.howkuai.com\/wp-content\/uploads\/2015a\/04\/49\/05.jpg","http:\/\/mm.howkuai.com\/wp-content\/uploads\/2015a\/04\/49\/06.jpg","http:\/\/mm.howkuai.com\/wp-content\/uploads\/2015a\/04\/49\/07.jpg"]},{"plaintext":"\u62c9\u62c9\u7684\u8bf1\u60d1\uff0c\u7f8e\u5973\u6f14\u7ece\u6027\u611f\u79c1\u5bc6\u8bdd\u8bed","href":"http:\/\/www.meizitu.com\/a\/4939.html","pic_list":["http:\/\/mm.howkuai.com\/wp-content\/uploads\/2015a\/04\/43\/01.jpg","http:\/\/mm.howkuai.com\/wp-content\/uploads\/2015a\/04\/43\/02.jpg","http:\/\/mm.howkuai.com\/wp-content\/uploads\/2015a\/04\/43\/03.jpg","http:\/\/mm.howkuai.com\/wp-content\/uploads\/2015a\/04\/43\/04.jpg","http:\/\/mm.howkuai.com\/wp-content\/uploads\/2015a\/04\/43\/05.jpg"]},{"plaintext":"\u7edd\u5bf9\u597d\u8eab\u6750\uff0c\u67d4\u6861\u8f7b\u66fc\uff0c\u59a9\u5a9a\u7ea4\u5f31","href":"http:\/\/www.meizitu.com\/a\/4921.html","pic_list":["http:\/\/mm.howkuai.com\/wp-content\/uploads\/2015a\/04\/25\/01.jpg","http:\/\/mm.howkuai.com\/wp-content\/uploads\/2015a\/04\/25\/02.jpg","http:\/\/mm.howkuai.com\/wp-content\/uploads\/2015a\/04\/25\/03.jpg","http:\/\/mm.howkuai.com\/wp-content\/uploads\/2015a\/04\/25\/04.jpg","http:\/\/mm.howkuai.com\/wp-content\/uploads\/2015a\/04\/25\/05.jpg"]},{"plaintext":"\u8d27\u771f\u4ef7\u5b9e\u7684F\u676f\uff0c\u9b54\u9b3c\u8eab\u6750\u4e00\u89c8\u65e0\u4f59","href":"http:\/\/www.meizitu.com\/a\/4917.html","pic_list":["http:\/\/mm.howkuai.com\/wp-content\/uploads\/2015a\/04\/21\/01.jpg","http:\/\/mm.howkuai.com\/wp-content\/uploads\/2015a\/04\/21\/02.jpg","http:\/\/mm.howkuai.com\/wp-content\/uploads\/2015a\/04\/21\/03.jpg","http:\/\/mm.howkuai.com\/wp-content\/uploads\/2015a\/04\/21\/04.jpg","http:\/\/mm.howkuai.com\/wp-content\/uploads\/2015a\/04\/21\/05.jpg","http:\/\/mm.howkuai.com\/wp-content\/uploads\/2015a\/04\/21\/06.jpg","http:\/\/mm.howkuai.com\/wp-content\/uploads\/2015a\/04\/21\/07.jpg"]},{"plaintext":"\u9633\u5149\u6b63\u59b9\u79c0\u957f\u817f\uff0c\u59ff\u52bf\u64a9\u4eba","href":"http:\/\/www.meizitu.com\/a\/4909.html","pic_list":["http:\/\/mm.howkuai.com\/wp-content\/uploads\/2015a\/04\/13\/01.jpg","http:\/\/mm.howkuai.com\/wp-content\/uploads\/2015a\/04\/13\/02.jpg","http:\/\/mm.howkuai.com\/wp-content\/uploads\/2015a\/04\/13\/03.jpg","http:\/\/mm.howkuai.com\/wp-content\/uploads\/2015a\/04\/13\/04.jpg","http:\/\/mm.howkuai.com\/wp-content\/uploads\/2015a\/04\/13\/05.jpg","http:\/\/mm.howkuai.com\/wp-content\/uploads\/2015a\/04\/13\/06.jpg","http:\/\/mm.howkuai.com\/wp-content\/uploads\/2015a\/04\/13\/07.jpg","http:\/\/mm.howkuai.com\/wp-content\/uploads\/2015a\/04\/13\/08.jpg"]},{"plaintext":"\u67d4\u60c5\u4f3c\u6c34\u7684\u79c1\u623f\u5199\u771f","href":"http:\/\/www.meizitu.com\/a\/4898.html","pic_list":["http:\/\/mm.howkuai.com\/wp-content\/uploads\/2015a\/04\/02\/01.jpg","http:\/\/mm.howkuai.com\/wp-content\/uploads\/2015a\/04\/02\/02.jpg","http:\/\/mm.howkuai.com\/wp-content\/uploads\/2015a\/04\/02\/03.jpg","http:\/\/mm.howkuai.com\/wp-content\/uploads\/2015a\/04\/02\/04.jpg","http:\/\/mm.howkuai.com\/wp-content\/uploads\/2015a\/04\/02\/05.jpg","http:\/\/mm.howkuai.com\/wp-content\/uploads\/2015a\/04\/02\/06.jpg","http:\/\/mm.howkuai.com\/wp-content\/uploads\/2015a\/04\/02\/07.jpg"]},{"plaintext":"\u725b\u5976\u59b9\u59b9\uff0c\u6d74\u5ba4\u8bf1\u60d1\u5199\u771f","href":"http:\/\/www.meizitu.com\/a\/4889.html","pic_list":["http:\/\/mm.howkuai.com\/wp-content\/uploads\/2015a\/03\/47\/01.jpg","http:\/\/mm.howkuai.com\/wp-content\/uploads\/2015a\/03\/47\/02.jpg","http:\/\/mm.howkuai.com\/wp-content\/uploads\/2015a\/03\/47\/03.jpg","http:\/\/mm.howkuai.com\/wp-content\/uploads\/2015a\/03\/47\/04.jpg","http:\/\/mm.howkuai.com\/wp-content\/uploads\/2015a\/03\/47\/05.jpg"]},{"plaintext":"\u65f6\u5c1a\u5199\u771f\uff0c\u88c5\u5728\u900f\u660e\u888b\u5b50\u91cc\u7684\u7f8e\u5973","href":"http:\/\/www.meizitu.com\/a\/4880.html","pic_list":["http:\/\/mm.howkuai.com\/wp-content\/uploads\/2015a\/03\/38\/01.jpg","http:\/\/mm.howkuai.com\/wp-content\/uploads\/2015a\/03\/38\/02.jpg","http:\/\/mm.howkuai.com\/wp-content\/uploads\/2015a\/03\/38\/03.jpg","http:\/\/mm.howkuai.com\/wp-content\/uploads\/2015a\/03\/38\/04.jpg","http:\/\/mm.howkuai.com\/wp-content\/uploads\/2015a\/03\/38\/05.jpg","http:\/\/mm.howkuai.com\/wp-content\/uploads\/2015a\/03\/38\/06.jpg"]},{"plaintext":"\u5b85\u5973\u590f\u5c0f\u79cb\u7684\u4efb\u6027\u79c1\u623f\u79c0","href":"http:\/\/www.meizitu.com\/a\/4870.html","pic_list":["http:\/\/mm.howkuai.com\/wp-content\/uploads\/2015a\/03\/28\/01.jpg","http:\/\/mm.howkuai.com\/wp-content\/uploads\/2015a\/03\/28\/02.jpg","http:\/\/mm.howkuai.com\/wp-content\/uploads\/2015a\/03\/28\/03.jpg","http:\/\/mm.howkuai.com\/wp-content\/uploads\/2015a\/03\/28\/04.jpg"]},{"plaintext":"\u6027\u611f\u7f8e\u4e73\u5468\u598d\u5e0c\u79c1\u623f\u7167","href":"http:\/\/www.meizitu.com\/a\/4861.html","pic_list":["http:\/\/mm.howkuai.com\/wp-content\/uploads\/2015a\/03\/19\/01.jpg","http:\/\/mm.howkuai.com\/wp-content\/uploads\/2015a\/03\/19\/02.jpg","http:\/\/mm.howkuai.com\/wp-content\/uploads\/2015a\/03\/19\/03.jpg","http:\/\/mm.howkuai.com\/wp-content\/uploads\/2015a\/03\/19\/04.jpg","http:\/\/mm.howkuai.com\/wp-content\/uploads\/2015a\/03\/19\/05.jpg","http:\/\/mm.howkuai.com\/wp-content\/uploads\/2015a\/03\/19\/06.jpg","http:\/\/mm.howkuai.com\/wp-content\/uploads\/2015a\/03\/19\/07.jpg"]}]