[{"plaintext":"\u65b9\u8212\u9716\u7f8e\u4e73\u8eab\u6750\u5185\u8863\u5199\u771f","href":"http:\/\/www.meizitu.com\/a\/4096.html","pic_list":["http:\/\/mm.howkuai.com\/wp-content\/uploads\/2014a\/03\/25\/01.jpg","http:\/\/mm.howkuai.com\/wp-content\/uploads\/2014a\/03\/25\/02.jpg","http:\/\/mm.howkuai.com\/wp-content\/uploads\/2014a\/03\/25\/03.jpg","http:\/\/mm.howkuai.com\/wp-content\/uploads\/2014a\/03\/25\/04.jpg","http:\/\/mm.howkuai.com\/wp-content\/uploads\/2014a\/03\/25\/05.jpg"]},{"plaintext":"\u7f51\u7edc\u706b\u7206\u7f8e\u5973\u82cf\u590f\u7cfb\u5217\u4e4b\u547c\u4e4b\u6b32\u51fa","href":"http:\/\/www.meizitu.com\/a\/4091.html","pic_list":["http:\/\/mm.howkuai.com\/wp-content\/uploads\/2014a\/03\/20\/01.jpg","http:\/\/mm.howkuai.com\/wp-content\/uploads\/2014a\/03\/20\/02.jpg","http:\/\/mm.howkuai.com\/wp-content\/uploads\/2014a\/03\/20\/03.jpg","http:\/\/mm.howkuai.com\/wp-content\/uploads\/2014a\/03\/20\/04.jpg","http:\/\/mm.howkuai.com\/wp-content\/uploads\/2014a\/03\/20\/05.jpg","http:\/\/mm.howkuai.com\/wp-content\/uploads\/2014a\/03\/20\/06.jpg","http:\/\/mm.howkuai.com\/wp-content\/uploads\/2014a\/03\/20\/07.jpg","http:\/\/mm.howkuai.com\/wp-content\/uploads\/2014a\/03\/20\/08.jpg"]},{"plaintext":"\u7edd\u8272\u6027\u611f\u7f8e\u5973\uff0c\u5962\u534e\u623f\u8f66\u4e2d\u68a6\u9192","href":"http:\/\/www.meizitu.com\/a\/4087.html","pic_list":["http:\/\/mm.howkuai.com\/wp-content\/uploads\/2014a\/03\/16\/01.jpg","http:\/\/mm.howkuai.com\/wp-content\/uploads\/2014a\/03\/16\/02.jpg","http:\/\/mm.howkuai.com\/wp-content\/uploads\/2014a\/03\/16\/03.jpg","http:\/\/mm.howkuai.com\/wp-content\/uploads\/2014a\/03\/16\/04.jpg","http:\/\/mm.howkuai.com\/wp-content\/uploads\/2014a\/03\/16\/05.jpg","http:\/\/mm.howkuai.com\/wp-content\/uploads\/2014a\/03\/16\/06.jpg","http:\/\/mm.howkuai.com\/wp-content\/uploads\/2014a\/03\/16\/07.jpg"]},{"plaintext":"\u90e8\u961f\u7684\u5973\u6c49\u5b50\uff0c\u67d4\u60c5\u7f8e\u5973\u8885\u5a1c\u8eab\u59ff\u53e6\u4eba\u5411\u5f80","href":"http:\/\/www.meizitu.com\/a\/4080.html","pic_list":["http:\/\/mm.howkuai.com\/wp-content\/uploads\/2014a\/03\/09\/01.jpg","http:\/\/mm.howkuai.com\/wp-content\/uploads\/2014a\/03\/09\/02.jpg","http:\/\/mm.howkuai.com\/wp-content\/uploads\/2014a\/03\/09\/03.jpg","http:\/\/mm.howkuai.com\/wp-content\/uploads\/2014a\/03\/09\/04.jpg","http:\/\/mm.howkuai.com\/wp-content\/uploads\/2014a\/03\/09\/05.jpg","http:\/\/mm.howkuai.com\/wp-content\/uploads\/2014a\/03\/09\/06.jpg","http:\/\/mm.howkuai.com\/wp-content\/uploads\/2014a\/03\/09\/07.jpg","http:\/\/mm.howkuai.com\/wp-content\/uploads\/2014a\/03\/09\/08.jpg","http:\/\/mm.howkuai.com\/wp-content\/uploads\/2014a\/03\/09\/09.jpg","http:\/\/mm.howkuai.com\/wp-content\/uploads\/2014a\/03\/09\/10.jpg","http:\/\/mm.howkuai.com\/wp-content\/uploads\/2014a\/03\/09\/11.jpg"]},{"plaintext":"\u767d\u74a7\u65e0\u7455\u7684\u808c\u80a4\uff0c\u591c\u8272\u4e0b\u5996\u5a9a\u7684\u5973\u5b50","href":"http:\/\/www.meizitu.com\/a\/4078.html","pic_list":["http:\/\/mm.howkuai.com\/wp-content\/uploads\/2014a\/03\/07\/01.jpg","http:\/\/mm.howkuai.com\/wp-content\/uploads\/2014a\/03\/07\/02.jpg","http:\/\/mm.howkuai.com\/wp-content\/uploads\/2014a\/03\/07\/03.jpg","http:\/\/mm.howkuai.com\/wp-content\/uploads\/2014a\/03\/07\/04.jpg","http:\/\/mm.howkuai.com\/wp-content\/uploads\/2014a\/03\/07\/05.jpg","http:\/\/mm.howkuai.com\/wp-content\/uploads\/2014a\/03\/07\/06.jpg","http:\/\/mm.howkuai.com\/wp-content\/uploads\/2014a\/03\/07\/07.jpg"]},{"plaintext":"\u9ed1\u73cd\u73e0\u7738\u542b\u79cb\u6c34\uff0c\u72c2\u91ce\u52a8\u4eba\u7684\u5ba4\u5185\u5199\u771f","href":"http:\/\/www.meizitu.com\/a\/4075.html","pic_list":["http:\/\/mm.howkuai.com\/wp-content\/uploads\/2014a\/03\/04\/01.jpg","http:\/\/mm.howkuai.com\/wp-content\/uploads\/2014a\/03\/04\/02.jpg","http:\/\/mm.howkuai.com\/wp-content\/uploads\/2014a\/03\/04\/03.jpg","http:\/\/mm.howkuai.com\/wp-content\/uploads\/2014a\/03\/04\/04.jpg","http:\/\/mm.howkuai.com\/wp-content\/uploads\/2014a\/03\/04\/05.jpg","http:\/\/mm.howkuai.com\/wp-content\/uploads\/2014a\/03\/04\/06.jpg"]},{"plaintext":"\u7f8e\u5973\u79c1\u623f\u7167\uff0c\u7edd\u8272\u4f73\u4eba\u7c89\u8102\u51dd\u9999","href":"http:\/\/www.meizitu.com\/a\/4074.html","pic_list":["http:\/\/mm.howkuai.com\/wp-content\/uploads\/2014a\/03\/03\/01.jpg","http:\/\/mm.howkuai.com\/wp-content\/uploads\/2014a\/03\/03\/02.jpg","http:\/\/mm.howkuai.com\/wp-content\/uploads\/2014a\/03\/03\/03.jpg","http:\/\/mm.howkuai.com\/wp-content\/uploads\/2014a\/03\/03\/04.jpg","http:\/\/mm.howkuai.com\/wp-content\/uploads\/2014a\/03\/03\/05.jpg","http:\/\/mm.howkuai.com\/wp-content\/uploads\/2014a\/03\/03\/06.jpg","http:\/\/mm.howkuai.com\/wp-content\/uploads\/2014a\/03\/03\/07.jpg","http:\/\/mm.howkuai.com\/wp-content\/uploads\/2014a\/03\/03\/08.jpg"]},{"plaintext":"\u795e\u6e05\u9aa8\u79c0\u7684\u7f8e\u5973\u677e\u6728\u91cc\u83dc\u4e13\u8f91","href":"http:\/\/www.meizitu.com\/a\/4073.html","pic_list":["http:\/\/mm.howkuai.com\/wp-content\/uploads\/2014a\/03\/02\/01.jpg","http:\/\/mm.howkuai.com\/wp-content\/uploads\/2014a\/03\/02\/02.jpg","http:\/\/mm.howkuai.com\/wp-content\/uploads\/2014a\/03\/02\/03.jpg","http:\/\/mm.howkuai.com\/wp-content\/uploads\/2014a\/03\/02\/04.jpg","http:\/\/mm.howkuai.com\/wp-content\/uploads\/2014a\/03\/02\/05.jpg","http:\/\/mm.howkuai.com\/wp-content\/uploads\/2014a\/03\/02\/06.jpg","http:\/\/mm.howkuai.com\/wp-content\/uploads\/2014a\/03\/02\/07.jpg"]},{"plaintext":"\u6027\u611f\u7f8e\u5973sissi\u8bd7\u8bd7\u6e7f\u8eab\u9ad8\u6e05\u56fe","href":"http:\/\/www.meizitu.com\/a\/4065.html","pic_list":["http:\/\/mm.howkuai.com\/wp-content\/uploads\/2014a\/02\/57\/01.jpg","http:\/\/mm.howkuai.com\/wp-content\/uploads\/2014a\/02\/57\/02.jpg","http:\/\/mm.howkuai.com\/wp-content\/uploads\/2014a\/02\/57\/03.jpg","http:\/\/mm.howkuai.com\/wp-content\/uploads\/2014a\/02\/57\/04.jpg","http:\/\/mm.howkuai.com\/wp-content\/uploads\/2014a\/02\/57\/05.jpg","http:\/\/mm.howkuai.com\/wp-content\/uploads\/2014a\/02\/57\/06.jpg","http:\/\/mm.howkuai.com\/wp-content\/uploads\/2014a\/02\/57\/07.jpg","http:\/\/mm.howkuai.com\/wp-content\/uploads\/2014a\/02\/57\/08.jpg","http:\/\/mm.howkuai.com\/wp-content\/uploads\/2014a\/02\/57\/09.jpg","http:\/\/mm.howkuai.com\/wp-content\/uploads\/2014a\/02\/57\/10.jpg"]},{"plaintext":"\u6cf3\u6c60\u8fb9\u7684\u957f\u817f\u7f8e\u81c0\uff0c\u540d\u6a21\u53f6\u6893\u8431\u5199\u771f","href":"http:\/\/www.meizitu.com\/a\/4023.html","pic_list":["http:\/\/mm.howkuai.com\/wp-content\/uploads\/2014a\/02\/14\/01.jpg","http:\/\/mm.howkuai.com\/wp-content\/uploads\/2014a\/02\/14\/02.jpg","http:\/\/mm.howkuai.com\/wp-content\/uploads\/2014a\/02\/14\/03.jpg","http:\/\/mm.howkuai.com\/wp-content\/uploads\/2014a\/02\/14\/04.jpg","http:\/\/mm.howkuai.com\/wp-content\/uploads\/2014a\/02\/14\/05.jpg","http:\/\/mm.howkuai.com\/wp-content\/uploads\/2014a\/02\/14\/06.jpg"]},{"plaintext":"\u90a3\u4e9b\u8ba9\u4eba\u8840\u8109\u55b7\u5f20\u7684\u7fd8\u81c0","href":"http:\/\/www.meizitu.com\/a\/3964.html","pic_list":["http:\/\/mm.howkuai.com\/wp-content\/uploads\/2014a\/01\/31\/01.jpg","http:\/\/mm.howkuai.com\/wp-content\/uploads\/2014a\/01\/31\/02.jpg","http:\/\/mm.howkuai.com\/wp-content\/uploads\/2014a\/01\/31\/03.jpg","http:\/\/mm.howkuai.com\/wp-content\/uploads\/2014a\/01\/31\/04.jpg","http:\/\/mm.howkuai.com\/wp-content\/uploads\/2014a\/01\/31\/05.jpg","http:\/\/mm.howkuai.com\/wp-content\/uploads\/2014a\/01\/31\/06.jpg","http:\/\/mm.howkuai.com\/wp-content\/uploads\/2014a\/01\/31\/07.jpg","http:\/\/mm.howkuai.com\/wp-content\/uploads\/2014a\/01\/31\/08.jpg","http:\/\/mm.howkuai.com\/wp-content\/uploads\/2014a\/01\/31\/09.jpg","http:\/\/mm.howkuai.com\/wp-content\/uploads\/2014a\/01\/31\/10.jpg"]},{"plaintext":"\u4f53\u80b2\u5973\u4e3b\u64ad\u5a07\u8273\u6b32\u6ef4\u79c0\u5b8c\u7f8e\u8eab\u6750","href":"http:\/\/www.meizitu.com\/a\/3963.html","pic_list":["http:\/\/mm.howkuai.com\/wp-content\/uploads\/2014a\/01\/30\/01.jpg","http:\/\/mm.howkuai.com\/wp-content\/uploads\/2014a\/01\/30\/02.jpg","http:\/\/mm.howkuai.com\/wp-content\/uploads\/2014a\/01\/30\/03.jpg","http:\/\/mm.howkuai.com\/wp-content\/uploads\/2014a\/01\/30\/04.jpg","http:\/\/mm.howkuai.com\/wp-content\/uploads\/2014a\/01\/30\/05.jpg","http:\/\/mm.howkuai.com\/wp-content\/uploads\/2014a\/01\/30\/06.jpg","http:\/\/mm.howkuai.com\/wp-content\/uploads\/2014a\/01\/30\/07.jpg"]},{"plaintext":"\u51ac\u65e5\u91cc\u7684\u5c0f\u79c1\u623f\uff0c\u6e05\u7eaf\u306e\u6027\u611f","href":"http:\/\/www.meizitu.com\/a\/3957.html","pic_list":["http:\/\/mm.howkuai.com\/wp-content\/uploads\/2014a\/01\/24\/01.jpg","http:\/\/mm.howkuai.com\/wp-content\/uploads\/2014a\/01\/24\/02.jpg","http:\/\/mm.howkuai.com\/wp-content\/uploads\/2014a\/01\/24\/03.jpg","http:\/\/mm.howkuai.com\/wp-content\/uploads\/2014a\/01\/24\/04.jpg","http:\/\/mm.howkuai.com\/wp-content\/uploads\/2014a\/01\/24\/05.jpg","http:\/\/mm.howkuai.com\/wp-content\/uploads\/2014a\/01\/24\/06.jpg","http:\/\/mm.howkuai.com\/wp-content\/uploads\/2014a\/01\/24\/07.jpg","http:\/\/mm.howkuai.com\/wp-content\/uploads\/2014a\/01\/24\/08.jpg"]},{"plaintext":"\u53a8\u623f\u4e0a\u6f14\u7684\u6fc0\u60c5\uff0c\u7edd\u7f8e\u8eab\u6750\u9648\u5927\u6995","href":"http:\/\/www.meizitu.com\/a\/3956.html","pic_list":["http:\/\/mm.howkuai.com\/wp-content\/uploads\/2014a\/01\/23\/01.jpg","http:\/\/mm.howkuai.com\/wp-content\/uploads\/2014a\/01\/23\/02.jpg","http:\/\/mm.howkuai.com\/wp-content\/uploads\/2014a\/01\/23\/03.jpg","http:\/\/mm.howkuai.com\/wp-content\/uploads\/2014a\/01\/23\/04.jpg","http:\/\/mm.howkuai.com\/wp-content\/uploads\/2014a\/01\/23\/05.jpg","http:\/\/mm.howkuai.com\/wp-content\/uploads\/2014a\/01\/23\/06.jpg","http:\/\/mm.howkuai.com\/wp-content\/uploads\/2014a\/01\/23\/07.jpg","http:\/\/mm.howkuai.com\/wp-content\/uploads\/2014a\/01\/23\/08.jpg","http:\/\/mm.howkuai.com\/wp-content\/uploads\/2014a\/01\/23\/09.jpg"]},{"plaintext":"\u591c\u665a\u5c06\u8fd1\uff0c\u5c0f\u59ffNancy\u6d77\u8fb9\u6e7f\u8eab\u7167\u5c3d\u663e\u59a9\u5a9a","href":"http:\/\/www.meizitu.com\/a\/3953.html","pic_list":["http:\/\/mm.howkuai.com\/wp-content\/uploads\/2014a\/01\/20\/01.jpg","http:\/\/mm.howkuai.com\/wp-content\/uploads\/2014a\/01\/20\/02.jpg","http:\/\/mm.howkuai.com\/wp-content\/uploads\/2014a\/01\/20\/03.jpg","http:\/\/mm.howkuai.com\/wp-content\/uploads\/2014a\/01\/20\/04.jpg","http:\/\/mm.howkuai.com\/wp-content\/uploads\/2014a\/01\/20\/05.jpg","http:\/\/mm.howkuai.com\/wp-content\/uploads\/2014a\/01\/20\/06.jpg","http:\/\/mm.howkuai.com\/wp-content\/uploads\/2014a\/01\/20\/07.jpg","http:\/\/mm.howkuai.com\/wp-content\/uploads\/2014a\/01\/20\/08.jpg"]},{"plaintext":"[\u59b9\u5b50\u56fe]\u4e24\u4e2a\u6027\u611f\u5973\u5b69\u59a9\u5a9a\u8868\u6f14","href":"http:\/\/www.meizitu.com\/a\/3944.html","pic_list":["http:\/\/mm.howkuai.com\/wp-content\/uploads\/2014a\/01\/09\/01.jpg","http:\/\/mm.howkuai.com\/wp-content\/uploads\/2014a\/01\/09\/02.jpg","http:\/\/mm.howkuai.com\/wp-content\/uploads\/2014a\/01\/09\/03.jpg","http:\/\/mm.howkuai.com\/wp-content\/uploads\/2014a\/01\/09\/04.jpg","http:\/\/mm.howkuai.com\/wp-content\/uploads\/2014a\/01\/09\/05.jpg","http:\/\/mm.howkuai.com\/wp-content\/uploads\/2014a\/01\/09\/06.jpg","http:\/\/mm.howkuai.com\/wp-content\/uploads\/2014a\/01\/09\/07.jpg","http:\/\/mm.howkuai.com\/wp-content\/uploads\/2014a\/01\/09\/08.jpg","http:\/\/mm.howkuai.com\/wp-content\/uploads\/2014a\/01\/09\/09.jpg","http:\/\/mm.howkuai.com\/wp-content\/uploads\/2014a\/01\/09\/10.jpg","http:\/\/mm.howkuai.com\/wp-content\/uploads\/2014a\/01\/09\/11.jpg","http:\/\/mm.howkuai.com\/wp-content\/uploads\/2014a\/01\/09\/12.jpg","http:\/\/mm.howkuai.com\/wp-content\/uploads\/2014a\/01\/09\/13.jpg"]},{"plaintext":"\u4e1d\u889c\u7f8e\u817f\u7cfb\u5217\uff0c\u540a\u5e26\u9ed1\u4e1d\u7684\u6781\u81f4\u8bf1\u60d1","href":"http:\/\/www.meizitu.com\/a\/3910.html","pic_list":["http:\/\/mm.howkuai.com\/wp-content\/uploads\/2013a\/12\/46\/01.jpg","http:\/\/mm.howkuai.com\/wp-content\/uploads\/2013a\/12\/46\/02.jpg","http:\/\/mm.howkuai.com\/wp-content\/uploads\/2013a\/12\/46\/03.jpg","http:\/\/mm.howkuai.com\/wp-content\/uploads\/2013a\/12\/46\/04.jpg","http:\/\/mm.howkuai.com\/wp-content\/uploads\/2013a\/12\/46\/05.jpg","http:\/\/mm.howkuai.com\/wp-content\/uploads\/2013a\/12\/46\/06.jpg","http:\/\/mm.howkuai.com\/wp-content\/uploads\/2013a\/12\/46\/07.jpg","http:\/\/mm.howkuai.com\/wp-content\/uploads\/2013a\/12\/46\/08.jpg","http:\/\/mm.howkuai.com\/wp-content\/uploads\/2013a\/12\/46\/09.jpg"]},{"plaintext":"\u7f8e\u4e73\u5b9d\u8d1d2013\u95fa\u623f\u79c1\u623f\u5199\u771f","href":"http:\/\/www.meizitu.com\/a\/3902.html","pic_list":["http:\/\/mm.howkuai.com\/wp-content\/uploads\/2013a\/12\/38\/01.jpg","http:\/\/mm.howkuai.com\/wp-content\/uploads\/2013a\/12\/38\/02.jpg","http:\/\/mm.howkuai.com\/wp-content\/uploads\/2013a\/12\/38\/03.jpg","http:\/\/mm.howkuai.com\/wp-content\/uploads\/2013a\/12\/38\/04.jpg","http:\/\/mm.howkuai.com\/wp-content\/uploads\/2013a\/12\/38\/05.jpg","http:\/\/mm.howkuai.com\/wp-content\/uploads\/2013a\/12\/38\/06.jpg","http:\/\/mm.howkuai.com\/wp-content\/uploads\/2013a\/12\/38\/07.jpg","http:\/\/mm.howkuai.com\/wp-content\/uploads\/2013a\/12\/38\/08.jpg"]},{"plaintext":"\u5c0f\u6167\u7684\u5ba4\u5185\u79c1\u623f\u4eba\u4f53\u5199\u771f","href":"http:\/\/www.meizitu.com\/a\/3899.html","pic_list":["http:\/\/mm.howkuai.com\/wp-content\/uploads\/2013a\/12\/35\/01.jpg","http:\/\/mm.howkuai.com\/wp-content\/uploads\/2013a\/12\/35\/02.jpg","http:\/\/mm.howkuai.com\/wp-content\/uploads\/2013a\/12\/35\/03.jpg","http:\/\/mm.howkuai.com\/wp-content\/uploads\/2013a\/12\/35\/04.jpg","http:\/\/mm.howkuai.com\/wp-content\/uploads\/2013a\/12\/35\/05.jpg","http:\/\/mm.howkuai.com\/wp-content\/uploads\/2013a\/12\/35\/06.jpg","http:\/\/mm.howkuai.com\/wp-content\/uploads\/2013a\/12\/35\/07.jpg","http:\/\/mm.howkuai.com\/wp-content\/uploads\/2013a\/12\/35\/08.jpg"]},{"plaintext":"\u9152\u5427\u91cc\u5973\u5b69\u5634\u5507\u5f88\u6027\u611f","href":"http:\/\/www.meizitu.com\/a\/3895.html","pic_list":["http:\/\/mm.howkuai.com\/wp-content\/uploads\/2013a\/12\/31\/01.jpg","http:\/\/mm.howkuai.com\/wp-content\/uploads\/2013a\/12\/31\/02.jpg","http:\/\/mm.howkuai.com\/wp-content\/uploads\/2013a\/12\/31\/03.jpg","http:\/\/mm.howkuai.com\/wp-content\/uploads\/2013a\/12\/31\/04.jpg","http:\/\/mm.howkuai.com\/wp-content\/uploads\/2013a\/12\/31\/05.jpg"]},{"plaintext":"\u767d\u7699\u4e30\u6ee1\u7684\u59b9\u5b50\u5609\u4f9d","href":"http:\/\/www.meizitu.com\/a\/3887.html","pic_list":["http:\/\/mm.howkuai.com\/wp-content\/uploads\/2013a\/12\/23\/01.jpg","http:\/\/mm.howkuai.com\/wp-content\/uploads\/2013a\/12\/23\/02.jpg","http:\/\/mm.howkuai.com\/wp-content\/uploads\/2013a\/12\/23\/03.jpg","http:\/\/mm.howkuai.com\/wp-content\/uploads\/2013a\/12\/23\/04.jpg","http:\/\/mm.howkuai.com\/wp-content\/uploads\/2013a\/12\/23\/05.jpg"]},{"plaintext":"\u7f8e\u4e0d\u80dc\u6536\uff0c\u56fd\u5185\u6027\u611f\u5c24\u7269\u5408\u96c6","href":"http:\/\/www.meizitu.com\/a\/3886.html","pic_list":["http:\/\/mm.howkuai.com\/wp-content\/uploads\/2013a\/12\/22\/01.jpg","http:\/\/mm.howkuai.com\/wp-content\/uploads\/2013a\/12\/22\/02.jpg","http:\/\/mm.howkuai.com\/wp-content\/uploads\/2013a\/12\/22\/03.jpg","http:\/\/mm.howkuai.com\/wp-content\/uploads\/2013a\/12\/22\/04.jpg","http:\/\/mm.howkuai.com\/wp-content\/uploads\/2013a\/12\/22\/05.jpg","http:\/\/mm.howkuai.com\/wp-content\/uploads\/2013a\/12\/22\/06.jpg","http:\/\/mm.howkuai.com\/wp-content\/uploads\/2013a\/12\/22\/07.jpg","http:\/\/mm.howkuai.com\/wp-content\/uploads\/2013a\/12\/22\/08.jpg","http:\/\/mm.howkuai.com\/wp-content\/uploads\/2013a\/12\/22\/09.jpg","http:\/\/mm.howkuai.com\/wp-content\/uploads\/2013a\/12\/22\/10.jpg","http:\/\/mm.howkuai.com\/wp-content\/uploads\/2013a\/12\/22\/11.jpg"]},{"plaintext":"\u6027\u611f\u8fd8\u662f\u6027\u80fd\uff1f\u957f\u817f\u59b9\u5b50\u4e0e\u5b85\u7537\u7814\u7a76\u6570\u7801","href":"http:\/\/www.meizitu.com\/a\/3882.html","pic_list":["http:\/\/mm.howkuai.com\/wp-content\/uploads\/2013a\/12\/18\/01.jpg","http:\/\/mm.howkuai.com\/wp-content\/uploads\/2013a\/12\/18\/02.jpg","http:\/\/mm.howkuai.com\/wp-content\/uploads\/2013a\/12\/18\/03.jpg","http:\/\/mm.howkuai.com\/wp-content\/uploads\/2013a\/12\/18\/04.jpg","http:\/\/mm.howkuai.com\/wp-content\/uploads\/2013a\/12\/18\/05.jpg","http:\/\/mm.howkuai.com\/wp-content\/uploads\/2013a\/12\/18\/06.jpg","http:\/\/mm.howkuai.com\/wp-content\/uploads\/2013a\/12\/18\/07.jpg"]},{"plaintext":"\u59b9\u5b50\u56fe\u5468\u65e5\u798f\u5229\uff0c\u957f\u817f\u7f8e\u817f\u7cfb\u5217\u5408\u96c6","href":"http:\/\/www.meizitu.com\/a\/3878.html","pic_list":["http:\/\/mm.howkuai.com\/wp-content\/uploads\/2013a\/12\/14\/01.jpg","http:\/\/mm.howkuai.com\/wp-content\/uploads\/2013a\/12\/14\/02.jpg","http:\/\/mm.howkuai.com\/wp-content\/uploads\/2013a\/12\/14\/03.jpg","http:\/\/mm.howkuai.com\/wp-content\/uploads\/2013a\/12\/14\/04.jpg","http:\/\/mm.howkuai.com\/wp-content\/uploads\/2013a\/12\/14\/05.jpg","http:\/\/mm.howkuai.com\/wp-content\/uploads\/2013a\/12\/14\/06.jpg","http:\/\/mm.howkuai.com\/wp-content\/uploads\/2013a\/12\/14\/07.jpg","http:\/\/mm.howkuai.com\/wp-content\/uploads\/2013a\/12\/14\/08.jpg","http:\/\/mm.howkuai.com\/wp-content\/uploads\/2013a\/12\/14\/09.jpg","http:\/\/mm.howkuai.com\/wp-content\/uploads\/2013a\/12\/14\/10.jpg","http:\/\/mm.howkuai.com\/wp-content\/uploads\/2013a\/12\/14\/11.jpg","http:\/\/mm.howkuai.com\/wp-content\/uploads\/2013a\/12\/14\/12.jpg"]},{"plaintext":"\u65b0\u751f\u4ee395\u540e\u7ae5\u989c\u5de8\u4e73barbie\u53ef\u513f","href":"http:\/\/www.meizitu.com\/a\/3855.html","pic_list":["http:\/\/mm.howkuai.com\/wp-content\/uploads\/2013a\/11\/69\/01.jpg","http:\/\/mm.howkuai.com\/wp-content\/uploads\/2013a\/11\/69\/02.jpg","http:\/\/mm.howkuai.com\/wp-content\/uploads\/2013a\/11\/69\/03.jpg","http:\/\/mm.howkuai.com\/wp-content\/uploads\/2013a\/11\/69\/04.jpg","http:\/\/mm.howkuai.com\/wp-content\/uploads\/2013a\/11\/69\/05.jpg","http:\/\/mm.howkuai.com\/wp-content\/uploads\/2013a\/11\/69\/06.jpg","http:\/\/mm.howkuai.com\/wp-content\/uploads\/2013a\/11\/69\/07.jpg","http:\/\/mm.howkuai.com\/wp-content\/uploads\/2013a\/11\/69\/08.jpg","http:\/\/mm.howkuai.com\/wp-content\/uploads\/2013a\/11\/69\/09.jpg","http:\/\/mm.howkuai.com\/wp-content\/uploads\/2013a\/11\/69\/10.jpg"]},{"plaintext":"\u5915\u9633\u4e0b\u7684\u6d77\u8fb9\uff0c\u7f8e\u817f\u8bf1\u60d1\u65e0\u9650","href":"http:\/\/www.meizitu.com\/a\/3832.html","pic_list":["http:\/\/mm.howkuai.com\/wp-content\/uploads\/2013a\/11\/47\/01.jpg","http:\/\/mm.howkuai.com\/wp-content\/uploads\/2013a\/11\/47\/02.jpg","http:\/\/mm.howkuai.com\/wp-content\/uploads\/2013a\/11\/47\/03.jpg","http:\/\/mm.howkuai.com\/wp-content\/uploads\/2013a\/11\/47\/04.jpg","http:\/\/mm.howkuai.com\/wp-content\/uploads\/2013a\/11\/47\/05.jpg"]},{"plaintext":"\u4e1d\u889c\u7f8e\u4e73\u5e7c\u5e08\u5973\u795e\u7b2c\u4e00\u5b63","href":"http:\/\/www.meizitu.com\/a\/3813.html","pic_list":["http:\/\/mm.howkuai.com\/wp-content\/uploads\/2013a\/11\/28\/01.jpg","http:\/\/mm.howkuai.com\/wp-content\/uploads\/2013a\/11\/28\/02.jpg","http:\/\/mm.howkuai.com\/wp-content\/uploads\/2013a\/11\/28\/03.jpg","http:\/\/mm.howkuai.com\/wp-content\/uploads\/2013a\/11\/28\/04.jpg","http:\/\/mm.howkuai.com\/wp-content\/uploads\/2013a\/11\/28\/05.jpg","http:\/\/mm.howkuai.com\/wp-content\/uploads\/2013a\/11\/28\/06.jpg","http:\/\/mm.howkuai.com\/wp-content\/uploads\/2013a\/11\/28\/07.jpg"]},{"plaintext":"\u6027\u611f\u7f8e\u4e73mm\u5b9d\u8d1d\u79c1\u623f\u79c0","href":"http:\/\/www.meizitu.com\/a\/3811.html","pic_list":["http:\/\/mm.howkuai.com\/wp-content\/uploads\/2013a\/11\/26\/01.jpg","http:\/\/mm.howkuai.com\/wp-content\/uploads\/2013a\/11\/26\/02.jpg","http:\/\/mm.howkuai.com\/wp-content\/uploads\/2013a\/11\/26\/03.jpg","http:\/\/mm.howkuai.com\/wp-content\/uploads\/2013a\/11\/26\/04.jpg"]},{"plaintext":"\u6027\u611f\u5c24\u7269\u534a\u906e\u7f8e\u4e73\u5f15\u7206\u773c\u7403","href":"http:\/\/www.meizitu.com\/a\/3807.html","pic_list":["http:\/\/mm.howkuai.com\/wp-content\/uploads\/2013a\/11\/22\/01.jpg","http:\/\/mm.howkuai.com\/wp-content\/uploads\/2013a\/11\/22\/02.jpg","http:\/\/mm.howkuai.com\/wp-content\/uploads\/2013a\/11\/22\/03.jpg","http:\/\/mm.howkuai.com\/wp-content\/uploads\/2013a\/11\/22\/04.jpg","http:\/\/mm.howkuai.com\/wp-content\/uploads\/2013a\/11\/22\/04.jpg","http:\/\/mm.howkuai.com\/wp-content\/uploads\/2013a\/11\/22\/05.jpg","http:\/\/mm.howkuai.com\/wp-content\/uploads\/2013a\/11\/22\/06.jpg","http:\/\/mm.howkuai.com\/wp-content\/uploads\/2013a\/11\/22\/07.jpg","http:\/\/mm.howkuai.com\/wp-content\/uploads\/2013a\/11\/22\/08.jpg","http:\/\/mm.howkuai.com\/wp-content\/uploads\/2013a\/11\/22\/09.jpg"]},{"plaintext":"\u7f8e\u4e73\u80a5\u81c0\u59b9\u5b50\u901e\u5a07\u5448\u7f8e","href":"http:\/\/www.meizitu.com\/a\/3745.html","pic_list":["http:\/\/mm.howkuai.com\/wp-content\/uploads\/2013a\/10\/27\/01.jpg","http:\/\/mm.howkuai.com\/wp-content\/uploads\/2013a\/10\/27\/02.jpg","http:\/\/mm.howkuai.com\/wp-content\/uploads\/2013a\/10\/27\/03.jpg","http:\/\/mm.howkuai.com\/wp-content\/uploads\/2013a\/10\/27\/04.jpg","http:\/\/mm.howkuai.com\/wp-content\/uploads\/2013a\/10\/27\/05.jpg"]}]