[{"plaintext":"\u8d75\u831c\u7b56\u9a6c\u97ad\u4e30\u6ee1\u7f8e\u4e73\u8bf1\u4eba","href":"http:\/\/www.meizitu.com\/a\/3625.html","pic_list":["http:\/\/mm.howkuai.com\/wp-content\/uploads\/2013a\/06\/26\/01.jpg","http:\/\/mm.howkuai.com\/wp-content\/uploads\/2013a\/06\/26\/02.jpg","http:\/\/mm.howkuai.com\/wp-content\/uploads\/2013a\/06\/26\/03.jpg","http:\/\/mm.howkuai.com\/wp-content\/uploads\/2013a\/06\/26\/04.jpg","http:\/\/mm.howkuai.com\/wp-content\/uploads\/2013a\/06\/26\/05.jpg","http:\/\/mm.howkuai.com\/wp-content\/uploads\/2013a\/06\/26\/06.jpg","http:\/\/mm.howkuai.com\/wp-content\/uploads\/2013a\/06\/26\/07.jpg"]},{"plaintext":"\u82cf\u6893\u73b2\u5168\u88f8\u771f\u4eba\u7248\u300a\u75af\u72c2\u539f\u59cb\u4eba\u300b","href":"http:\/\/www.meizitu.com\/a\/3622.html","pic_list":["http:\/\/mm.howkuai.com\/wp-content\/uploads\/2013a\/06\/23\/01.jpg","http:\/\/mm.howkuai.com\/wp-content\/uploads\/2013a\/06\/23\/02.jpg","http:\/\/mm.howkuai.com\/wp-content\/uploads\/2013a\/06\/23\/03.jpg","http:\/\/mm.howkuai.com\/wp-content\/uploads\/2013a\/06\/23\/04.jpg","http:\/\/mm.howkuai.com\/wp-content\/uploads\/2013a\/06\/23\/05.jpg","http:\/\/mm.howkuai.com\/wp-content\/uploads\/2013a\/06\/23\/06.jpg","http:\/\/mm.howkuai.com\/wp-content\/uploads\/2013a\/06\/23\/07.jpg","http:\/\/mm.howkuai.com\/wp-content\/uploads\/2013a\/06\/23\/08.jpg","http:\/\/mm.howkuai.com\/wp-content\/uploads\/2013a\/06\/23\/09.jpg","http:\/\/mm.howkuai.com\/wp-content\/uploads\/2013a\/06\/23\/10.jpg","http:\/\/mm.howkuai.com\/wp-content\/uploads\/2013a\/06\/23\/11.jpg","http:\/\/mm.howkuai.com\/wp-content\/uploads\/2013a\/06\/23\/12.jpg","http:\/\/mm.howkuai.com\/wp-content\/uploads\/2013a\/06\/23\/13.jpg","http:\/\/mm.howkuai.com\/wp-content\/uploads\/2013a\/06\/23\/14.jpg"]},{"plaintext":"\u674e\u7f8e\u598d\u8d64\u88f8\u5c55\u793a\u5996\u7a88\u8eab\u6bb5","href":"http:\/\/www.meizitu.com\/a\/3618.html","pic_list":["http:\/\/mm.howkuai.com\/wp-content\/uploads\/2013a\/06\/19\/01.jpg","http:\/\/mm.howkuai.com\/wp-content\/uploads\/2013a\/06\/19\/02.jpg","http:\/\/mm.howkuai.com\/wp-content\/uploads\/2013a\/06\/19\/03.jpg","http:\/\/mm.howkuai.com\/wp-content\/uploads\/2013a\/06\/19\/04.jpg","http:\/\/mm.howkuai.com\/wp-content\/uploads\/2013a\/06\/19\/05.jpg","http:\/\/mm.howkuai.com\/wp-content\/uploads\/2013a\/06\/19\/06.jpg","http:\/\/mm.howkuai.com\/wp-content\/uploads\/2013a\/06\/19\/07.jpg","http:\/\/mm.howkuai.com\/wp-content\/uploads\/2013a\/06\/19\/08.jpg"]},{"plaintext":"\u6f14\u5458\u9648\u4fd0\u4e39\u9165\u80f8\u7fd8\u81c0\u5927\u5c3a\u5ea6\u5199\u771f","href":"http:\/\/www.meizitu.com\/a\/3615.html","pic_list":["http:\/\/mm.howkuai.com\/wp-content\/uploads\/2013a\/06\/16\/01.jpg","http:\/\/mm.howkuai.com\/wp-content\/uploads\/2013a\/06\/16\/02.jpg","http:\/\/mm.howkuai.com\/wp-content\/uploads\/2013a\/06\/16\/03.jpg","http:\/\/mm.howkuai.com\/wp-content\/uploads\/2013a\/06\/16\/04.jpg","http:\/\/mm.howkuai.com\/wp-content\/uploads\/2013a\/06\/16\/05.jpg","http:\/\/mm.howkuai.com\/wp-content\/uploads\/2013a\/06\/16\/06.jpg","http:\/\/mm.howkuai.com\/wp-content\/uploads\/2013a\/06\/16\/07.jpg","http:\/\/mm.howkuai.com\/wp-content\/uploads\/2013a\/06\/16\/08.jpg","http:\/\/mm.howkuai.com\/wp-content\/uploads\/2013a\/06\/16\/09.jpg","http:\/\/mm.howkuai.com\/wp-content\/uploads\/2013a\/06\/16\/10.jpg"]},{"plaintext":"\u539a\u5507\u7f8e\u5973\u90d1\u4f0a\u6027\u611f\u59ff\u52bf\u9b45\u60d1","href":"http:\/\/www.meizitu.com\/a\/3611.html","pic_list":["http:\/\/mm.howkuai.com\/wp-content\/uploads\/2013a\/06\/12\/01.jpg","http:\/\/mm.howkuai.com\/wp-content\/uploads\/2013a\/06\/12\/02.jpg","http:\/\/mm.howkuai.com\/wp-content\/uploads\/2013a\/06\/12\/03.jpg","http:\/\/mm.howkuai.com\/wp-content\/uploads\/2013a\/06\/12\/04.jpg","http:\/\/mm.howkuai.com\/wp-content\/uploads\/2013a\/06\/12\/05.jpg","http:\/\/mm.howkuai.com\/wp-content\/uploads\/2013a\/06\/12\/06.jpg"]},{"plaintext":"\u6768\u96c5\u7199EsSe\u6587\u827a\u5199\u771f\u4e2a\u6027\u8ff7\u4eba","href":"http:\/\/www.meizitu.com\/a\/3608.html","pic_list":["http:\/\/mm.howkuai.com\/wp-content\/uploads\/2013a\/06\/09\/01.jpg","http:\/\/mm.howkuai.com\/wp-content\/uploads\/2013a\/06\/09\/02.jpg","http:\/\/mm.howkuai.com\/wp-content\/uploads\/2013a\/06\/09\/03.jpg","http:\/\/mm.howkuai.com\/wp-content\/uploads\/2013a\/06\/09\/04.jpg","http:\/\/mm.howkuai.com\/wp-content\/uploads\/2013a\/06\/09\/05.jpg","http:\/\/mm.howkuai.com\/wp-content\/uploads\/2013a\/06\/09\/06.jpg","http:\/\/mm.howkuai.com\/wp-content\/uploads\/2013a\/06\/09\/07.jpg","http:\/\/mm.howkuai.com\/wp-content\/uploads\/2013a\/06\/09\/08.jpg","http:\/\/mm.howkuai.com\/wp-content\/uploads\/2013a\/06\/09\/09.jpg","http:\/\/mm.howkuai.com\/wp-content\/uploads\/2013a\/06\/09\/10.jpg"]},{"plaintext":"\u65b0\u751f\u4ee3\u4e73\u795e\u82cf\u6893\u73b2\u4e3a\u7aef\u5348\u5e26\u6765\u6700\u597d\u7684\u201c\u8089\u7cbd\u201d","href":"http:\/\/www.meizitu.com\/a\/3606.html","pic_list":["http:\/\/mm.howkuai.com\/wp-content\/uploads\/2013a\/06\/06\/01.jpg","http:\/\/mm.howkuai.com\/wp-content\/uploads\/2013a\/06\/06\/02.jpg","http:\/\/mm.howkuai.com\/wp-content\/uploads\/2013a\/06\/06\/03.jpg","http:\/\/mm.howkuai.com\/wp-content\/uploads\/2013a\/06\/06\/04.jpg","http:\/\/mm.howkuai.com\/wp-content\/uploads\/2013a\/06\/06\/05.jpg"]},{"plaintext":"\u674e\u96ef\u8d64\u88f8\u8f7b\u7eb1\u906e\u4f53\u9690\u7ea6\u900f\u9732\u6e34\u671b","href":"http:\/\/www.meizitu.com\/a\/3599.html","pic_list":["http:\/\/mm.howkuai.com\/wp-content\/uploads\/2013a\/05\/44\/01.jpg","http:\/\/mm.howkuai.com\/wp-content\/uploads\/2013a\/05\/44\/02.jpg","http:\/\/mm.howkuai.com\/wp-content\/uploads\/2013a\/05\/44\/03.jpg","http:\/\/mm.howkuai.com\/wp-content\/uploads\/2013a\/05\/44\/04.jpg","http:\/\/mm.howkuai.com\/wp-content\/uploads\/2013a\/05\/44\/05.jpg","http:\/\/mm.howkuai.com\/wp-content\/uploads\/2013a\/05\/44\/06.jpg"]},{"plaintext":"\u90bb\u5bb6\u5973\u5b69\u6027\u611f\u7fd8\u81c0\u9165\u80f8\u5185\u8863\u5199\u771f","href":"http:\/\/www.meizitu.com\/a\/3598.html","pic_list":["http:\/\/mm.howkuai.com\/wp-content\/uploads\/2013a\/05\/42\/01.jpg","http:\/\/mm.howkuai.com\/wp-content\/uploads\/2013a\/05\/42\/02.jpg","http:\/\/mm.howkuai.com\/wp-content\/uploads\/2013a\/05\/42\/03.jpg","http:\/\/mm.howkuai.com\/wp-content\/uploads\/2013a\/05\/42\/04.jpg","http:\/\/mm.howkuai.com\/wp-content\/uploads\/2013a\/05\/42\/05.jpg","http:\/\/mm.howkuai.com\/wp-content\/uploads\/2013a\/05\/42\/06.jpg","http:\/\/mm.howkuai.com\/wp-content\/uploads\/2013a\/05\/42\/07.jpg","http:\/\/mm.howkuai.com\/wp-content\/uploads\/2013a\/05\/42\/08.jpg","http:\/\/mm.howkuai.com\/wp-content\/uploads\/2013a\/05\/42\/09.jpg"]},{"plaintext":"\u9648\u6021\u66fc\u5927\u5c3a\u5ea6\u6253\u7801\u5168\u88f8\u79c1\u62cd","href":"http:\/\/www.meizitu.com\/a\/3595.html","pic_list":["http:\/\/mm.howkuai.com\/wp-content\/uploads\/2013a\/05\/40\/01.jpg","http:\/\/mm.howkuai.com\/wp-content\/uploads\/2013a\/05\/40\/02.jpg","http:\/\/mm.howkuai.com\/wp-content\/uploads\/2013a\/05\/40\/03.jpg","http:\/\/mm.howkuai.com\/wp-content\/uploads\/2013a\/05\/40\/04.jpg","http:\/\/mm.howkuai.com\/wp-content\/uploads\/2013a\/05\/40\/05.jpg"]},{"plaintext":"\u88f4\u53b6\u6861\u706b\u8fa3\u8eab\u6750\u7f8e\u817f\u51b0\u706b\u4e24\u91cd\u5929","href":"http:\/\/www.meizitu.com\/a\/3594.html","pic_list":["http:\/\/mm.howkuai.com\/wp-content\/uploads\/2013a\/05\/39\/01.jpg","http:\/\/mm.howkuai.com\/wp-content\/uploads\/2013a\/05\/39\/02.jpg","http:\/\/mm.howkuai.com\/wp-content\/uploads\/2013a\/05\/39\/03.jpg","http:\/\/mm.howkuai.com\/wp-content\/uploads\/2013a\/05\/39\/04.jpg","http:\/\/mm.howkuai.com\/wp-content\/uploads\/2013a\/05\/39\/05.jpg","http:\/\/mm.howkuai.com\/wp-content\/uploads\/2013a\/05\/39\/06.jpg","http:\/\/mm.howkuai.com\/wp-content\/uploads\/2013a\/05\/39\/07.jpg"]},{"plaintext":"\u7f8e\u5999\u80f4\u4f53\u957f\u817f\u7f8e\u5973\u8c03\u620f\u55b5\u661f\u4eba","href":"http:\/\/www.meizitu.com\/a\/3585.html","pic_list":["http:\/\/mm.howkuai.com\/wp-content\/uploads\/2013a\/05\/30\/01.jpg","http:\/\/mm.howkuai.com\/wp-content\/uploads\/2013a\/05\/30\/02.jpg","http:\/\/mm.howkuai.com\/wp-content\/uploads\/2013a\/05\/30\/03.jpg","http:\/\/mm.howkuai.com\/wp-content\/uploads\/2013a\/05\/30\/04.jpg","http:\/\/mm.howkuai.com\/wp-content\/uploads\/2013a\/05\/30\/05.jpg","http:\/\/mm.howkuai.com\/wp-content\/uploads\/2013a\/05\/30\/06.jpg","http:\/\/mm.howkuai.com\/wp-content\/uploads\/2013a\/05\/30\/07.jpg","http:\/\/mm.howkuai.com\/wp-content\/uploads\/2013a\/05\/30\/08.jpg","http:\/\/mm.howkuai.com\/wp-content\/uploads\/2013a\/05\/30\/09.jpg"]},{"plaintext":"\u6027\u611f\u5c24\u7269KissLany\u767d\u5ae9\u7f8e\u817f\u8bf1\u4eba","href":"http:\/\/www.meizitu.com\/a\/3584.html","pic_list":["http:\/\/mm.howkuai.com\/wp-content\/uploads\/2013a\/05\/29\/01.jpg","http:\/\/mm.howkuai.com\/wp-content\/uploads\/2013a\/05\/29\/02.jpg","http:\/\/mm.howkuai.com\/wp-content\/uploads\/2013a\/05\/29\/03.jpg","http:\/\/mm.howkuai.com\/wp-content\/uploads\/2013a\/05\/29\/04.jpg","http:\/\/mm.howkuai.com\/wp-content\/uploads\/2013a\/05\/29\/05.jpg","http:\/\/mm.howkuai.com\/wp-content\/uploads\/2013a\/05\/29\/06.jpg","http:\/\/mm.howkuai.com\/wp-content\/uploads\/2013a\/05\/29\/07.jpg","http:\/\/mm.howkuai.com\/wp-content\/uploads\/2013a\/05\/29\/08.jpg"]},{"plaintext":"\u90bb\u5bb6\u59b9\u5b50\u9633\u5ae3\u7136\u9ed1\u4e1d\u6df1\u6c9f\u5e8a\u4e0a\u6311\u9017","href":"http:\/\/www.meizitu.com\/a\/3582.html","pic_list":["http:\/\/mm.howkuai.com\/wp-content\/uploads\/2013a\/05\/27\/01.jpg","http:\/\/mm.howkuai.com\/wp-content\/uploads\/2013a\/05\/27\/02.jpg","http:\/\/mm.howkuai.com\/wp-content\/uploads\/2013a\/05\/27\/03.jpg","http:\/\/mm.howkuai.com\/wp-content\/uploads\/2013a\/05\/27\/04.jpg","http:\/\/mm.howkuai.com\/wp-content\/uploads\/2013a\/05\/27\/05.jpg","http:\/\/mm.howkuai.com\/wp-content\/uploads\/2013a\/05\/27\/06.jpg","http:\/\/mm.howkuai.com\/wp-content\/uploads\/2013a\/05\/27\/07.jpg","http:\/\/mm.howkuai.com\/wp-content\/uploads\/2013a\/05\/27\/08.jpg"]},{"plaintext":"\u9aa8\u611f\u7f8e\u5973\u4f55\u50b2\u73ca\u53e4\u88c5\u8f7b\u7eb1\u5a07\u5a9a","href":"http:\/\/www.meizitu.com\/a\/3581.html","pic_list":["http:\/\/mm.howkuai.com\/wp-content\/uploads\/2013a\/05\/26\/01.jpg","http:\/\/mm.howkuai.com\/wp-content\/uploads\/2013a\/05\/26\/02.jpg","http:\/\/mm.howkuai.com\/wp-content\/uploads\/2013a\/05\/26\/03.jpg","http:\/\/mm.howkuai.com\/wp-content\/uploads\/2013a\/05\/26\/04.jpg"]},{"plaintext":"\u7f8e\u4eba\u80da\u5b50\u6027\u611f\u8eab\u6750\u857e\u4e1d\u5185\u8863","href":"http:\/\/www.meizitu.com\/a\/3580.html","pic_list":["http:\/\/mm.howkuai.com\/wp-content\/uploads\/2013a\/05\/25\/01.jpg","http:\/\/mm.howkuai.com\/wp-content\/uploads\/2013a\/05\/25\/02.jpg","http:\/\/mm.howkuai.com\/wp-content\/uploads\/2013a\/05\/25\/03.jpg","http:\/\/mm.howkuai.com\/wp-content\/uploads\/2013a\/05\/25\/04.jpg","http:\/\/mm.howkuai.com\/wp-content\/uploads\/2013a\/05\/25\/05.jpg","http:\/\/mm.howkuai.com\/wp-content\/uploads\/2013a\/05\/25\/06.jpg"]},{"plaintext":"\u65f6\u5c1a\u6559\u4e3b\u738b\u68a6\u5b9e\u7f8e\u817f\u6dd8\u5b9d\u7247","href":"http:\/\/www.meizitu.com\/a\/3578.html","pic_list":["http:\/\/mm.howkuai.com\/wp-content\/uploads\/2013a\/05\/23\/01.jpg","http:\/\/mm.howkuai.com\/wp-content\/uploads\/2013a\/05\/23\/02.jpg","http:\/\/mm.howkuai.com\/wp-content\/uploads\/2013a\/05\/23\/03.jpg","http:\/\/mm.howkuai.com\/wp-content\/uploads\/2013a\/05\/23\/04.jpg","http:\/\/mm.howkuai.com\/wp-content\/uploads\/2013a\/05\/23\/05.jpg","http:\/\/mm.howkuai.com\/wp-content\/uploads\/2013a\/05\/23\/06.jpg","http:\/\/mm.howkuai.com\/wp-content\/uploads\/2013a\/05\/23\/07.jpg","http:\/\/mm.howkuai.com\/wp-content\/uploads\/2013a\/05\/23\/08.jpg","http:\/\/mm.howkuai.com\/wp-content\/uploads\/2013a\/05\/23\/09.jpg","http:\/\/mm.howkuai.com\/wp-content\/uploads\/2013a\/05\/23\/10.jpg"]},{"plaintext":"\u7f8e\u4eba\u513f\u8c22\u4f73\u8bfa\u5e8a\u4e0a\u6027\u611f\u79c1\u623f","href":"http:\/\/www.meizitu.com\/a\/3577.html","pic_list":["http:\/\/mm.howkuai.com\/wp-content\/uploads\/2013a\/05\/22\/01.jpg","http:\/\/mm.howkuai.com\/wp-content\/uploads\/2013a\/05\/22\/02.jpg","http:\/\/mm.howkuai.com\/wp-content\/uploads\/2013a\/05\/22\/03.jpg","http:\/\/mm.howkuai.com\/wp-content\/uploads\/2013a\/05\/22\/04.jpg","http:\/\/mm.howkuai.com\/wp-content\/uploads\/2013a\/05\/22\/05.jpg"]},{"plaintext":"\u5c24\u7269\u8ff7\u4eba\u8eab\u6750\u6e7f\u8eab\u81ea\u6478","href":"http:\/\/www.meizitu.com\/a\/3575.html","pic_list":["http:\/\/mm.howkuai.com\/wp-content\/uploads\/2013a\/05\/20\/01.jpg","http:\/\/mm.howkuai.com\/wp-content\/uploads\/2013a\/05\/20\/02.jpg","http:\/\/mm.howkuai.com\/wp-content\/uploads\/2013a\/05\/20\/03.jpg","http:\/\/mm.howkuai.com\/wp-content\/uploads\/2013a\/05\/20\/04.jpg","http:\/\/mm.howkuai.com\/wp-content\/uploads\/2013a\/05\/20\/05.jpg"]},{"plaintext":"\u74dc\u5b50\u8138\u7f8e\u5973\u6768\u747e\u5c24\u4f18\u96c5\u7f8e\u817f\u8bf1\u4eba","href":"http:\/\/www.meizitu.com\/a\/3554.html","pic_list":["http:\/\/mm.howkuai.com\/wp-content\/uploads\/2013a\/04\/37\/01.jpg","http:\/\/mm.howkuai.com\/wp-content\/uploads\/2013a\/04\/37\/02.jpg","http:\/\/mm.howkuai.com\/wp-content\/uploads\/2013a\/04\/37\/03.jpg","http:\/\/mm.howkuai.com\/wp-content\/uploads\/2013a\/04\/37\/04.jpg","http:\/\/mm.howkuai.com\/wp-content\/uploads\/2013a\/04\/37\/05.jpg"]},{"plaintext":"\u7f8e\u5973\u6027\u611f\u53e4\u88c5\u88f8\u9732\u9165\u80f8\u7f8e\u817f","href":"http:\/\/www.meizitu.com\/a\/3542.html","pic_list":["http:\/\/mm.howkuai.com\/wp-content\/uploads\/2013a\/04\/24\/01.jpg","http:\/\/mm.howkuai.com\/wp-content\/uploads\/2013a\/04\/24\/02.jpg","http:\/\/mm.howkuai.com\/wp-content\/uploads\/2013a\/04\/24\/03.jpg","http:\/\/mm.howkuai.com\/wp-content\/uploads\/2013a\/04\/24\/04.jpg","http:\/\/mm.howkuai.com\/wp-content\/uploads\/2013a\/04\/24\/05.jpg","http:\/\/mm.howkuai.com\/wp-content\/uploads\/2013a\/04\/24\/06.jpg","http:\/\/mm.howkuai.com\/wp-content\/uploads\/2013a\/04\/24\/07.jpg","http:\/\/mm.howkuai.com\/wp-content\/uploads\/2013a\/04\/24\/08.jpg","http:\/\/mm.howkuai.com\/wp-content\/uploads\/2013a\/04\/24\/09.jpg"]},{"plaintext":"\u6781\u54c1\u5c24\u7269\u6027\u611f\u79c1\u623f\u7f8e\u817f\u8bf1\u4eba","href":"http:\/\/www.meizitu.com\/a\/3540.html","pic_list":["http:\/\/mm.howkuai.com\/wp-content\/uploads\/2013a\/04\/22\/01.jpg","http:\/\/mm.howkuai.com\/wp-content\/uploads\/2013a\/04\/22\/02.jpg","http:\/\/mm.howkuai.com\/wp-content\/uploads\/2013a\/04\/22\/03.jpg","http:\/\/mm.howkuai.com\/wp-content\/uploads\/2013a\/04\/22\/04.jpg","http:\/\/mm.howkuai.com\/wp-content\/uploads\/2013a\/04\/22\/05.jpg","http:\/\/mm.howkuai.com\/wp-content\/uploads\/2013a\/04\/22\/06.jpg","http:\/\/mm.howkuai.com\/wp-content\/uploads\/2013a\/04\/22\/07.jpg"]}]