[{"plaintext":"[\u6e05\u7eaf]Abby\u7684\u6e38\u56ed\u68a6","href":"http:\/\/www.meizitu.com\/a\/3738.html","pic_list":["http:\/\/mm.howkuai.com\/wp-content\/uploads\/2013a\/10\/20\/01.jpg","http:\/\/mm.howkuai.com\/wp-content\/uploads\/2013a\/10\/20\/02.jpg","http:\/\/mm.howkuai.com\/wp-content\/uploads\/2013a\/10\/20\/03.jpg","http:\/\/mm.howkuai.com\/wp-content\/uploads\/2013a\/10\/20\/04.jpg","http:\/\/mm.howkuai.com\/wp-content\/uploads\/2013a\/10\/20\/05.jpg","http:\/\/mm.howkuai.com\/wp-content\/uploads\/2013a\/10\/20\/06.jpg"]},{"plaintext":"\u5b5f\u7199\u513f\u2015\u2015\u9ed1\u8272\u65f6\u5c1a\u6781\u81f4\u9b45\u529b","href":"http:\/\/www.meizitu.com\/a\/3736.html","pic_list":["http:\/\/mm.howkuai.com\/wp-content\/uploads\/2013a\/10\/18\/01.jpg","http:\/\/mm.howkuai.com\/wp-content\/uploads\/2013a\/10\/18\/02.jpg","http:\/\/mm.howkuai.com\/wp-content\/uploads\/2013a\/10\/18\/03.jpg","http:\/\/mm.howkuai.com\/wp-content\/uploads\/2013a\/10\/18\/04.jpg","http:\/\/mm.howkuai.com\/wp-content\/uploads\/2013a\/10\/18\/05.jpg","http:\/\/mm.howkuai.com\/wp-content\/uploads\/2013a\/10\/18\/06.jpg"]},{"plaintext":"\u88f8\u4f53\u4e0e\u827a\u672f\u7684\u7ed3\u5408","href":"http:\/\/www.meizitu.com\/a\/3735.html","pic_list":["http:\/\/mm.howkuai.com\/wp-content\/uploads\/2013a\/10\/17\/01.jpg","http:\/\/mm.howkuai.com\/wp-content\/uploads\/2013a\/10\/17\/02.jpg","http:\/\/mm.howkuai.com\/wp-content\/uploads\/2013a\/10\/17\/03.jpg"]},{"plaintext":"\u79cb\u65e5\u6d41\u5149\u4e2d\u90a3\u4e00\u62b9\u7ea2","href":"http:\/\/www.meizitu.com\/a\/3720.html","pic_list":["http:\/\/mm.howkuai.com\/wp-content\/uploads\/2013a\/10\/02\/01.jpg","http:\/\/mm.howkuai.com\/wp-content\/uploads\/2013a\/10\/02\/02.jpg","http:\/\/mm.howkuai.com\/wp-content\/uploads\/2013a\/10\/02\/03.jpg","http:\/\/mm.howkuai.com\/wp-content\/uploads\/2013a\/10\/02\/04.jpg"]},{"plaintext":"\u7206\u4e73+\u8c79\u7eb9\uff0c\u8bf1\u4eba\u773c\u7403","href":"http:\/\/www.meizitu.com\/a\/3717.html","pic_list":["http:\/\/mm.howkuai.com\/wp-content\/uploads\/2013a\/09\/30\/01.jpg","http:\/\/mm.howkuai.com\/wp-content\/uploads\/2013a\/09\/30\/02.jpg","http:\/\/mm.howkuai.com\/wp-content\/uploads\/2013a\/09\/30\/03.jpg","http:\/\/mm.howkuai.com\/wp-content\/uploads\/2013a\/09\/30\/04.jpg","http:\/\/mm.howkuai.com\/wp-content\/uploads\/2013a\/09\/30\/05.jpg","http:\/\/mm.howkuai.com\/wp-content\/uploads\/2013a\/09\/30\/06.jpg","http:\/\/mm.howkuai.com\/wp-content\/uploads\/2013a\/09\/30\/07.jpg"]},{"plaintext":"[\u79c1\u623f]\u8bf1\u4eba\u808c\u80a4lemon","href":"http:\/\/www.meizitu.com\/a\/3714.html","pic_list":["http:\/\/mm.howkuai.com\/wp-content\/uploads\/2013a\/09\/27\/01.jpg","http:\/\/mm.howkuai.com\/wp-content\/uploads\/2013a\/09\/27\/02.jpg","http:\/\/mm.howkuai.com\/wp-content\/uploads\/2013a\/09\/27\/03.jpg","http:\/\/mm.howkuai.com\/wp-content\/uploads\/2013a\/09\/27\/04.jpg"]},{"plaintext":"\u82b1\u683c\u5b50\u5c11\u5987","href":"http:\/\/www.meizitu.com\/a\/3708.html","pic_list":["http:\/\/mm.howkuai.com\/wp-content\/uploads\/2013a\/09\/21\/01.jpg","http:\/\/mm.howkuai.com\/wp-content\/uploads\/2013a\/09\/21\/02.jpg","http:\/\/mm.howkuai.com\/wp-content\/uploads\/2013a\/09\/21\/03.jpg","http:\/\/mm.howkuai.com\/wp-content\/uploads\/2013a\/09\/21\/04.jpg","http:\/\/mm.howkuai.com\/wp-content\/uploads\/2013a\/09\/21\/05.jpg","http:\/\/mm.howkuai.com\/wp-content\/uploads\/2013a\/09\/21\/06.jpg"]},{"plaintext":"\u9713\u8679\u706f\u4e0b\u7684\u8bf1\u60d1","href":"http:\/\/www.meizitu.com\/a\/3706.html","pic_list":["http:\/\/mm.howkuai.com\/wp-content\/uploads\/2013a\/09\/19\/01.jpg","http:\/\/mm.howkuai.com\/wp-content\/uploads\/2013a\/09\/19\/02.jpg","http:\/\/mm.howkuai.com\/wp-content\/uploads\/2013a\/09\/19\/03.jpg","http:\/\/mm.howkuai.com\/wp-content\/uploads\/2013a\/09\/19\/04.jpg"]},{"plaintext":"\u9752\u6625\u4f73\u4eba\u5b50\u742a","href":"http:\/\/www.meizitu.com\/a\/3700.html","pic_list":["http:\/\/mm.howkuai.com\/wp-content\/uploads\/2013a\/09\/13\/01.jpg","http:\/\/mm.howkuai.com\/wp-content\/uploads\/2013a\/09\/13\/02.jpg","http:\/\/mm.howkuai.com\/wp-content\/uploads\/2013a\/09\/13\/03.jpg","http:\/\/mm.howkuai.com\/wp-content\/uploads\/2013a\/09\/13\/04.jpg","http:\/\/mm.howkuai.com\/wp-content\/uploads\/2013a\/09\/13\/05.jpg"]},{"plaintext":"- Vague -\uff08\u5f88\u6df7\u8840\u7684\u7f8e\u5973\uff09","href":"http:\/\/www.meizitu.com\/a\/3699.html","pic_list":["http:\/\/mm.howkuai.com\/wp-content\/uploads\/2013a\/09\/12\/01.jpg","http:\/\/mm.howkuai.com\/wp-content\/uploads\/2013a\/09\/12\/02.jpg","http:\/\/mm.howkuai.com\/wp-content\/uploads\/2013a\/09\/12\/03.jpg","http:\/\/mm.howkuai.com\/wp-content\/uploads\/2013a\/09\/12\/04.jpg","http:\/\/mm.howkuai.com\/wp-content\/uploads\/2013a\/09\/12\/05.jpg","http:\/\/mm.howkuai.com\/wp-content\/uploads\/2013a\/09\/12\/06.jpg","http:\/\/mm.howkuai.com\/wp-content\/uploads\/2013a\/09\/12\/07.jpg"]},{"plaintext":"[\u8bf1\u60d1\u4e4b]\u8ba9\u6027\u611f\u518d\u98de\u4e00\u4f1a","href":"http:\/\/www.meizitu.com\/a\/3698.html","pic_list":["http:\/\/mm.howkuai.com\/wp-content\/uploads\/2013a\/09\/11\/01.jpg","http:\/\/mm.howkuai.com\/wp-content\/uploads\/2013a\/09\/11\/02.jpg","http:\/\/mm.howkuai.com\/wp-content\/uploads\/2013a\/09\/11\/03.jpg","http:\/\/mm.howkuai.com\/wp-content\/uploads\/2013a\/09\/11\/04.jpg"]},{"plaintext":"\u4e00\u4e2a\u4eba\u7684\u4e0b\u53482\uff1a30","href":"http:\/\/www.meizitu.com\/a\/3697.html","pic_list":["http:\/\/mm.howkuai.com\/wp-content\/uploads\/2013a\/09\/10\/01.jpg","http:\/\/mm.howkuai.com\/wp-content\/uploads\/2013a\/09\/10\/02.jpg","http:\/\/mm.howkuai.com\/wp-content\/uploads\/2013a\/09\/10\/03.jpg","http:\/\/mm.howkuai.com\/wp-content\/uploads\/2013a\/09\/10\/04.jpg"]},{"plaintext":"\u90a3\u5e74\uff0c\u590f\u672b\u7684\u4efb\u4f73\u6167","href":"http:\/\/www.meizitu.com\/a\/3693.html","pic_list":["http:\/\/mm.howkuai.com\/wp-content\/uploads\/2013a\/09\/06\/01.jpg","http:\/\/mm.howkuai.com\/wp-content\/uploads\/2013a\/09\/06\/02.jpg","http:\/\/mm.howkuai.com\/wp-content\/uploads\/2013a\/09\/06\/03.jpg","http:\/\/mm.howkuai.com\/wp-content\/uploads\/2013a\/09\/06\/04.jpg","http:\/\/mm.howkuai.com\/wp-content\/uploads\/2013a\/09\/06\/05.jpg","http:\/\/mm.howkuai.com\/wp-content\/uploads\/2013a\/09\/06\/06.jpg","http:\/\/mm.howkuai.com\/wp-content\/uploads\/2013a\/09\/06\/07.jpg","http:\/\/mm.howkuai.com\/wp-content\/uploads\/2013a\/09\/06\/08.jpg","http:\/\/mm.howkuai.com\/wp-content\/uploads\/2013a\/09\/06\/09.jpg","http:\/\/mm.howkuai.com\/wp-content\/uploads\/2013a\/09\/06\/10.jpg"]},{"plaintext":"\u9762\u9762 \u8bf1\u60d1\u5973\u6559\u5e08","href":"http:\/\/www.meizitu.com\/a\/3692.html","pic_list":["http:\/\/mm.howkuai.com\/wp-content\/uploads\/2013a\/09\/05\/01.jpg","http:\/\/mm.howkuai.com\/wp-content\/uploads\/2013a\/09\/05\/02.jpg","http:\/\/mm.howkuai.com\/wp-content\/uploads\/2013a\/09\/05\/03.jpg","http:\/\/mm.howkuai.com\/wp-content\/uploads\/2013a\/09\/05\/04.jpg","http:\/\/mm.howkuai.com\/wp-content\/uploads\/2013a\/09\/05\/05.jpg","http:\/\/mm.howkuai.com\/wp-content\/uploads\/2013a\/09\/05\/06.jpg","http:\/\/mm.howkuai.com\/wp-content\/uploads\/2013a\/09\/05\/07.jpg","http:\/\/mm.howkuai.com\/wp-content\/uploads\/2013a\/09\/05\/08.jpg","http:\/\/mm.howkuai.com\/wp-content\/uploads\/2013a\/09\/05\/09.jpg"]},{"plaintext":"\u8f7b\u7eb1\u66fc\u821e\u6210\u719f\u5c11\u5987","href":"http:\/\/www.meizitu.com\/a\/3684.html","pic_list":["http:\/\/mm.howkuai.com\/wp-content\/uploads\/2013a\/08\/20\/01.jpg","http:\/\/mm.howkuai.com\/wp-content\/uploads\/2013a\/08\/20\/02.jpg","http:\/\/mm.howkuai.com\/wp-content\/uploads\/2013a\/08\/20\/03.jpg","http:\/\/mm.howkuai.com\/wp-content\/uploads\/2013a\/08\/20\/04.jpg","http:\/\/mm.howkuai.com\/wp-content\/uploads\/2013a\/08\/20\/05.jpg","http:\/\/mm.howkuai.com\/wp-content\/uploads\/2013a\/08\/20\/06.jpg"]},{"plaintext":"\u7ae5\u989c\u5de8\u4e73\u6a31\u6843\u59b9\u8c6a\u4e73\u60ca\u4eba","href":"http:\/\/www.meizitu.com\/a\/3680.html","pic_list":["http:\/\/mm.howkuai.com\/wp-content\/uploads\/2013a\/08\/16\/01.jpg","http:\/\/mm.howkuai.com\/wp-content\/uploads\/2013a\/08\/16\/02.jpg","http:\/\/mm.howkuai.com\/wp-content\/uploads\/2013a\/08\/16\/03.jpg","http:\/\/mm.howkuai.com\/wp-content\/uploads\/2013a\/08\/16\/04.jpg","http:\/\/mm.howkuai.com\/wp-content\/uploads\/2013a\/08\/16\/05.jpg","http:\/\/mm.howkuai.com\/wp-content\/uploads\/2013a\/08\/16\/06.jpg"]},{"plaintext":"\u53f0\u6e7e\u201c\u9e21\u6392\u59b9\u201d\u7ae5\u989c\u5de8\u4e73\u7206\u7ea2","href":"http:\/\/www.meizitu.com\/a\/3678.html","pic_list":["http:\/\/mm.howkuai.com\/wp-content\/uploads\/2013a\/08\/14\/01.jpg","http:\/\/mm.howkuai.com\/wp-content\/uploads\/2013a\/08\/14\/02.jpg","http:\/\/mm.howkuai.com\/wp-content\/uploads\/2013a\/08\/14\/03.jpg","http:\/\/mm.howkuai.com\/wp-content\/uploads\/2013a\/08\/14\/04.jpg","http:\/\/mm.howkuai.com\/wp-content\/uploads\/2013a\/08\/14\/05.jpg","http:\/\/mm.howkuai.com\/wp-content\/uploads\/2013a\/08\/14\/06.jpg"]},{"plaintext":"\u9ed1\u9ed1\u4e3b\u9898\u9152\u5e97\u79c1\u623f\u79c0\u6781\u54c1\u7f8e\u817f","href":"http:\/\/www.meizitu.com\/a\/3675.html","pic_list":["http:\/\/mm.howkuai.com\/wp-content\/uploads\/2013a\/08\/11\/01.jpg","http:\/\/mm.howkuai.com\/wp-content\/uploads\/2013a\/08\/11\/02.jpg","http:\/\/mm.howkuai.com\/wp-content\/uploads\/2013a\/08\/11\/03.jpg","http:\/\/mm.howkuai.com\/wp-content\/uploads\/2013a\/08\/11\/04.jpg","http:\/\/mm.howkuai.com\/wp-content\/uploads\/2013a\/08\/11\/05.jpg","http:\/\/mm.howkuai.com\/wp-content\/uploads\/2013a\/08\/11\/06.jpg","http:\/\/mm.howkuai.com\/wp-content\/uploads\/2013a\/08\/11\/07.jpg","http:\/\/mm.howkuai.com\/wp-content\/uploads\/2013a\/08\/11\/08.jpg"]},{"plaintext":"\u540d\u6a21\u5f90\u831c\u513f\u957f\u817f\u9165\u80f8\u6dd8\u5b9d\u5199\u771f","href":"http:\/\/www.meizitu.com\/a\/3671.html","pic_list":["http:\/\/mm.howkuai.com\/wp-content\/uploads\/2013a\/08\/07\/01.jpg","http:\/\/mm.howkuai.com\/wp-content\/uploads\/2013a\/08\/07\/02.jpg","http:\/\/mm.howkuai.com\/wp-content\/uploads\/2013a\/08\/07\/03.jpg","http:\/\/mm.howkuai.com\/wp-content\/uploads\/2013a\/08\/07\/04.jpg","http:\/\/mm.howkuai.com\/wp-content\/uploads\/2013a\/08\/07\/05.jpg","http:\/\/mm.howkuai.com\/wp-content\/uploads\/2013a\/08\/07\/06.jpg","http:\/\/mm.howkuai.com\/wp-content\/uploads\/2013a\/08\/07\/07.jpg","http:\/\/mm.howkuai.com\/wp-content\/uploads\/2013a\/08\/07\/08.jpg","http:\/\/mm.howkuai.com\/wp-content\/uploads\/2013a\/08\/07\/09.jpg","http:\/\/mm.howkuai.com\/wp-content\/uploads\/2013a\/08\/07\/10.jpg","http:\/\/mm.howkuai.com\/wp-content\/uploads\/2013a\/08\/07\/11.jpg"]},{"plaintext":"\u5c24\u7269\u6781\u54c1\u8eab\u6750\u9ad8\u96c5\u65f6\u5c1a\u5199\u771f","href":"http:\/\/www.meizitu.com\/a\/3670.html","pic_list":["http:\/\/mm.howkuai.com\/wp-content\/uploads\/2013a\/08\/06\/01.jpg","http:\/\/mm.howkuai.com\/wp-content\/uploads\/2013a\/08\/06\/02.jpg","http:\/\/mm.howkuai.com\/wp-content\/uploads\/2013a\/08\/06\/03.jpg","http:\/\/mm.howkuai.com\/wp-content\/uploads\/2013a\/08\/06\/04.jpg","http:\/\/mm.howkuai.com\/wp-content\/uploads\/2013a\/08\/06\/05.jpg","http:\/\/mm.howkuai.com\/wp-content\/uploads\/2013a\/08\/06\/06.jpg"]},{"plaintext":"\u9648\u6021\u66fc\u6d74\u7f38\u7f8e\u5999\u8089\u4f53\u8bf1\u60d1","href":"http:\/\/www.meizitu.com\/a\/3668.html","pic_list":["http:\/\/mm.howkuai.com\/wp-content\/uploads\/2013a\/08\/04\/01.jpg","http:\/\/mm.howkuai.com\/wp-content\/uploads\/2013a\/08\/04\/02.jpg","http:\/\/mm.howkuai.com\/wp-content\/uploads\/2013a\/08\/04\/03.jpg","http:\/\/mm.howkuai.com\/wp-content\/uploads\/2013a\/08\/04\/04.jpg","http:\/\/mm.howkuai.com\/wp-content\/uploads\/2013a\/08\/04\/05.jpg"]},{"plaintext":"\u6f58\u6625\u6625\u6027\u611f\u5185\u8863G\u7f69\u676f\u7f8e\u4e73\u8bf1\u4eba","href":"http:\/\/www.meizitu.com\/a\/3667.html","pic_list":["http:\/\/mm.howkuai.com\/wp-content\/uploads\/2013a\/08\/03\/01.jpg","http:\/\/mm.howkuai.com\/wp-content\/uploads\/2013a\/08\/03\/02.jpg","http:\/\/mm.howkuai.com\/wp-content\/uploads\/2013a\/08\/03\/03.jpg","http:\/\/mm.howkuai.com\/wp-content\/uploads\/2013a\/08\/03\/04.jpg","http:\/\/mm.howkuai.com\/wp-content\/uploads\/2013a\/08\/03\/05.jpg","http:\/\/mm.howkuai.com\/wp-content\/uploads\/2013a\/08\/03\/06.jpg","http:\/\/mm.howkuai.com\/wp-content\/uploads\/2013a\/08\/03\/07.jpg"]},{"plaintext":"2013chinajoy\u7f8e\u5973SG\u5927\u6536\u7f57\u7b2c\u516d\u5f39-\u7cbe\u9009\u7f8e\u5973","href":"http:\/\/www.meizitu.com\/a\/3665.html","pic_list":["http:\/\/mm.howkuai.com\/wp-content\/uploads\/2013a\/08\/01\/01.jpg","http:\/\/mm.howkuai.com\/wp-content\/uploads\/2013a\/08\/01\/02.jpg","http:\/\/mm.howkuai.com\/wp-content\/uploads\/2013a\/08\/01\/03.jpg","http:\/\/mm.howkuai.com\/wp-content\/uploads\/2013a\/08\/01\/04.jpg","http:\/\/mm.howkuai.com\/wp-content\/uploads\/2013a\/08\/01\/05.jpg","http:\/\/mm.howkuai.com\/wp-content\/uploads\/2013a\/08\/01\/06.jpg","http:\/\/mm.howkuai.com\/wp-content\/uploads\/2013a\/08\/01\/07.jpg","http:\/\/mm.howkuai.com\/wp-content\/uploads\/2013a\/08\/01\/08.jpg","http:\/\/mm.howkuai.com\/wp-content\/uploads\/2013a\/08\/01\/09.jpg","http:\/\/mm.howkuai.com\/wp-content\/uploads\/2013a\/08\/01\/10.jpg","http:\/\/mm.howkuai.com\/wp-content\/uploads\/2013a\/08\/01\/11.jpg","http:\/\/mm.howkuai.com\/wp-content\/uploads\/2013a\/08\/01\/12.jpg","http:\/\/mm.howkuai.com\/wp-content\/uploads\/2013a\/08\/01\/13.jpg","http:\/\/mm.howkuai.com\/wp-content\/uploads\/2013a\/08\/01\/14.jpg","http:\/\/mm.howkuai.com\/wp-content\/uploads\/2013a\/08\/01\/15.jpg","http:\/\/mm.howkuai.com\/wp-content\/uploads\/2013a\/08\/01\/16.jpg","http:\/\/mm.howkuai.com\/wp-content\/uploads\/2013a\/08\/01\/17.jpg","http:\/\/mm.howkuai.com\/wp-content\/uploads\/2013a\/08\/01\/18.jpg","http:\/\/mm.howkuai.com\/wp-content\/uploads\/2013a\/08\/01\/19.jpg","http:\/\/mm.howkuai.com\/wp-content\/uploads\/2013a\/08\/01\/20.jpg","http:\/\/mm.howkuai.com\/wp-content\/uploads\/2013a\/08\/01\/21.jpg","http:\/\/mm.howkuai.com\/wp-content\/uploads\/2013a\/08\/01\/22.jpg","http:\/\/mm.howkuai.com\/wp-content\/uploads\/2013a\/08\/01\/23.jpg","http:\/\/mm.howkuai.com\/wp-content\/uploads\/2013a\/08\/01\/24.jpg","http:\/\/mm.howkuai.com\/wp-content\/uploads\/2013a\/08\/01\/25.jpg","http:\/\/mm.howkuai.com\/wp-content\/uploads\/2013a\/08\/01\/26.jpg","http:\/\/mm.howkuai.com\/wp-content\/uploads\/2013a\/08\/01\/27.jpg","http:\/\/mm.howkuai.com\/wp-content\/uploads\/2013a\/08\/01\/28.jpg","http:\/\/mm.howkuai.com\/wp-content\/uploads\/2013a\/08\/01\/29.jpg","http:\/\/mm.howkuai.com\/wp-content\/uploads\/2013a\/08\/01\/30.jpg"]},{"plaintext":"2013chinajoy\u7f8e\u5973SG\u5927\u6536\u7f57\u7b2c\u4e94\u5f39-\u90ed\u5a77\u745c","href":"http:\/\/www.meizitu.com\/a\/3664.html","pic_list":["http:\/\/mm.howkuai.com\/wp-content\/uploads\/2013a\/07\/22\/01.jpg","http:\/\/mm.howkuai.com\/wp-content\/uploads\/2013a\/07\/22\/02.jpg","http:\/\/mm.howkuai.com\/wp-content\/uploads\/2013a\/07\/22\/03.jpg","http:\/\/mm.howkuai.com\/wp-content\/uploads\/2013a\/07\/22\/04.jpg","http:\/\/mm.howkuai.com\/wp-content\/uploads\/2013a\/07\/22\/05.jpg","http:\/\/mm.howkuai.com\/wp-content\/uploads\/2013a\/07\/22\/06.jpg","http:\/\/mm.howkuai.com\/wp-content\/uploads\/2013a\/07\/22\/07.jpg","http:\/\/mm.howkuai.com\/wp-content\/uploads\/2013a\/07\/22\/08.jpg","http:\/\/mm.howkuai.com\/wp-content\/uploads\/2013a\/07\/22\/09.jpg","http:\/\/mm.howkuai.com\/wp-content\/uploads\/2013a\/07\/22\/10.jpg","http:\/\/mm.howkuai.com\/wp-content\/uploads\/2013a\/07\/22\/11.jpg","http:\/\/mm.howkuai.com\/wp-content\/uploads\/2013a\/07\/22\/12.jpg"]},{"plaintext":"\u53f6\u6893\u8431\u534e\u4e3d\u6218\u8863\u79c0\u9165\u80f8\u7f8e\u817f\u4ee3\u8a00\u9875\u6e38","href":"http:\/\/www.meizitu.com\/a\/3656.html","pic_list":["http:\/\/mm.howkuai.com\/wp-content\/uploads\/2013a\/07\/14\/01.jpg","http:\/\/mm.howkuai.com\/wp-content\/uploads\/2013a\/07\/14\/02.jpg","http:\/\/mm.howkuai.com\/wp-content\/uploads\/2013a\/07\/14\/03.jpg","http:\/\/mm.howkuai.com\/wp-content\/uploads\/2013a\/07\/14\/04.jpg","http:\/\/mm.howkuai.com\/wp-content\/uploads\/2013a\/07\/14\/05.jpg"]},{"plaintext":"\u7f8e\u5973\u9b4f\u5a1c\u5b8c\u7f8e\u8eab\u6750\u6781\u81f4\u7f8e\u80cc\u7f8e\u817f","href":"http:\/\/www.meizitu.com\/a\/3645.html","pic_list":["http:\/\/mm.howkuai.com\/wp-content\/uploads\/2013a\/07\/04\/01.jpg","http:\/\/mm.howkuai.com\/wp-content\/uploads\/2013a\/07\/04\/02.jpg","http:\/\/mm.howkuai.com\/wp-content\/uploads\/2013a\/07\/04\/03.jpg","http:\/\/mm.howkuai.com\/wp-content\/uploads\/2013a\/07\/04\/04.jpg","http:\/\/mm.howkuai.com\/wp-content\/uploads\/2013a\/07\/04\/05.jpg","http:\/\/mm.howkuai.com\/wp-content\/uploads\/2013a\/07\/04\/06.jpg","http:\/\/mm.howkuai.com\/wp-content\/uploads\/2013a\/07\/04\/07.jpg","http:\/\/mm.howkuai.com\/wp-content\/uploads\/2013a\/07\/04\/08.jpg"]},{"plaintext":"\u68a6\u5e7b\u60c5\u8ff7\u590f\u5c0f\u8587\u7f8e\u817f\u914d\u53ef\u7231\u7c89\u7ea2mini cooper","href":"http:\/\/www.meizitu.com\/a\/3636.html","pic_list":["http:\/\/mm.howkuai.com\/wp-content\/uploads\/2013a\/06\/37\/01.jpg","http:\/\/mm.howkuai.com\/wp-content\/uploads\/2013a\/06\/37\/02.jpg","http:\/\/mm.howkuai.com\/wp-content\/uploads\/2013a\/06\/37\/03.jpg","http:\/\/mm.howkuai.com\/wp-content\/uploads\/2013a\/06\/37\/04.jpg","http:\/\/mm.howkuai.com\/wp-content\/uploads\/2013a\/06\/37\/05.jpg","http:\/\/mm.howkuai.com\/wp-content\/uploads\/2013a\/06\/37\/06.jpg"]},{"plaintext":"\u7f51\u7edc\u7ea2\u4eba\u9b4f\u5a1c\u7f8e\u817f\u79c1\u623f\u7c89\u7ea2\u83f2\u83f2","href":"http:\/\/www.meizitu.com\/a\/3634.html","pic_list":["http:\/\/mm.howkuai.com\/wp-content\/uploads\/2013a\/06\/35\/01.jpg","http:\/\/mm.howkuai.com\/wp-content\/uploads\/2013a\/06\/35\/02.jpg","http:\/\/mm.howkuai.com\/wp-content\/uploads\/2013a\/06\/35\/03.jpg","http:\/\/mm.howkuai.com\/wp-content\/uploads\/2013a\/06\/35\/04.jpg","http:\/\/mm.howkuai.com\/wp-content\/uploads\/2013a\/06\/35\/05.jpg","http:\/\/mm.howkuai.com\/wp-content\/uploads\/2013a\/06\/35\/06.jpg","http:\/\/mm.howkuai.com\/wp-content\/uploads\/2013a\/06\/35\/07.jpg"]},{"plaintext":"\u9648\u5b50\u6db5\u5154\u5973\u90ce\u9ed1\u4e1d\u7f8e\u817f\u8bf1\u60d1","href":"http:\/\/www.meizitu.com\/a\/3626.html","pic_list":["http:\/\/mm.howkuai.com\/wp-content\/uploads\/2013a\/06\/27\/01.jpg","http:\/\/mm.howkuai.com\/wp-content\/uploads\/2013a\/06\/27\/02.jpg","http:\/\/mm.howkuai.com\/wp-content\/uploads\/2013a\/06\/27\/03.jpg","http:\/\/mm.howkuai.com\/wp-content\/uploads\/2013a\/06\/27\/04.jpg","http:\/\/mm.howkuai.com\/wp-content\/uploads\/2013a\/06\/27\/05.jpg","http:\/\/mm.howkuai.com\/wp-content\/uploads\/2013a\/06\/27\/06.jpg","http:\/\/mm.howkuai.com\/wp-content\/uploads\/2013a\/06\/27\/07.jpg","http:\/\/mm.howkuai.com\/wp-content\/uploads\/2013a\/06\/27\/08.jpg","http:\/\/mm.howkuai.com\/wp-content\/uploads\/2013a\/06\/27\/09.jpg","http:\/\/mm.howkuai.com\/wp-content\/uploads\/2013a\/06\/27\/10.jpg"]}]