[{"plaintext":"\u6027\u611f\u8d35\u5987\u5168\u88f8\u5199\u771f","href":"http:\/\/www.meizitu.com\/a\/4854.html","pic_list":["http:\/\/mm.howkuai.com\/wp-content\/uploads\/2015a\/03\/12\/01.jpg","http:\/\/mm.howkuai.com\/wp-content\/uploads\/2015a\/03\/12\/02.jpg","http:\/\/mm.howkuai.com\/wp-content\/uploads\/2015a\/03\/12\/03.jpg","http:\/\/mm.howkuai.com\/wp-content\/uploads\/2015a\/03\/12\/04.jpg","http:\/\/mm.howkuai.com\/wp-content\/uploads\/2015a\/03\/12\/05.jpg"]},{"plaintext":"\u6027\u611f\u5c24\u7269\u6731\u5fc6\u97f3\u79c1\u623f\u5199\u771f","href":"http:\/\/www.meizitu.com\/a\/4846.html","pic_list":["http:\/\/mm.howkuai.com\/wp-content\/uploads\/2015a\/03\/04\/01.jpg","http:\/\/mm.howkuai.com\/wp-content\/uploads\/2015a\/03\/04\/02.jpg","http:\/\/mm.howkuai.com\/wp-content\/uploads\/2015a\/03\/04\/03.jpg","http:\/\/mm.howkuai.com\/wp-content\/uploads\/2015a\/03\/04\/04.jpg"]},{"plaintext":"\u4e30\u8174\u6027\u611f\u59b9\u7eb8\u5e8a\u5934\u4fcf\u76ae\u52fe\u4eba","href":"http:\/\/www.meizitu.com\/a\/4836.html","pic_list":["http:\/\/mm.howkuai.com\/wp-content\/uploads\/2015a\/02\/31\/01.jpg","http:\/\/mm.howkuai.com\/wp-content\/uploads\/2015a\/02\/31\/02.jpg","http:\/\/mm.howkuai.com\/wp-content\/uploads\/2015a\/02\/31\/03.jpg","http:\/\/mm.howkuai.com\/wp-content\/uploads\/2015a\/02\/31\/04.jpg","http:\/\/mm.howkuai.com\/wp-content\/uploads\/2015a\/02\/31\/05.jpg","http:\/\/mm.howkuai.com\/wp-content\/uploads\/2015a\/02\/31\/06.jpg","http:\/\/mm.howkuai.com\/wp-content\/uploads\/2015a\/02\/31\/07.jpg","http:\/\/mm.howkuai.com\/wp-content\/uploads\/2015a\/02\/31\/08.jpg","http:\/\/mm.howkuai.com\/wp-content\/uploads\/2015a\/02\/31\/09.jpg","http:\/\/mm.howkuai.com\/wp-content\/uploads\/2015a\/02\/31\/10.jpg"]},{"plaintext":"\u6a31\u6843\u3001\u5973\u4eba\u3001\u82b1\uff0c\u4ee4\u4eba\u5782\u6d8e\u6b32\u6ef4","href":"http:\/\/www.meizitu.com\/a\/4834.html","pic_list":["http:\/\/mm.howkuai.com\/wp-content\/uploads\/2015a\/02\/29\/01.jpg","http:\/\/mm.howkuai.com\/wp-content\/uploads\/2015a\/02\/29\/02.jpg","http:\/\/mm.howkuai.com\/wp-content\/uploads\/2015a\/02\/29\/03.jpg","http:\/\/mm.howkuai.com\/wp-content\/uploads\/2015a\/02\/29\/04.jpg","http:\/\/mm.howkuai.com\/wp-content\/uploads\/2015a\/02\/29\/05.jpg","http:\/\/mm.howkuai.com\/wp-content\/uploads\/2015a\/02\/29\/06.jpg","http:\/\/mm.howkuai.com\/wp-content\/uploads\/2015a\/02\/29\/07.jpg"]},{"plaintext":"\u5ae9\u6a21\u5468\u598d\u5e0c\u7684\u55b7\u8840\u5199\u771f","href":"http:\/\/www.meizitu.com\/a\/4832.html","pic_list":["http:\/\/mm.howkuai.com\/wp-content\/uploads\/2015a\/02\/27\/01.jpg","http:\/\/mm.howkuai.com\/wp-content\/uploads\/2015a\/02\/27\/02.jpg","http:\/\/mm.howkuai.com\/wp-content\/uploads\/2015a\/02\/27\/03.jpg","http:\/\/mm.howkuai.com\/wp-content\/uploads\/2015a\/02\/27\/04.jpg"]},{"plaintext":"\u300a\u6210\u4eba\u793c\u300b\u7ed9\u81ea\u5df1\u768417\u5c81","href":"http:\/\/www.meizitu.com\/a\/4823.html","pic_list":["http:\/\/mm.howkuai.com\/wp-content\/uploads\/2015a\/02\/18\/01.jpg","http:\/\/mm.howkuai.com\/wp-content\/uploads\/2015a\/02\/18\/02.jpg","http:\/\/mm.howkuai.com\/wp-content\/uploads\/2015a\/02\/18\/03.jpg","http:\/\/mm.howkuai.com\/wp-content\/uploads\/2015a\/02\/18\/04.jpg","http:\/\/mm.howkuai.com\/wp-content\/uploads\/2015a\/02\/18\/05.jpg","http:\/\/mm.howkuai.com\/wp-content\/uploads\/2015a\/02\/18\/06.jpg"]},{"plaintext":"\u8f7b\u7eb1\u540e\u7684\u6c34\u5ae9\u6a21\u7279\uff0cdaisy_\u8292\u679c\u5c0f\u59d0","href":"http:\/\/www.meizitu.com\/a\/4822.html","pic_list":["http:\/\/mm.howkuai.com\/wp-content\/uploads\/2015a\/02\/17\/01.jpg","http:\/\/mm.howkuai.com\/wp-content\/uploads\/2015a\/02\/17\/02.jpg","http:\/\/mm.howkuai.com\/wp-content\/uploads\/2015a\/02\/17\/03.jpg","http:\/\/mm.howkuai.com\/wp-content\/uploads\/2015a\/02\/17\/04.jpg","http:\/\/mm.howkuai.com\/wp-content\/uploads\/2015a\/02\/17\/05.jpg","http:\/\/mm.howkuai.com\/wp-content\/uploads\/2015a\/02\/17\/06.jpg"]},{"plaintext":"\u6731\u5fc6\u97f3\u7684\u6027\u611f\u5c0f\u79c1\u623f","href":"http:\/\/www.meizitu.com\/a\/4819.html","pic_list":["http:\/\/mm.howkuai.com\/wp-content\/uploads\/2015a\/02\/14\/01.jpg","http:\/\/mm.howkuai.com\/wp-content\/uploads\/2015a\/02\/14\/02.jpg","http:\/\/mm.howkuai.com\/wp-content\/uploads\/2015a\/02\/14\/03.jpg","http:\/\/mm.howkuai.com\/wp-content\/uploads\/2015a\/02\/14\/04.jpg","http:\/\/mm.howkuai.com\/wp-content\/uploads\/2015a\/02\/14\/05.jpg","http:\/\/mm.howkuai.com\/wp-content\/uploads\/2015a\/02\/14\/06.jpg","http:\/\/mm.howkuai.com\/wp-content\/uploads\/2015a\/02\/14\/07.jpg","http:\/\/mm.howkuai.com\/wp-content\/uploads\/2015a\/02\/14\/08.jpg"]},{"plaintext":"\u8bf1\u4eba\u7684\u773c\u795e\uff0c38.6\u00b0c breath","href":"http:\/\/www.meizitu.com\/a\/4803.html","pic_list":["http:\/\/mm.howkuai.com\/wp-content\/uploads\/2015a\/01\/62\/01.jpg","http:\/\/mm.howkuai.com\/wp-content\/uploads\/2015a\/01\/62\/02.jpg","http:\/\/mm.howkuai.com\/wp-content\/uploads\/2015a\/01\/62\/03.jpg","http:\/\/mm.howkuai.com\/wp-content\/uploads\/2015a\/01\/62\/04.jpg","http:\/\/mm.howkuai.com\/wp-content\/uploads\/2015a\/01\/62\/05.jpg","http:\/\/mm.howkuai.com\/wp-content\/uploads\/2015a\/01\/62\/06.jpg","http:\/\/mm.howkuai.com\/wp-content\/uploads\/2015a\/01\/62\/07.jpg"]},{"plaintext":"\u79c0\u53d1\u9f50\u8170\uff0c\u6027\u611f\u7f8e\u81c0\u7684vivi","href":"http:\/\/www.meizitu.com\/a\/4802.html","pic_list":["http:\/\/mm.howkuai.com\/wp-content\/uploads\/2015a\/01\/61\/01.jpg","http:\/\/mm.howkuai.com\/wp-content\/uploads\/2015a\/01\/61\/02.jpg","http:\/\/mm.howkuai.com\/wp-content\/uploads\/2015a\/01\/61\/03.jpg","http:\/\/mm.howkuai.com\/wp-content\/uploads\/2015a\/01\/61\/04.jpg","http:\/\/mm.howkuai.com\/wp-content\/uploads\/2015a\/01\/61\/05.jpg","http:\/\/mm.howkuai.com\/wp-content\/uploads\/2015a\/01\/61\/06.jpg"]},{"plaintext":"\u6027\u611f\u5c0f\u767d\u5154\u5374\u88ab\u8584\u7eb1\u906e\u63a9","href":"http:\/\/www.meizitu.com\/a\/4783.html","pic_list":["http:\/\/mm.howkuai.com\/wp-content\/uploads\/2015a\/01\/40\/01.jpg","http:\/\/mm.howkuai.com\/wp-content\/uploads\/2015a\/01\/40\/02.jpg","http:\/\/mm.howkuai.com\/wp-content\/uploads\/2015a\/01\/40\/03.jpg","http:\/\/mm.howkuai.com\/wp-content\/uploads\/2015a\/01\/40\/04.jpg","http:\/\/mm.howkuai.com\/wp-content\/uploads\/2015a\/01\/40\/05.jpg","http:\/\/mm.howkuai.com\/wp-content\/uploads\/2015a\/01\/40\/06.jpg"]},{"plaintext":"\u51e4\u773c\u59b9\u59b9\u6027\u611f\u5ba4\u5185\u5199\u771f","href":"http:\/\/www.meizitu.com\/a\/4766.html","pic_list":["http:\/\/mm.howkuai.com\/wp-content\/uploads\/2015a\/01\/23\/01.jpg","http:\/\/mm.howkuai.com\/wp-content\/uploads\/2015a\/01\/23\/02.jpg","http:\/\/mm.howkuai.com\/wp-content\/uploads\/2015a\/01\/23\/03.jpg","http:\/\/mm.howkuai.com\/wp-content\/uploads\/2015a\/01\/23\/04.jpg"]},{"plaintext":"\u5fae\u6655\u7ea2\u6f6e\u4e00\u7ebf\uff0c\u7ea2\u886b\u59d1\u5a18\u6697\u5f71\u6d41\u82b3","href":"http:\/\/www.meizitu.com\/a\/4761.html","pic_list":["http:\/\/mm.howkuai.com\/wp-content\/uploads\/2015a\/01\/19\/01.jpg","http:\/\/mm.howkuai.com\/wp-content\/uploads\/2015a\/01\/19\/02.jpg","http:\/\/mm.howkuai.com\/wp-content\/uploads\/2015a\/01\/19\/03.jpg","http:\/\/mm.howkuai.com\/wp-content\/uploads\/2015a\/01\/19\/04.jpg","http:\/\/mm.howkuai.com\/wp-content\/uploads\/2015a\/01\/19\/05.jpg","http:\/\/mm.howkuai.com\/wp-content\/uploads\/2015a\/01\/19\/06.jpg","http:\/\/mm.howkuai.com\/wp-content\/uploads\/2015a\/01\/19\/07.jpg"]},{"plaintext":"\u61d2\u61d2\u7684\u8737\u7f29\u7740\uff0c\u957f\u53d1\u6e29\u67d4\u59b9\u7eb8\u7684\u5c0f\u79c1\u623f","href":"http:\/\/www.meizitu.com\/a\/4759.html","pic_list":["http:\/\/mm.howkuai.com\/wp-content\/uploads\/2015a\/01\/17\/01.jpg","http:\/\/mm.howkuai.com\/wp-content\/uploads\/2015a\/01\/17\/02.jpg","http:\/\/mm.howkuai.com\/wp-content\/uploads\/2015a\/01\/17\/03.jpg","http:\/\/mm.howkuai.com\/wp-content\/uploads\/2015a\/01\/17\/04.jpg","http:\/\/mm.howkuai.com\/wp-content\/uploads\/2015a\/01\/17\/05.jpg","http:\/\/mm.howkuai.com\/wp-content\/uploads\/2015a\/01\/17\/06.jpg","http:\/\/mm.howkuai.com\/wp-content\/uploads\/2015a\/01\/17\/07.jpg","http:\/\/mm.howkuai.com\/wp-content\/uploads\/2015a\/01\/17\/08.jpg"]},{"plaintext":"\u55f2\u56e1\u56e1\uff08\u7f8e\u59aeMUMU\uff09\u6700\u65b0\u79c1\u623f","href":"http:\/\/www.meizitu.com\/a\/4755.html","pic_list":["http:\/\/mm.howkuai.com\/wp-content\/uploads\/2015a\/01\/13\/01.jpg","http:\/\/mm.howkuai.com\/wp-content\/uploads\/2015a\/01\/13\/02.jpg","http:\/\/mm.howkuai.com\/wp-content\/uploads\/2015a\/01\/13\/03.jpg","http:\/\/mm.howkuai.com\/wp-content\/uploads\/2015a\/01\/13\/04.jpg","http:\/\/mm.howkuai.com\/wp-content\/uploads\/2015a\/01\/13\/05.jpg","http:\/\/mm.howkuai.com\/wp-content\/uploads\/2015a\/01\/13\/06.jpg","http:\/\/mm.howkuai.com\/wp-content\/uploads\/2015a\/01\/13\/07.jpg"]},{"plaintext":"\u6cab\u6653\u4f0ababy\u6700\u65b0\u5199\u771f\u79c1\u623f","href":"http:\/\/www.meizitu.com\/a\/4744.html","pic_list":["http:\/\/mm.howkuai.com\/wp-content\/uploads\/2015a\/01\/02\/01.jpg","http:\/\/mm.howkuai.com\/wp-content\/uploads\/2015a\/01\/02\/02.jpg","http:\/\/mm.howkuai.com\/wp-content\/uploads\/2015a\/01\/02\/03.jpg","http:\/\/mm.howkuai.com\/wp-content\/uploads\/2015a\/01\/02\/04.jpg","http:\/\/mm.howkuai.com\/wp-content\/uploads\/2015a\/01\/02\/05.jpg"]},{"plaintext":"\u9ed1\u6697\u4e2d\u7684\u4e00\u62b9\u98ce\u666f\u7ebf\uff0c\u5b5f\u6653\u827a\u5199\u771f","href":"http:\/\/www.meizitu.com\/a\/4741.html","pic_list":["http:\/\/mm.howkuai.com\/wp-content\/uploads\/2014a\/12\/76\/01.jpg","http:\/\/mm.howkuai.com\/wp-content\/uploads\/2014a\/12\/76\/02.jpg","http:\/\/mm.howkuai.com\/wp-content\/uploads\/2014a\/12\/76\/03.jpg","http:\/\/mm.howkuai.com\/wp-content\/uploads\/2014a\/12\/76\/04.jpg","http:\/\/mm.howkuai.com\/wp-content\/uploads\/2014a\/12\/76\/05.jpg"]},{"plaintext":"\u8bb8\u8bfaSabrina\u6cf0\u56fd\u82ad\u63d0\u96c5\u5199\u771f","href":"http:\/\/www.meizitu.com\/a\/4734.html","pic_list":["http:\/\/mm.howkuai.com\/wp-content\/uploads\/2014a\/12\/69\/01.jpg","http:\/\/mm.howkuai.com\/wp-content\/uploads\/2014a\/12\/69\/02.jpg","http:\/\/mm.howkuai.com\/wp-content\/uploads\/2014a\/12\/69\/03.jpg","http:\/\/mm.howkuai.com\/wp-content\/uploads\/2014a\/12\/69\/04.jpg","http:\/\/mm.howkuai.com\/wp-content\/uploads\/2014a\/12\/69\/05.jpg","http:\/\/mm.howkuai.com\/wp-content\/uploads\/2014a\/12\/69\/06.jpg","http:\/\/mm.howkuai.com\/wp-content\/uploads\/2014a\/12\/69\/07.jpg","http:\/\/mm.howkuai.com\/wp-content\/uploads\/2014a\/12\/69\/08.jpg"]},{"plaintext":"\u6027\u611f\u7f8e\u7709\u55f2\u56e1\u56e1\u79c1\u623f\u5199\u771f","href":"http:\/\/www.meizitu.com\/a\/4715.html","pic_list":["http:\/\/mm.howkuai.com\/wp-content\/uploads\/2014a\/12\/50\/01.jpg","http:\/\/mm.howkuai.com\/wp-content\/uploads\/2014a\/12\/50\/02.jpg","http:\/\/mm.howkuai.com\/wp-content\/uploads\/2014a\/12\/50\/03.jpg","http:\/\/mm.howkuai.com\/wp-content\/uploads\/2014a\/12\/50\/04.jpg","http:\/\/mm.howkuai.com\/wp-content\/uploads\/2014a\/12\/50\/05.jpg","http:\/\/mm.howkuai.com\/wp-content\/uploads\/2014a\/12\/50\/06.jpg"]},{"plaintext":"\u5fae\u535a\u4eba\u6c14\u6a21\u7279@Love\u9646\u74f7\u6cf0\u56fd\u65c5\u62cd","href":"http:\/\/www.meizitu.com\/a\/4712.html","pic_list":["http:\/\/mm.howkuai.com\/wp-content\/uploads\/2014a\/12\/47\/01.jpg","http:\/\/mm.howkuai.com\/wp-content\/uploads\/2014a\/12\/47\/02.jpg","http:\/\/mm.howkuai.com\/wp-content\/uploads\/2014a\/12\/47\/03.jpg","http:\/\/mm.howkuai.com\/wp-content\/uploads\/2014a\/12\/47\/04.jpg","http:\/\/mm.howkuai.com\/wp-content\/uploads\/2014a\/12\/47\/05.jpg"]},{"plaintext":"\u9ed1\u6697\u4e2d\u7684\u8bf1\u4eba\u66f2\u7ebf\uff0c\u840c\u840c\u7684\u79c1\u623f","href":"http:\/\/www.meizitu.com\/a\/4689.html","pic_list":["http:\/\/mm.howkuai.com\/wp-content\/uploads\/2014a\/12\/24\/01.jpg","http:\/\/mm.howkuai.com\/wp-content\/uploads\/2014a\/12\/24\/02.jpg","http:\/\/mm.howkuai.com\/wp-content\/uploads\/2014a\/12\/24\/03.jpg","http:\/\/mm.howkuai.com\/wp-content\/uploads\/2014a\/12\/24\/04.jpg","http:\/\/mm.howkuai.com\/wp-content\/uploads\/2014a\/12\/24\/05.jpg","http:\/\/mm.howkuai.com\/wp-content\/uploads\/2014a\/12\/24\/06.jpg","http:\/\/mm.howkuai.com\/wp-content\/uploads\/2014a\/12\/24\/07.jpg"]},{"plaintext":"\u7f8e\u4e3d\u7684\u8272\u5f69\uff0c\u7f8e\u5973\u6f14\u7ece\u7684\u8ba9\u4eba\u5782\u6d8e\u6b32\u6ef4","href":"http:\/\/www.meizitu.com\/a\/4670.html","pic_list":["http:\/\/mm.howkuai.com\/wp-content\/uploads\/2014a\/12\/05\/01.jpg","http:\/\/mm.howkuai.com\/wp-content\/uploads\/2014a\/12\/05\/02.jpg","http:\/\/mm.howkuai.com\/wp-content\/uploads\/2014a\/12\/05\/03.jpg","http:\/\/mm.howkuai.com\/wp-content\/uploads\/2014a\/12\/05\/04.jpg","http:\/\/mm.howkuai.com\/wp-content\/uploads\/2014a\/12\/05\/05.jpg","http:\/\/mm.howkuai.com\/wp-content\/uploads\/2014a\/12\/05\/06.jpg","http:\/\/mm.howkuai.com\/wp-content\/uploads\/2014a\/12\/05\/07.jpg","http:\/\/mm.howkuai.com\/wp-content\/uploads\/2014a\/12\/05\/08.jpg"]},{"plaintext":"\u6d74\u7f38\u4e2d\u7684\u76db\u5bb4\uff0c\u5357\u6e58baby\u79c1\u623f\u5199\u771f","href":"http:\/\/www.meizitu.com\/a\/4661.html","pic_list":["http:\/\/mm.howkuai.com\/wp-content\/uploads\/2014a\/11\/68\/01.jpg","http:\/\/mm.howkuai.com\/wp-content\/uploads\/2014a\/11\/68\/02.jpg","http:\/\/mm.howkuai.com\/wp-content\/uploads\/2014a\/11\/68\/03.jpg","http:\/\/mm.howkuai.com\/wp-content\/uploads\/2014a\/11\/68\/04.jpg","http:\/\/mm.howkuai.com\/wp-content\/uploads\/2014a\/11\/68\/05.jpg","http:\/\/mm.howkuai.com\/wp-content\/uploads\/2014a\/11\/68\/06.jpg","http:\/\/mm.howkuai.com\/wp-content\/uploads\/2014a\/11\/68\/07.jpg"]},{"plaintext":"\u9752\u8471\u5c11\u5973\u7684\u5c0f\u79c1\u623f\uff0c\u7f9e\u8d67\u6c14\u8d28\u66f4\u663e\u59a9\u5a9a","href":"http:\/\/www.meizitu.com\/a\/4658.html","pic_list":["http:\/\/mm.howkuai.com\/wp-content\/uploads\/2014a\/11\/65\/01.jpg","http:\/\/mm.howkuai.com\/wp-content\/uploads\/2014a\/11\/65\/02.jpg","http:\/\/mm.howkuai.com\/wp-content\/uploads\/2014a\/11\/65\/03.jpg","http:\/\/mm.howkuai.com\/wp-content\/uploads\/2014a\/11\/65\/04.jpg","http:\/\/mm.howkuai.com\/wp-content\/uploads\/2014a\/11\/65\/05.jpg","http:\/\/mm.howkuai.com\/wp-content\/uploads\/2014a\/11\/65\/06.jpg"]},{"plaintext":"\u6342\u4e0d\u4f4f\u7684\u8bf1\u60d1\uff0cF\u676f\u767d\u5ae9\u7f8e\u5973\u79c1\u623f\u56fe","href":"http:\/\/www.meizitu.com\/a\/4652.html","pic_list":["http:\/\/mm.howkuai.com\/wp-content\/uploads\/2014a\/11\/59\/01.jpg","http:\/\/mm.howkuai.com\/wp-content\/uploads\/2014a\/11\/59\/02.jpg","http:\/\/mm.howkuai.com\/wp-content\/uploads\/2014a\/11\/59\/03.jpg","http:\/\/mm.howkuai.com\/wp-content\/uploads\/2014a\/11\/59\/04.jpg","http:\/\/mm.howkuai.com\/wp-content\/uploads\/2014a\/11\/59\/05.jpg","http:\/\/mm.howkuai.com\/wp-content\/uploads\/2014a\/11\/59\/06.jpg","http:\/\/mm.howkuai.com\/wp-content\/uploads\/2014a\/11\/59\/07.jpg","http:\/\/mm.howkuai.com\/wp-content\/uploads\/2014a\/11\/59\/08.jpg"]},{"plaintext":"\u767e\u53d8\u6027\u611f\u98ce\uff0c\u8bb8\u8bfaSabrina \u53a6\u95e8\u65c5\u62cd","href":"http:\/\/www.meizitu.com\/a\/4650.html","pic_list":["http:\/\/mm.howkuai.com\/wp-content\/uploads\/2014a\/11\/57\/01.jpg","http:\/\/mm.howkuai.com\/wp-content\/uploads\/2014a\/11\/57\/02.jpg","http:\/\/mm.howkuai.com\/wp-content\/uploads\/2014a\/11\/57\/03.jpg","http:\/\/mm.howkuai.com\/wp-content\/uploads\/2014a\/11\/57\/04.jpg","http:\/\/mm.howkuai.com\/wp-content\/uploads\/2014a\/11\/57\/05.jpg","http:\/\/mm.howkuai.com\/wp-content\/uploads\/2014a\/11\/57\/06.jpg"]},{"plaintext":"\u9165\u80f8\u534a\u63a9\u7f8e\u4eba\u59ff\u6001\uff0c\u4e30\u6ee1\u7684YOYO\u82cf\u5c0f\u82cf","href":"http:\/\/www.meizitu.com\/a\/4634.html","pic_list":["http:\/\/mm.howkuai.com\/wp-content\/uploads\/2014a\/11\/41\/01.jpg","http:\/\/mm.howkuai.com\/wp-content\/uploads\/2014a\/11\/41\/02.jpg","http:\/\/mm.howkuai.com\/wp-content\/uploads\/2014a\/11\/41\/03.jpg","http:\/\/mm.howkuai.com\/wp-content\/uploads\/2014a\/11\/41\/04.jpg","http:\/\/mm.howkuai.com\/wp-content\/uploads\/2014a\/11\/41\/05.jpg","http:\/\/mm.howkuai.com\/wp-content\/uploads\/2014a\/11\/41\/06.jpg"]},{"plaintext":"\u4e30\u6ee1\u7684\u7f8e\u4e73\u5973\u4ec6\uff0c\u5b50\u7eaf\u513fAnnie\u5199\u771f","href":"http:\/\/www.meizitu.com\/a\/4625.html","pic_list":["http:\/\/mm.howkuai.com\/wp-content\/uploads\/2014a\/11\/33\/01.jpg","http:\/\/mm.howkuai.com\/wp-content\/uploads\/2014a\/11\/33\/02.jpg","http:\/\/mm.howkuai.com\/wp-content\/uploads\/2014a\/11\/33\/03.jpg","http:\/\/mm.howkuai.com\/wp-content\/uploads\/2014a\/11\/33\/04.jpg","http:\/\/mm.howkuai.com\/wp-content\/uploads\/2014a\/11\/33\/05.jpg"]},{"plaintext":"\u5b50\u7eaf\u513fAnnie\u7684\u7f8e\u81c0\uff0c\u5934\u6234\u82b1\u73af\u5982\u82b1\u4ed9\u5b50","href":"http:\/\/www.meizitu.com\/a\/4619.html","pic_list":["http:\/\/mm.howkuai.com\/wp-content\/uploads\/2014a\/11\/27\/01.jpg","http:\/\/mm.howkuai.com\/wp-content\/uploads\/2014a\/11\/27\/02.jpg","http:\/\/mm.howkuai.com\/wp-content\/uploads\/2014a\/11\/27\/03.jpg","http:\/\/mm.howkuai.com\/wp-content\/uploads\/2014a\/11\/27\/04.jpg","http:\/\/mm.howkuai.com\/wp-content\/uploads\/2014a\/11\/27\/05.jpg","http:\/\/mm.howkuai.com\/wp-content\/uploads\/2014a\/11\/27\/06.jpg","http:\/\/mm.howkuai.com\/wp-content\/uploads\/2014a\/11\/27\/07.jpg"]}]