[{"plaintext":"\u8f7b\u8f7b\u7684\u89e3\u5f00\u8f7b\u7eb1\uff0c\u7f8e\u5973\u7684\u8bf1\u4eba\u5c0f\u79c1\u623f","href":"http:\/\/www.meizitu.com\/a\/4602.html","pic_list":["http:\/\/mm.howkuai.com\/wp-content\/uploads\/2014a\/11\/10\/01.jpg","http:\/\/mm.howkuai.com\/wp-content\/uploads\/2014a\/11\/10\/02.jpg","http:\/\/mm.howkuai.com\/wp-content\/uploads\/2014a\/11\/10\/03.jpg","http:\/\/mm.howkuai.com\/wp-content\/uploads\/2014a\/11\/10\/04.jpg","http:\/\/mm.howkuai.com\/wp-content\/uploads\/2014a\/11\/10\/05.jpg","http:\/\/mm.howkuai.com\/wp-content\/uploads\/2014a\/11\/10\/06.jpg"]},{"plaintext":"\u5de8\u4e73\u6b63\u59b9\u7eee\u91cc\u5609ula\u6700\u65b0\u5199\u771f","href":"http:\/\/www.meizitu.com\/a\/4599.html","pic_list":["http:\/\/mm.howkuai.com\/wp-content\/uploads\/2014a\/11\/07\/01.jpg","http:\/\/mm.howkuai.com\/wp-content\/uploads\/2014a\/11\/07\/02.jpg","http:\/\/mm.howkuai.com\/wp-content\/uploads\/2014a\/11\/07\/03.jpg","http:\/\/mm.howkuai.com\/wp-content\/uploads\/2014a\/11\/07\/04.jpg","http:\/\/mm.howkuai.com\/wp-content\/uploads\/2014a\/11\/07\/05.jpg","http:\/\/mm.howkuai.com\/wp-content\/uploads\/2014a\/11\/07\/06.jpg"]},{"plaintext":"\u5ae9\u6a21Anna\u5f90\u5b50\u7426\u7684\u6027\u611f\u7f8e\u4e73\u53cc\u624b\u6342\u4e0d\u4f4f","href":"http:\/\/www.meizitu.com\/a\/4580.html","pic_list":["http:\/\/mm.howkuai.com\/wp-content\/uploads\/2014a\/10\/66\/01.jpg","http:\/\/mm.howkuai.com\/wp-content\/uploads\/2014a\/10\/66\/02.jpg","http:\/\/mm.howkuai.com\/wp-content\/uploads\/2014a\/10\/66\/03.jpg","http:\/\/mm.howkuai.com\/wp-content\/uploads\/2014a\/10\/66\/04.jpg","http:\/\/mm.howkuai.com\/wp-content\/uploads\/2014a\/10\/66\/05.jpg","http:\/\/mm.howkuai.com\/wp-content\/uploads\/2014a\/10\/66\/06.jpg","http:\/\/mm.howkuai.com\/wp-content\/uploads\/2014a\/10\/66\/07.jpg"]},{"plaintext":"\u9633\u5149\u4e0b\u7684\u8bf1\u60d1\uff0c\u4e30\u6ee1\u7f8e\u5973\u738b\u99a8\u7476yanni","href":"http:\/\/www.meizitu.com\/a\/4578.html","pic_list":["http:\/\/mm.howkuai.com\/wp-content\/uploads\/2014a\/10\/64\/01.jpg","http:\/\/mm.howkuai.com\/wp-content\/uploads\/2014a\/10\/64\/02.jpg","http:\/\/mm.howkuai.com\/wp-content\/uploads\/2014a\/10\/64\/03.jpg","http:\/\/mm.howkuai.com\/wp-content\/uploads\/2014a\/10\/64\/04.jpg","http:\/\/mm.howkuai.com\/wp-content\/uploads\/2014a\/10\/64\/05.jpg","http:\/\/mm.howkuai.com\/wp-content\/uploads\/2014a\/10\/64\/06.jpg","http:\/\/mm.howkuai.com\/wp-content\/uploads\/2014a\/10\/64\/07.jpg"]},{"plaintext":"\u6c14\u8d28\u7f8e\u5973\u7684\u7fd8\u81c0\u5199\u771f","href":"http:\/\/www.meizitu.com\/a\/4568.html","pic_list":["http:\/\/mm.howkuai.com\/wp-content\/uploads\/2014a\/10\/54\/01.jpg","http:\/\/mm.howkuai.com\/wp-content\/uploads\/2014a\/10\/54\/02.jpg","http:\/\/mm.howkuai.com\/wp-content\/uploads\/2014a\/10\/54\/03.jpg","http:\/\/mm.howkuai.com\/wp-content\/uploads\/2014a\/10\/54\/04.jpg","http:\/\/mm.howkuai.com\/wp-content\/uploads\/2014a\/10\/54\/05.jpg","http:\/\/mm.howkuai.com\/wp-content\/uploads\/2014a\/10\/54\/06.jpg"]},{"plaintext":"\u767d\u8272\u7684\u68a6\uff0c\u59b9\u5b50\u5728\u6e05\u6668\u548c\u7166\u9633\u5149\u4e0b\u4e00\u7ec4\u79c1\u623f","href":"http:\/\/www.meizitu.com\/a\/4566.html","pic_list":["http:\/\/mm.howkuai.com\/wp-content\/uploads\/2014a\/10\/52\/01.jpg","http:\/\/mm.howkuai.com\/wp-content\/uploads\/2014a\/10\/52\/02.jpg","http:\/\/mm.howkuai.com\/wp-content\/uploads\/2014a\/10\/52\/03.jpg","http:\/\/mm.howkuai.com\/wp-content\/uploads\/2014a\/10\/52\/04.jpg","http:\/\/mm.howkuai.com\/wp-content\/uploads\/2014a\/10\/52\/05.jpg","http:\/\/mm.howkuai.com\/wp-content\/uploads\/2014a\/10\/52\/06.jpg","http:\/\/mm.howkuai.com\/wp-content\/uploads\/2014a\/10\/52\/07.jpg","http:\/\/mm.howkuai.com\/wp-content\/uploads\/2014a\/10\/52\/08.jpg"]},{"plaintext":"\u9ed1\u4e1d\u8bf1\u60d1\uff0c\u4e8e\u5927\u5c0f\u59d0AYU\u7eee\u91cc\u5609ula","href":"http:\/\/www.meizitu.com\/a\/4563.html","pic_list":["http:\/\/mm.howkuai.com\/wp-content\/uploads\/2014a\/10\/49\/01.jpg","http:\/\/mm.howkuai.com\/wp-content\/uploads\/2014a\/10\/49\/02.jpg","http:\/\/mm.howkuai.com\/wp-content\/uploads\/2014a\/10\/49\/03.jpg","http:\/\/mm.howkuai.com\/wp-content\/uploads\/2014a\/10\/49\/04.jpg","http:\/\/mm.howkuai.com\/wp-content\/uploads\/2014a\/10\/49\/05.jpg","http:\/\/mm.howkuai.com\/wp-content\/uploads\/2014a\/10\/49\/06.jpg"]},{"plaintext":"\u6027\u611f\u7684\u5c0f\u5154\u5b50\u7f8e\u5973\uff0c\u597d\u597d\u5582\u5979\u54e6","href":"http:\/\/www.meizitu.com\/a\/4561.html","pic_list":["http:\/\/mm.howkuai.com\/wp-content\/uploads\/2014a\/10\/47\/01.jpg","http:\/\/mm.howkuai.com\/wp-content\/uploads\/2014a\/10\/47\/02.jpg","http:\/\/mm.howkuai.com\/wp-content\/uploads\/2014a\/10\/47\/03.jpg","http:\/\/mm.howkuai.com\/wp-content\/uploads\/2014a\/10\/47\/04.jpg","http:\/\/mm.howkuai.com\/wp-content\/uploads\/2014a\/10\/47\/05.jpg","http:\/\/mm.howkuai.com\/wp-content\/uploads\/2014a\/10\/47\/06.jpg"]},{"plaintext":"\u7f8e\u4eba\u5982\u7389\uff0c\u8d85\u597d\u8eab\u6750\u6a21\u7279\u9152\u5e97\u79c1\u623f","href":"http:\/\/www.meizitu.com\/a\/4546.html","pic_list":["http:\/\/mm.howkuai.com\/wp-content\/uploads\/2014a\/10\/32\/01.jpg","http:\/\/mm.howkuai.com\/wp-content\/uploads\/2014a\/10\/32\/02.jpg","http:\/\/mm.howkuai.com\/wp-content\/uploads\/2014a\/10\/32\/03.jpg","http:\/\/mm.howkuai.com\/wp-content\/uploads\/2014a\/10\/32\/04.jpg","http:\/\/mm.howkuai.com\/wp-content\/uploads\/2014a\/10\/32\/05.jpg","http:\/\/mm.howkuai.com\/wp-content\/uploads\/2014a\/10\/32\/06.jpg","http:\/\/mm.howkuai.com\/wp-content\/uploads\/2014a\/10\/32\/07.jpg"]},{"plaintext":"\u51cc\u4e71\u7684\u5e8a\u5355\uff0c\u65e0\u5c3d\u7684\u6b32\u671b","href":"http:\/\/www.meizitu.com\/a\/4526.html","pic_list":["http:\/\/mm.howkuai.com\/wp-content\/uploads\/2014a\/10\/13\/01.jpg","http:\/\/mm.howkuai.com\/wp-content\/uploads\/2014a\/10\/13\/02.jpg","http:\/\/mm.howkuai.com\/wp-content\/uploads\/2014a\/10\/13\/03.jpg","http:\/\/mm.howkuai.com\/wp-content\/uploads\/2014a\/10\/13\/04.jpg","http:\/\/mm.howkuai.com\/wp-content\/uploads\/2014a\/10\/13\/05.jpg"]},{"plaintext":"\u808c\u80a4\u80dc\u96ea\u7f8e\u5973\u7684\u5927\u80c6\u79c1\u623f\u56fe","href":"http:\/\/www.meizitu.com\/a\/4517.html","pic_list":["http:\/\/mm.howkuai.com\/wp-content\/uploads\/2014a\/10\/04\/01.jpg","http:\/\/mm.howkuai.com\/wp-content\/uploads\/2014a\/10\/04\/02.jpg","http:\/\/mm.howkuai.com\/wp-content\/uploads\/2014a\/10\/04\/03.jpg","http:\/\/mm.howkuai.com\/wp-content\/uploads\/2014a\/10\/04\/04.jpg","http:\/\/mm.howkuai.com\/wp-content\/uploads\/2014a\/10\/04\/05.jpg"]},{"plaintext":"\u5b85\u7537\u7684\u6700\u7231,\u7f8e\u4e73\u59b9\u59b9\u53ef\u513f","href":"http:\/\/www.meizitu.com\/a\/4515.html","pic_list":["http:\/\/mm.howkuai.com\/wp-content\/uploads\/2014a\/10\/02\/01.jpg","http:\/\/mm.howkuai.com\/wp-content\/uploads\/2014a\/10\/02\/02.jpg","http:\/\/mm.howkuai.com\/wp-content\/uploads\/2014a\/10\/02\/03.jpg","http:\/\/mm.howkuai.com\/wp-content\/uploads\/2014a\/10\/02\/04.jpg","http:\/\/mm.howkuai.com\/wp-content\/uploads\/2014a\/10\/02\/05.jpg","http:\/\/mm.howkuai.com\/wp-content\/uploads\/2014a\/10\/02\/06.jpg"]},{"plaintext":"\u5236\u670d\u7684\u8bf1\u60d1\uff0c\u677e\u679c\u513f\u7684\u62a4\u58eb\u88c5\u5199\u771f","href":"http:\/\/www.meizitu.com\/a\/4512.html","pic_list":["http:\/\/mm.howkuai.com\/wp-content\/uploads\/2014a\/09\/57\/01.jpg","http:\/\/mm.howkuai.com\/wp-content\/uploads\/2014a\/09\/57\/02.jpg","http:\/\/mm.howkuai.com\/wp-content\/uploads\/2014a\/09\/57\/03.jpg","http:\/\/mm.howkuai.com\/wp-content\/uploads\/2014a\/09\/57\/04.jpg","http:\/\/mm.howkuai.com\/wp-content\/uploads\/2014a\/09\/57\/05.jpg","http:\/\/mm.howkuai.com\/wp-content\/uploads\/2014a\/09\/57\/06.jpg","http:\/\/mm.howkuai.com\/wp-content\/uploads\/2014a\/09\/57\/07.jpg"]},{"plaintext":"\u7ea4\u8170\u7f8e\u817f\u7f8e\u5973\u7684\u96c5\u81f4\u7eb9\u8eab","href":"http:\/\/www.meizitu.com\/a\/4509.html","pic_list":["http:\/\/mm.howkuai.com\/wp-content\/uploads\/2014a\/09\/54\/01.jpg","http:\/\/mm.howkuai.com\/wp-content\/uploads\/2014a\/09\/54\/02.jpg","http:\/\/mm.howkuai.com\/wp-content\/uploads\/2014a\/09\/54\/03.jpg","http:\/\/mm.howkuai.com\/wp-content\/uploads\/2014a\/09\/54\/04.jpg","http:\/\/mm.howkuai.com\/wp-content\/uploads\/2014a\/09\/54\/05.jpg"]},{"plaintext":"\u6027\u611f\u5973\u5b69\u7684\u6d74\u5ba4\u79c1\u623f\u5199\u771f","href":"http:\/\/www.meizitu.com\/a\/4507.html","pic_list":["http:\/\/mm.howkuai.com\/wp-content\/uploads\/2014a\/09\/52\/01.jpg","http:\/\/mm.howkuai.com\/wp-content\/uploads\/2014a\/09\/52\/02.jpg","http:\/\/mm.howkuai.com\/wp-content\/uploads\/2014a\/09\/52\/03.jpg","http:\/\/mm.howkuai.com\/wp-content\/uploads\/2014a\/09\/52\/04.jpg"]},{"plaintext":"\u633a\u62d4\u7684\u8bf1\u60d1\uff0c\u95fa\u623f\u7d20\u989c\u5468\u7ef4\u5a1c","href":"http:\/\/www.meizitu.com\/a\/4500.html","pic_list":["http:\/\/mm.howkuai.com\/wp-content\/uploads\/2014a\/09\/45\/01.jpg","http:\/\/mm.howkuai.com\/wp-content\/uploads\/2014a\/09\/45\/02.jpg","http:\/\/mm.howkuai.com\/wp-content\/uploads\/2014a\/09\/45\/03.jpg","http:\/\/mm.howkuai.com\/wp-content\/uploads\/2014a\/09\/45\/04.jpg","http:\/\/mm.howkuai.com\/wp-content\/uploads\/2014a\/09\/45\/05.jpg","http:\/\/mm.howkuai.com\/wp-content\/uploads\/2014a\/09\/45\/06.jpg"]},{"plaintext":"\u7ae5\u989c\u5de8\u6c5d\uff0c\u53ef\u513f\u7684\u6bd4\u57fa\u5c3c\u4f9d\u7136\u88f9\u4e0d\u4f4f\u7f8e\u80f8","href":"http:\/\/www.meizitu.com\/a\/4488.html","pic_list":["http:\/\/mm.howkuai.com\/wp-content\/uploads\/2014a\/09\/33\/01.jpg","http:\/\/mm.howkuai.com\/wp-content\/uploads\/2014a\/09\/33\/02.jpg","http:\/\/mm.howkuai.com\/wp-content\/uploads\/2014a\/09\/33\/03.jpg","http:\/\/mm.howkuai.com\/wp-content\/uploads\/2014a\/09\/33\/04.jpg","http:\/\/mm.howkuai.com\/wp-content\/uploads\/2014a\/09\/33\/05.jpg","http:\/\/mm.howkuai.com\/wp-content\/uploads\/2014a\/09\/33\/06.jpg"]},{"plaintext":"\u6f14\u5458\u738b\u59ca\u59ca\u6027\u611f\u65f6\u5c1a\u4e3b\u9898\u5927\u7247","href":"http:\/\/www.meizitu.com\/a\/4476.html","pic_list":["http:\/\/mm.howkuai.com\/wp-content\/uploads\/2014a\/09\/21\/01.jpg","http:\/\/mm.howkuai.com\/wp-content\/uploads\/2014a\/09\/21\/02.jpg","http:\/\/mm.howkuai.com\/wp-content\/uploads\/2014a\/09\/21\/03.jpg","http:\/\/mm.howkuai.com\/wp-content\/uploads\/2014a\/09\/21\/04.jpg","http:\/\/mm.howkuai.com\/wp-content\/uploads\/2014a\/09\/21\/05.jpg","http:\/\/mm.howkuai.com\/wp-content\/uploads\/2014a\/09\/21\/06.jpg","http:\/\/mm.howkuai.com\/wp-content\/uploads\/2014a\/09\/21\/07.jpg"]},{"plaintext":"\u5bc2\u5bde\u4f24\u5fc3\u548c\u70e6\u607c\uff0c\u4e00\u4e2a\u4eba\u7684\u591c","href":"http:\/\/www.meizitu.com\/a\/4475.html","pic_list":["http:\/\/mm.howkuai.com\/wp-content\/uploads\/2014a\/09\/20\/01.jpg","http:\/\/mm.howkuai.com\/wp-content\/uploads\/2014a\/09\/20\/02.jpg","http:\/\/mm.howkuai.com\/wp-content\/uploads\/2014a\/09\/20\/03.jpg","http:\/\/mm.howkuai.com\/wp-content\/uploads\/2014a\/09\/20\/04.jpg","http:\/\/mm.howkuai.com\/wp-content\/uploads\/2014a\/09\/20\/05.jpg","http:\/\/mm.howkuai.com\/wp-content\/uploads\/2014a\/09\/20\/06.jpg"]},{"plaintext":"[\u7f8e\u817f]\u770b\u82b1\u4f17\u4eba\u773c\uff0c\u8c01\u8bf4\u5e74\u5c11\u4e0d\u770b\u817f","href":"http:\/\/www.meizitu.com\/a\/4467.html","pic_list":["http:\/\/mm.howkuai.com\/wp-content\/uploads\/2014a\/09\/13\/01.jpg","http:\/\/mm.howkuai.com\/wp-content\/uploads\/2014a\/09\/13\/02.jpg","http:\/\/mm.howkuai.com\/wp-content\/uploads\/2014a\/09\/13\/03.jpg","http:\/\/mm.howkuai.com\/wp-content\/uploads\/2014a\/09\/13\/04.jpg","http:\/\/mm.howkuai.com\/wp-content\/uploads\/2014a\/09\/13\/05.jpg","http:\/\/mm.howkuai.com\/wp-content\/uploads\/2014a\/09\/13\/06.jpg","http:\/\/mm.howkuai.com\/wp-content\/uploads\/2014a\/09\/13\/07.jpg"]},{"plaintext":"\u9ed1\u4e1d\u7f8e\u817f\u9753\u5973\u5b9d\u9a6c\u8f66\u524d\u5927\u6446pose","href":"http:\/\/www.meizitu.com\/a\/4419.html","pic_list":["http:\/\/mm.howkuai.com\/wp-content\/uploads\/2014a\/08\/33\/01.jpg","http:\/\/mm.howkuai.com\/wp-content\/uploads\/2014a\/08\/33\/02.jpg","http:\/\/mm.howkuai.com\/wp-content\/uploads\/2014a\/08\/33\/03.jpg","http:\/\/mm.howkuai.com\/wp-content\/uploads\/2014a\/08\/33\/04.jpg","http:\/\/mm.howkuai.com\/wp-content\/uploads\/2014a\/08\/33\/05.jpg","http:\/\/mm.howkuai.com\/wp-content\/uploads\/2014a\/08\/33\/06.jpg"]},{"plaintext":"\u7f8e\u817f\u7f8e\u7709\uff0c\u2018\u6700\u7f8e\u8f6e\u6ed1\u6559\u7ec3\u2019\u4f53\u80b2\u753b\u62a5","href":"http:\/\/www.meizitu.com\/a\/4410.html","pic_list":["http:\/\/mm.howkuai.com\/wp-content\/uploads\/2014a\/08\/24\/01.jpg","http:\/\/mm.howkuai.com\/wp-content\/uploads\/2014a\/08\/24\/02.jpg","http:\/\/mm.howkuai.com\/wp-content\/uploads\/2014a\/08\/24\/03.jpg","http:\/\/mm.howkuai.com\/wp-content\/uploads\/2014a\/08\/24\/04.jpg","http:\/\/mm.howkuai.com\/wp-content\/uploads\/2014a\/08\/24\/05.jpg"]},{"plaintext":"\u7ae5\u989c\u5de8\u4e73\u58f0\u4f18\u5c0f\u5b7d\u73b0\u8eabChinaJoy\u73b0\u573a","href":"http:\/\/www.meizitu.com\/a\/4388.html","pic_list":["http:\/\/mm.howkuai.com\/wp-content\/uploads\/2014a\/08\/02\/01.jpg","http:\/\/mm.howkuai.com\/wp-content\/uploads\/2014a\/08\/02\/02.jpg","http:\/\/mm.howkuai.com\/wp-content\/uploads\/2014a\/08\/02\/03.jpg","http:\/\/mm.howkuai.com\/wp-content\/uploads\/2014a\/08\/02\/04.jpg","http:\/\/mm.howkuai.com\/wp-content\/uploads\/2014a\/08\/02\/05.jpg","http:\/\/mm.howkuai.com\/wp-content\/uploads\/2014a\/08\/02\/06.jpg","http:\/\/mm.howkuai.com\/wp-content\/uploads\/2014a\/08\/02\/07.jpg","http:\/\/mm.howkuai.com\/wp-content\/uploads\/2014a\/08\/02\/08.jpg"]},{"plaintext":"\u7f8e\u817f\u59b9\u5b50\u6b23\u8d4f\uff0c\u53f0\u6e7e\u817f\u6a21Tiara\u5199\u771f","href":"http:\/\/www.meizitu.com\/a\/4370.html","pic_list":["http:\/\/mm.howkuai.com\/wp-content\/uploads\/2014a\/07\/55\/01.jpg","http:\/\/mm.howkuai.com\/wp-content\/uploads\/2014a\/07\/55\/02.jpg","http:\/\/mm.howkuai.com\/wp-content\/uploads\/2014a\/07\/55\/03.jpg","http:\/\/mm.howkuai.com\/wp-content\/uploads\/2014a\/07\/55\/04.jpg","http:\/\/mm.howkuai.com\/wp-content\/uploads\/2014a\/07\/55\/05.jpg"]},{"plaintext":"\u65e0\u5c3d\u7684\u9050\u601d\uff0c\u6210\u719f\u7f8e\u5973\u7684\u79c1\u623f\u5199\u771f","href":"http:\/\/www.meizitu.com\/a\/4361.html","pic_list":["http:\/\/mm.howkuai.com\/wp-content\/uploads\/2014a\/07\/46\/01.jpg","http:\/\/mm.howkuai.com\/wp-content\/uploads\/2014a\/07\/46\/02.jpg","http:\/\/mm.howkuai.com\/wp-content\/uploads\/2014a\/07\/46\/03.jpg","http:\/\/mm.howkuai.com\/wp-content\/uploads\/2014a\/07\/46\/04.jpg","http:\/\/mm.howkuai.com\/wp-content\/uploads\/2014a\/07\/46\/05.jpg","http:\/\/mm.howkuai.com\/wp-content\/uploads\/2014a\/07\/46\/06.jpg"]},{"plaintext":"\u65f6\u5c1a\u82ad\u838e\u6d77\u8fb9\u5199\u771f\uff0c\u6027\u611f\u6a21\u7279\u62e5\u6709\u5065\u5eb7\u80a4\u8272","href":"http:\/\/www.meizitu.com\/a\/4342.html","pic_list":["http:\/\/mm.howkuai.com\/wp-content\/uploads\/2014a\/07\/27\/01.jpg","http:\/\/mm.howkuai.com\/wp-content\/uploads\/2014a\/07\/27\/02.jpg","http:\/\/mm.howkuai.com\/wp-content\/uploads\/2014a\/07\/27\/03.jpg","http:\/\/mm.howkuai.com\/wp-content\/uploads\/2014a\/07\/27\/04.jpg","http:\/\/mm.howkuai.com\/wp-content\/uploads\/2014a\/07\/27\/05.jpg","http:\/\/mm.howkuai.com\/wp-content\/uploads\/2014a\/07\/27\/06.jpg","http:\/\/mm.howkuai.com\/wp-content\/uploads\/2014a\/07\/27\/07.jpg"]},{"plaintext":"\u8584\u8584\u886c\u886b\u4e0b\u7684\u7f8e\u4e3d\uff0c\u90a3\u4e9b\u6027\u611f\u7684\u4eba\u513f\uff08\u4e03\uff09","href":"http:\/\/www.meizitu.com\/a\/4341.html","pic_list":["http:\/\/mm.howkuai.com\/wp-content\/uploads\/2014a\/07\/26\/01.jpg","http:\/\/mm.howkuai.com\/wp-content\/uploads\/2014a\/07\/26\/02.jpg","http:\/\/mm.howkuai.com\/wp-content\/uploads\/2014a\/07\/26\/03.jpg","http:\/\/mm.howkuai.com\/wp-content\/uploads\/2014a\/07\/26\/04.jpg","http:\/\/mm.howkuai.com\/wp-content\/uploads\/2014a\/07\/26\/05.jpg","http:\/\/mm.howkuai.com\/wp-content\/uploads\/2014a\/07\/26\/06.jpg","http:\/\/mm.howkuai.com\/wp-content\/uploads\/2014a\/07\/26\/07.jpg","http:\/\/mm.howkuai.com\/wp-content\/uploads\/2014a\/07\/26\/08.jpg"]},{"plaintext":"\u5a07\u5ae9\u4e30\u76c8\uff0c\u6e05\u65b0\u7f8e\u817f\u59b9\u5b50\u6b23\u8d4f\uff08\u4e8c\uff09","href":"http:\/\/www.meizitu.com\/a\/4322.html","pic_list":["http:\/\/mm.howkuai.com\/wp-content\/uploads\/2014a\/07\/07\/01.jpg","http:\/\/mm.howkuai.com\/wp-content\/uploads\/2014a\/07\/07\/02.jpg","http:\/\/mm.howkuai.com\/wp-content\/uploads\/2014a\/07\/07\/03.jpg","http:\/\/mm.howkuai.com\/wp-content\/uploads\/2014a\/07\/07\/04.jpg","http:\/\/mm.howkuai.com\/wp-content\/uploads\/2014a\/07\/07\/05.jpg","http:\/\/mm.howkuai.com\/wp-content\/uploads\/2014a\/07\/07\/06.jpg","http:\/\/mm.howkuai.com\/wp-content\/uploads\/2014a\/07\/07\/07.jpg"]},{"plaintext":"\u7cbe\u81f4\u7ea4\u5de7\u7684\u7f8e\u5973\u6709\u4e00\u53cc\u6027\u611f\u7f8e\u817f","href":"http:\/\/www.meizitu.com\/a\/4273.html","pic_list":["http:\/\/mm.howkuai.com\/wp-content\/uploads\/2014a\/06\/25\/01.jpg","http:\/\/mm.howkuai.com\/wp-content\/uploads\/2014a\/06\/25\/02.jpg","http:\/\/mm.howkuai.com\/wp-content\/uploads\/2014a\/06\/25\/03.jpg","http:\/\/mm.howkuai.com\/wp-content\/uploads\/2014a\/06\/25\/04.jpg","http:\/\/mm.howkuai.com\/wp-content\/uploads\/2014a\/06\/25\/05.jpg"]}]