[{"plaintext":"\u8bb0\u5f55\u5e74\u8f7b\u65f6\u7684\u66fc\u5999\u8eab\u59ff","href":"http:\/\/www.meizitu.com\/a\/5473.html","pic_list":["http:\/\/mm.howkuai.com\/wp-content\/uploads\/2016a\/08\/28\/01.jpg","http:\/\/mm.howkuai.com\/wp-content\/uploads\/2016a\/08\/28\/02.jpg","http:\/\/mm.howkuai.com\/wp-content\/uploads\/2016a\/08\/28\/03.jpg","http:\/\/mm.howkuai.com\/wp-content\/uploads\/2016a\/08\/28\/04.jpg","http:\/\/mm.howkuai.com\/wp-content\/uploads\/2016a\/08\/28\/05.jpg","http:\/\/mm.howkuai.com\/wp-content\/uploads\/2016a\/08\/28\/06.jpg","http:\/\/mm.howkuai.com\/wp-content\/uploads\/2016a\/08\/28\/07.jpg","http:\/\/mm.howkuai.com\/wp-content\/uploads\/2016a\/08\/28\/08.jpg","http:\/\/mm.howkuai.com\/wp-content\/uploads\/2016a\/08\/28\/09.jpg"]},{"plaintext":"\u957f\u53d1MM\u6f14\u7ece\u590d\u53e4\u6027\u611f\u5927\u7247","href":"http:\/\/www.meizitu.com\/a\/5472.html","pic_list":["http:\/\/mm.howkuai.com\/wp-content\/uploads\/2016a\/08\/27\/01.jpg","http:\/\/mm.howkuai.com\/wp-content\/uploads\/2016a\/08\/27\/02.jpg","http:\/\/mm.howkuai.com\/wp-content\/uploads\/2016a\/08\/27\/03.jpg","http:\/\/mm.howkuai.com\/wp-content\/uploads\/2016a\/08\/27\/04.jpg","http:\/\/mm.howkuai.com\/wp-content\/uploads\/2016a\/08\/27\/05.jpg","http:\/\/mm.howkuai.com\/wp-content\/uploads\/2016a\/08\/27\/06.jpg","http:\/\/mm.howkuai.com\/wp-content\/uploads\/2016a\/08\/27\/07.jpg"]},{"plaintext":"\u65e5\u7cfb\u5c0f\u79c1\u623f\uff0c\u8bf1\u4eba\u66f2\u7ebf\u5c3d\u663e\u65e0\u7591","href":"http:\/\/www.meizitu.com\/a\/5450.html","pic_list":["http:\/\/mm.howkuai.com\/wp-content\/uploads\/2016a\/08\/05\/01.jpg","http:\/\/mm.howkuai.com\/wp-content\/uploads\/2016a\/08\/05\/02.jpg","http:\/\/mm.howkuai.com\/wp-content\/uploads\/2016a\/08\/05\/03.jpg","http:\/\/mm.howkuai.com\/wp-content\/uploads\/2016a\/08\/05\/04.jpg","http:\/\/mm.howkuai.com\/wp-content\/uploads\/2016a\/08\/05\/05.jpg","http:\/\/mm.howkuai.com\/wp-content\/uploads\/2016a\/08\/05\/06.jpg"]},{"plaintext":"\u504c\u5927\u4e00\u4e2a\u6d74\u7f38\uff0c\u6ca1\u6709\u8001\u53f8\u673a\u600e\u4e48\u884c","href":"http:\/\/www.meizitu.com\/a\/5434.html","pic_list":["http:\/\/mm.howkuai.com\/wp-content\/uploads\/2016a\/07\/31\/01.jpg","http:\/\/mm.howkuai.com\/wp-content\/uploads\/2016a\/07\/31\/02.jpg","http:\/\/mm.howkuai.com\/wp-content\/uploads\/2016a\/07\/31\/03.jpg","http:\/\/mm.howkuai.com\/wp-content\/uploads\/2016a\/07\/31\/04.jpg","http:\/\/mm.howkuai.com\/wp-content\/uploads\/2016a\/07\/31\/05.jpg","http:\/\/mm.howkuai.com\/wp-content\/uploads\/2016a\/07\/31\/06.jpg"]},{"plaintext":"\u957f\u53d1\u53ca\u8170\u7684\u59b9\u5b50\u8eab\u5f62\u5341\u5206\u5065\u7f8e","href":"http:\/\/www.meizitu.com\/a\/5417.html","pic_list":["http:\/\/mm.howkuai.com\/wp-content\/uploads\/2016a\/07\/14\/01.jpg","http:\/\/mm.howkuai.com\/wp-content\/uploads\/2016a\/07\/14\/02.jpg","http:\/\/mm.howkuai.com\/wp-content\/uploads\/2016a\/07\/14\/03.jpg","http:\/\/mm.howkuai.com\/wp-content\/uploads\/2016a\/07\/14\/04.jpg","http:\/\/mm.howkuai.com\/wp-content\/uploads\/2016a\/07\/14\/05.jpg","http:\/\/mm.howkuai.com\/wp-content\/uploads\/2016a\/07\/14\/06.jpg"]},{"plaintext":"\u55ef\uff0c\u6a31\u6843\u4e0d\u9519\uff0c\u633a\u597d\u5403\u7684","href":"http:\/\/www.meizitu.com\/a\/5411.html","pic_list":["http:\/\/mm.howkuai.com\/wp-content\/uploads\/2016a\/07\/08\/01.jpg","http:\/\/mm.howkuai.com\/wp-content\/uploads\/2016a\/07\/08\/02.jpg","http:\/\/mm.howkuai.com\/wp-content\/uploads\/2016a\/07\/08\/03.jpg","http:\/\/mm.howkuai.com\/wp-content\/uploads\/2016a\/07\/08\/04.jpg","http:\/\/mm.howkuai.com\/wp-content\/uploads\/2016a\/07\/08\/05.jpg","http:\/\/mm.howkuai.com\/wp-content\/uploads\/2016a\/07\/08\/06.jpg","http:\/\/mm.howkuai.com\/wp-content\/uploads\/2016a\/07\/08\/07.jpg","http:\/\/mm.howkuai.com\/wp-content\/uploads\/2016a\/07\/08\/08.jpg","http:\/\/mm.howkuai.com\/wp-content\/uploads\/2016a\/07\/08\/09.jpg","http:\/\/mm.howkuai.com\/wp-content\/uploads\/2016a\/07\/08\/10.jpg"]},{"plaintext":"\u840c\u840c\u7c89\u8272\u7cfb\uff0c\u6700\u4e0a\u7075\u5b50\u5199\u771f\u96c6","href":"http:\/\/www.meizitu.com\/a\/5404.html","pic_list":["http:\/\/mm.howkuai.com\/wp-content\/uploads\/2016a\/07\/02\/01.jpg","http:\/\/mm.howkuai.com\/wp-content\/uploads\/2016a\/07\/02\/02.jpg","http:\/\/mm.howkuai.com\/wp-content\/uploads\/2016a\/07\/02\/03.jpg","http:\/\/mm.howkuai.com\/wp-content\/uploads\/2016a\/07\/02\/04.jpg","http:\/\/mm.howkuai.com\/wp-content\/uploads\/2016a\/07\/02\/05.jpg","http:\/\/mm.howkuai.com\/wp-content\/uploads\/2016a\/07\/02\/06.jpg","http:\/\/mm.howkuai.com\/wp-content\/uploads\/2016a\/07\/02\/07.jpg","http:\/\/mm.howkuai.com\/wp-content\/uploads\/2016a\/07\/02\/08.jpg","http:\/\/mm.howkuai.com\/wp-content\/uploads\/2016a\/07\/02\/09.jpg"]},{"plaintext":"\u6027\u611f\u5973\u795e\u6b46\u5c0f\u5154\u4ec5\u7a7f\u4e00\u4ef6\u540a\u5e26\u79c1\u623f\u79c0","href":"http:\/\/www.meizitu.com\/a\/5392.html","pic_list":["http:\/\/mm.howkuai.com\/wp-content\/uploads\/2016a\/06\/07\/01.jpg","http:\/\/mm.howkuai.com\/wp-content\/uploads\/2016a\/06\/07\/02.jpg","http:\/\/mm.howkuai.com\/wp-content\/uploads\/2016a\/06\/07\/03.jpg","http:\/\/mm.howkuai.com\/wp-content\/uploads\/2016a\/06\/07\/04.jpg","http:\/\/mm.howkuai.com\/wp-content\/uploads\/2016a\/06\/07\/05.jpg","http:\/\/mm.howkuai.com\/wp-content\/uploads\/2016a\/06\/07\/06.jpg"]},{"plaintext":"\u8f6f\u59b9\u5b50\u661f\u7738\u5fae\u55d4\uff0c\u6211\u89c1\u72b9\u601c","href":"http:\/\/www.meizitu.com\/a\/5391.html","pic_list":["http:\/\/mm.howkuai.com\/wp-content\/uploads\/2016a\/06\/06\/01.jpg","http:\/\/mm.howkuai.com\/wp-content\/uploads\/2016a\/06\/06\/02.jpg","http:\/\/mm.howkuai.com\/wp-content\/uploads\/2016a\/06\/06\/03.jpg","http:\/\/mm.howkuai.com\/wp-content\/uploads\/2016a\/06\/06\/04.jpg","http:\/\/mm.howkuai.com\/wp-content\/uploads\/2016a\/06\/06\/05.jpg","http:\/\/mm.howkuai.com\/wp-content\/uploads\/2016a\/06\/06\/06.jpg"]},{"plaintext":"\u808c\u80a4\u4f3c\u96ea\uff0c\u957f\u53d1\u5c11\u5973\u79c1\u623f\u7167","href":"http:\/\/www.meizitu.com\/a\/5382.html","pic_list":["http:\/\/mm.howkuai.com\/wp-content\/uploads\/2016a\/05\/20\/01.jpg","http:\/\/mm.howkuai.com\/wp-content\/uploads\/2016a\/05\/20\/02.jpg","http:\/\/mm.howkuai.com\/wp-content\/uploads\/2016a\/05\/20\/03.jpg","http:\/\/mm.howkuai.com\/wp-content\/uploads\/2016a\/05\/20\/04.jpg","http:\/\/mm.howkuai.com\/wp-content\/uploads\/2016a\/05\/20\/05.jpg","http:\/\/mm.howkuai.com\/wp-content\/uploads\/2016a\/05\/20\/06.jpg"]},{"plaintext":"\u767d\u7699\u5ae9\u6a21\u8c79\u7eb9\u5185\u8863\u79c1\u623f\u79c0","href":"http:\/\/www.meizitu.com\/a\/5355.html","pic_list":["http:\/\/mm.howkuai.com\/wp-content\/uploads\/2016a\/04\/15\/01.jpg","http:\/\/mm.howkuai.com\/wp-content\/uploads\/2016a\/04\/15\/02.jpg","http:\/\/mm.howkuai.com\/wp-content\/uploads\/2016a\/04\/15\/03.jpg","http:\/\/mm.howkuai.com\/wp-content\/uploads\/2016a\/04\/15\/04.jpg","http:\/\/mm.howkuai.com\/wp-content\/uploads\/2016a\/04\/15\/05.jpg","http:\/\/mm.howkuai.com\/wp-content\/uploads\/2016a\/04\/15\/06.jpg","http:\/\/mm.howkuai.com\/wp-content\/uploads\/2016a\/04\/15\/07.jpg"]},{"plaintext":"\u7f8e\u5973\u8bf1\u4eba\u59ff\u6001\u62cd\u6444\u79c1\u623f\u5185\u8863\u5199\u771f","href":"http:\/\/www.meizitu.com\/a\/5348.html","pic_list":["http:\/\/mm.howkuai.com\/wp-content\/uploads\/2016a\/04\/08\/01.jpg","http:\/\/mm.howkuai.com\/wp-content\/uploads\/2016a\/04\/08\/02.jpg","http:\/\/mm.howkuai.com\/wp-content\/uploads\/2016a\/04\/08\/03.jpg","http:\/\/mm.howkuai.com\/wp-content\/uploads\/2016a\/04\/08\/04.jpg","http:\/\/mm.howkuai.com\/wp-content\/uploads\/2016a\/04\/08\/05.jpg","http:\/\/mm.howkuai.com\/wp-content\/uploads\/2016a\/04\/08\/06.jpg","http:\/\/mm.howkuai.com\/wp-content\/uploads\/2016a\/04\/08\/07.jpg"]},{"plaintext":"\u725b\u4ed4\u80cc\u5e26\u88e4\uff0c\u4e30\u6ee1\u767d\u7699\u5ae9\u6a21\u7684\u4e00\u9897\u5c11\u5973\u5fc3","href":"http:\/\/www.meizitu.com\/a\/5337.html","pic_list":["http:\/\/mm.howkuai.com\/wp-content\/uploads\/2016a\/03\/17\/01.jpg","http:\/\/mm.howkuai.com\/wp-content\/uploads\/2016a\/03\/17\/02.jpg","http:\/\/mm.howkuai.com\/wp-content\/uploads\/2016a\/03\/17\/03.jpg","http:\/\/mm.howkuai.com\/wp-content\/uploads\/2016a\/03\/17\/04.jpg","http:\/\/mm.howkuai.com\/wp-content\/uploads\/2016a\/03\/17\/05.jpg","http:\/\/mm.howkuai.com\/wp-content\/uploads\/2016a\/03\/17\/06.jpg","http:\/\/mm.howkuai.com\/wp-content\/uploads\/2016a\/03\/17\/07.jpg","http:\/\/mm.howkuai.com\/wp-content\/uploads\/2016a\/03\/17\/08.jpg","http:\/\/mm.howkuai.com\/wp-content\/uploads\/2016a\/03\/17\/09.jpg"]},{"plaintext":"\u957f\u817f\u5ae9\u6a21\u7a97\u53f0\u524d\u64a9\u52a8\u79c0\u53d1\uff0c\u5b9b\u5982\u7f8e\u4eba\u9c7c","href":"http:\/\/www.meizitu.com\/a\/5331.html","pic_list":["http:\/\/mm.howkuai.com\/wp-content\/uploads\/2016a\/03\/11\/01.jpg","http:\/\/mm.howkuai.com\/wp-content\/uploads\/2016a\/03\/11\/02.jpg","http:\/\/mm.howkuai.com\/wp-content\/uploads\/2016a\/03\/11\/03.jpg","http:\/\/mm.howkuai.com\/wp-content\/uploads\/2016a\/03\/11\/04.jpg","http:\/\/mm.howkuai.com\/wp-content\/uploads\/2016a\/03\/11\/05.jpg","http:\/\/mm.howkuai.com\/wp-content\/uploads\/2016a\/03\/11\/06.jpg","http:\/\/mm.howkuai.com\/wp-content\/uploads\/2016a\/03\/11\/07.jpg","http:\/\/mm.howkuai.com\/wp-content\/uploads\/2016a\/03\/11\/08.jpg"]},{"plaintext":"\u6a21\u7279\u9648\u96c5\u6f2b\u5927\u5c3a\u5ea6\u5199\u771f\uff0c\u4e0a\u6f14\u9178\u5976\u7684\u8bf1\u60d1","href":"http:\/\/www.meizitu.com\/a\/5321.html","pic_list":["http:\/\/mm.howkuai.com\/wp-content\/uploads\/2016a\/03\/01\/01.jpg","http:\/\/mm.howkuai.com\/wp-content\/uploads\/2016a\/03\/01\/02.jpg","http:\/\/mm.howkuai.com\/wp-content\/uploads\/2016a\/03\/01\/03.jpg","http:\/\/mm.howkuai.com\/wp-content\/uploads\/2016a\/03\/01\/04.jpg","http:\/\/mm.howkuai.com\/wp-content\/uploads\/2016a\/03\/01\/05.jpg"]},{"plaintext":"\u6a21\u7279\u97e9\u6615\u6021\u5c55\u73b0\u5973\u6027\u7f8e\u5999\u7684\u7ebf\u6761\u7f8e","href":"http:\/\/www.meizitu.com\/a\/5295.html","pic_list":["http:\/\/mm.howkuai.com\/wp-content\/uploads\/2016a\/02\/04\/01.jpg","http:\/\/mm.howkuai.com\/wp-content\/uploads\/2016a\/02\/04\/02.jpg","http:\/\/mm.howkuai.com\/wp-content\/uploads\/2016a\/02\/04\/03.jpg","http:\/\/mm.howkuai.com\/wp-content\/uploads\/2016a\/02\/04\/04.jpg","http:\/\/mm.howkuai.com\/wp-content\/uploads\/2016a\/02\/04\/05.jpg","http:\/\/mm.howkuai.com\/wp-content\/uploads\/2016a\/02\/04\/06.jpg","http:\/\/mm.howkuai.com\/wp-content\/uploads\/2016a\/02\/04\/07.jpg","http:\/\/mm.howkuai.com\/wp-content\/uploads\/2016a\/02\/04\/08.jpg"]},{"plaintext":"\u7edd\u7f8e\u5973\u751f\u7684\u5185\u8863\u79c1\u623f\u79c0","href":"http:\/\/www.meizitu.com\/a\/5288.html","pic_list":["http:\/\/mm.howkuai.com\/wp-content\/uploads\/2016a\/01\/25\/01.jpg","http:\/\/mm.howkuai.com\/wp-content\/uploads\/2016a\/01\/25\/02.jpg","http:\/\/mm.howkuai.com\/wp-content\/uploads\/2016a\/01\/25\/03.jpg","http:\/\/mm.howkuai.com\/wp-content\/uploads\/2016a\/01\/25\/04.jpg","http:\/\/mm.howkuai.com\/wp-content\/uploads\/2016a\/01\/25\/05.jpg","http:\/\/mm.howkuai.com\/wp-content\/uploads\/2016a\/01\/25\/06.jpg","http:\/\/mm.howkuai.com\/wp-content\/uploads\/2016a\/01\/25\/07.jpg"]},{"plaintext":"\u65f6\u95f4\u8eb2\u5728\u88ab\u5b50\u91cc\u6df1\u547c\u5438 \uff0c\u50cf\u51ac\u5929\u7684\u5019\u9e1f","href":"http:\/\/www.meizitu.com\/a\/5274.html","pic_list":["http:\/\/mm.howkuai.com\/wp-content\/uploads\/2016a\/01\/11\/01.jpg","http:\/\/mm.howkuai.com\/wp-content\/uploads\/2016a\/01\/11\/02.jpg","http:\/\/mm.howkuai.com\/wp-content\/uploads\/2016a\/01\/11\/03.jpg","http:\/\/mm.howkuai.com\/wp-content\/uploads\/2016a\/01\/11\/04.jpg","http:\/\/mm.howkuai.com\/wp-content\/uploads\/2016a\/01\/11\/05.jpg","http:\/\/mm.howkuai.com\/wp-content\/uploads\/2016a\/01\/11\/06.jpg","http:\/\/mm.howkuai.com\/wp-content\/uploads\/2016a\/01\/11\/07.jpg","http:\/\/mm.howkuai.com\/wp-content\/uploads\/2016a\/01\/11\/08.jpg"]},{"plaintext":"\u5b89\u9759\u7eaf\u7f8e\u5c0f\u79c1\u623f\uff0c\u5c06\u6211\u5fc3\u513f\u90fd\u878d\u5316","href":"http:\/\/www.meizitu.com\/a\/5240.html","pic_list":["http:\/\/mm.howkuai.com\/wp-content\/uploads\/2015a\/12\/06\/01.jpg","http:\/\/mm.howkuai.com\/wp-content\/uploads\/2015a\/12\/06\/02.jpg","http:\/\/mm.howkuai.com\/wp-content\/uploads\/2015a\/12\/06\/03.jpg","http:\/\/mm.howkuai.com\/wp-content\/uploads\/2015a\/12\/06\/04.jpg","http:\/\/mm.howkuai.com\/wp-content\/uploads\/2015a\/12\/06\/05.jpg","http:\/\/mm.howkuai.com\/wp-content\/uploads\/2015a\/12\/06\/06.jpg","http:\/\/mm.howkuai.com\/wp-content\/uploads\/2015a\/12\/06\/07.jpg","http:\/\/mm.howkuai.com\/wp-content\/uploads\/2015a\/12\/06\/08.jpg","http:\/\/mm.howkuai.com\/wp-content\/uploads\/2015a\/12\/06\/09.jpg","http:\/\/mm.howkuai.com\/wp-content\/uploads\/2015a\/12\/06\/10.jpg"]},{"plaintext":"\u8bf1\u60d1\u5341\u8db3\u7684\u79c1\u623f\u5199\u771f\uff0c\u8868\u60c5\u5f88\u5230\u4f4d","href":"http:\/\/www.meizitu.com\/a\/5218.html","pic_list":["http:\/\/mm.howkuai.com\/wp-content\/uploads\/2015a\/11\/13\/01.jpg","http:\/\/mm.howkuai.com\/wp-content\/uploads\/2015a\/11\/13\/02.jpg","http:\/\/mm.howkuai.com\/wp-content\/uploads\/2015a\/11\/13\/03.jpg","http:\/\/mm.howkuai.com\/wp-content\/uploads\/2015a\/11\/13\/04.jpg","http:\/\/mm.howkuai.com\/wp-content\/uploads\/2015a\/11\/13\/05.jpg","http:\/\/mm.howkuai.com\/wp-content\/uploads\/2015a\/11\/13\/06.jpg","http:\/\/mm.howkuai.com\/wp-content\/uploads\/2015a\/11\/13\/07.jpg"]},{"plaintext":"\u4f60\u7684\u67d4\u7f8e\uff0c\u6211\u4e00\u89c1\u503e\u5fc3","href":"http:\/\/www.meizitu.com\/a\/5214.html","pic_list":["http:\/\/mm.howkuai.com\/wp-content\/uploads\/2015a\/11\/09\/01.jpg","http:\/\/mm.howkuai.com\/wp-content\/uploads\/2015a\/11\/09\/02.jpg","http:\/\/mm.howkuai.com\/wp-content\/uploads\/2015a\/11\/09\/03.jpg","http:\/\/mm.howkuai.com\/wp-content\/uploads\/2015a\/11\/09\/04.jpg","http:\/\/mm.howkuai.com\/wp-content\/uploads\/2015a\/11\/09\/05.jpg","http:\/\/mm.howkuai.com\/wp-content\/uploads\/2015a\/11\/09\/06.jpg","http:\/\/mm.howkuai.com\/wp-content\/uploads\/2015a\/11\/09\/07.jpg","http:\/\/mm.howkuai.com\/wp-content\/uploads\/2015a\/11\/09\/08.jpg"]},{"plaintext":"\u5c0f\u745e\u5e0c\u5b89\u9759\u7eaf\u7f8e\u7684\u5199\u771f","href":"http:\/\/www.meizitu.com\/a\/5211.html","pic_list":["http:\/\/mm.howkuai.com\/wp-content\/uploads\/2015a\/11\/06\/01.jpg","http:\/\/mm.howkuai.com\/wp-content\/uploads\/2015a\/11\/06\/02.jpg","http:\/\/mm.howkuai.com\/wp-content\/uploads\/2015a\/11\/06\/03.jpg","http:\/\/mm.howkuai.com\/wp-content\/uploads\/2015a\/11\/06\/04.jpg","http:\/\/mm.howkuai.com\/wp-content\/uploads\/2015a\/11\/06\/05.jpg","http:\/\/mm.howkuai.com\/wp-content\/uploads\/2015a\/11\/06\/06.jpg","http:\/\/mm.howkuai.com\/wp-content\/uploads\/2015a\/11\/06\/07.jpg","http:\/\/mm.howkuai.com\/wp-content\/uploads\/2015a\/11\/06\/08.jpg","http:\/\/mm.howkuai.com\/wp-content\/uploads\/2015a\/11\/06\/09.jpg"]},{"plaintext":"\u6d6a\u6f2b\u60c5\u8c03\uff0c\u6e05\u7eaf\u80f8\u6a21\u5367\u5ba4\u5199\u771f","href":"http:\/\/www.meizitu.com\/a\/5173.html","pic_list":["http:\/\/mm.howkuai.com\/wp-content\/uploads\/2015a\/10\/03\/01.jpg","http:\/\/mm.howkuai.com\/wp-content\/uploads\/2015a\/10\/03\/02.jpg","http:\/\/mm.howkuai.com\/wp-content\/uploads\/2015a\/10\/03\/03.jpg","http:\/\/mm.howkuai.com\/wp-content\/uploads\/2015a\/10\/03\/04.jpg","http:\/\/mm.howkuai.com\/wp-content\/uploads\/2015a\/10\/03\/05.jpg","http:\/\/mm.howkuai.com\/wp-content\/uploads\/2015a\/10\/03\/06.jpg","http:\/\/mm.howkuai.com\/wp-content\/uploads\/2015a\/10\/03\/07.jpg"]},{"plaintext":"\u7f8e\u59ae\u6027\u611f\u9971\u6ee1\u8eab\u6750\u53ca\u5a07\u7f9e\u795e\u6001","href":"http:\/\/www.meizitu.com\/a\/5167.html","pic_list":["http:\/\/mm.howkuai.com\/wp-content\/uploads\/2015a\/09\/34\/01.jpg","http:\/\/mm.howkuai.com\/wp-content\/uploads\/2015a\/09\/34\/02.jpg","http:\/\/mm.howkuai.com\/wp-content\/uploads\/2015a\/09\/34\/03.jpg","http:\/\/mm.howkuai.com\/wp-content\/uploads\/2015a\/09\/34\/04.jpg","http:\/\/mm.howkuai.com\/wp-content\/uploads\/2015a\/09\/34\/05.jpg","http:\/\/mm.howkuai.com\/wp-content\/uploads\/2015a\/09\/34\/06.jpg","http:\/\/mm.howkuai.com\/wp-content\/uploads\/2015a\/09\/34\/07.jpg"]},{"plaintext":"\u53e3\u5982\u542b\u6731\u4e39\uff0c\u7ea2\u5507\u7f8e\u5973\u79c1\u623f\u5199\u771f","href":"http:\/\/www.meizitu.com\/a\/5148.html","pic_list":["http:\/\/mm.howkuai.com\/wp-content\/uploads\/2015a\/09\/15\/01.jpg","http:\/\/mm.howkuai.com\/wp-content\/uploads\/2015a\/09\/15\/02.jpg","http:\/\/mm.howkuai.com\/wp-content\/uploads\/2015a\/09\/15\/03.jpg","http:\/\/mm.howkuai.com\/wp-content\/uploads\/2015a\/09\/15\/04.jpg","http:\/\/mm.howkuai.com\/wp-content\/uploads\/2015a\/09\/15\/05.jpg","http:\/\/mm.howkuai.com\/wp-content\/uploads\/2015a\/09\/15\/06.jpg"]},{"plaintext":"\u795e\u60c5\u8bf1\u4eba\uff0c\u8d85\u6a21\u7f8e\u80f8\u79c1\u623f\u56fe","href":"http:\/\/www.meizitu.com\/a\/5143.html","pic_list":["http:\/\/mm.howkuai.com\/wp-content\/uploads\/2015a\/09\/10\/01.jpg","http:\/\/mm.howkuai.com\/wp-content\/uploads\/2015a\/09\/10\/02.jpg","http:\/\/mm.howkuai.com\/wp-content\/uploads\/2015a\/09\/10\/03.jpg","http:\/\/mm.howkuai.com\/wp-content\/uploads\/2015a\/09\/10\/04.jpg","http:\/\/mm.howkuai.com\/wp-content\/uploads\/2015a\/09\/10\/05.jpg"]},{"plaintext":"\u5e8a\u4e0a\u5403\u68d2\u68d2\u7cd6\uff0c\u795e\u60c5\u8bf1\u4eba\u6027\u611f\u52b2\u7206","href":"http:\/\/www.meizitu.com\/a\/5140.html","pic_list":["http:\/\/mm.howkuai.com\/wp-content\/uploads\/2015a\/09\/07\/01.jpg","http:\/\/mm.howkuai.com\/wp-content\/uploads\/2015a\/09\/07\/02.jpg","http:\/\/mm.howkuai.com\/wp-content\/uploads\/2015a\/09\/07\/03.jpg","http:\/\/mm.howkuai.com\/wp-content\/uploads\/2015a\/09\/07\/04.jpg","http:\/\/mm.howkuai.com\/wp-content\/uploads\/2015a\/09\/07\/05.jpg","http:\/\/mm.howkuai.com\/wp-content\/uploads\/2015a\/09\/07\/06.jpg","http:\/\/mm.howkuai.com\/wp-content\/uploads\/2015a\/09\/07\/07.jpg"]},{"plaintext":"\u53ef\u7231\u800c\u53c8\u6027\u611f\u7684\u4fee\u8f66\u5973\u90ce\u5199\u771f","href":"http:\/\/www.meizitu.com\/a\/5131.html","pic_list":["http:\/\/mm.howkuai.com\/wp-content\/uploads\/2015a\/08\/36\/01.jpg","http:\/\/mm.howkuai.com\/wp-content\/uploads\/2015a\/08\/36\/02.jpg","http:\/\/mm.howkuai.com\/wp-content\/uploads\/2015a\/08\/36\/03.jpg","http:\/\/mm.howkuai.com\/wp-content\/uploads\/2015a\/08\/36\/04.jpg","http:\/\/mm.howkuai.com\/wp-content\/uploads\/2015a\/08\/36\/05.jpg","http:\/\/mm.howkuai.com\/wp-content\/uploads\/2015a\/08\/36\/06.jpg","http:\/\/mm.howkuai.com\/wp-content\/uploads\/2015a\/08\/36\/07.jpg"]}]