[{"plaintext":"\u7b80\u76f4\u8fa3\u773c\u775b\uff0c\u6765\u4e00\u53d1\u5468\u672b\u798f\u5229\u56fe","href":"http:\/\/www.meizitu.com\/a\/5476.html","pic_list":["http:\/\/mm.howkuai.com\/wp-content\/uploads\/2016a\/08\/31\/01.jpg","http:\/\/mm.howkuai.com\/wp-content\/uploads\/2016a\/08\/31\/02.jpg","http:\/\/mm.howkuai.com\/wp-content\/uploads\/2016a\/08\/31\/03.jpg","http:\/\/mm.howkuai.com\/wp-content\/uploads\/2016a\/08\/31\/04.jpg","http:\/\/mm.howkuai.com\/wp-content\/uploads\/2016a\/08\/31\/05.jpg","http:\/\/mm.howkuai.com\/wp-content\/uploads\/2016a\/08\/31\/06.jpg","http:\/\/mm.howkuai.com\/wp-content\/uploads\/2016a\/08\/31\/07.jpg","http:\/\/mm.howkuai.com\/wp-content\/uploads\/2016a\/08\/31\/08.jpg","http:\/\/mm.howkuai.com\/wp-content\/uploads\/2016a\/08\/31\/09.jpg","http:\/\/mm.howkuai.com\/wp-content\/uploads\/2016a\/08\/31\/10.jpg","http:\/\/mm.howkuai.com\/wp-content\/uploads\/2016a\/08\/31\/11.jpg","http:\/\/mm.howkuai.com\/wp-content\/uploads\/2016a\/08\/31\/12.jpg"]},{"plaintext":"\u6df1\u591c\u7545\u804a - \u59b9\u5b50\u7ed9\u4f60\u6f14\u793a\u5e73\u677f\u652f\u6491\u7684\u59ff\u52bf","href":"http:\/\/www.meizitu.com\/a\/5466.html","pic_list":["http:\/\/mm.howkuai.com\/wp-content\/uploads\/2016a\/08\/21\/01.jpg","http:\/\/mm.howkuai.com\/wp-content\/uploads\/2016a\/08\/21\/02.jpg","http:\/\/mm.howkuai.com\/wp-content\/uploads\/2016a\/08\/21\/03.jpg","http:\/\/mm.howkuai.com\/wp-content\/uploads\/2016a\/08\/21\/04.jpg","http:\/\/mm.howkuai.com\/wp-content\/uploads\/2016a\/08\/21\/05.jpg","http:\/\/mm.howkuai.com\/wp-content\/uploads\/2016a\/08\/21\/06.jpg","http:\/\/mm.howkuai.com\/wp-content\/uploads\/2016a\/08\/21\/07.jpg","http:\/\/mm.howkuai.com\/wp-content\/uploads\/2016a\/08\/21\/08.jpg","http:\/\/mm.howkuai.com\/wp-content\/uploads\/2016a\/08\/21\/09.jpg","http:\/\/mm.howkuai.com\/wp-content\/uploads\/2016a\/08\/21\/10.jpg","http:\/\/mm.howkuai.com\/wp-content\/uploads\/2016a\/08\/21\/11.jpg","http:\/\/mm.howkuai.com\/wp-content\/uploads\/2016a\/08\/21\/12.jpg","http:\/\/mm.howkuai.com\/wp-content\/uploads\/2016a\/08\/21\/13.jpg","http:\/\/mm.howkuai.com\/wp-content\/uploads\/2016a\/08\/21\/14.gif","http:\/\/mm.howkuai.com\/wp-content\/uploads\/2016a\/08\/21\/15.jpg","http:\/\/mm.howkuai.com\/wp-content\/uploads\/2016a\/08\/21\/16.jpg"]},{"plaintext":"\u53c8\u8650\u72d7\uff0c\u5c11\u7537\u5c11\u5973\u82b1\u6837\u79c0\u6069\u7231","href":"http:\/\/www.meizitu.com\/a\/5465.html","pic_list":["http:\/\/mm.howkuai.com\/wp-content\/uploads\/2016a\/08\/20\/01.jpg","http:\/\/mm.howkuai.com\/wp-content\/uploads\/2016a\/08\/20\/02.jpg","http:\/\/mm.howkuai.com\/wp-content\/uploads\/2016a\/08\/20\/03.jpg","http:\/\/mm.howkuai.com\/wp-content\/uploads\/2016a\/08\/20\/04.jpg","http:\/\/mm.howkuai.com\/wp-content\/uploads\/2016a\/08\/20\/05.jpg","http:\/\/mm.howkuai.com\/wp-content\/uploads\/2016a\/08\/20\/06.jpg","http:\/\/mm.howkuai.com\/wp-content\/uploads\/2016a\/08\/20\/07.jpg","http:\/\/mm.howkuai.com\/wp-content\/uploads\/2016a\/08\/20\/08.jpg","http:\/\/mm.howkuai.com\/wp-content\/uploads\/2016a\/08\/20\/09.jpg"]},{"plaintext":"\u957f\u7740\u4e00\u5f20\u7f51\u7ea2\u8138\uff0c\u5374\u4e0d\u9760\u8138\u5403\u996d","href":"http:\/\/www.meizitu.com\/a\/5456.html","pic_list":["http:\/\/mm.howkuai.com\/wp-content\/uploads\/2016a\/08\/11\/01.jpg","http:\/\/mm.howkuai.com\/wp-content\/uploads\/2016a\/08\/11\/02.jpg","http:\/\/mm.howkuai.com\/wp-content\/uploads\/2016a\/08\/11\/03.jpg","http:\/\/mm.howkuai.com\/wp-content\/uploads\/2016a\/08\/11\/04.jpg","http:\/\/mm.howkuai.com\/wp-content\/uploads\/2016a\/08\/11\/05.jpg"]},{"plaintext":"\u5404\u79cd\u60c5\u8da3\u5185\u8863\uff0c\u8bf7\u95ee\u54ea\u91cc\u4e70\u7684\u5230\uff1f","href":"http:\/\/www.meizitu.com\/a\/5454.html","pic_list":["http:\/\/mm.howkuai.com\/wp-content\/uploads\/2016a\/08\/09\/01.jpg","http:\/\/mm.howkuai.com\/wp-content\/uploads\/2016a\/08\/09\/02.jpg","http:\/\/mm.howkuai.com\/wp-content\/uploads\/2016a\/08\/09\/03.jpg","http:\/\/mm.howkuai.com\/wp-content\/uploads\/2016a\/08\/09\/04.jpg","http:\/\/mm.howkuai.com\/wp-content\/uploads\/2016a\/08\/09\/05.jpg","http:\/\/mm.howkuai.com\/wp-content\/uploads\/2016a\/08\/09\/06.jpg","http:\/\/mm.howkuai.com\/wp-content\/uploads\/2016a\/08\/09\/07.jpg"]},{"plaintext":"\u7f8e\u5973\u6175\u61d2\u7684\u5475\u6b20\uff0c\u795e\u6001\u597d\u4f3c\u8212\u6dc7","href":"http:\/\/www.meizitu.com\/a\/5453.html","pic_list":["http:\/\/mm.howkuai.com\/wp-content\/uploads\/2016a\/08\/08\/01.jpg","http:\/\/mm.howkuai.com\/wp-content\/uploads\/2016a\/08\/08\/02.jpg","http:\/\/mm.howkuai.com\/wp-content\/uploads\/2016a\/08\/08\/03.jpg","http:\/\/mm.howkuai.com\/wp-content\/uploads\/2016a\/08\/08\/04.jpg","http:\/\/mm.howkuai.com\/wp-content\/uploads\/2016a\/08\/08\/05.jpg","http:\/\/mm.howkuai.com\/wp-content\/uploads\/2016a\/08\/08\/06.jpg"]},{"plaintext":"\u7f8e\u5973\u5728\u8f66\u540e\u6392\u8131\u8863\u670d\uff1f\u4ec0\u4e48\u8282\u594f","href":"http:\/\/www.meizitu.com\/a\/5447.html","pic_list":["http:\/\/mm.howkuai.com\/wp-content\/uploads\/2016a\/08\/02\/01.jpg","http:\/\/mm.howkuai.com\/wp-content\/uploads\/2016a\/08\/02\/02.jpg","http:\/\/mm.howkuai.com\/wp-content\/uploads\/2016a\/08\/02\/03.jpg","http:\/\/mm.howkuai.com\/wp-content\/uploads\/2016a\/08\/02\/04.jpg","http:\/\/mm.howkuai.com\/wp-content\/uploads\/2016a\/08\/02\/05.jpg","http:\/\/mm.howkuai.com\/wp-content\/uploads\/2016a\/08\/02\/06.jpg","http:\/\/mm.howkuai.com\/wp-content\/uploads\/2016a\/08\/02\/07.jpg","http:\/\/mm.howkuai.com\/wp-content\/uploads\/2016a\/08\/02\/08.jpg","http:\/\/mm.howkuai.com\/wp-content\/uploads\/2016a\/08\/02\/09.jpg"]},{"plaintext":"\u5927\u9971\u773c\u798f\uff01\u6ee1\u5c4f\u5e55\u90fd\u662fA4\u8170","href":"http:\/\/www.meizitu.com\/a\/5443.html","pic_list":["http:\/\/mm.howkuai.com\/wp-content\/uploads\/2016a\/07\/40\/01.jpg","http:\/\/mm.howkuai.com\/wp-content\/uploads\/2016a\/07\/40\/02.jpg","http:\/\/mm.howkuai.com\/wp-content\/uploads\/2016a\/07\/40\/03.jpg","http:\/\/mm.howkuai.com\/wp-content\/uploads\/2016a\/07\/40\/04.jpg","http:\/\/mm.howkuai.com\/wp-content\/uploads\/2016a\/07\/40\/05.jpg","http:\/\/mm.howkuai.com\/wp-content\/uploads\/2016a\/07\/40\/06.jpg","http:\/\/mm.howkuai.com\/wp-content\/uploads\/2016a\/07\/40\/07.jpg","http:\/\/mm.howkuai.com\/wp-content\/uploads\/2016a\/07\/40\/08.jpg","http:\/\/mm.howkuai.com\/wp-content\/uploads\/2016a\/07\/40\/09.jpg","http:\/\/mm.howkuai.com\/wp-content\/uploads\/2016a\/07\/40\/10.jpg"]},{"plaintext":"\u5468\u672b\u798f\u5229\u56fe\uff0c\u64b8\u70b9\u4e0d\u591a\u4e5f\u662f\u7231","href":"http:\/\/www.meizitu.com\/a\/5431.html","pic_list":["http:\/\/mm.howkuai.com\/wp-content\/uploads\/2016a\/07\/28\/01.jpg","http:\/\/mm.howkuai.com\/wp-content\/uploads\/2016a\/07\/28\/02.jpg","http:\/\/mm.howkuai.com\/wp-content\/uploads\/2016a\/07\/28\/03.jpg","http:\/\/mm.howkuai.com\/wp-content\/uploads\/2016a\/07\/28\/04.jpg","http:\/\/mm.howkuai.com\/wp-content\/uploads\/2016a\/07\/28\/05.jpg","http:\/\/mm.howkuai.com\/wp-content\/uploads\/2016a\/07\/28\/06.jpg","http:\/\/mm.howkuai.com\/wp-content\/uploads\/2016a\/07\/28\/07.jpg","http:\/\/mm.howkuai.com\/wp-content\/uploads\/2016a\/07\/28\/08.jpg","http:\/\/mm.howkuai.com\/wp-content\/uploads\/2016a\/07\/28\/09.jpg","http:\/\/mm.howkuai.com\/wp-content\/uploads\/2016a\/07\/28\/10.jpg"]},{"plaintext":"\u7231\u5065\u8eab\u7684\u59b9\u5b50\u598d\u598d\uff0c\u5927\u957f\u817f\u8d85\u8d5e","href":"http:\/\/www.meizitu.com\/a\/5427.html","pic_list":["http:\/\/mm.howkuai.com\/wp-content\/uploads\/2016a\/07\/24\/01.jpg","http:\/\/mm.howkuai.com\/wp-content\/uploads\/2016a\/07\/24\/02.jpg","http:\/\/mm.howkuai.com\/wp-content\/uploads\/2016a\/07\/24\/03.jpg","http:\/\/mm.howkuai.com\/wp-content\/uploads\/2016a\/07\/24\/04.jpg","http:\/\/mm.howkuai.com\/wp-content\/uploads\/2016a\/07\/24\/05.jpg","http:\/\/mm.howkuai.com\/wp-content\/uploads\/2016a\/07\/24\/06.jpg"]},{"plaintext":"\u5ae9\u7684\u51fa\u6c34\u7684\u808c\u80a4\uff0c\u4f60\u7684\u6a21\u6837\u96be\u4ee5\u5fd8\u8bb0","href":"http:\/\/www.meizitu.com\/a\/5420.html","pic_list":["http:\/\/mm.howkuai.com\/wp-content\/uploads\/2016a\/07\/17\/01.jpg","http:\/\/mm.howkuai.com\/wp-content\/uploads\/2016a\/07\/17\/02.jpg","http:\/\/mm.howkuai.com\/wp-content\/uploads\/2016a\/07\/17\/03.jpg","http:\/\/mm.howkuai.com\/wp-content\/uploads\/2016a\/07\/17\/04.jpg","http:\/\/mm.howkuai.com\/wp-content\/uploads\/2016a\/07\/17\/05.jpg","http:\/\/mm.howkuai.com\/wp-content\/uploads\/2016a\/07\/17\/06.jpg","http:\/\/mm.howkuai.com\/wp-content\/uploads\/2016a\/07\/17\/07.jpg","http:\/\/mm.howkuai.com\/wp-content\/uploads\/2016a\/07\/17\/08.jpg","http:\/\/mm.howkuai.com\/wp-content\/uploads\/2016a\/07\/17\/09.jpg","http:\/\/mm.howkuai.com\/wp-content\/uploads\/2016a\/07\/17\/10.jpg"]},{"plaintext":"\u3010\u798f\u5229\u56fe\u3011\u59d1\u5a18\uff0c\u4f60\u7fd8\u7740\u5c41\u80a1\u5728\u5e72\u5417\u5462","href":"http:\/\/www.meizitu.com\/a\/5418.html","pic_list":["http:\/\/mm.howkuai.com\/wp-content\/uploads\/2016a\/07\/15\/01.jpg","http:\/\/mm.howkuai.com\/wp-content\/uploads\/2016a\/07\/15\/02.jpg","http:\/\/mm.howkuai.com\/wp-content\/uploads\/2016a\/07\/15\/03.jpg","http:\/\/mm.howkuai.com\/wp-content\/uploads\/2016a\/07\/15\/04.jpg","http:\/\/mm.howkuai.com\/wp-content\/uploads\/2016a\/07\/15\/05.jpg","http:\/\/mm.howkuai.com\/wp-content\/uploads\/2016a\/07\/15\/06.jpg","http:\/\/mm.howkuai.com\/wp-content\/uploads\/2016a\/07\/15\/07.jpg","http:\/\/mm.howkuai.com\/wp-content\/uploads\/2016a\/07\/15\/08.jpg","http:\/\/mm.howkuai.com\/wp-content\/uploads\/2016a\/07\/15\/09.jpg"]},{"plaintext":"\u771f\u4eba\u62cd\u51fa\u5145\u6c14\u5a03\u5a03\u611f\u89c9\uff0c\u4e5f\u662f\u670d\u4e86","href":"http:\/\/www.meizitu.com\/a\/5414.html","pic_list":["http:\/\/mm.howkuai.com\/wp-content\/uploads\/2016a\/07\/11\/01.jpg","http:\/\/mm.howkuai.com\/wp-content\/uploads\/2016a\/07\/11\/02.jpg","http:\/\/mm.howkuai.com\/wp-content\/uploads\/2016a\/07\/11\/03.jpg","http:\/\/mm.howkuai.com\/wp-content\/uploads\/2016a\/07\/11\/04.jpg","http:\/\/mm.howkuai.com\/wp-content\/uploads\/2016a\/07\/11\/05.jpg","http:\/\/mm.howkuai.com\/wp-content\/uploads\/2016a\/07\/11\/06.jpg"]},{"plaintext":"\u6e05\u51c9\u590f\u5929\uff0c\u6709\u8d70\u5149\u7684\u98ce\u9669","href":"http:\/\/www.meizitu.com\/a\/5398.html","pic_list":["http:\/\/mm.howkuai.com\/wp-content\/uploads\/2016a\/06\/13\/01.jpg","http:\/\/mm.howkuai.com\/wp-content\/uploads\/2016a\/06\/13\/02.jpg","http:\/\/mm.howkuai.com\/wp-content\/uploads\/2016a\/06\/13\/03.jpg","http:\/\/mm.howkuai.com\/wp-content\/uploads\/2016a\/06\/13\/04.jpg","http:\/\/mm.howkuai.com\/wp-content\/uploads\/2016a\/06\/13\/05.jpg","http:\/\/mm.howkuai.com\/wp-content\/uploads\/2016a\/06\/13\/06.jpg","http:\/\/mm.howkuai.com\/wp-content\/uploads\/2016a\/06\/13\/07.jpg","http:\/\/mm.howkuai.com\/wp-content\/uploads\/2016a\/06\/13\/08.jpg","http:\/\/mm.howkuai.com\/wp-content\/uploads\/2016a\/06\/13\/09.jpg","http:\/\/mm.howkuai.com\/wp-content\/uploads\/2016a\/06\/13\/10.jpg"]},{"plaintext":"\u5bb9\u6613\u8ba9\u4eba\u6d6e\u60f3\u8054\u7fe9\uff0c\u5973\u751f\u5a07\u7f9e\u795e\u6001","href":"http:\/\/www.meizitu.com\/a\/5393.html","pic_list":["http:\/\/mm.howkuai.com\/wp-content\/uploads\/2016a\/06\/08\/01.jpg","http:\/\/mm.howkuai.com\/wp-content\/uploads\/2016a\/06\/08\/02.jpg","http:\/\/mm.howkuai.com\/wp-content\/uploads\/2016a\/06\/08\/03.jpg","http:\/\/mm.howkuai.com\/wp-content\/uploads\/2016a\/06\/08\/04.jpg","http:\/\/mm.howkuai.com\/wp-content\/uploads\/2016a\/06\/08\/05.jpg","http:\/\/mm.howkuai.com\/wp-content\/uploads\/2016a\/06\/08\/06.jpg","http:\/\/mm.howkuai.com\/wp-content\/uploads\/2016a\/06\/08\/07.jpg","http:\/\/mm.howkuai.com\/wp-content\/uploads\/2016a\/06\/08\/08.jpg","http:\/\/mm.howkuai.com\/wp-content\/uploads\/2016a\/06\/08\/09.jpg","http:\/\/mm.howkuai.com\/wp-content\/uploads\/2016a\/06\/08\/10.jpg"]},{"plaintext":"\u59b9\u5b50\u4eec\u751f\u6d3b\u4e2d\u4e0d\u7ecf\u610f\u7684\u9ad8\u5149\u65f6\u523b","href":"http:\/\/www.meizitu.com\/a\/5387.html","pic_list":["http:\/\/mm.howkuai.com\/wp-content\/uploads\/2016a\/06\/02\/01.jpg","http:\/\/mm.howkuai.com\/wp-content\/uploads\/2016a\/06\/02\/02.jpg","http:\/\/mm.howkuai.com\/wp-content\/uploads\/2016a\/06\/02\/03.jpg","http:\/\/mm.howkuai.com\/wp-content\/uploads\/2016a\/06\/02\/04.jpg","http:\/\/mm.howkuai.com\/wp-content\/uploads\/2016a\/06\/02\/05.jpg","http:\/\/mm.howkuai.com\/wp-content\/uploads\/2016a\/06\/02\/06.jpg","http:\/\/mm.howkuai.com\/wp-content\/uploads\/2016a\/06\/02\/07.jpg","http:\/\/mm.howkuai.com\/wp-content\/uploads\/2016a\/06\/02\/08.jpg","http:\/\/mm.howkuai.com\/wp-content\/uploads\/2016a\/06\/02\/09.jpg","http:\/\/mm.howkuai.com\/wp-content\/uploads\/2016a\/06\/02\/10.jpg"]},{"plaintext":"\u534a\u906e\u534a\u9732\uff0c\u603b\u662f\u66f4\u6709\u5473\u9053","href":"http:\/\/www.meizitu.com\/a\/5386.html","pic_list":["http:\/\/mm.howkuai.com\/wp-content\/uploads\/2016a\/06\/01\/01.jpg","http:\/\/mm.howkuai.com\/wp-content\/uploads\/2016a\/06\/01\/02.jpg","http:\/\/mm.howkuai.com\/wp-content\/uploads\/2016a\/06\/01\/03.jpg","http:\/\/mm.howkuai.com\/wp-content\/uploads\/2016a\/06\/01\/04.jpg","http:\/\/mm.howkuai.com\/wp-content\/uploads\/2016a\/06\/01\/05.jpg","http:\/\/mm.howkuai.com\/wp-content\/uploads\/2016a\/06\/01\/06.jpg","http:\/\/mm.howkuai.com\/wp-content\/uploads\/2016a\/06\/01\/07.jpg"]},{"plaintext":"\u5468\u672b\u5185\u6db5\u56fe \u6700\u540e\u4e00\u5f20\u6709\u4eae\u70b9","href":"http:\/\/www.meizitu.com\/a\/5383.html","pic_list":["http:\/\/mm.howkuai.com\/wp-content\/uploads\/2016a\/05\/21\/01.jpg","http:\/\/mm.howkuai.com\/wp-content\/uploads\/2016a\/05\/21\/02.jpg","http:\/\/mm.howkuai.com\/wp-content\/uploads\/2016a\/05\/21\/03.jpg","http:\/\/mm.howkuai.com\/wp-content\/uploads\/2016a\/05\/21\/04.jpg","http:\/\/mm.howkuai.com\/wp-content\/uploads\/2016a\/05\/21\/05.jpg","http:\/\/mm.howkuai.com\/wp-content\/uploads\/2016a\/05\/21\/06.jpg","http:\/\/mm.howkuai.com\/wp-content\/uploads\/2016a\/05\/21\/07.jpg","http:\/\/mm.howkuai.com\/wp-content\/uploads\/2016a\/05\/21\/08.jpg","http:\/\/mm.howkuai.com\/wp-content\/uploads\/2016a\/05\/21\/09.jpg","http:\/\/mm.howkuai.com\/wp-content\/uploads\/2016a\/05\/21\/10.jpg"]},{"plaintext":"\u5468\u672b\u64b8\u70b9\u56fe\uff0c\u64a9\u8d77\u5355\u8eab\u72d7\u8106\u5f31\u7684\u5c0f\u5fc3\u7075","href":"http:\/\/www.meizitu.com\/a\/5362.html","pic_list":["http:\/\/mm.howkuai.com\/wp-content\/uploads\/2016a\/04\/22\/01.jpg","http:\/\/mm.howkuai.com\/wp-content\/uploads\/2016a\/04\/22\/02.jpg","http:\/\/mm.howkuai.com\/wp-content\/uploads\/2016a\/04\/22\/03.jpg","http:\/\/mm.howkuai.com\/wp-content\/uploads\/2016a\/04\/22\/04.jpg","http:\/\/mm.howkuai.com\/wp-content\/uploads\/2016a\/04\/22\/05.jpg","http:\/\/mm.howkuai.com\/wp-content\/uploads\/2016a\/04\/22\/06.jpg","http:\/\/mm.howkuai.com\/wp-content\/uploads\/2016a\/04\/22\/07.jpg","http:\/\/mm.howkuai.com\/wp-content\/uploads\/2016a\/04\/22\/08.jpg","http:\/\/mm.howkuai.com\/wp-content\/uploads\/2016a\/04\/22\/09.jpg","http:\/\/mm.howkuai.com\/wp-content\/uploads\/2016a\/04\/22\/10.jpg"]},{"plaintext":"\u5e74\u8f7b\u5bcc\u6709\u6d3b\u529b\u7684\u5154\u5973\u90ce\u4e30\u6ee1\u5199\u771f","href":"http:\/\/www.meizitu.com\/a\/5349.html","pic_list":["http:\/\/mm.howkuai.com\/wp-content\/uploads\/2016a\/04\/09\/01.jpg","http:\/\/mm.howkuai.com\/wp-content\/uploads\/2016a\/04\/09\/02.jpg","http:\/\/mm.howkuai.com\/wp-content\/uploads\/2016a\/04\/09\/03.jpg","http:\/\/mm.howkuai.com\/wp-content\/uploads\/2016a\/04\/09\/04.jpg","http:\/\/mm.howkuai.com\/wp-content\/uploads\/2016a\/04\/09\/05.jpg","http:\/\/mm.howkuai.com\/wp-content\/uploads\/2016a\/04\/09\/06.jpg","http:\/\/mm.howkuai.com\/wp-content\/uploads\/2016a\/04\/09\/07.jpg","http:\/\/mm.howkuai.com\/wp-content\/uploads\/2016a\/04\/09\/08.jpg"]},{"plaintext":"\u57ce\u4f1a\u73a9\uff01\u95fa\u871c\u4e92\u76f8\u9017\u8ba9\u4eba\u771f\u53d7\u4e0d\u4e86","href":"http:\/\/www.meizitu.com\/a\/5344.html","pic_list":["http:\/\/mm.howkuai.com\/wp-content\/uploads\/2016a\/04\/04\/01.jpg","http:\/\/mm.howkuai.com\/wp-content\/uploads\/2016a\/04\/04\/02.jpg","http:\/\/mm.howkuai.com\/wp-content\/uploads\/2016a\/04\/04\/03.jpg","http:\/\/mm.howkuai.com\/wp-content\/uploads\/2016a\/04\/04\/04.jpg","http:\/\/mm.howkuai.com\/wp-content\/uploads\/2016a\/04\/04\/05.jpg","http:\/\/mm.howkuai.com\/wp-content\/uploads\/2016a\/04\/04\/06.jpg","http:\/\/mm.howkuai.com\/wp-content\/uploads\/2016a\/04\/04\/07.jpg","http:\/\/mm.howkuai.com\/wp-content\/uploads\/2016a\/04\/04\/08.jpg"]},{"plaintext":"\u6df1\u591c\u7545\u804a\uff0c\u54ea\u5f20\u56fe\u6700\u80fd\u60f9\u4f60\u9050\u601d\uff1f","href":"http:\/\/www.meizitu.com\/a\/5335.html","pic_list":["http:\/\/mm.howkuai.com\/wp-content\/uploads\/2016a\/03\/15\/01.jpg","http:\/\/mm.howkuai.com\/wp-content\/uploads\/2016a\/03\/15\/02.jpg","http:\/\/mm.howkuai.com\/wp-content\/uploads\/2016a\/03\/15\/03.jpg","http:\/\/mm.howkuai.com\/wp-content\/uploads\/2016a\/03\/15\/04.jpg","http:\/\/mm.howkuai.com\/wp-content\/uploads\/2016a\/03\/15\/05.jpg","http:\/\/mm.howkuai.com\/wp-content\/uploads\/2016a\/03\/15\/06.jpg","http:\/\/mm.howkuai.com\/wp-content\/uploads\/2016a\/03\/15\/07.jpg","http:\/\/mm.howkuai.com\/wp-content\/uploads\/2016a\/03\/15\/08.jpg","http:\/\/mm.howkuai.com\/wp-content\/uploads\/2016a\/03\/15\/09.jpg","http:\/\/mm.howkuai.com\/wp-content\/uploads\/2016a\/03\/15\/10.jpg","http:\/\/mm.howkuai.com\/wp-content\/uploads\/2016a\/03\/15\/11.jpg"]},{"plaintext":"\u6709\u989c\u503c\u53c8\u6709\u6599\uff0c\u5927\u9971\u773c\u798f\uff0c\u6709\u798f\u5229","href":"http:\/\/www.meizitu.com\/a\/5328.html","pic_list":["http:\/\/mm.howkuai.com\/wp-content\/uploads\/2016a\/03\/08\/01.jpg","http:\/\/mm.howkuai.com\/wp-content\/uploads\/2016a\/03\/08\/02.jpg","http:\/\/mm.howkuai.com\/wp-content\/uploads\/2016a\/03\/08\/03.jpg","http:\/\/mm.howkuai.com\/wp-content\/uploads\/2016a\/03\/08\/04.jpg","http:\/\/mm.howkuai.com\/wp-content\/uploads\/2016a\/03\/08\/05.jpg","http:\/\/mm.howkuai.com\/wp-content\/uploads\/2016a\/03\/08\/06.jpg","http:\/\/mm.howkuai.com\/wp-content\/uploads\/2016a\/03\/08\/07.jpg","http:\/\/mm.howkuai.com\/wp-content\/uploads\/2016a\/03\/08\/08.jpg","http:\/\/mm.howkuai.com\/wp-content\/uploads\/2016a\/03\/08\/09.jpg","http:\/\/mm.howkuai.com\/wp-content\/uploads\/2016a\/03\/08\/10.jpg","http:\/\/mm.howkuai.com\/wp-content\/uploads\/2016a\/03\/08\/11.jpg"]},{"plaintext":"\u90a3\u4e9b\u6e05\u7eaf\u7684\u517b\u773c\u7f8e\u5973\u56fe\u7247-23","href":"http:\/\/www.meizitu.com\/a\/5325.html","pic_list":["http:\/\/mm.howkuai.com\/wp-content\/uploads\/2016a\/03\/05\/01.jpg","http:\/\/mm.howkuai.com\/wp-content\/uploads\/2016a\/03\/05\/02.jpg","http:\/\/mm.howkuai.com\/wp-content\/uploads\/2016a\/03\/05\/03.jpg","http:\/\/mm.howkuai.com\/wp-content\/uploads\/2016a\/03\/05\/04.jpg","http:\/\/mm.howkuai.com\/wp-content\/uploads\/2016a\/03\/05\/05.jpg","http:\/\/mm.howkuai.com\/wp-content\/uploads\/2016a\/03\/05\/06.jpg","http:\/\/mm.howkuai.com\/wp-content\/uploads\/2016a\/03\/05\/07.jpg","http:\/\/mm.howkuai.com\/wp-content\/uploads\/2016a\/03\/05\/08.jpg","http:\/\/mm.howkuai.com\/wp-content\/uploads\/2016a\/03\/05\/09.jpg","http:\/\/mm.howkuai.com\/wp-content\/uploads\/2016a\/03\/05\/10.jpg"]},{"plaintext":"\u6df1\u591c\u7545\u804a\uff0c\u54ea\u5f20\u56fe\u6700\u5438\u5f15\u4f60\u773c\u7403\uff1f","href":"http:\/\/www.meizitu.com\/a\/5320.html","pic_list":["http:\/\/mm.howkuai.com\/wp-content\/uploads\/2016a\/02\/29\/01.jpg","http:\/\/mm.howkuai.com\/wp-content\/uploads\/2016a\/02\/29\/02.jpg","http:\/\/mm.howkuai.com\/wp-content\/uploads\/2016a\/02\/29\/03.jpg","http:\/\/mm.howkuai.com\/wp-content\/uploads\/2016a\/02\/29\/04.jpg","http:\/\/mm.howkuai.com\/wp-content\/uploads\/2016a\/02\/29\/05.jpg","http:\/\/mm.howkuai.com\/wp-content\/uploads\/2016a\/02\/29\/06.jpg","http:\/\/mm.howkuai.com\/wp-content\/uploads\/2016a\/02\/29\/07.jpg","http:\/\/mm.howkuai.com\/wp-content\/uploads\/2016a\/02\/29\/08.jpg","http:\/\/mm.howkuai.com\/wp-content\/uploads\/2016a\/02\/29\/09.jpg","http:\/\/mm.howkuai.com\/wp-content\/uploads\/2016a\/02\/29\/10.jpg"]},{"plaintext":"\u6bcf\u5929\u7741\u5f00\u773c\u770b\u5230\u7f8e\u597d\u7684\u4f60\uff0c\u4fbf\u662f\u5e78\u798f","href":"http:\/\/www.meizitu.com\/a\/5317.html","pic_list":["http:\/\/mm.howkuai.com\/wp-content\/uploads\/2016a\/02\/26\/01.jpg","http:\/\/mm.howkuai.com\/wp-content\/uploads\/2016a\/02\/26\/02.jpg","http:\/\/mm.howkuai.com\/wp-content\/uploads\/2016a\/02\/26\/03.jpg","http:\/\/mm.howkuai.com\/wp-content\/uploads\/2016a\/02\/26\/04.jpg","http:\/\/mm.howkuai.com\/wp-content\/uploads\/2016a\/02\/26\/05.jpg","http:\/\/mm.howkuai.com\/wp-content\/uploads\/2016a\/02\/26\/06.jpg","http:\/\/mm.howkuai.com\/wp-content\/uploads\/2016a\/02\/26\/07.jpg","http:\/\/mm.howkuai.com\/wp-content\/uploads\/2016a\/02\/26\/08.jpg","http:\/\/mm.howkuai.com\/wp-content\/uploads\/2016a\/02\/26\/09.jpg","http:\/\/mm.howkuai.com\/wp-content\/uploads\/2016a\/02\/26\/10.jpg"]},{"plaintext":"\u7f51\u7ea2\u6a21\u7279\u590f\u5c0f\u8587\u4ee3\u8a00\u5065\u8eab\u623f\u5e7f\u544a","href":"http:\/\/www.meizitu.com\/a\/5315.html","pic_list":["http:\/\/mm.howkuai.com\/wp-content\/uploads\/2016a\/02\/24\/01.jpg","http:\/\/mm.howkuai.com\/wp-content\/uploads\/2016a\/02\/24\/02.jpg","http:\/\/mm.howkuai.com\/wp-content\/uploads\/2016a\/02\/24\/03.jpg","http:\/\/mm.howkuai.com\/wp-content\/uploads\/2016a\/02\/24\/04.jpg","http:\/\/mm.howkuai.com\/wp-content\/uploads\/2016a\/02\/24\/05.jpg","http:\/\/mm.howkuai.com\/wp-content\/uploads\/2016a\/02\/24\/06.jpg","http:\/\/mm.howkuai.com\/wp-content\/uploads\/2016a\/02\/24\/07.jpg","http:\/\/mm.howkuai.com\/wp-content\/uploads\/2016a\/02\/24\/08.jpg","http:\/\/mm.howkuai.com\/wp-content\/uploads\/2016a\/02\/24\/09.jpg"]},{"plaintext":"\u53ea\u770b\u56fe\u4e0d\u8bf4\u8bdd\uff0c\u7f8e\u81c0\u5e26\u6765\u7684\u8ff7\u4eba\u66f2\u7ebf","href":"http:\/\/www.meizitu.com\/a\/5312.html","pic_list":["http:\/\/mm.howkuai.com\/wp-content\/uploads\/2016a\/02\/21\/01.jpg","http:\/\/mm.howkuai.com\/wp-content\/uploads\/2016a\/02\/21\/02.jpg","http:\/\/mm.howkuai.com\/wp-content\/uploads\/2016a\/02\/21\/03.jpg","http:\/\/mm.howkuai.com\/wp-content\/uploads\/2016a\/02\/21\/04.jpg","http:\/\/mm.howkuai.com\/wp-content\/uploads\/2016a\/02\/21\/05.jpg","http:\/\/mm.howkuai.com\/wp-content\/uploads\/2016a\/02\/21\/06.jpg","http:\/\/mm.howkuai.com\/wp-content\/uploads\/2016a\/02\/21\/07.jpg","http:\/\/mm.howkuai.com\/wp-content\/uploads\/2016a\/02\/21\/08.jpg","http:\/\/mm.howkuai.com\/wp-content\/uploads\/2016a\/02\/21\/09.jpg"]},{"plaintext":"\u5b85\u7537\u4e5f\u4e0d\u6562\u76f4\u89c6\uff01\u4f1a\u8ba9\u4eba\u6d41\u9f3b\u8840\u7684\u4e30\u81c0","href":"http:\/\/www.meizitu.com\/a\/5309.html","pic_list":["http:\/\/mm.howkuai.com\/wp-content\/uploads\/2016a\/02\/18\/01.jpg","http:\/\/mm.howkuai.com\/wp-content\/uploads\/2016a\/02\/18\/02.jpg","http:\/\/mm.howkuai.com\/wp-content\/uploads\/2016a\/02\/18\/03.jpg","http:\/\/mm.howkuai.com\/wp-content\/uploads\/2016a\/02\/18\/04.jpg","http:\/\/mm.howkuai.com\/wp-content\/uploads\/2016a\/02\/18\/05.jpg","http:\/\/mm.howkuai.com\/wp-content\/uploads\/2016a\/02\/18\/06.jpg","http:\/\/mm.howkuai.com\/wp-content\/uploads\/2016a\/02\/18\/07.jpg","http:\/\/mm.howkuai.com\/wp-content\/uploads\/2016a\/02\/18\/08.jpg","http:\/\/mm.howkuai.com\/wp-content\/uploads\/2016a\/02\/18\/09.jpg"]}]