[{"plaintext":"G\u5976\u82cf\u6893\u73b2\u6f14\u7ece\u98ce\u9a9a\u9152\u5a18\uff1a\u9152\u4e0d\u9189\u4eba\u4eba\u81ea\u9189","href":"http:\/\/www.meizitu.com\/a\/3782.html","pic_list":["http:\/\/mm.howkuai.com\/wp-content\/uploads\/2013a\/10\/62\/01.jpg","http:\/\/mm.howkuai.com\/wp-content\/uploads\/2013a\/10\/62\/02.jpg","http:\/\/mm.howkuai.com\/wp-content\/uploads\/2013a\/10\/62\/03.jpg","http:\/\/mm.howkuai.com\/wp-content\/uploads\/2013a\/10\/62\/04.jpg","http:\/\/mm.howkuai.com\/wp-content\/uploads\/2013a\/10\/62\/05.jpg"]},{"plaintext":"\u6bcf\u65e5\u5c0f\u6e05\u7eaf\u59b9\u5b50\u56fe[10-29]","href":"http:\/\/www.meizitu.com\/a\/3779.html","pic_list":["http:\/\/mm.howkuai.com\/wp-content\/uploads\/2013a\/10\/59\/01.jpg","http:\/\/mm.howkuai.com\/wp-content\/uploads\/2013a\/10\/59\/02.jpg","http:\/\/mm.howkuai.com\/wp-content\/uploads\/2013a\/10\/59\/03.jpg","http:\/\/mm.howkuai.com\/wp-content\/uploads\/2013a\/10\/59\/04.jpg","http:\/\/mm.howkuai.com\/wp-content\/uploads\/2013a\/10\/59\/05.jpg","http:\/\/mm.howkuai.com\/wp-content\/uploads\/2013a\/10\/59\/06.jpg","http:\/\/mm.howkuai.com\/wp-content\/uploads\/2013a\/10\/59\/07.jpg","http:\/\/mm.howkuai.com\/wp-content\/uploads\/2013a\/10\/59\/08.jpg","http:\/\/mm.howkuai.com\/wp-content\/uploads\/2013a\/10\/59\/09.jpg"]},{"plaintext":"[\u6e05\u7eaf]\u9752\u6625,\u4ece\u7231\u4f60\u5f00\u59cb","href":"http:\/\/www.meizitu.com\/a\/3778.html","pic_list":["http:\/\/mm.howkuai.com\/wp-content\/uploads\/2013a\/10\/58\/01.jpg","http:\/\/mm.howkuai.com\/wp-content\/uploads\/2013a\/10\/58\/02.jpg","http:\/\/mm.howkuai.com\/wp-content\/uploads\/2013a\/10\/58\/03.jpg","http:\/\/mm.howkuai.com\/wp-content\/uploads\/2013a\/10\/58\/04.jpg","http:\/\/mm.howkuai.com\/wp-content\/uploads\/2013a\/10\/58\/05.jpg"]},{"plaintext":"\u9ec4\u8272\u8c03\u957f\u53d1\u53ca\u8170\u7f8e\u5973","href":"http:\/\/www.meizitu.com\/a\/3774.html","pic_list":["http:\/\/mm.howkuai.com\/wp-content\/uploads\/2013a\/10\/54\/01.jpg","http:\/\/mm.howkuai.com\/wp-content\/uploads\/2013a\/10\/54\/02.jpg","http:\/\/mm.howkuai.com\/wp-content\/uploads\/2013a\/10\/54\/03.jpg","http:\/\/mm.howkuai.com\/wp-content\/uploads\/2013a\/10\/54\/04.jpg","http:\/\/mm.howkuai.com\/wp-content\/uploads\/2013a\/10\/54\/05.jpg"]},{"plaintext":"\u4e8e\u5927\u5c0f\u59d0Ayu\u7206\u4e73\u5199\u771f","href":"http:\/\/www.meizitu.com\/a\/3772.html","pic_list":["http:\/\/mm.howkuai.com\/wp-content\/uploads\/2013a\/10\/52\/01.jpg","http:\/\/mm.howkuai.com\/wp-content\/uploads\/2013a\/10\/52\/02.jpg","http:\/\/mm.howkuai.com\/wp-content\/uploads\/2013a\/10\/52\/03.jpg","http:\/\/mm.howkuai.com\/wp-content\/uploads\/2013a\/10\/52\/04.jpg","http:\/\/mm.howkuai.com\/wp-content\/uploads\/2013a\/10\/52\/05.jpg","http:\/\/mm.howkuai.com\/wp-content\/uploads\/2013a\/10\/52\/06.jpg","http:\/\/mm.howkuai.com\/wp-content\/uploads\/2013a\/10\/52\/07.jpg","http:\/\/mm.howkuai.com\/wp-content\/uploads\/2013a\/10\/52\/08.jpg"]},{"plaintext":"\u59a9\u5a9a\u7f8e\u5973\u9f99\u9f99\u4e2d\u56fd\u98ce\u5199\u771f","href":"http:\/\/www.meizitu.com\/a\/3771.html","pic_list":["http:\/\/mm.howkuai.com\/wp-content\/uploads\/2013a\/10\/51\/01.jpg","http:\/\/mm.howkuai.com\/wp-content\/uploads\/2013a\/10\/51\/02.jpg","http:\/\/mm.howkuai.com\/wp-content\/uploads\/2013a\/10\/51\/03.jpg","http:\/\/mm.howkuai.com\/wp-content\/uploads\/2013a\/10\/51\/04.jpg","http:\/\/mm.howkuai.com\/wp-content\/uploads\/2013a\/10\/51\/05.jpg","http:\/\/mm.howkuai.com\/wp-content\/uploads\/2013a\/10\/51\/06.jpg","http:\/\/mm.howkuai.com\/wp-content\/uploads\/2013a\/10\/51\/07.jpg"]},{"plaintext":"\u9752\u6625\u59b9\u5b50\u8857\u62cd","href":"http:\/\/www.meizitu.com\/a\/3769.html","pic_list":["http:\/\/mm.howkuai.com\/wp-content\/uploads\/2013a\/10\/49\/01.jpg","http:\/\/mm.howkuai.com\/wp-content\/uploads\/2013a\/10\/49\/02.jpg","http:\/\/mm.howkuai.com\/wp-content\/uploads\/2013a\/10\/49\/03.jpg","http:\/\/mm.howkuai.com\/wp-content\/uploads\/2013a\/10\/49\/04.jpg","http:\/\/mm.howkuai.com\/wp-content\/uploads\/2013a\/10\/49\/05.jpg","http:\/\/mm.howkuai.com\/wp-content\/uploads\/2013a\/10\/49\/06.jpg"]},{"plaintext":"\u6027\u611f\u8bf1\u60d1\u6311\u6218\u4f60\u7684\u773c\u7403","href":"http:\/\/www.meizitu.com\/a\/3768.html","pic_list":["http:\/\/mm.howkuai.com\/wp-content\/uploads\/2013a\/10\/48\/01.jpg","http:\/\/mm.howkuai.com\/wp-content\/uploads\/2013a\/10\/48\/02.jpg","http:\/\/mm.howkuai.com\/wp-content\/uploads\/2013a\/10\/48\/03.jpg","http:\/\/mm.howkuai.com\/wp-content\/uploads\/2013a\/10\/48\/04.jpg","http:\/\/mm.howkuai.com\/wp-content\/uploads\/2013a\/10\/48\/05.jpg","http:\/\/mm.howkuai.com\/wp-content\/uploads\/2013a\/10\/48\/06.jpg"]},{"plaintext":"\u502a\u6155\u65af\u4e3b\u6f14\u7684\u59d0\u59b9\u5267\u7167","href":"http:\/\/www.meizitu.com\/a\/3763.html","pic_list":["http:\/\/mm.howkuai.com\/wp-content\/uploads\/2013a\/10\/44\/01.jpg","http:\/\/mm.howkuai.com\/wp-content\/uploads\/2013a\/10\/44\/02.jpg","http:\/\/mm.howkuai.com\/wp-content\/uploads\/2013a\/10\/44\/03.jpg","http:\/\/mm.howkuai.com\/wp-content\/uploads\/2013a\/10\/44\/04.jpg","http:\/\/mm.howkuai.com\/wp-content\/uploads\/2013a\/10\/44\/05.jpg"]},{"plaintext":"2013\u7f51\u535a\u4f1a\uff0a\u4e8e\u82b7\u6674mini","href":"http:\/\/www.meizitu.com\/a\/3760.html","pic_list":["http:\/\/mm.howkuai.com\/wp-content\/uploads\/2013a\/10\/41\/01.jpg","http:\/\/mm.howkuai.com\/wp-content\/uploads\/2013a\/10\/41\/02.jpg","http:\/\/mm.howkuai.com\/wp-content\/uploads\/2013a\/10\/41\/03.jpg","http:\/\/mm.howkuai.com\/wp-content\/uploads\/2013a\/10\/41\/04.jpg","http:\/\/mm.howkuai.com\/wp-content\/uploads\/2013a\/10\/41\/05.jpg","http:\/\/mm.howkuai.com\/wp-content\/uploads\/2013a\/10\/41\/06.jpg"]},{"plaintext":"\u8ba9\u6c34\u73e0\u4ece\u808c\u80a4\u4e0a\u9762\u6ed1\u843d","href":"http:\/\/www.meizitu.com\/a\/3731.html","pic_list":["http:\/\/mm.howkuai.com\/wp-content\/uploads\/2013a\/10\/13\/01.jpg","http:\/\/mm.howkuai.com\/wp-content\/uploads\/2013a\/10\/13\/02.jpg","http:\/\/mm.howkuai.com\/wp-content\/uploads\/2013a\/10\/13\/03.jpg","http:\/\/mm.howkuai.com\/wp-content\/uploads\/2013a\/10\/13\/04.jpg"]},{"plaintext":"\u6027\u611f\u5c0f\u62a4\u58eb\u56fe\u7247","href":"http:\/\/www.meizitu.com\/a\/3730.html","pic_list":["http:\/\/mm.howkuai.com\/wp-content\/uploads\/2013a\/10\/12\/01.jpg","http:\/\/mm.howkuai.com\/wp-content\/uploads\/2013a\/10\/12\/02.jpg","http:\/\/mm.howkuai.com\/wp-content\/uploads\/2013a\/10\/12\/03.jpg","http:\/\/mm.howkuai.com\/wp-content\/uploads\/2013a\/10\/12\/04.jpg"]},{"plaintext":"\u6842\u6676\u6676\u5de8\u4e73\u6027\u611fcos\u4e0d\u77e5\u706b\u821e","href":"http:\/\/www.meizitu.com\/a\/3674.html","pic_list":["http:\/\/mm.howkuai.com\/wp-content\/uploads\/2013a\/08\/10\/01.jpg","http:\/\/mm.howkuai.com\/wp-content\/uploads\/2013a\/08\/10\/02.jpg","http:\/\/mm.howkuai.com\/wp-content\/uploads\/2013a\/08\/10\/03.jpg","http:\/\/mm.howkuai.com\/wp-content\/uploads\/2013a\/08\/10\/04.jpg","http:\/\/mm.howkuai.com\/wp-content\/uploads\/2013a\/08\/10\/05.jpg","http:\/\/mm.howkuai.com\/wp-content\/uploads\/2013a\/08\/10\/06.jpg","http:\/\/mm.howkuai.com\/wp-content\/uploads\/2013a\/08\/10\/07.jpg"]},{"plaintext":"2013chinajoy\u7f8e\u5973SG\u5927\u6536\u7f57\u7b2c\u56db\u5f39-\u5c0f\u6797\u5fd7\u73b2\u4e13\u8f91","href":"http:\/\/www.meizitu.com\/a\/3663.html","pic_list":["http:\/\/mm.howkuai.com\/wp-content\/uploads\/2013a\/07\/21\/01.jpg","http:\/\/mm.howkuai.com\/wp-content\/uploads\/2013a\/07\/21\/02.jpg","http:\/\/mm.howkuai.com\/wp-content\/uploads\/2013a\/07\/21\/03.jpg","http:\/\/mm.howkuai.com\/wp-content\/uploads\/2013a\/07\/21\/04.jpg","http:\/\/mm.howkuai.com\/wp-content\/uploads\/2013a\/07\/21\/05.jpg","http:\/\/mm.howkuai.com\/wp-content\/uploads\/2013a\/07\/21\/06.jpg","http:\/\/mm.howkuai.com\/wp-content\/uploads\/2013a\/07\/21\/07.jpg","http:\/\/mm.howkuai.com\/wp-content\/uploads\/2013a\/07\/21\/08.jpg","http:\/\/mm.howkuai.com\/wp-content\/uploads\/2013a\/07\/21\/09.jpg","http:\/\/mm.howkuai.com\/wp-content\/uploads\/2013a\/07\/21\/10.jpg","http:\/\/mm.howkuai.com\/wp-content\/uploads\/2013a\/07\/21\/11.jpg","http:\/\/mm.howkuai.com\/wp-content\/uploads\/2013a\/07\/21\/12.jpg","http:\/\/mm.howkuai.com\/wp-content\/uploads\/2013a\/07\/21\/13.jpg"]},{"plaintext":"2013chinajoy\u7f8e\u5973SG\u5927\u6536\u7f57\u7b2c\u4e09\u5f39-\u5b8c\u7f8e\u4e16\u754c","href":"http:\/\/www.meizitu.com\/a\/3662.html","pic_list":["http:\/\/mm.howkuai.com\/wp-content\/uploads\/2013a\/07\/20\/01.jpg","http:\/\/mm.howkuai.com\/wp-content\/uploads\/2013a\/07\/20\/02.jpg","http:\/\/mm.howkuai.com\/wp-content\/uploads\/2013a\/07\/20\/03.jpg","http:\/\/mm.howkuai.com\/wp-content\/uploads\/2013a\/07\/20\/04.jpg","http:\/\/mm.howkuai.com\/wp-content\/uploads\/2013a\/07\/20\/05.jpg","http:\/\/mm.howkuai.com\/wp-content\/uploads\/2013a\/07\/20\/06.jpg","http:\/\/mm.howkuai.com\/wp-content\/uploads\/2013a\/07\/20\/07.jpg","http:\/\/mm.howkuai.com\/wp-content\/uploads\/2013a\/07\/20\/08.jpg","http:\/\/mm.howkuai.com\/wp-content\/uploads\/2013a\/07\/20\/09.jpg","http:\/\/mm.howkuai.com\/wp-content\/uploads\/2013a\/07\/20\/10.jpg","http:\/\/mm.howkuai.com\/wp-content\/uploads\/2013a\/07\/20\/11.jpg","http:\/\/mm.howkuai.com\/wp-content\/uploads\/2013a\/07\/20\/12.jpg","http:\/\/mm.howkuai.com\/wp-content\/uploads\/2013a\/07\/20\/13.jpg","http:\/\/mm.howkuai.com\/wp-content\/uploads\/2013a\/07\/20\/14.jpg","http:\/\/mm.howkuai.com\/wp-content\/uploads\/2013a\/07\/20\/15.jpg","http:\/\/mm.howkuai.com\/wp-content\/uploads\/2013a\/07\/20\/16.jpg"]},{"plaintext":"2013chinajoy\u7f8e\u5973SG\u5927\u6536\u7f57\u7b2c\u4e8c\u5f39","href":"http:\/\/www.meizitu.com\/a\/3661.html","pic_list":["http:\/\/mm.howkuai.com\/wp-content\/uploads\/2013a\/07\/19\/01.jpg","http:\/\/mm.howkuai.com\/wp-content\/uploads\/2013a\/07\/19\/02.jpg","http:\/\/mm.howkuai.com\/wp-content\/uploads\/2013a\/07\/19\/03.jpg","http:\/\/mm.howkuai.com\/wp-content\/uploads\/2013a\/07\/19\/04.jpg","http:\/\/mm.howkuai.com\/wp-content\/uploads\/2013a\/07\/19\/05.jpg","http:\/\/mm.howkuai.com\/wp-content\/uploads\/2013a\/07\/19\/06.jpg","http:\/\/mm.howkuai.com\/wp-content\/uploads\/2013a\/07\/19\/07.jpg","http:\/\/mm.howkuai.com\/wp-content\/uploads\/2013a\/07\/19\/08.jpg","http:\/\/mm.howkuai.com\/wp-content\/uploads\/2013a\/07\/19\/09.jpg","http:\/\/mm.howkuai.com\/wp-content\/uploads\/2013a\/07\/19\/10.jpg","http:\/\/mm.howkuai.com\/wp-content\/uploads\/2013a\/07\/19\/11.jpg","http:\/\/mm.howkuai.com\/wp-content\/uploads\/2013a\/07\/19\/12.jpg","http:\/\/mm.howkuai.com\/wp-content\/uploads\/2013a\/07\/19\/13.jpg","http:\/\/mm.howkuai.com\/wp-content\/uploads\/2013a\/07\/19\/14.jpg","http:\/\/mm.howkuai.com\/wp-content\/uploads\/2013a\/07\/19\/15.jpg","http:\/\/mm.howkuai.com\/wp-content\/uploads\/2013a\/07\/19\/16.jpg","http:\/\/mm.howkuai.com\/wp-content\/uploads\/2013a\/07\/19\/17.jpg","http:\/\/mm.howkuai.com\/wp-content\/uploads\/2013a\/07\/19\/18.jpg","http:\/\/mm.howkuai.com\/wp-content\/uploads\/2013a\/07\/19\/19.jpg","http:\/\/mm.howkuai.com\/wp-content\/uploads\/2013a\/07\/19\/20.jpg","http:\/\/mm.howkuai.com\/wp-content\/uploads\/2013a\/07\/19\/21.jpg","http:\/\/mm.howkuai.com\/wp-content\/uploads\/2013a\/07\/19\/22.jpg","http:\/\/mm.howkuai.com\/wp-content\/uploads\/2013a\/07\/19\/23.jpg","http:\/\/mm.howkuai.com\/wp-content\/uploads\/2013a\/07\/19\/24.jpg","http:\/\/mm.howkuai.com\/wp-content\/uploads\/2013a\/07\/19\/25.jpg","http:\/\/mm.howkuai.com\/wp-content\/uploads\/2013a\/07\/19\/26.jpg","http:\/\/mm.howkuai.com\/wp-content\/uploads\/2013a\/07\/19\/27.jpg","http:\/\/mm.howkuai.com\/wp-content\/uploads\/2013a\/07\/19\/28.jpg","http:\/\/mm.howkuai.com\/wp-content\/uploads\/2013a\/07\/19\/29.jpg","http:\/\/mm.howkuai.com\/wp-content\/uploads\/2013a\/07\/19\/30.jpg","http:\/\/mm.howkuai.com\/wp-content\/uploads\/2013a\/07\/19\/31.jpg","http:\/\/mm.howkuai.com\/wp-content\/uploads\/2013a\/07\/19\/32.jpg","http:\/\/mm.howkuai.com\/wp-content\/uploads\/2013a\/07\/19\/33.jpg","http:\/\/mm.howkuai.com\/wp-content\/uploads\/2013a\/07\/19\/34.jpg","http:\/\/mm.howkuai.com\/wp-content\/uploads\/2013a\/07\/19\/35.jpg","http:\/\/mm.howkuai.com\/wp-content\/uploads\/2013a\/07\/19\/36.jpg"]},{"plaintext":"2013chinajoy\u7f8e\u5973\u5927\u6536\u7f57","href":"http:\/\/www.meizitu.com\/a\/3660.html","pic_list":["http:\/\/mm.howkuai.com\/wp-content\/uploads\/2013a\/07\/18\/01.jpg","http:\/\/mm.howkuai.com\/wp-content\/uploads\/2013a\/07\/18\/02.jpg","http:\/\/mm.howkuai.com\/wp-content\/uploads\/2013a\/07\/18\/03.jpg","http:\/\/mm.howkuai.com\/wp-content\/uploads\/2013a\/07\/18\/04.jpg","http:\/\/mm.howkuai.com\/wp-content\/uploads\/2013a\/07\/18\/05.jpg","http:\/\/mm.howkuai.com\/wp-content\/uploads\/2013a\/07\/18\/06.jpg","http:\/\/mm.howkuai.com\/wp-content\/uploads\/2013a\/07\/18\/07.jpg","http:\/\/mm.howkuai.com\/wp-content\/uploads\/2013a\/07\/18\/08.jpg","http:\/\/mm.howkuai.com\/wp-content\/uploads\/2013a\/07\/18\/09.jpg","http:\/\/mm.howkuai.com\/wp-content\/uploads\/2013a\/07\/18\/10.jpg","http:\/\/mm.howkuai.com\/wp-content\/uploads\/2013a\/07\/18\/11.jpg","http:\/\/mm.howkuai.com\/wp-content\/uploads\/2013a\/07\/18\/12.jpg"]},{"plaintext":"\u7e41\u534e\u7684\u90fd\u5e02\u5bc2\u5bde\u7684\u591c","href":"http:\/\/www.meizitu.com\/a\/3649.html","pic_list":["http:\/\/mm.howkuai.com\/wp-content\/uploads\/2013a\/07\/08\/01.jpg","http:\/\/mm.howkuai.com\/wp-content\/uploads\/2013a\/07\/08\/02.jpg","http:\/\/mm.howkuai.com\/wp-content\/uploads\/2013a\/07\/08\/03.jpg","http:\/\/mm.howkuai.com\/wp-content\/uploads\/2013a\/07\/08\/04.jpg","http:\/\/mm.howkuai.com\/wp-content\/uploads\/2013a\/07\/08\/05.jpg","http:\/\/mm.howkuai.com\/wp-content\/uploads\/2013a\/07\/08\/06.jpg","http:\/\/mm.howkuai.com\/wp-content\/uploads\/2013a\/07\/08\/07.jpg"]},{"plaintext":"\u7f8e\u4eba\u5982\u7389\u5a07\u5ae9\u5982\u6c34\u7537\u4eba\u4e4b\u7231","href":"http:\/\/www.meizitu.com\/a\/3635.html","pic_list":["http:\/\/mm.howkuai.com\/wp-content\/uploads\/2013a\/06\/36\/01.jpg","http:\/\/mm.howkuai.com\/wp-content\/uploads\/2013a\/06\/36\/02.jpg","http:\/\/mm.howkuai.com\/wp-content\/uploads\/2013a\/06\/36\/03.jpg","http:\/\/mm.howkuai.com\/wp-content\/uploads\/2013a\/06\/36\/04.jpg","http:\/\/mm.howkuai.com\/wp-content\/uploads\/2013a\/06\/36\/05.jpg"]},{"plaintext":"Vanny\u8f7b\u63a9\u9165\u80f8\u5e8a\u4e0a\u6175\u61d2\u5996\u5a9a\u626d\u52a8","href":"http:\/\/www.meizitu.com\/a\/3632.html","pic_list":["http:\/\/mm.howkuai.com\/wp-content\/uploads\/2013a\/06\/33\/01.jpg","http:\/\/mm.howkuai.com\/wp-content\/uploads\/2013a\/06\/33\/02.jpg","http:\/\/mm.howkuai.com\/wp-content\/uploads\/2013a\/06\/33\/03.jpg","http:\/\/mm.howkuai.com\/wp-content\/uploads\/2013a\/06\/33\/04.jpg","http:\/\/mm.howkuai.com\/wp-content\/uploads\/2013a\/06\/33\/05.jpg","http:\/\/mm.howkuai.com\/wp-content\/uploads\/2013a\/06\/33\/06.jpg","http:\/\/mm.howkuai.com\/wp-content\/uploads\/2013a\/06\/33\/07.jpg","http:\/\/mm.howkuai.com\/wp-content\/uploads\/2013a\/06\/33\/08.jpg","http:\/\/mm.howkuai.com\/wp-content\/uploads\/2013a\/06\/33\/09.jpg"]},{"plaintext":"\u5de8\u4e73\u719f\u5973\u738b\u745e\u513f\u5fae\u535a\u5927\u5c3a\u5ea6\u81ea\u62cd\uff08\u7236\u4eb2\u8282\u7279\u522b\u732e\u793c\uff09","href":"http:\/\/www.meizitu.com\/a\/3617.html","pic_list":["http:\/\/mm.howkuai.com\/wp-content\/uploads\/2013a\/06\/18\/01.jpg","http:\/\/mm.howkuai.com\/wp-content\/uploads\/2013a\/06\/18\/02.jpg","http:\/\/mm.howkuai.com\/wp-content\/uploads\/2013a\/06\/18\/03.jpg","http:\/\/mm.howkuai.com\/wp-content\/uploads\/2013a\/06\/18\/04.jpg"]},{"plaintext":"\u5de8\u4e73\u5c24\u7269\u6b6a\u6b6a\u684c\u7403\u53f0\u4e0a\u5927\u9732\u6df1\u6c9f","href":"http:\/\/www.meizitu.com\/a\/3537.html","pic_list":["http:\/\/mm.howkuai.com\/wp-content\/uploads\/2013a\/04\/19\/01.jpg","http:\/\/mm.howkuai.com\/wp-content\/uploads\/2013a\/04\/19\/02.jpg","http:\/\/mm.howkuai.com\/wp-content\/uploads\/2013a\/04\/19\/03.jpg","http:\/\/mm.howkuai.com\/wp-content\/uploads\/2013a\/04\/19\/04.jpg","http:\/\/mm.howkuai.com\/wp-content\/uploads\/2013a\/04\/19\/05.jpg","http:\/\/mm.howkuai.com\/wp-content\/uploads\/2013a\/04\/19\/06.jpg","http:\/\/mm.howkuai.com\/wp-content\/uploads\/2013a\/04\/19\/07.jpg","http:\/\/mm.howkuai.com\/wp-content\/uploads\/2013a\/04\/19\/08.jpg","http:\/\/mm.howkuai.com\/wp-content\/uploads\/2013a\/04\/19\/09.jpg"]},{"plaintext":"\u827e\u5e0c\u684c\u7403\u53f0\u4e0a\u6df1\u6c9f\u91ce\u6027","href":"http:\/\/www.meizitu.com\/a\/3530.html","pic_list":["http:\/\/mm.howkuai.com\/wp-content\/uploads\/2013a\/04\/12\/01.jpg","http:\/\/mm.howkuai.com\/wp-content\/uploads\/2013a\/04\/12\/02.jpg","http:\/\/mm.howkuai.com\/wp-content\/uploads\/2013a\/04\/12\/03.jpg","http:\/\/mm.howkuai.com\/wp-content\/uploads\/2013a\/04\/12\/04.jpg","http:\/\/mm.howkuai.com\/wp-content\/uploads\/2013a\/04\/12\/05.jpg","http:\/\/mm.howkuai.com\/wp-content\/uploads\/2013a\/04\/12\/06.jpg","http:\/\/mm.howkuai.com\/wp-content\/uploads\/2013a\/04\/12\/07.jpg","http:\/\/mm.howkuai.com\/wp-content\/uploads\/2013a\/04\/12\/08.jpg","http:\/\/mm.howkuai.com\/wp-content\/uploads\/2013a\/04\/12\/09.jpg","http:\/\/mm.howkuai.com\/wp-content\/uploads\/2013a\/04\/12\/10.jpg","http:\/\/mm.howkuai.com\/wp-content\/uploads\/2013a\/04\/12\/11.jpg"]},{"plaintext":"\u97e9\u6615\u6021\u5c3a\u5ea6\u79c1\u623f\u8f7b\u7eb1\u906e\u4f53","href":"http:\/\/www.meizitu.com\/a\/3529.html","pic_list":["http:\/\/mm.howkuai.com\/wp-content\/uploads\/2013a\/04\/11\/01.jpg","http:\/\/mm.howkuai.com\/wp-content\/uploads\/2013a\/04\/11\/02.jpg","http:\/\/mm.howkuai.com\/wp-content\/uploads\/2013a\/04\/11\/03.jpg","http:\/\/mm.howkuai.com\/wp-content\/uploads\/2013a\/04\/11\/04.jpg","http:\/\/mm.howkuai.com\/wp-content\/uploads\/2013a\/04\/11\/05.jpg","http:\/\/mm.howkuai.com\/wp-content\/uploads\/2013a\/04\/11\/06.jpg","http:\/\/mm.howkuai.com\/wp-content\/uploads\/2013a\/04\/11\/07.jpg"]},{"plaintext":"\u5218\u5ffb\u598d\u6e7f\u8eab\u767d\u8863\u7d27\u8d34\u808c\u80a4\u7684\u8bf1\u60d1","href":"http:\/\/www.meizitu.com\/a\/3527.html","pic_list":["http:\/\/mm.howkuai.com\/wp-content\/uploads\/2013a\/04\/09\/01.jpg","http:\/\/mm.howkuai.com\/wp-content\/uploads\/2013a\/04\/09\/02.jpg","http:\/\/mm.howkuai.com\/wp-content\/uploads\/2013a\/04\/09\/03.jpg","http:\/\/mm.howkuai.com\/wp-content\/uploads\/2013a\/04\/09\/04.jpg","http:\/\/mm.howkuai.com\/wp-content\/uploads\/2013a\/04\/09\/05.jpg","http:\/\/mm.howkuai.com\/wp-content\/uploads\/2013a\/04\/09\/06.jpg","http:\/\/mm.howkuai.com\/wp-content\/uploads\/2013a\/04\/09\/07.jpg"]}]