[{"plaintext":"\u6e05\u7eaf\u9753\u4e3d\u7684\u7f8e\u5973\uff0c\u62e5\u6709\u4ee4\u4eba\u96be\u5fd8\u7684\u7fd8\u81c0","href":"http:\/\/www.meizitu.com\/a\/4731.html","pic_list":["http:\/\/mm.howkuai.com\/wp-content\/uploads\/2014a\/12\/66\/01.jpg","http:\/\/mm.howkuai.com\/wp-content\/uploads\/2014a\/12\/66\/02.jpg","http:\/\/mm.howkuai.com\/wp-content\/uploads\/2014a\/12\/66\/03.jpg","http:\/\/mm.howkuai.com\/wp-content\/uploads\/2014a\/12\/66\/04.jpg","http:\/\/mm.howkuai.com\/wp-content\/uploads\/2014a\/12\/66\/05.jpg","http:\/\/mm.howkuai.com\/wp-content\/uploads\/2014a\/12\/66\/06.jpg","http:\/\/mm.howkuai.com\/wp-content\/uploads\/2014a\/12\/66\/07.jpg"]},{"plaintext":"\u8bf4\u597d\u7684\u5c0f\u82f9\u679c\u5462\uff0c\u6c34\u679c\u7cfb\u5217\u53ef\u7231\u5973\u5b69","href":"http:\/\/www.meizitu.com\/a\/4721.html","pic_list":["http:\/\/mm.howkuai.com\/wp-content\/uploads\/2014a\/12\/56\/01.jpg","http:\/\/mm.howkuai.com\/wp-content\/uploads\/2014a\/12\/56\/02.jpg","http:\/\/mm.howkuai.com\/wp-content\/uploads\/2014a\/12\/56\/03.jpg","http:\/\/mm.howkuai.com\/wp-content\/uploads\/2014a\/12\/56\/04.jpg","http:\/\/mm.howkuai.com\/wp-content\/uploads\/2014a\/12\/56\/05.jpg","http:\/\/mm.howkuai.com\/wp-content\/uploads\/2014a\/12\/56\/06.jpg","http:\/\/mm.howkuai.com\/wp-content\/uploads\/2014a\/12\/56\/07.jpg","http:\/\/mm.howkuai.com\/wp-content\/uploads\/2014a\/12\/56\/08.jpg","http:\/\/mm.howkuai.com\/wp-content\/uploads\/2014a\/12\/56\/09.jpg","http:\/\/mm.howkuai.com\/wp-content\/uploads\/2014a\/12\/56\/10.jpg"]},{"plaintext":"\u767e\u53d8\u5973\u751f\uff0c\u5236\u670d\u4e0a\u8eab\u5316\u4e3a\u5b66\u751f\u59b9","href":"http:\/\/www.meizitu.com\/a\/4714.html","pic_list":["http:\/\/mm.howkuai.com\/wp-content\/uploads\/2014a\/12\/49\/01.jpg","http:\/\/mm.howkuai.com\/wp-content\/uploads\/2014a\/12\/49\/02.jpg","http:\/\/mm.howkuai.com\/wp-content\/uploads\/2014a\/12\/49\/03.jpg","http:\/\/mm.howkuai.com\/wp-content\/uploads\/2014a\/12\/49\/04.jpg","http:\/\/mm.howkuai.com\/wp-content\/uploads\/2014a\/12\/49\/05.jpg","http:\/\/mm.howkuai.com\/wp-content\/uploads\/2014a\/12\/49\/06.jpg"]},{"plaintext":"\u770b\u817f\u7684\u5b63\u8282\u5df2\u8fc7\uff0c\u7f8e\u817f\u56fe\u7247\u56de\u987e","href":"http:\/\/www.meizitu.com\/a\/4705.html","pic_list":["http:\/\/mm.howkuai.com\/wp-content\/uploads\/2014a\/12\/40\/01.jpg","http:\/\/mm.howkuai.com\/wp-content\/uploads\/2014a\/12\/40\/02.jpg","http:\/\/mm.howkuai.com\/wp-content\/uploads\/2014a\/12\/40\/03.jpg","http:\/\/mm.howkuai.com\/wp-content\/uploads\/2014a\/12\/40\/04.jpg","http:\/\/mm.howkuai.com\/wp-content\/uploads\/2014a\/12\/40\/05.jpg","http:\/\/mm.howkuai.com\/wp-content\/uploads\/2014a\/12\/40\/06.jpg","http:\/\/mm.howkuai.com\/wp-content\/uploads\/2014a\/12\/40\/07.jpg","http:\/\/mm.howkuai.com\/wp-content\/uploads\/2014a\/12\/40\/08.jpg"]},{"plaintext":"\u6c14\u8d28\u59b9\u5b50\u5bd2\u98ce\u4e2d\u501a\u680f\u6c89\u601d","href":"http:\/\/www.meizitu.com\/a\/4692.html","pic_list":["http:\/\/mm.howkuai.com\/wp-content\/uploads\/2014a\/12\/27\/01.jpg","http:\/\/mm.howkuai.com\/wp-content\/uploads\/2014a\/12\/27\/02.jpg","http:\/\/mm.howkuai.com\/wp-content\/uploads\/2014a\/12\/27\/03.jpg","http:\/\/mm.howkuai.com\/wp-content\/uploads\/2014a\/12\/27\/04.jpg","http:\/\/mm.howkuai.com\/wp-content\/uploads\/2014a\/12\/27\/05.jpg","http:\/\/mm.howkuai.com\/wp-content\/uploads\/2014a\/12\/27\/06.jpg","http:\/\/mm.howkuai.com\/wp-content\/uploads\/2014a\/12\/27\/07.jpg"]},{"plaintext":"\u6027\u611f\u5973\u795e\u6c90\u6d74\u65f6\u7684\u795e\u60c5\uff0c\u8ba9\u4eba\u6d6e\u60f3\u8054\u7fe9","href":"http:\/\/www.meizitu.com\/a\/4685.html","pic_list":["http:\/\/mm.howkuai.com\/wp-content\/uploads\/2014a\/12\/20\/01.jpg","http:\/\/mm.howkuai.com\/wp-content\/uploads\/2014a\/12\/20\/02.jpg","http:\/\/mm.howkuai.com\/wp-content\/uploads\/2014a\/12\/20\/03.jpg","http:\/\/mm.howkuai.com\/wp-content\/uploads\/2014a\/12\/20\/04.jpg","http:\/\/mm.howkuai.com\/wp-content\/uploads\/2014a\/12\/20\/05.jpg","http:\/\/mm.howkuai.com\/wp-content\/uploads\/2014a\/12\/20\/06.jpg","http:\/\/mm.howkuai.com\/wp-content\/uploads\/2014a\/12\/20\/07.jpg","http:\/\/mm.howkuai.com\/wp-content\/uploads\/2014a\/12\/20\/08.jpg","http:\/\/mm.howkuai.com\/wp-content\/uploads\/2014a\/12\/20\/09.jpg","http:\/\/mm.howkuai.com\/wp-content\/uploads\/2014a\/12\/20\/10.jpg"]},{"plaintext":"\u6726\u80e7\u7684\u7f8e\uff0c\u82d7\u6761\u59b9\u5b50\u751c\u751c\u7684\u5348\u540e","href":"http:\/\/www.meizitu.com\/a\/4677.html","pic_list":["http:\/\/mm.howkuai.com\/wp-content\/uploads\/2014a\/12\/12\/01.jpg","http:\/\/mm.howkuai.com\/wp-content\/uploads\/2014a\/12\/12\/02.jpg","http:\/\/mm.howkuai.com\/wp-content\/uploads\/2014a\/12\/12\/03.jpg","http:\/\/mm.howkuai.com\/wp-content\/uploads\/2014a\/12\/12\/04.jpg","http:\/\/mm.howkuai.com\/wp-content\/uploads\/2014a\/12\/12\/05.jpg","http:\/\/mm.howkuai.com\/wp-content\/uploads\/2014a\/12\/12\/06.jpg","http:\/\/mm.howkuai.com\/wp-content\/uploads\/2014a\/12\/12\/07.jpg","http:\/\/mm.howkuai.com\/wp-content\/uploads\/2014a\/12\/12\/08.jpg"]},{"plaintext":"\u59b9\u5b50\u6e05\u65b0\u79c1\u623f\uff0c\u9189\u7ea2\u989c\uff0c\u6d53\u6de1\u9002\u4e2d\uff0c\u4fee\u77ed\u5408\u5ea6","href":"http:\/\/www.meizitu.com\/a\/4672.html","pic_list":["http:\/\/mm.howkuai.com\/wp-content\/uploads\/2014a\/12\/07\/01.jpg","http:\/\/mm.howkuai.com\/wp-content\/uploads\/2014a\/12\/07\/02.jpg","http:\/\/mm.howkuai.com\/wp-content\/uploads\/2014a\/12\/07\/03.jpg","http:\/\/mm.howkuai.com\/wp-content\/uploads\/2014a\/12\/07\/04.jpg","http:\/\/mm.howkuai.com\/wp-content\/uploads\/2014a\/12\/07\/05.jpg","http:\/\/mm.howkuai.com\/wp-content\/uploads\/2014a\/12\/07\/06.jpg","http:\/\/mm.howkuai.com\/wp-content\/uploads\/2014a\/12\/07\/07.jpg"]},{"plaintext":"\u6027\u611f\u7f8e\u5973\u767d\u9886\u95fa\u623f\u5185\u5c0f\u79c1\u623f","href":"http:\/\/www.meizitu.com\/a\/4654.html","pic_list":["http:\/\/mm.howkuai.com\/wp-content\/uploads\/2014a\/11\/61\/01.jpg","http:\/\/mm.howkuai.com\/wp-content\/uploads\/2014a\/11\/61\/02.jpg","http:\/\/mm.howkuai.com\/wp-content\/uploads\/2014a\/11\/61\/03.jpg","http:\/\/mm.howkuai.com\/wp-content\/uploads\/2014a\/11\/61\/04.jpg","http:\/\/mm.howkuai.com\/wp-content\/uploads\/2014a\/11\/61\/05.jpg","http:\/\/mm.howkuai.com\/wp-content\/uploads\/2014a\/11\/61\/06.jpg","http:\/\/mm.howkuai.com\/wp-content\/uploads\/2014a\/11\/61\/07.jpg"]},{"plaintext":"\u6700\u65b0\u5ae9\u6a21@\u5218\u98de\u513ffaye\u53a6\u95e8\u65c5\u62cd","href":"http:\/\/www.meizitu.com\/a\/4642.html","pic_list":["http:\/\/mm.howkuai.com\/wp-content\/uploads\/2014a\/11\/49\/01.jpg","http:\/\/mm.howkuai.com\/wp-content\/uploads\/2014a\/11\/49\/02.jpg","http:\/\/mm.howkuai.com\/wp-content\/uploads\/2014a\/11\/49\/03.jpg","http:\/\/mm.howkuai.com\/wp-content\/uploads\/2014a\/11\/49\/04.jpg","http:\/\/mm.howkuai.com\/wp-content\/uploads\/2014a\/11\/49\/05.jpg","http:\/\/mm.howkuai.com\/wp-content\/uploads\/2014a\/11\/49\/06.jpg"]},{"plaintext":"36F\u6321\u4e0d\u4f4f\uff0c\u5218\u98de\u513fFaye\u4e0a\u6f14\u5973\u4ec6\u7684\u6c14\u606f","href":"http:\/\/www.meizitu.com\/a\/4629.html","pic_list":["http:\/\/mm.howkuai.com\/wp-content\/uploads\/2014a\/11\/37\/01.jpg","http:\/\/mm.howkuai.com\/wp-content\/uploads\/2014a\/11\/37\/02.jpg","http:\/\/mm.howkuai.com\/wp-content\/uploads\/2014a\/11\/37\/03.jpg","http:\/\/mm.howkuai.com\/wp-content\/uploads\/2014a\/11\/37\/04.jpg","http:\/\/mm.howkuai.com\/wp-content\/uploads\/2014a\/11\/37\/05.jpg","http:\/\/mm.howkuai.com\/wp-content\/uploads\/2014a\/11\/37\/06.jpg","http:\/\/mm.howkuai.com\/wp-content\/uploads\/2014a\/11\/37\/07.jpg","http:\/\/mm.howkuai.com\/wp-content\/uploads\/2014a\/11\/37\/08.jpg"]},{"plaintext":"Crazy\u5434\u6893\u5ae3\uff0c\u5439\u5587\u53ed....\u82b1\u7684\u59b9\u59b9","href":"http:\/\/www.meizitu.com\/a\/4611.html","pic_list":["http:\/\/mm.howkuai.com\/wp-content\/uploads\/2014a\/11\/19\/01.jpg","http:\/\/mm.howkuai.com\/wp-content\/uploads\/2014a\/11\/19\/02.jpg","http:\/\/mm.howkuai.com\/wp-content\/uploads\/2014a\/11\/19\/03.jpg","http:\/\/mm.howkuai.com\/wp-content\/uploads\/2014a\/11\/19\/04.jpg","http:\/\/mm.howkuai.com\/wp-content\/uploads\/2014a\/11\/19\/05.jpg","http:\/\/mm.howkuai.com\/wp-content\/uploads\/2014a\/11\/19\/06.jpg"]},{"plaintext":"\u6e29\u99a8\u5c0f\u65f6\u5149\uff0c\u597d\u95fa\u871c\u7684\u5e78\u798f\u7a7a\u95f4","href":"http:\/\/www.meizitu.com\/a\/4576.html","pic_list":["http:\/\/mm.howkuai.com\/wp-content\/uploads\/2014a\/10\/62\/01.jpg","http:\/\/mm.howkuai.com\/wp-content\/uploads\/2014a\/10\/62\/02.jpg","http:\/\/mm.howkuai.com\/wp-content\/uploads\/2014a\/10\/62\/03.jpg","http:\/\/mm.howkuai.com\/wp-content\/uploads\/2014a\/10\/62\/04.jpg","http:\/\/mm.howkuai.com\/wp-content\/uploads\/2014a\/10\/62\/05.jpg","http:\/\/mm.howkuai.com\/wp-content\/uploads\/2014a\/10\/62\/06.jpg","http:\/\/mm.howkuai.com\/wp-content\/uploads\/2014a\/10\/62\/07.jpg"]},{"plaintext":"\u767d\u7699\u4fee\u957f\u7684\u7f8e\u817f\u56fe\u7247\u5408\u96c6\uff08\u4e94\uff09","href":"http:\/\/www.meizitu.com\/a\/4560.html","pic_list":["http:\/\/mm.howkuai.com\/wp-content\/uploads\/2014a\/10\/46\/01.jpg","http:\/\/mm.howkuai.com\/wp-content\/uploads\/2014a\/10\/46\/02.jpg","http:\/\/mm.howkuai.com\/wp-content\/uploads\/2014a\/10\/46\/03.jpg","http:\/\/mm.howkuai.com\/wp-content\/uploads\/2014a\/10\/46\/04.jpg","http:\/\/mm.howkuai.com\/wp-content\/uploads\/2014a\/10\/46\/05.jpg","http:\/\/mm.howkuai.com\/wp-content\/uploads\/2014a\/10\/46\/06.jpg","http:\/\/mm.howkuai.com\/wp-content\/uploads\/2014a\/10\/46\/07.jpg","http:\/\/mm.howkuai.com\/wp-content\/uploads\/2014a\/10\/46\/08.jpg","http:\/\/mm.howkuai.com\/wp-content\/uploads\/2014a\/10\/46\/09.jpg","http:\/\/mm.howkuai.com\/wp-content\/uploads\/2014a\/10\/46\/10.jpg"]},{"plaintext":"\u5927\u80c6\u51fa\u4f4d\uff0c\u6027\u611f\u7f8e\u5973\u4e00\u5468\u7cbe\u9009","href":"http:\/\/www.meizitu.com\/a\/4533.html","pic_list":["http:\/\/mm.howkuai.com\/wp-content\/uploads\/2014a\/10\/20\/01.jpg","http:\/\/mm.howkuai.com\/wp-content\/uploads\/2014a\/10\/20\/02.jpg","http:\/\/mm.howkuai.com\/wp-content\/uploads\/2014a\/10\/20\/03.jpg","http:\/\/mm.howkuai.com\/wp-content\/uploads\/2014a\/10\/20\/04.jpg","http:\/\/mm.howkuai.com\/wp-content\/uploads\/2014a\/10\/20\/05.jpg","http:\/\/mm.howkuai.com\/wp-content\/uploads\/2014a\/10\/20\/06.jpg"]},{"plaintext":"\u957f\u817f\u6b63\u59b9\u8857\u8fb9\u968f\u62cd\uff0c\u50b2\u4eba\u8eab\u6750\u900f\u9732\u975e\u51e1\u81ea\u4fe1","href":"http:\/\/www.meizitu.com\/a\/4527.html","pic_list":["http:\/\/mm.howkuai.com\/wp-content\/uploads\/2014a\/10\/14\/01.jpg","http:\/\/mm.howkuai.com\/wp-content\/uploads\/2014a\/10\/14\/02.jpg","http:\/\/mm.howkuai.com\/wp-content\/uploads\/2014a\/10\/14\/03.jpg","http:\/\/mm.howkuai.com\/wp-content\/uploads\/2014a\/10\/14\/04.jpg","http:\/\/mm.howkuai.com\/wp-content\/uploads\/2014a\/10\/14\/05.jpg","http:\/\/mm.howkuai.com\/wp-content\/uploads\/2014a\/10\/14\/06.jpg"]},{"plaintext":"2014CJ \u5b85\u7537\u798f\u5229\uff0c\u7f8e\u56fe\u6b23\u8d4f","href":"http:\/\/www.meizitu.com\/a\/4420.html","pic_list":["http:\/\/mm.howkuai.com\/wp-content\/uploads\/2014a\/08\/34\/01.jpg","http:\/\/mm.howkuai.com\/wp-content\/uploads\/2014a\/08\/34\/02.jpg","http:\/\/mm.howkuai.com\/wp-content\/uploads\/2014a\/08\/34\/03.jpg","http:\/\/mm.howkuai.com\/wp-content\/uploads\/2014a\/08\/34\/04.jpg","http:\/\/mm.howkuai.com\/wp-content\/uploads\/2014a\/08\/34\/05.jpg","http:\/\/mm.howkuai.com\/wp-content\/uploads\/2014a\/08\/34\/06.jpg","http:\/\/mm.howkuai.com\/wp-content\/uploads\/2014a\/08\/34\/07.jpg","http:\/\/mm.howkuai.com\/wp-content\/uploads\/2014a\/08\/34\/08.jpg","http:\/\/mm.howkuai.com\/wp-content\/uploads\/2014a\/08\/34\/09.jpg","http:\/\/mm.howkuai.com\/wp-content\/uploads\/2014a\/08\/34\/10.jpg","http:\/\/mm.howkuai.com\/wp-content\/uploads\/2014a\/08\/34\/11.jpg","http:\/\/mm.howkuai.com\/wp-content\/uploads\/2014a\/08\/34\/12.jpg","http:\/\/mm.howkuai.com\/wp-content\/uploads\/2014a\/08\/34\/13.jpg","http:\/\/mm.howkuai.com\/wp-content\/uploads\/2014a\/08\/34\/14.jpg","http:\/\/mm.howkuai.com\/wp-content\/uploads\/2014a\/08\/34\/15.jpg"]},{"plaintext":"\u840c\u59b9\u5b50\uff0c\u53ef\u7231\u5c0f\u5b66\u59b9\u7684\u81ea\u62cd\u7167","href":"http:\/\/www.meizitu.com\/a\/4418.html","pic_list":["http:\/\/mm.howkuai.com\/wp-content\/uploads\/2014a\/08\/32\/01.jpg","http:\/\/mm.howkuai.com\/wp-content\/uploads\/2014a\/08\/32\/02.jpg","http:\/\/mm.howkuai.com\/wp-content\/uploads\/2014a\/08\/32\/03.jpg","http:\/\/mm.howkuai.com\/wp-content\/uploads\/2014a\/08\/32\/04.jpg","http:\/\/mm.howkuai.com\/wp-content\/uploads\/2014a\/08\/32\/05.jpg","http:\/\/mm.howkuai.com\/wp-content\/uploads\/2014a\/08\/32\/06.jpg","http:\/\/mm.howkuai.com\/wp-content\/uploads\/2014a\/08\/32\/07.jpg"]},{"plaintext":"\u6027\u611f\u7f8e\u7709\u5434\u9759\u6021\uff0c\u6cf3\u6c60\u8fb9\u5c55\u73b0\u8ff7\u4eba\u7b11\u5bb9","href":"http:\/\/www.meizitu.com\/a\/4408.html","pic_list":["http:\/\/mm.howkuai.com\/wp-content\/uploads\/2014a\/08\/22\/01.jpg","http:\/\/mm.howkuai.com\/wp-content\/uploads\/2014a\/08\/22\/02.jpg","http:\/\/mm.howkuai.com\/wp-content\/uploads\/2014a\/08\/22\/03.jpg","http:\/\/mm.howkuai.com\/wp-content\/uploads\/2014a\/08\/22\/04.jpg","http:\/\/mm.howkuai.com\/wp-content\/uploads\/2014a\/08\/22\/05.jpg","http:\/\/mm.howkuai.com\/wp-content\/uploads\/2014a\/08\/22\/06.jpg"]},{"plaintext":"\u74dc\u5b50\u8138\u7f8e\u7709\uff0c\u51b0\u808c\u96ea\u4e73\u7684\u79c1\u623f\u5199\u771f","href":"http:\/\/www.meizitu.com\/a\/4406.html","pic_list":["http:\/\/mm.howkuai.com\/wp-content\/uploads\/2014a\/08\/20\/01.jpg","http:\/\/mm.howkuai.com\/wp-content\/uploads\/2014a\/08\/20\/02.jpg","http:\/\/mm.howkuai.com\/wp-content\/uploads\/2014a\/08\/20\/03.jpg","http:\/\/mm.howkuai.com\/wp-content\/uploads\/2014a\/08\/20\/04.jpg","http:\/\/mm.howkuai.com\/wp-content\/uploads\/2014a\/08\/20\/05.jpg","http:\/\/mm.howkuai.com\/wp-content\/uploads\/2014a\/08\/20\/06.jpg"]},{"plaintext":"Chinajoy2014\u6e05\u7eaf\u7f8e\u5973\u5927\u5934\u5408\u96c6","href":"http:\/\/www.meizitu.com\/a\/4405.html","pic_list":["http:\/\/mm.howkuai.com\/wp-content\/uploads\/2014a\/08\/19\/01.jpg","http:\/\/mm.howkuai.com\/wp-content\/uploads\/2014a\/08\/19\/02.jpg","http:\/\/mm.howkuai.com\/wp-content\/uploads\/2014a\/08\/19\/03.jpg","http:\/\/mm.howkuai.com\/wp-content\/uploads\/2014a\/08\/19\/04.jpg","http:\/\/mm.howkuai.com\/wp-content\/uploads\/2014a\/08\/19\/05.jpg","http:\/\/mm.howkuai.com\/wp-content\/uploads\/2014a\/08\/19\/06.jpg","http:\/\/mm.howkuai.com\/wp-content\/uploads\/2014a\/08\/19\/07.jpg","http:\/\/mm.howkuai.com\/wp-content\/uploads\/2014a\/08\/19\/08.jpg","http:\/\/mm.howkuai.com\/wp-content\/uploads\/2014a\/08\/19\/09.jpg","http:\/\/mm.howkuai.com\/wp-content\/uploads\/2014a\/08\/19\/10.jpg"]},{"plaintext":"\u591c\u6708\u6df1\uff0c\u601d\u7eea\u4e07\u5343\uff0c\u6726\u80e7\u7684\u59a9\u5a9a\u7f8e\u5973","href":"http:\/\/www.meizitu.com\/a\/4404.html","pic_list":["http:\/\/mm.howkuai.com\/wp-content\/uploads\/2014a\/08\/18\/01.jpg","http:\/\/mm.howkuai.com\/wp-content\/uploads\/2014a\/08\/18\/02.jpg","http:\/\/mm.howkuai.com\/wp-content\/uploads\/2014a\/08\/18\/03.jpg","http:\/\/mm.howkuai.com\/wp-content\/uploads\/2014a\/08\/18\/04.jpg","http:\/\/mm.howkuai.com\/wp-content\/uploads\/2014a\/08\/18\/05.jpg","http:\/\/mm.howkuai.com\/wp-content\/uploads\/2014a\/08\/18\/06.jpg"]},{"plaintext":"\u98ce\u82b1\u96ea\u6708\uff0cchina girl\u5236\u670d\u7ec4","href":"http:\/\/www.meizitu.com\/a\/4286.html","pic_list":["http:\/\/mm.howkuai.com\/wp-content\/uploads\/2014a\/06\/38\/01.jpg","http:\/\/mm.howkuai.com\/wp-content\/uploads\/2014a\/06\/38\/02.jpg","http:\/\/mm.howkuai.com\/wp-content\/uploads\/2014a\/06\/38\/03.jpg","http:\/\/mm.howkuai.com\/wp-content\/uploads\/2014a\/06\/38\/04.jpg","http:\/\/mm.howkuai.com\/wp-content\/uploads\/2014a\/06\/38\/05.jpg","http:\/\/mm.howkuai.com\/wp-content\/uploads\/2014a\/06\/38\/06.jpg"]},{"plaintext":"\u5fc3\u788e\u4e86\u5c31\u6df1\u547c\u5438\uff0c\u6027\u611f\u4f73\u4eba\u5ba4\u5185\u5c0f\u79c1\u623f","href":"http:\/\/www.meizitu.com\/a\/4267.html","pic_list":["http:\/\/mm.howkuai.com\/wp-content\/uploads\/2014a\/06\/19\/01.jpg","http:\/\/mm.howkuai.com\/wp-content\/uploads\/2014a\/06\/19\/02.jpg","http:\/\/mm.howkuai.com\/wp-content\/uploads\/2014a\/06\/19\/03.jpg","http:\/\/mm.howkuai.com\/wp-content\/uploads\/2014a\/06\/19\/04.jpg","http:\/\/mm.howkuai.com\/wp-content\/uploads\/2014a\/06\/19\/05.jpg","http:\/\/mm.howkuai.com\/wp-content\/uploads\/2014a\/06\/19\/06.jpg","http:\/\/mm.howkuai.com\/wp-content\/uploads\/2014a\/06\/19\/07.jpg","http:\/\/mm.howkuai.com\/wp-content\/uploads\/2014a\/06\/19\/08.jpg"]},{"plaintext":"\u7f8e\u8273\u7684\u753b\u9762\uff0c\u90a3\u4e9b\u6027\u611f\u7684\u4eba\u513f\uff08\u4e09\uff09","href":"http:\/\/www.meizitu.com\/a\/4265.html","pic_list":["http:\/\/mm.howkuai.com\/wp-content\/uploads\/2014a\/06\/17\/01.jpg","http:\/\/mm.howkuai.com\/wp-content\/uploads\/2014a\/06\/17\/02.jpg","http:\/\/mm.howkuai.com\/wp-content\/uploads\/2014a\/06\/17\/03.jpg","http:\/\/mm.howkuai.com\/wp-content\/uploads\/2014a\/06\/17\/04.jpg","http:\/\/mm.howkuai.com\/wp-content\/uploads\/2014a\/06\/17\/05.jpg","http:\/\/mm.howkuai.com\/wp-content\/uploads\/2014a\/06\/17\/06.jpg","http:\/\/mm.howkuai.com\/wp-content\/uploads\/2014a\/06\/17\/07.jpg","http:\/\/mm.howkuai.com\/wp-content\/uploads\/2014a\/06\/17\/08.jpg"]},{"plaintext":"\u6cbb\u6108\u7cfb\uff0c\u559c\u6b22\u81ea\u62cd\u7684\u6f02\u4eae\u957f\u53d1\u59b9\u5b50","href":"http:\/\/www.meizitu.com\/a\/4263.html","pic_list":["http:\/\/mm.howkuai.com\/wp-content\/uploads\/2014a\/06\/15\/01.jpg","http:\/\/mm.howkuai.com\/wp-content\/uploads\/2014a\/06\/15\/02.jpg","http:\/\/mm.howkuai.com\/wp-content\/uploads\/2014a\/06\/15\/03.jpg","http:\/\/mm.howkuai.com\/wp-content\/uploads\/2014a\/06\/15\/04.jpg","http:\/\/mm.howkuai.com\/wp-content\/uploads\/2014a\/06\/15\/05.jpg","http:\/\/mm.howkuai.com\/wp-content\/uploads\/2014a\/06\/15\/06.jpg","http:\/\/mm.howkuai.com\/wp-content\/uploads\/2014a\/06\/15\/07.jpg","http:\/\/mm.howkuai.com\/wp-content\/uploads\/2014a\/06\/15\/08.jpg","http:\/\/mm.howkuai.com\/wp-content\/uploads\/2014a\/06\/15\/09.jpg"]},{"plaintext":"\u5b85\u7537\u7684\u6700\u7231\uff0c\u9ad8\u6027\u80fdPC\u4e0e\u6027\u611f\u6a21\u7279","href":"http:\/\/www.meizitu.com\/a\/4259.html","pic_list":["http:\/\/mm.howkuai.com\/wp-content\/uploads\/2014a\/06\/11\/01.jpg","http:\/\/mm.howkuai.com\/wp-content\/uploads\/2014a\/06\/11\/02.jpg","http:\/\/mm.howkuai.com\/wp-content\/uploads\/2014a\/06\/11\/03.jpg","http:\/\/mm.howkuai.com\/wp-content\/uploads\/2014a\/06\/11\/04.jpg","http:\/\/mm.howkuai.com\/wp-content\/uploads\/2014a\/06\/11\/05.jpg","http:\/\/mm.howkuai.com\/wp-content\/uploads\/2014a\/06\/11\/06.jpg"]},{"plaintext":"\u5feb\u5e26\u6211\u56de\u5bb6\u5427\uff0c\u6027\u611f\u9165\u80f8\u5973\u4ec6\u6765\u88ad","href":"http:\/\/www.meizitu.com\/a\/4245.html","pic_list":["http:\/\/mm.howkuai.com\/wp-content\/uploads\/2014a\/05\/46\/01.jpg","http:\/\/mm.howkuai.com\/wp-content\/uploads\/2014a\/05\/46\/02.jpg","http:\/\/mm.howkuai.com\/wp-content\/uploads\/2014a\/05\/46\/03.jpg","http:\/\/mm.howkuai.com\/wp-content\/uploads\/2014a\/05\/46\/04.jpg","http:\/\/mm.howkuai.com\/wp-content\/uploads\/2014a\/05\/46\/05.jpg","http:\/\/mm.howkuai.com\/wp-content\/uploads\/2014a\/05\/46\/06.jpg"]},{"plaintext":"\u597d\u95fa\u871c\u5171\u540c\u6f14\u7ece\u6027\u611f\u62a4\u58eb","href":"http:\/\/www.meizitu.com\/a\/4225.html","pic_list":["http:\/\/mm.howkuai.com\/wp-content\/uploads\/2014a\/05\/26\/01.jpg","http:\/\/mm.howkuai.com\/wp-content\/uploads\/2014a\/05\/26\/02.jpg","http:\/\/mm.howkuai.com\/wp-content\/uploads\/2014a\/05\/26\/03.jpg","http:\/\/mm.howkuai.com\/wp-content\/uploads\/2014a\/05\/26\/04.jpg","http:\/\/mm.howkuai.com\/wp-content\/uploads\/2014a\/05\/26\/05.jpg"]},{"plaintext":"\u5236\u670d\u6b63\u59b9\uff0c\u521d\u590f\u7684\u6027\u611f\u5c0f\u62a4\u58eb","href":"http:\/\/www.meizitu.com\/a\/4213.html","pic_list":["http:\/\/mm.howkuai.com\/wp-content\/uploads\/2014a\/05\/14\/01.jpg","http:\/\/mm.howkuai.com\/wp-content\/uploads\/2014a\/05\/14\/02.jpg","http:\/\/mm.howkuai.com\/wp-content\/uploads\/2014a\/05\/14\/03.jpg","http:\/\/mm.howkuai.com\/wp-content\/uploads\/2014a\/05\/14\/04.jpg","http:\/\/mm.howkuai.com\/wp-content\/uploads\/2014a\/05\/14\/05.jpg","http:\/\/mm.howkuai.com\/wp-content\/uploads\/2014a\/05\/14\/06.jpg"]}]