[{"plaintext":"\u957f\u76f8\u751c\u7f8e\u7684\u53ef\u7231\u841d\u8389\u7eaa\u6b23\u59a4\u81ea\u62cd\u7167","href":"http:\/\/www.meizitu.com\/a\/4183.html","pic_list":["http:\/\/mm.howkuai.com\/wp-content\/uploads\/2014a\/04\/45\/01.jpg","http:\/\/mm.howkuai.com\/wp-content\/uploads\/2014a\/04\/45\/02.jpg","http:\/\/mm.howkuai.com\/wp-content\/uploads\/2014a\/04\/45\/03.jpg","http:\/\/mm.howkuai.com\/wp-content\/uploads\/2014a\/04\/45\/04.jpg","http:\/\/mm.howkuai.com\/wp-content\/uploads\/2014a\/04\/45\/05.jpg","http:\/\/mm.howkuai.com\/wp-content\/uploads\/2014a\/04\/45\/06.jpg","http:\/\/mm.howkuai.com\/wp-content\/uploads\/2014a\/04\/45\/07.jpg","http:\/\/mm.howkuai.com\/wp-content\/uploads\/2014a\/04\/45\/08.jpg","http:\/\/mm.howkuai.com\/wp-content\/uploads\/2014a\/04\/45\/09.jpg"]},{"plaintext":"\u5927\u773c\u767d\u9886\u7f8e\u5973\u77ed\u70ed\u88e4\u81ea\u62cd","href":"http:\/\/www.meizitu.com\/a\/4173.html","pic_list":["http:\/\/mm.howkuai.com\/wp-content\/uploads\/2014a\/04\/35\/01.jpg","http:\/\/mm.howkuai.com\/wp-content\/uploads\/2014a\/04\/35\/02.jpg","http:\/\/mm.howkuai.com\/wp-content\/uploads\/2014a\/04\/35\/03.jpg","http:\/\/mm.howkuai.com\/wp-content\/uploads\/2014a\/04\/35\/04.jpg","http:\/\/mm.howkuai.com\/wp-content\/uploads\/2014a\/04\/35\/05.jpg","http:\/\/mm.howkuai.com\/wp-content\/uploads\/2014a\/04\/35\/06.jpg","http:\/\/mm.howkuai.com\/wp-content\/uploads\/2014a\/04\/35\/07.jpg","http:\/\/mm.howkuai.com\/wp-content\/uploads\/2014a\/04\/35\/08.jpg","http:\/\/mm.howkuai.com\/wp-content\/uploads\/2014a\/04\/35\/09.jpg","http:\/\/mm.howkuai.com\/wp-content\/uploads\/2014a\/04\/35\/10.jpg"]},{"plaintext":"\u6ce2\u591a\u91ce\u7ed3\u8863\u5fae\u535a\u6652\u53ef\u7231\u81ea\u62cd\u7167+\u5de5\u4f5c\u7167","href":"http:\/\/www.meizitu.com\/a\/4108.html","pic_list":["http:\/\/mm.howkuai.com\/wp-content\/uploads\/2014a\/03\/37\/01.jpg","http:\/\/mm.howkuai.com\/wp-content\/uploads\/2014a\/03\/37\/02.jpg","http:\/\/mm.howkuai.com\/wp-content\/uploads\/2014a\/03\/37\/03.jpg","http:\/\/mm.howkuai.com\/wp-content\/uploads\/2014a\/03\/37\/04.jpg","http:\/\/mm.howkuai.com\/wp-content\/uploads\/2014a\/03\/37\/05.jpg","http:\/\/mm.howkuai.com\/wp-content\/uploads\/2014a\/03\/37\/06.jpg","http:\/\/mm.howkuai.com\/wp-content\/uploads\/2014a\/03\/37\/07.jpg","http:\/\/mm.howkuai.com\/wp-content\/uploads\/2014a\/03\/37\/08.jpg","http:\/\/mm.howkuai.com\/wp-content\/uploads\/2014a\/03\/37\/09.jpg"]},{"plaintext":"\u5927\u5c3a\u5ea6\u798f\u5229\u56fe\uff0c\u4e1c\u65b9\u9ad8\u6e05\u7f8e\u8272\u4e3d\u4eba","href":"http:\/\/www.meizitu.com\/a\/4031.html","pic_list":["http:\/\/mm.howkuai.com\/wp-content\/uploads\/2014a\/02\/23\/01.jpg","http:\/\/mm.howkuai.com\/wp-content\/uploads\/2014a\/02\/23\/02.jpg","http:\/\/mm.howkuai.com\/wp-content\/uploads\/2014a\/02\/23\/03.jpg","http:\/\/mm.howkuai.com\/wp-content\/uploads\/2014a\/02\/23\/04.jpg","http:\/\/mm.howkuai.com\/wp-content\/uploads\/2014a\/02\/23\/05.jpg"]},{"plaintext":"\u4e30\u6ee1\u7684\u5c45\u5bb6\u59b9\u5b50\u5728\u6d74\u7f38\u5185\u7684\u7206\u4e73\u59ff\u6001","href":"http:\/\/www.meizitu.com\/a\/4029.html","pic_list":["http:\/\/mm.howkuai.com\/wp-content\/uploads\/2014a\/02\/20\/01.jpg","http:\/\/mm.howkuai.com\/wp-content\/uploads\/2014a\/02\/20\/02.jpg","http:\/\/mm.howkuai.com\/wp-content\/uploads\/2014a\/02\/20\/03.jpg","http:\/\/mm.howkuai.com\/wp-content\/uploads\/2014a\/02\/20\/04.jpg","http:\/\/mm.howkuai.com\/wp-content\/uploads\/2014a\/02\/20\/05.jpg"]},{"plaintext":"[\u6027\u611f\u7f8e\u5973]\u90a3\u4e9b\u6027\u611f\u7684\u7f8e\u4eba\u513f","href":"http:\/\/www.meizitu.com\/a\/4027.html","pic_list":["http:\/\/mm.howkuai.com\/wp-content\/uploads\/2014a\/02\/18\/01.jpg","http:\/\/mm.howkuai.com\/wp-content\/uploads\/2014a\/02\/18\/02.jpg","http:\/\/mm.howkuai.com\/wp-content\/uploads\/2014a\/02\/18\/03.jpg","http:\/\/mm.howkuai.com\/wp-content\/uploads\/2014a\/02\/18\/04.jpg","http:\/\/mm.howkuai.com\/wp-content\/uploads\/2014a\/02\/18\/05.jpg","http:\/\/mm.howkuai.com\/wp-content\/uploads\/2014a\/02\/18\/06.jpg","http:\/\/mm.howkuai.com\/wp-content\/uploads\/2014a\/02\/18\/07.jpg","http:\/\/mm.howkuai.com\/wp-content\/uploads\/2014a\/02\/18\/08.jpg"]},{"plaintext":"\u91ce\u6027\u8c79\u7eb9\u5996\u5a06\u4e30\u76c8\u7f8e\u5973\u5750\u62e5\u5954\u9a70","href":"http:\/\/www.meizitu.com\/a\/4026.html","pic_list":["http:\/\/mm.howkuai.com\/wp-content\/uploads\/2014a\/02\/17\/01.jpg","http:\/\/mm.howkuai.com\/wp-content\/uploads\/2014a\/02\/17\/02.jpg","http:\/\/mm.howkuai.com\/wp-content\/uploads\/2014a\/02\/17\/03.jpg","http:\/\/mm.howkuai.com\/wp-content\/uploads\/2014a\/02\/17\/04.jpg","http:\/\/mm.howkuai.com\/wp-content\/uploads\/2014a\/02\/17\/05.jpg","http:\/\/mm.howkuai.com\/wp-content\/uploads\/2014a\/02\/17\/06.jpg","http:\/\/mm.howkuai.com\/wp-content\/uploads\/2014a\/02\/17\/07.jpg"]},{"plaintext":"\u5f53\u8863\u88f3\u5c3d\u88c2\uff0c\u72c2\u91ce\u5c0f\u79c1\u623f","href":"http:\/\/www.meizitu.com\/a\/4024.html","pic_list":["http:\/\/mm.howkuai.com\/wp-content\/uploads\/2014a\/02\/15\/01.jpg","http:\/\/mm.howkuai.com\/wp-content\/uploads\/2014a\/02\/15\/02.jpg","http:\/\/mm.howkuai.com\/wp-content\/uploads\/2014a\/02\/15\/03.jpg","http:\/\/mm.howkuai.com\/wp-content\/uploads\/2014a\/02\/15\/04.jpg"]},{"plaintext":"\u7a88\u7a95\u7761\u7f8e\u4eba\u5c3d\u663e\u59a9\u5a9a\u59ff\u6001","href":"http:\/\/www.meizitu.com\/a\/4013.html","pic_list":["http:\/\/mm.howkuai.com\/wp-content\/uploads\/2014a\/02\/04\/01.jpg","http:\/\/mm.howkuai.com\/wp-content\/uploads\/2014a\/02\/04\/02.jpg","http:\/\/mm.howkuai.com\/wp-content\/uploads\/2014a\/02\/04\/03.jpg","http:\/\/mm.howkuai.com\/wp-content\/uploads\/2014a\/02\/04\/04.jpg"]},{"plaintext":"\u65e0\u7455\u7cbe\u81f4\u7f8e\u80cc\u7684\u64a9\u4eba\u7f8e\u5973","href":"http:\/\/www.meizitu.com\/a\/4012.html","pic_list":["http:\/\/mm.howkuai.com\/wp-content\/uploads\/2014a\/02\/03\/01.jpg","http:\/\/mm.howkuai.com\/wp-content\/uploads\/2014a\/02\/03\/02.jpg","http:\/\/mm.howkuai.com\/wp-content\/uploads\/2014a\/02\/03\/03.jpg","http:\/\/mm.howkuai.com\/wp-content\/uploads\/2014a\/02\/03\/04.jpg","http:\/\/mm.howkuai.com\/wp-content\/uploads\/2014a\/02\/03\/05.jpg","http:\/\/mm.howkuai.com\/wp-content\/uploads\/2014a\/02\/03\/06.jpg","http:\/\/mm.howkuai.com\/wp-content\/uploads\/2014a\/02\/03\/07.jpg","http:\/\/mm.howkuai.com\/wp-content\/uploads\/2014a\/02\/03\/08.jpg"]},{"plaintext":"\u65b0\u5e74\u798f\u5229\uff0c\u7f8e\u81c0\u7684\u8bf1\u60d1","href":"http:\/\/www.meizitu.com\/a\/4009.html","pic_list":["http:\/\/mm.howkuai.com\/wp-content\/uploads\/2014a\/01\/71\/01.jpg","http:\/\/mm.howkuai.com\/wp-content\/uploads\/2014a\/01\/71\/02.jpg","http:\/\/mm.howkuai.com\/wp-content\/uploads\/2014a\/01\/71\/03.jpg","http:\/\/mm.howkuai.com\/wp-content\/uploads\/2014a\/01\/71\/04.jpg","http:\/\/mm.howkuai.com\/wp-content\/uploads\/2014a\/01\/71\/05.jpg","http:\/\/mm.howkuai.com\/wp-content\/uploads\/2014a\/01\/71\/06.jpg","http:\/\/mm.howkuai.com\/wp-content\/uploads\/2014a\/01\/71\/07.jpg","http:\/\/mm.howkuai.com\/wp-content\/uploads\/2014a\/01\/71\/08.jpg","http:\/\/mm.howkuai.com\/wp-content\/uploads\/2014a\/01\/71\/09.jpg","http:\/\/mm.howkuai.com\/wp-content\/uploads\/2014a\/01\/71\/10.jpg"]},{"plaintext":"\u56fd\u5185\u8d85\u6a21\u827e\u5c1a\u771f\u9a6c\u5e74\u8d3a\u5c81\u5199\u771f\uff0c\u606d\u795d\u5927\u5bb6\u9a6c\u5e74\u5409\u7965","href":"http:\/\/www.meizitu.com\/a\/4004.html","pic_list":["http:\/\/mm.howkuai.com\/wp-content\/uploads\/2014a\/01\/68\/01.jpg","http:\/\/mm.howkuai.com\/wp-content\/uploads\/2014a\/01\/68\/02.jpg","http:\/\/mm.howkuai.com\/wp-content\/uploads\/2014a\/01\/68\/03.jpg","http:\/\/mm.howkuai.com\/wp-content\/uploads\/2014a\/01\/68\/04.jpg","http:\/\/mm.howkuai.com\/wp-content\/uploads\/2014a\/01\/68\/05.jpg","http:\/\/mm.howkuai.com\/wp-content\/uploads\/2014a\/01\/68\/06.jpg","http:\/\/mm.howkuai.com\/wp-content\/uploads\/2014a\/01\/68\/07.jpg","http:\/\/mm.howkuai.com\/wp-content\/uploads\/2014a\/01\/68\/08.jpg","http:\/\/mm.howkuai.com\/wp-content\/uploads\/2014a\/01\/68\/09.jpg","http:\/\/mm.howkuai.com\/wp-content\/uploads\/2014a\/01\/68\/10.jpg","http:\/\/mm.howkuai.com\/wp-content\/uploads\/2014a\/01\/68\/11.jpg","http:\/\/mm.howkuai.com\/wp-content\/uploads\/2014a\/01\/68\/12.jpg"]},{"plaintext":"\u64b8\u70b9\u56fe\uff0c\u6027\u611f\u540d\u6a21\u5f90\u53ef\u5927\u5c3a\u5ea6\u7fd8\u81c0\u8bf1\u60d1","href":"http:\/\/www.meizitu.com\/a\/4003.html","pic_list":["http:\/\/mm.howkuai.com\/wp-content\/uploads\/2014a\/01\/67\/01.jpg","http:\/\/mm.howkuai.com\/wp-content\/uploads\/2014a\/01\/67\/02.jpg","http:\/\/mm.howkuai.com\/wp-content\/uploads\/2014a\/01\/67\/03.jpg","http:\/\/mm.howkuai.com\/wp-content\/uploads\/2014a\/01\/67\/04.jpg","http:\/\/mm.howkuai.com\/wp-content\/uploads\/2014a\/01\/67\/05.jpg","http:\/\/mm.howkuai.com\/wp-content\/uploads\/2014a\/01\/67\/06.jpg","http:\/\/mm.howkuai.com\/wp-content\/uploads\/2014a\/01\/67\/07.jpg","http:\/\/mm.howkuai.com\/wp-content\/uploads\/2014a\/01\/67\/08.jpg","http:\/\/mm.howkuai.com\/wp-content\/uploads\/2014a\/01\/67\/09.jpg"]},{"plaintext":"\u4e8e\u5927\u5c0f\u59d0AYU\u7684\u65b0\u5e74\u798f\u5229\u79c0","href":"http:\/\/www.meizitu.com\/a\/4002.html","pic_list":["http:\/\/mm.howkuai.com\/wp-content\/uploads\/2014a\/01\/66\/01.jpg","http:\/\/mm.howkuai.com\/wp-content\/uploads\/2014a\/01\/66\/02.jpg","http:\/\/mm.howkuai.com\/wp-content\/uploads\/2014a\/01\/66\/03.jpg","http:\/\/mm.howkuai.com\/wp-content\/uploads\/2014a\/01\/66\/04.jpg","http:\/\/mm.howkuai.com\/wp-content\/uploads\/2014a\/01\/66\/05.jpg","http:\/\/mm.howkuai.com\/wp-content\/uploads\/2014a\/01\/66\/06.jpg","http:\/\/mm.howkuai.com\/wp-content\/uploads\/2014a\/01\/66\/07.jpg","http:\/\/mm.howkuai.com\/wp-content\/uploads\/2014a\/01\/66\/08.jpg","http:\/\/mm.howkuai.com\/wp-content\/uploads\/2014a\/01\/66\/09.jpg"]},{"plaintext":"90\u540e\u5927\u773c\u7f8e\u7709\u81ea\u66dd\u751f\u6d3b\u7167","href":"http:\/\/www.meizitu.com\/a\/3960.html","pic_list":["http:\/\/mm.howkuai.com\/wp-content\/uploads\/2014a\/01\/27\/01.jpg","http:\/\/mm.howkuai.com\/wp-content\/uploads\/2014a\/01\/27\/02.jpg","http:\/\/mm.howkuai.com\/wp-content\/uploads\/2014a\/01\/27\/03.jpg","http:\/\/mm.howkuai.com\/wp-content\/uploads\/2014a\/01\/27\/04.jpg","http:\/\/mm.howkuai.com\/wp-content\/uploads\/2014a\/01\/27\/05.jpg","http:\/\/mm.howkuai.com\/wp-content\/uploads\/2014a\/01\/27\/06.jpg","http:\/\/mm.howkuai.com\/wp-content\/uploads\/2014a\/01\/27\/07.jpg","http:\/\/mm.howkuai.com\/wp-content\/uploads\/2014a\/01\/27\/08.jpg"]},{"plaintext":"\u6f02\u4eae\u7684\u7f8e\u7709\u5728\u91d1\u8272\u7684\u5348\u540e","href":"http:\/\/www.meizitu.com\/a\/3933.html","pic_list":["http:\/\/mm.howkuai.com\/wp-content\/uploads\/2013a\/12\/69\/01.jpg","http:\/\/mm.howkuai.com\/wp-content\/uploads\/2013a\/12\/69\/02.jpg","http:\/\/mm.howkuai.com\/wp-content\/uploads\/2013a\/12\/69\/03.jpg","http:\/\/mm.howkuai.com\/wp-content\/uploads\/2013a\/12\/69\/04.jpg","http:\/\/mm.howkuai.com\/wp-content\/uploads\/2013a\/12\/69\/05.jpg","http:\/\/mm.howkuai.com\/wp-content\/uploads\/2013a\/12\/69\/06.jpg"]},{"plaintext":"\u5723\u8bde\u591c\u4f17\u7f8e\u5973\u9f50\u9f50\u4e0a\u9635\u9999\u8273\u593a\u76ee","href":"http:\/\/www.meizitu.com\/a\/3919.html","pic_list":["http:\/\/mm.howkuai.com\/wp-content\/uploads\/2013a\/12\/55\/01.jpg","http:\/\/mm.howkuai.com\/wp-content\/uploads\/2013a\/12\/55\/02.jpg","http:\/\/mm.howkuai.com\/wp-content\/uploads\/2013a\/12\/55\/03.jpg","http:\/\/mm.howkuai.com\/wp-content\/uploads\/2013a\/12\/55\/04.jpg","http:\/\/mm.howkuai.com\/wp-content\/uploads\/2013a\/12\/55\/05.jpg","http:\/\/mm.howkuai.com\/wp-content\/uploads\/2013a\/12\/55\/06.jpg","http:\/\/mm.howkuai.com\/wp-content\/uploads\/2013a\/12\/55\/07.jpg","http:\/\/mm.howkuai.com\/wp-content\/uploads\/2013a\/12\/55\/08.jpg","http:\/\/mm.howkuai.com\/wp-content\/uploads\/2013a\/12\/55\/09.jpg","http:\/\/mm.howkuai.com\/wp-content\/uploads\/2013a\/12\/55\/10.jpg","http:\/\/mm.howkuai.com\/wp-content\/uploads\/2013a\/12\/55\/11.jpg","http:\/\/mm.howkuai.com\/wp-content\/uploads\/2013a\/12\/55\/12.jpg","http:\/\/mm.howkuai.com\/wp-content\/uploads\/2013a\/12\/55\/13.jpg"]},{"plaintext":"\u540d\u6a21\u5723\u8bde\u8282\u9001\u4e0a\u6027\u611f\u7fd8\u81c0","href":"http:\/\/www.meizitu.com\/a\/3918.html","pic_list":["http:\/\/mm.howkuai.com\/wp-content\/uploads\/2013a\/12\/54\/01.jpg","http:\/\/mm.howkuai.com\/wp-content\/uploads\/2013a\/12\/54\/02.jpg","http:\/\/mm.howkuai.com\/wp-content\/uploads\/2013a\/12\/54\/03.jpg","http:\/\/mm.howkuai.com\/wp-content\/uploads\/2013a\/12\/54\/04.jpg","http:\/\/mm.howkuai.com\/wp-content\/uploads\/2013a\/12\/54\/05.jpg","http:\/\/mm.howkuai.com\/wp-content\/uploads\/2013a\/12\/54\/06.jpg","http:\/\/mm.howkuai.com\/wp-content\/uploads\/2013a\/12\/54\/07.jpg","http:\/\/mm.howkuai.com\/wp-content\/uploads\/2013a\/12\/54\/08.jpg"]},{"plaintext":"\u6027\u611f\u5e73\u5b89\u591c!\u5723\u8bde\u5c24\u7269\u9ece\u4f73\u94b0","href":"http:\/\/www.meizitu.com\/a\/3916.html","pic_list":["http:\/\/mm.howkuai.com\/wp-content\/uploads\/2013a\/12\/52\/01.jpg","http:\/\/mm.howkuai.com\/wp-content\/uploads\/2013a\/12\/52\/02.jpg","http:\/\/mm.howkuai.com\/wp-content\/uploads\/2013a\/12\/52\/03.jpg","http:\/\/mm.howkuai.com\/wp-content\/uploads\/2013a\/12\/52\/04.jpg","http:\/\/mm.howkuai.com\/wp-content\/uploads\/2013a\/12\/52\/05.jpg","http:\/\/mm.howkuai.com\/wp-content\/uploads\/2013a\/12\/52\/06.jpg","http:\/\/mm.howkuai.com\/wp-content\/uploads\/2013a\/12\/52\/07.jpg","http:\/\/mm.howkuai.com\/wp-content\/uploads\/2013a\/12\/52\/08.jpg"]},{"plaintext":"\u6c14\u8d28\u8eab\u6750\u4ff1\u4f73\u7684\u4fcf\u7f8e\u4eba\u8857\u62cd","href":"http:\/\/www.meizitu.com\/a\/3897.html","pic_list":["http:\/\/mm.howkuai.com\/wp-content\/uploads\/2013a\/12\/33\/01.jpg","http:\/\/mm.howkuai.com\/wp-content\/uploads\/2013a\/12\/33\/02.jpg","http:\/\/mm.howkuai.com\/wp-content\/uploads\/2013a\/12\/33\/03.jpg","http:\/\/mm.howkuai.com\/wp-content\/uploads\/2013a\/12\/33\/04.jpg","http:\/\/mm.howkuai.com\/wp-content\/uploads\/2013a\/12\/33\/05.jpg","http:\/\/mm.howkuai.com\/wp-content\/uploads\/2013a\/12\/33\/06.jpg"]},{"plaintext":"\u53ef\u7231\u4fcf\u76ae\u5ae9\u841d\u8389cosplay","href":"http:\/\/www.meizitu.com\/a\/3854.html","pic_list":["http:\/\/mm.howkuai.com\/wp-content\/uploads\/2013a\/11\/68\/01.jpg","http:\/\/mm.howkuai.com\/wp-content\/uploads\/2013a\/11\/68\/02.jpg","http:\/\/mm.howkuai.com\/wp-content\/uploads\/2013a\/11\/68\/03.jpg","http:\/\/mm.howkuai.com\/wp-content\/uploads\/2013a\/11\/68\/04.jpg","http:\/\/mm.howkuai.com\/wp-content\/uploads\/2013a\/11\/68\/05.jpg","http:\/\/mm.howkuai.com\/wp-content\/uploads\/2013a\/11\/68\/06.jpg"]},{"plaintext":"\u5f88\u6709\u6c14\u8d28\u7684\u4e00\u4e2a\u90bb\u5bb6\u5973\u5b69\u8857\u62cd","href":"http:\/\/www.meizitu.com\/a\/3833.html","pic_list":["http:\/\/mm.howkuai.com\/wp-content\/uploads\/2013a\/11\/48\/01.jpg","http:\/\/mm.howkuai.com\/wp-content\/uploads\/2013a\/11\/48\/02.jpg","http:\/\/mm.howkuai.com\/wp-content\/uploads\/2013a\/11\/48\/03.jpg","http:\/\/mm.howkuai.com\/wp-content\/uploads\/2013a\/11\/48\/04.jpg","http:\/\/mm.howkuai.com\/wp-content\/uploads\/2013a\/11\/48\/05.jpg","http:\/\/mm.howkuai.com\/wp-content\/uploads\/2013a\/11\/48\/06.jpg"]},{"plaintext":"\u6f2b\u753b\u7f8e\u5973\u822c\u7684\u8272\u5f69\uff0c\u7f8e\u7f8e\u7684kiko","href":"http:\/\/www.meizitu.com\/a\/3804.html","pic_list":["http:\/\/mm.howkuai.com\/wp-content\/uploads\/2013a\/11\/19\/01.jpg","http:\/\/mm.howkuai.com\/wp-content\/uploads\/2013a\/11\/19\/02.jpg","http:\/\/mm.howkuai.com\/wp-content\/uploads\/2013a\/11\/19\/03.jpg","http:\/\/mm.howkuai.com\/wp-content\/uploads\/2013a\/11\/19\/04.jpg"]},{"plaintext":"\u798f\u5229\u6765\u4e86\uff0crose\u5199\u771f\u5927\u653e\u9001","href":"http:\/\/www.meizitu.com\/a\/3803.html","pic_list":["http:\/\/mm.howkuai.com\/wp-content\/uploads\/2013a\/11\/18\/01.jpg","http:\/\/mm.howkuai.com\/wp-content\/uploads\/2013a\/11\/18\/02.jpg","http:\/\/mm.howkuai.com\/wp-content\/uploads\/2013a\/11\/18\/03.jpg","http:\/\/mm.howkuai.com\/wp-content\/uploads\/2013a\/11\/18\/04.jpg"]},{"plaintext":"\u53d1\u51e0\u7ec4\u6027\u611f\u7f8e\u5973","href":"http:\/\/www.meizitu.com\/a\/3800.html","pic_list":["http:\/\/mm.howkuai.com\/wp-content\/uploads\/2013a\/11\/15\/01.jpg","http:\/\/mm.howkuai.com\/wp-content\/uploads\/2013a\/11\/15\/02.jpg","http:\/\/mm.howkuai.com\/wp-content\/uploads\/2013a\/11\/15\/03.jpg","http:\/\/mm.howkuai.com\/wp-content\/uploads\/2013a\/11\/15\/04.jpg","http:\/\/mm.howkuai.com\/wp-content\/uploads\/2013a\/11\/15\/05.jpg","http:\/\/mm.howkuai.com\/wp-content\/uploads\/2013a\/11\/15\/06.jpg","http:\/\/mm.howkuai.com\/wp-content\/uploads\/2013a\/11\/15\/07.jpg","http:\/\/mm.howkuai.com\/wp-content\/uploads\/2013a\/11\/15\/08.jpg"]},{"plaintext":"\u8499\u773c\u7684\u6311\u9017\uff0c\u767d\u8272\u857e\u4e1d\u7f8e\u5973\u8bf1\u60d1","href":"http:\/\/www.meizitu.com\/a\/3796.html","pic_list":["http:\/\/mm.howkuai.com\/wp-content\/uploads\/2013a\/11\/11\/01.jpg","http:\/\/mm.howkuai.com\/wp-content\/uploads\/2013a\/11\/11\/02.jpg","http:\/\/mm.howkuai.com\/wp-content\/uploads\/2013a\/11\/11\/03.jpg","http:\/\/mm.howkuai.com\/wp-content\/uploads\/2013a\/11\/11\/04.jpg","http:\/\/mm.howkuai.com\/wp-content\/uploads\/2013a\/11\/11\/05.jpg","http:\/\/mm.howkuai.com\/wp-content\/uploads\/2013a\/11\/11\/06.jpg","http:\/\/mm.howkuai.com\/wp-content\/uploads\/2013a\/11\/11\/07.jpg"]},{"plaintext":"[\u79c1\u623f\u7167]\u767d\u886c\u8863\u7684\u8bf1\u60d1","href":"http:\/\/www.meizitu.com\/a\/3794.html","pic_list":["http:\/\/mm.howkuai.com\/wp-content\/uploads\/2013a\/11\/09\/01.jpg","http:\/\/mm.howkuai.com\/wp-content\/uploads\/2013a\/11\/09\/02.jpg","http:\/\/mm.howkuai.com\/wp-content\/uploads\/2013a\/11\/09\/03.jpg","http:\/\/mm.howkuai.com\/wp-content\/uploads\/2013a\/11\/09\/04.jpg","http:\/\/mm.howkuai.com\/wp-content\/uploads\/2013a\/11\/09\/05.jpg"]},{"plaintext":"\u6ce2\u6d9b\u6c79\u6d8c\u9b45\u60d1\u4f17\u751f","href":"http:\/\/www.meizitu.com\/a\/3793.html","pic_list":["http:\/\/mm.howkuai.com\/wp-content\/uploads\/2013a\/11\/08\/01.jpg","http:\/\/mm.howkuai.com\/wp-content\/uploads\/2013a\/11\/08\/02.jpg","http:\/\/mm.howkuai.com\/wp-content\/uploads\/2013a\/11\/08\/03.jpg","http:\/\/mm.howkuai.com\/wp-content\/uploads\/2013a\/11\/08\/04.jpg","http:\/\/mm.howkuai.com\/wp-content\/uploads\/2013a\/11\/08\/05.jpg"]},{"plaintext":"\u7f51\u535a\u4f1a\u7684\u4e00\u4f17\u5c0f\u7f8e\u5973","href":"http:\/\/www.meizitu.com\/a\/3792.html","pic_list":["http:\/\/mm.howkuai.com\/wp-content\/uploads\/2013a\/11\/07\/01.jpg","http:\/\/mm.howkuai.com\/wp-content\/uploads\/2013a\/11\/07\/02.jpg","http:\/\/mm.howkuai.com\/wp-content\/uploads\/2013a\/11\/07\/03.jpg","http:\/\/mm.howkuai.com\/wp-content\/uploads\/2013a\/11\/07\/04.jpg","http:\/\/mm.howkuai.com\/wp-content\/uploads\/2013a\/11\/07\/05.jpg","http:\/\/mm.howkuai.com\/wp-content\/uploads\/2013a\/11\/07\/06.jpg"]},{"plaintext":"CJ2013\u4e0a\u7684\u59b9\u5b50\u82b1\u7d6e","href":"http:\/\/www.meizitu.com\/a\/3785.html","pic_list":["http:\/\/mm.howkuai.com\/wp-content\/uploads\/2013a\/10\/65\/01.jpg","http:\/\/mm.howkuai.com\/wp-content\/uploads\/2013a\/10\/65\/02.jpg","http:\/\/mm.howkuai.com\/wp-content\/uploads\/2013a\/10\/65\/03.jpg","http:\/\/mm.howkuai.com\/wp-content\/uploads\/2013a\/10\/65\/04.jpg","http:\/\/mm.howkuai.com\/wp-content\/uploads\/2013a\/10\/65\/05.jpg","http:\/\/mm.howkuai.com\/wp-content\/uploads\/2013a\/10\/65\/06.jpg","http:\/\/mm.howkuai.com\/wp-content\/uploads\/2013a\/10\/65\/07.jpg"]}]