[{"plaintext":"\u5468\u672b\u798f\u5229\u56fe,\u7f8e\u81c0\u7f8e\u5973\u7cfb\u5217\uff08\u56db\uff09","href":"http:\/\/www.meizitu.com\/a\/5014.html","pic_list":["http:\/\/mm.howkuai.com\/wp-content\/uploads\/2015a\/06\/07\/01.jpg","http:\/\/mm.howkuai.com\/wp-content\/uploads\/2015a\/06\/07\/02.jpg","http:\/\/mm.howkuai.com\/wp-content\/uploads\/2015a\/06\/07\/03.jpg","http:\/\/mm.howkuai.com\/wp-content\/uploads\/2015a\/06\/07\/04.jpg","http:\/\/mm.howkuai.com\/wp-content\/uploads\/2015a\/06\/07\/05.jpg","http:\/\/mm.howkuai.com\/wp-content\/uploads\/2015a\/06\/07\/06.jpg","http:\/\/mm.howkuai.com\/wp-content\/uploads\/2015a\/06\/07\/07.jpg","http:\/\/mm.howkuai.com\/wp-content\/uploads\/2015a\/06\/07\/08.jpg","http:\/\/mm.howkuai.com\/wp-content\/uploads\/2015a\/06\/07\/09.jpg"]},{"plaintext":"\u9ed1\u6697\u7cfb\uff0c\u9893\u5e9f\u4eba\u4f53\u827a\u672f\u5199\u771f","href":"http:\/\/www.meizitu.com\/a\/5012.html","pic_list":["http:\/\/mm.howkuai.com\/wp-content\/uploads\/2015a\/06\/05\/01.jpg","http:\/\/mm.howkuai.com\/wp-content\/uploads\/2015a\/06\/05\/02.jpg","http:\/\/mm.howkuai.com\/wp-content\/uploads\/2015a\/06\/05\/03.jpg","http:\/\/mm.howkuai.com\/wp-content\/uploads\/2015a\/06\/05\/04.jpg","http:\/\/mm.howkuai.com\/wp-content\/uploads\/2015a\/06\/05\/05.jpg"]},{"plaintext":"\u5929\u53f0\u6700\u9ad8\u5904\u671b\u4f60\u4e00\u773c,\u8ff7\u604b\u4f60\u7684\u9752\u6625\u6d3b\u529b","href":"http:\/\/www.meizitu.com\/a\/5010.html","pic_list":["http:\/\/mm.howkuai.com\/wp-content\/uploads\/2015a\/06\/03\/01.jpg","http:\/\/mm.howkuai.com\/wp-content\/uploads\/2015a\/06\/03\/02.jpg","http:\/\/mm.howkuai.com\/wp-content\/uploads\/2015a\/06\/03\/03.jpg","http:\/\/mm.howkuai.com\/wp-content\/uploads\/2015a\/06\/03\/04.jpg","http:\/\/mm.howkuai.com\/wp-content\/uploads\/2015a\/06\/03\/05.jpg","http:\/\/mm.howkuai.com\/wp-content\/uploads\/2015a\/06\/03\/06.jpg","http:\/\/mm.howkuai.com\/wp-content\/uploads\/2015a\/06\/03\/07.jpg"]},{"plaintext":"\u88f9\u4e0d\u4f4f\u7684\u7f8e\uff0c\u9732\u4e73\u88c5\u6bdb\u8863\u5341\u5206\u62a2\u955c","href":"http:\/\/www.meizitu.com\/a\/5007.html","pic_list":["http:\/\/mm.howkuai.com\/wp-content\/uploads\/2015a\/05\/57\/01.jpg","http:\/\/mm.howkuai.com\/wp-content\/uploads\/2015a\/05\/57\/02.jpg","http:\/\/mm.howkuai.com\/wp-content\/uploads\/2015a\/05\/57\/03.jpg","http:\/\/mm.howkuai.com\/wp-content\/uploads\/2015a\/05\/57\/04.jpg","http:\/\/mm.howkuai.com\/wp-content\/uploads\/2015a\/05\/57\/05.jpg","http:\/\/mm.howkuai.com\/wp-content\/uploads\/2015a\/05\/57\/06.jpg"]},{"plaintext":"cosplay\u8d6b\u65af\u7f07\u96c5\uff0c\u9690\u85cf\u7684\u5927\u767d\u5154","href":"http:\/\/www.meizitu.com\/a\/5003.html","pic_list":["http:\/\/mm.howkuai.com\/wp-content\/uploads\/2015a\/05\/53\/01.jpg","http:\/\/mm.howkuai.com\/wp-content\/uploads\/2015a\/05\/53\/02.jpg","http:\/\/mm.howkuai.com\/wp-content\/uploads\/2015a\/05\/53\/03.jpg","http:\/\/mm.howkuai.com\/wp-content\/uploads\/2015a\/05\/53\/04.jpg","http:\/\/mm.howkuai.com\/wp-content\/uploads\/2015a\/05\/53\/05.jpg","http:\/\/mm.howkuai.com\/wp-content\/uploads\/2015a\/05\/53\/06.jpg","http:\/\/mm.howkuai.com\/wp-content\/uploads\/2015a\/05\/53\/07.jpg"]},{"plaintext":"\u73b2\u73d1\u53ef\u7231\u7684\u59b9\u7eb8\u7a7f\u5185\u8863\u79c0\u59e3\u597d\u8eab\u6750","href":"http:\/\/www.meizitu.com\/a\/4965.html","pic_list":["http:\/\/mm.howkuai.com\/wp-content\/uploads\/2015a\/05\/14\/01.jpg","http:\/\/mm.howkuai.com\/wp-content\/uploads\/2015a\/05\/14\/02.jpg","http:\/\/mm.howkuai.com\/wp-content\/uploads\/2015a\/05\/14\/03.jpg","http:\/\/mm.howkuai.com\/wp-content\/uploads\/2015a\/05\/14\/04.jpg","http:\/\/mm.howkuai.com\/wp-content\/uploads\/2015a\/05\/14\/05.jpg","http:\/\/mm.howkuai.com\/wp-content\/uploads\/2015a\/05\/14\/06.jpg"]},{"plaintext":"\u4e66\u623f\u53d8\u8349\u5730\uff0c\u6a21\u7279\u513f\u5218\u7f8e\u4e00\u7f8e\u7167","href":"http:\/\/www.meizitu.com\/a\/4957.html","pic_list":["http:\/\/mm.howkuai.com\/wp-content\/uploads\/2015a\/05\/06\/01.jpg","http:\/\/mm.howkuai.com\/wp-content\/uploads\/2015a\/05\/06\/02.jpg","http:\/\/mm.howkuai.com\/wp-content\/uploads\/2015a\/05\/06\/03.jpg","http:\/\/mm.howkuai.com\/wp-content\/uploads\/2015a\/05\/06\/04.jpg","http:\/\/mm.howkuai.com\/wp-content\/uploads\/2015a\/05\/06\/05.jpg","http:\/\/mm.howkuai.com\/wp-content\/uploads\/2015a\/05\/06\/06.jpg"]},{"plaintext":"\u6027\u611f\u53cc\u5507\u6495\u54ac\u8863\u88f3\u5c3d\u663e\u59a9\u5a9a","href":"http:\/\/www.meizitu.com\/a\/4951.html","pic_list":["http:\/\/mm.howkuai.com\/wp-content\/uploads\/2015a\/04\/55\/01.jpg","http:\/\/mm.howkuai.com\/wp-content\/uploads\/2015a\/04\/55\/02.jpg","http:\/\/mm.howkuai.com\/wp-content\/uploads\/2015a\/04\/55\/03.jpg","http:\/\/mm.howkuai.com\/wp-content\/uploads\/2015a\/04\/55\/04.jpg","http:\/\/mm.howkuai.com\/wp-content\/uploads\/2015a\/04\/55\/05.jpg"]},{"plaintext":"\u8857\u89d2\u968f\u62cd\uff0c\u957f\u53d1\u7f8e\u5973Kila\u6676\u6676","href":"http:\/\/www.meizitu.com\/a\/4928.html","pic_list":["http:\/\/mm.howkuai.com\/wp-content\/uploads\/2015a\/04\/32\/01.jpg","http:\/\/mm.howkuai.com\/wp-content\/uploads\/2015a\/04\/32\/02.jpg","http:\/\/mm.howkuai.com\/wp-content\/uploads\/2015a\/04\/32\/03.jpg","http:\/\/mm.howkuai.com\/wp-content\/uploads\/2015a\/04\/32\/04.jpg","http:\/\/mm.howkuai.com\/wp-content\/uploads\/2015a\/04\/32\/05.jpg","http:\/\/mm.howkuai.com\/wp-content\/uploads\/2015a\/04\/32\/06.jpg","http:\/\/mm.howkuai.com\/wp-content\/uploads\/2015a\/04\/32\/07.jpg","http:\/\/mm.howkuai.com\/wp-content\/uploads\/2015a\/04\/32\/08.jpg","http:\/\/mm.howkuai.com\/wp-content\/uploads\/2015a\/04\/32\/09.jpg"]},{"plaintext":"\u5915\u9633\u4e0b\u7684\u78a7\u6ce2\u9ec4\u6c99\uff0c\u4f73\u4eba\u5982\u8299\u84c9\u51fa\u6c34","href":"http:\/\/www.meizitu.com\/a\/4927.html","pic_list":["http:\/\/mm.howkuai.com\/wp-content\/uploads\/2015a\/04\/31\/01.jpg","http:\/\/mm.howkuai.com\/wp-content\/uploads\/2015a\/04\/31\/02.jpg","http:\/\/mm.howkuai.com\/wp-content\/uploads\/2015a\/04\/31\/03.jpg","http:\/\/mm.howkuai.com\/wp-content\/uploads\/2015a\/04\/31\/04.jpg","http:\/\/mm.howkuai.com\/wp-content\/uploads\/2015a\/04\/31\/05.jpg","http:\/\/mm.howkuai.com\/wp-content\/uploads\/2015a\/04\/31\/06.jpg"]},{"plaintext":"2015\u4e0a\u6d77\u6210\u4eba\u5c55\u4e0a\u7684\u5927\u80c6\u6a21\u7279","href":"http:\/\/www.meizitu.com\/a\/4920.html","pic_list":["http:\/\/mm.howkuai.com\/wp-content\/uploads\/2015a\/04\/24\/01.jpg","http:\/\/mm.howkuai.com\/wp-content\/uploads\/2015a\/04\/24\/02.jpg","http:\/\/mm.howkuai.com\/wp-content\/uploads\/2015a\/04\/24\/03.jpg","http:\/\/mm.howkuai.com\/wp-content\/uploads\/2015a\/04\/24\/04.jpg","http:\/\/mm.howkuai.com\/wp-content\/uploads\/2015a\/04\/24\/05.jpg","http:\/\/mm.howkuai.com\/wp-content\/uploads\/2015a\/04\/24\/06.jpg"]},{"plaintext":"\u4e0d\u505a\u5c0f\u86ee\u8170\uff0c\u5c31\u8981\u6027\u611f\u4e30\u6ee1\u7684\u8eab\u6750","href":"http:\/\/www.meizitu.com\/a\/4919.html","pic_list":["http:\/\/mm.howkuai.com\/wp-content\/uploads\/2015a\/04\/23\/01.jpg","http:\/\/mm.howkuai.com\/wp-content\/uploads\/2015a\/04\/23\/02.jpg","http:\/\/mm.howkuai.com\/wp-content\/uploads\/2015a\/04\/23\/03.jpg","http:\/\/mm.howkuai.com\/wp-content\/uploads\/2015a\/04\/23\/04.jpg","http:\/\/mm.howkuai.com\/wp-content\/uploads\/2015a\/04\/23\/05.jpg","http:\/\/mm.howkuai.com\/wp-content\/uploads\/2015a\/04\/23\/06.jpg","http:\/\/mm.howkuai.com\/wp-content\/uploads\/2015a\/04\/23\/07.jpg","http:\/\/mm.howkuai.com\/wp-content\/uploads\/2015a\/04\/23\/08.jpg","http:\/\/mm.howkuai.com\/wp-content\/uploads\/2015a\/04\/23\/09.jpg"]},{"plaintext":"\u7d20\u989c\u7f8e\u5973\uff0c\u5446\u840c\u7684\u59b9\u5b50\u603b\u662f\u4e00\u8138\u5fe7\u6101","href":"http:\/\/www.meizitu.com\/a\/4908.html","pic_list":["http:\/\/mm.howkuai.com\/wp-content\/uploads\/2015a\/04\/12\/01.jpg","http:\/\/mm.howkuai.com\/wp-content\/uploads\/2015a\/04\/12\/02.jpg","http:\/\/mm.howkuai.com\/wp-content\/uploads\/2015a\/04\/12\/03.jpg","http:\/\/mm.howkuai.com\/wp-content\/uploads\/2015a\/04\/12\/04.jpg","http:\/\/mm.howkuai.com\/wp-content\/uploads\/2015a\/04\/12\/05.jpg","http:\/\/mm.howkuai.com\/wp-content\/uploads\/2015a\/04\/12\/06.jpg","http:\/\/mm.howkuai.com\/wp-content\/uploads\/2015a\/04\/12\/07.jpg"]},{"plaintext":"\u81ea\u4fe1\u5300\u79f0\u7684\u7f8e\u5973\uff0c\u6726\u80e7\u7f8e\u66f4\u6709\u4e00\u756a\u6ecb\u5473","href":"http:\/\/www.meizitu.com\/a\/4884.html","pic_list":["http:\/\/mm.howkuai.com\/wp-content\/uploads\/2015a\/03\/42\/01.jpg","http:\/\/mm.howkuai.com\/wp-content\/uploads\/2015a\/03\/42\/02.jpg","http:\/\/mm.howkuai.com\/wp-content\/uploads\/2015a\/03\/42\/03.jpg","http:\/\/mm.howkuai.com\/wp-content\/uploads\/2015a\/03\/42\/04.jpg","http:\/\/mm.howkuai.com\/wp-content\/uploads\/2015a\/03\/42\/05.jpg","http:\/\/mm.howkuai.com\/wp-content\/uploads\/2015a\/03\/42\/06.jpg"]},{"plaintext":"\u6211\u628a\u4f60\u7559\u5728\u8eab\u65c1\uff0c\u4e0d\u5141\u8bb8\u4efb\u4f55\u7684\u4fb5\u5165","href":"http:\/\/www.meizitu.com\/a\/4882.html","pic_list":["http:\/\/mm.howkuai.com\/wp-content\/uploads\/2015a\/03\/40\/01.jpg","http:\/\/mm.howkuai.com\/wp-content\/uploads\/2015a\/03\/40\/02.jpg","http:\/\/mm.howkuai.com\/wp-content\/uploads\/2015a\/03\/40\/03.jpg","http:\/\/mm.howkuai.com\/wp-content\/uploads\/2015a\/03\/40\/04.jpg","http:\/\/mm.howkuai.com\/wp-content\/uploads\/2015a\/03\/40\/05.jpg","http:\/\/mm.howkuai.com\/wp-content\/uploads\/2015a\/03\/40\/06.jpg","http:\/\/mm.howkuai.com\/wp-content\/uploads\/2015a\/03\/40\/07.jpg","http:\/\/mm.howkuai.com\/wp-content\/uploads\/2015a\/03\/40\/08.jpg","http:\/\/mm.howkuai.com\/wp-content\/uploads\/2015a\/03\/40\/09.jpg","http:\/\/mm.howkuai.com\/wp-content\/uploads\/2015a\/03\/40\/10.jpg"]},{"plaintext":"\u6211\u613f\u505a\u4e00\u4e2a\u732b\u5973\uff0c\u6709\u591a\u59ff\u591a\u5f69\u7684\u751f\u6d3b","href":"http:\/\/www.meizitu.com\/a\/4874.html","pic_list":["http:\/\/mm.howkuai.com\/wp-content\/uploads\/2015a\/03\/32\/01.jpg","http:\/\/mm.howkuai.com\/wp-content\/uploads\/2015a\/03\/32\/02.jpg","http:\/\/mm.howkuai.com\/wp-content\/uploads\/2015a\/03\/32\/03.jpg","http:\/\/mm.howkuai.com\/wp-content\/uploads\/2015a\/03\/32\/04.jpg","http:\/\/mm.howkuai.com\/wp-content\/uploads\/2015a\/03\/32\/05.jpg","http:\/\/mm.howkuai.com\/wp-content\/uploads\/2015a\/03\/32\/06.jpg"]},{"plaintext":"\u7f8e\u5973\u79c1\u623f\u7167\uff0c\u7ec6\u7ec6\u7684\u8bc9\u8bf4\u7740\u4f60\u7684\u6545\u4e8b","href":"http:\/\/www.meizitu.com\/a\/4864.html","pic_list":["http:\/\/mm.howkuai.com\/wp-content\/uploads\/2015a\/03\/22\/01.jpg","http:\/\/mm.howkuai.com\/wp-content\/uploads\/2015a\/03\/22\/02.jpg","http:\/\/mm.howkuai.com\/wp-content\/uploads\/2015a\/03\/22\/03.jpg","http:\/\/mm.howkuai.com\/wp-content\/uploads\/2015a\/03\/22\/04.jpg","http:\/\/mm.howkuai.com\/wp-content\/uploads\/2015a\/03\/22\/05.jpg","http:\/\/mm.howkuai.com\/wp-content\/uploads\/2015a\/03\/22\/06.jpg"]},{"plaintext":"\u5e9f\u589f\u4e4b\u4e0a\uff0c\u59a9\u5a9a\u52a8\u4eba","href":"http:\/\/www.meizitu.com\/a\/4855.html","pic_list":["http:\/\/mm.howkuai.com\/wp-content\/uploads\/2015a\/03\/13\/01.jpg","http:\/\/mm.howkuai.com\/wp-content\/uploads\/2015a\/03\/13\/02.jpg","http:\/\/mm.howkuai.com\/wp-content\/uploads\/2015a\/03\/13\/03.jpg","http:\/\/mm.howkuai.com\/wp-content\/uploads\/2015a\/03\/13\/04.jpg","http:\/\/mm.howkuai.com\/wp-content\/uploads\/2015a\/03\/13\/05.jpg","http:\/\/mm.howkuai.com\/wp-content\/uploads\/2015a\/03\/13\/06.jpg"]},{"plaintext":"\u4e00\u88ad\u7ea2\u8272\u6bdb\u8863\u4e0b\uff0c\u662f\u7d27\u81f4\u4f18\u96c5\u7684\u8eab\u6750","href":"http:\/\/www.meizitu.com\/a\/4850.html","pic_list":["http:\/\/mm.howkuai.com\/wp-content\/uploads\/2015a\/03\/08\/01.jpg","http:\/\/mm.howkuai.com\/wp-content\/uploads\/2015a\/03\/08\/02.jpg","http:\/\/mm.howkuai.com\/wp-content\/uploads\/2015a\/03\/08\/03.jpg","http:\/\/mm.howkuai.com\/wp-content\/uploads\/2015a\/03\/08\/04.jpg","http:\/\/mm.howkuai.com\/wp-content\/uploads\/2015a\/03\/08\/05.jpg","http:\/\/mm.howkuai.com\/wp-content\/uploads\/2015a\/03\/08\/06.jpg"]},{"plaintext":"\u5e73\u80f8\u59b9\u7eb8\u4e5f\u53ef\u4ee5\u5f88\u59a9\u5a9a","href":"http:\/\/www.meizitu.com\/a\/4848.html","pic_list":["http:\/\/mm.howkuai.com\/wp-content\/uploads\/2015a\/03\/06\/01.jpg","http:\/\/mm.howkuai.com\/wp-content\/uploads\/2015a\/03\/06\/02.jpg","http:\/\/mm.howkuai.com\/wp-content\/uploads\/2015a\/03\/06\/03.jpg","http:\/\/mm.howkuai.com\/wp-content\/uploads\/2015a\/03\/06\/04.jpg","http:\/\/mm.howkuai.com\/wp-content\/uploads\/2015a\/03\/06\/05.jpg","http:\/\/mm.howkuai.com\/wp-content\/uploads\/2015a\/03\/06\/06.jpg","http:\/\/mm.howkuai.com\/wp-content\/uploads\/2015a\/03\/06\/07.jpg","http:\/\/mm.howkuai.com\/wp-content\/uploads\/2015a\/03\/06\/08.jpg","http:\/\/mm.howkuai.com\/wp-content\/uploads\/2015a\/03\/06\/09.jpg"]},{"plaintext":"\u767d\u9886\u4e3d\u4eba\u7684\u9b54\u9b3c\u8eab\u6750","href":"http:\/\/www.meizitu.com\/a\/4828.html","pic_list":["http:\/\/mm.howkuai.com\/wp-content\/uploads\/2015a\/02\/23\/01.jpg","http:\/\/mm.howkuai.com\/wp-content\/uploads\/2015a\/02\/23\/02.jpg","http:\/\/mm.howkuai.com\/wp-content\/uploads\/2015a\/02\/23\/03.jpg","http:\/\/mm.howkuai.com\/wp-content\/uploads\/2015a\/02\/23\/04.jpg","http:\/\/mm.howkuai.com\/wp-content\/uploads\/2015a\/02\/23\/05.jpg","http:\/\/mm.howkuai.com\/wp-content\/uploads\/2015a\/02\/23\/06.jpg"]},{"plaintext":"\u673a\u8f66\u5973\u90ce\uff0c\u5f20\u679cFaNtaSy","href":"http:\/\/www.meizitu.com\/a\/4820.html","pic_list":["http:\/\/mm.howkuai.com\/wp-content\/uploads\/2015a\/02\/15\/01.jpg","http:\/\/mm.howkuai.com\/wp-content\/uploads\/2015a\/02\/15\/02.jpg","http:\/\/mm.howkuai.com\/wp-content\/uploads\/2015a\/02\/15\/03.jpg","http:\/\/mm.howkuai.com\/wp-content\/uploads\/2015a\/02\/15\/04.jpg","http:\/\/mm.howkuai.com\/wp-content\/uploads\/2015a\/02\/15\/05.jpg"]},{"plaintext":"\u4e8c\u6b21\u5143\u65e5\u7cfb\u7f8e\u5c11\u5973\uff0c\u6b23\u8d4f\u7f8e\u817f\u7f8e\u81c0","href":"http:\/\/www.meizitu.com\/a\/4792.html","pic_list":["http:\/\/mm.howkuai.com\/wp-content\/uploads\/2015a\/01\/50\/01.jpg","http:\/\/mm.howkuai.com\/wp-content\/uploads\/2015a\/01\/50\/02.jpg","http:\/\/mm.howkuai.com\/wp-content\/uploads\/2015a\/01\/50\/03.jpg","http:\/\/mm.howkuai.com\/wp-content\/uploads\/2015a\/01\/50\/04.jpg","http:\/\/mm.howkuai.com\/wp-content\/uploads\/2015a\/01\/50\/05.jpg","http:\/\/mm.howkuai.com\/wp-content\/uploads\/2015a\/01\/50\/06.jpg","http:\/\/mm.howkuai.com\/wp-content\/uploads\/2015a\/01\/50\/07.jpg","http:\/\/mm.howkuai.com\/wp-content\/uploads\/2015a\/01\/50\/08.jpg"]},{"plaintext":"\u8f6f\u59b9\u5b50\uff0c\u67d4\u67d4\u7684\u6726\u80e7\u7f8e","href":"http:\/\/www.meizitu.com\/a\/4786.html","pic_list":["http:\/\/mm.howkuai.com\/wp-content\/uploads\/2015a\/01\/43\/01.jpg","http:\/\/mm.howkuai.com\/wp-content\/uploads\/2015a\/01\/43\/02.jpg","http:\/\/mm.howkuai.com\/wp-content\/uploads\/2015a\/01\/43\/03.jpg","http:\/\/mm.howkuai.com\/wp-content\/uploads\/2015a\/01\/43\/04.jpg","http:\/\/mm.howkuai.com\/wp-content\/uploads\/2015a\/01\/43\/05.jpg","http:\/\/mm.howkuai.com\/wp-content\/uploads\/2015a\/01\/43\/06.jpg"]},{"plaintext":"\u4e30\u81c0\u6a21\u7279\u77d7\u7acb\u7a97\u524d\uff0c\u7559\u4e0b\u592a\u591a\u56de\u5473","href":"http:\/\/www.meizitu.com\/a\/4770.html","pic_list":["http:\/\/mm.howkuai.com\/wp-content\/uploads\/2015a\/01\/27\/01.jpg","http:\/\/mm.howkuai.com\/wp-content\/uploads\/2015a\/01\/27\/02.jpg","http:\/\/mm.howkuai.com\/wp-content\/uploads\/2015a\/01\/27\/03.jpg","http:\/\/mm.howkuai.com\/wp-content\/uploads\/2015a\/01\/27\/04.jpg","http:\/\/mm.howkuai.com\/wp-content\/uploads\/2015a\/01\/27\/05.jpg","http:\/\/mm.howkuai.com\/wp-content\/uploads\/2015a\/01\/27\/06.jpg"]},{"plaintext":"\u6027\u611f\u59d0\u59b9\u82b1\uff0c\u65e5\u7cfb\u82ad\u857e\u5c0f\u6e05\u65b0","href":"http:\/\/www.meizitu.com\/a\/4768.html","pic_list":["http:\/\/mm.howkuai.com\/wp-content\/uploads\/2015a\/01\/25\/01.jpg","http:\/\/mm.howkuai.com\/wp-content\/uploads\/2015a\/01\/25\/02.jpg","http:\/\/mm.howkuai.com\/wp-content\/uploads\/2015a\/01\/25\/03.jpg","http:\/\/mm.howkuai.com\/wp-content\/uploads\/2015a\/01\/25\/04.jpg","http:\/\/mm.howkuai.com\/wp-content\/uploads\/2015a\/01\/25\/05.jpg","http:\/\/mm.howkuai.com\/wp-content\/uploads\/2015a\/01\/25\/06.jpg"]},{"plaintext":"\u9759\u65f6\u5149\uff0c\u6a21\u7279\u7f8e\u4e73\u547c\u4e4b\u6b32\u51fa","href":"http:\/\/www.meizitu.com\/a\/4764.html","pic_list":["http:\/\/mm.howkuai.com\/wp-content\/uploads\/2015a\/01\/21\/01.jpg","http:\/\/mm.howkuai.com\/wp-content\/uploads\/2015a\/01\/21\/02.jpg","http:\/\/mm.howkuai.com\/wp-content\/uploads\/2015a\/01\/21\/03.jpg","http:\/\/mm.howkuai.com\/wp-content\/uploads\/2015a\/01\/21\/04.jpg","http:\/\/mm.howkuai.com\/wp-content\/uploads\/2015a\/01\/21\/05.jpg"]},{"plaintext":"\u6d74\u5ba4\u91cc\u6726\u80e7\u73bb\u7483\u540e\u9762\u7684\u5c24\u7269","href":"http:\/\/www.meizitu.com\/a\/4745.html","pic_list":["http:\/\/mm.howkuai.com\/wp-content\/uploads\/2015a\/01\/03\/01.jpg","http:\/\/mm.howkuai.com\/wp-content\/uploads\/2015a\/01\/03\/02.jpg","http:\/\/mm.howkuai.com\/wp-content\/uploads\/2015a\/01\/03\/03.jpg","http:\/\/mm.howkuai.com\/wp-content\/uploads\/2015a\/01\/03\/04.jpg","http:\/\/mm.howkuai.com\/wp-content\/uploads\/2015a\/01\/03\/05.jpg","http:\/\/mm.howkuai.com\/wp-content\/uploads\/2015a\/01\/03\/06.jpg","http:\/\/mm.howkuai.com\/wp-content\/uploads\/2015a\/01\/03\/07.jpg"]},{"plaintext":"\u201c\u4eba\u6c14\u7f8e\u5973\u201d\u5434\u6893\u5ae3\u88ab\u51a0\u4e8e\u201c\u4e2d\u56fd\u7b2c\u4e00Showgirl\u201d","href":"http:\/\/www.meizitu.com\/a\/4740.html","pic_list":["http:\/\/mm.howkuai.com\/wp-content\/uploads\/2014a\/12\/75\/01.jpg","http:\/\/mm.howkuai.com\/wp-content\/uploads\/2014a\/12\/75\/02.jpg","http:\/\/mm.howkuai.com\/wp-content\/uploads\/2014a\/12\/75\/03.jpg","http:\/\/mm.howkuai.com\/wp-content\/uploads\/2014a\/12\/75\/04.jpg","http:\/\/mm.howkuai.com\/wp-content\/uploads\/2014a\/12\/75\/05.jpg","http:\/\/mm.howkuai.com\/wp-content\/uploads\/2014a\/12\/75\/06.jpg","http:\/\/mm.howkuai.com\/wp-content\/uploads\/2014a\/12\/75\/07.jpg","http:\/\/mm.howkuai.com\/wp-content\/uploads\/2014a\/12\/75\/08.jpg","http:\/\/mm.howkuai.com\/wp-content\/uploads\/2014a\/12\/75\/09.jpg"]},{"plaintext":"ChinaJoy2014\u4e0a\u7684\u53ef\u7231\u5973\u5b69","href":"http:\/\/www.meizitu.com\/a\/4737.html","pic_list":["http:\/\/mm.howkuai.com\/wp-content\/uploads\/2014a\/12\/72\/01.jpg","http:\/\/mm.howkuai.com\/wp-content\/uploads\/2014a\/12\/72\/02.jpg","http:\/\/mm.howkuai.com\/wp-content\/uploads\/2014a\/12\/72\/03.jpg","http:\/\/mm.howkuai.com\/wp-content\/uploads\/2014a\/12\/72\/04.jpg","http:\/\/mm.howkuai.com\/wp-content\/uploads\/2014a\/12\/72\/05.jpg","http:\/\/mm.howkuai.com\/wp-content\/uploads\/2014a\/12\/72\/06.jpg","http:\/\/mm.howkuai.com\/wp-content\/uploads\/2014a\/12\/72\/07.jpg","http:\/\/mm.howkuai.com\/wp-content\/uploads\/2014a\/12\/72\/08.jpg","http:\/\/mm.howkuai.com\/wp-content\/uploads\/2014a\/12\/72\/09.jpg"]}]