[{"plaintext":"\u5a07\u5c0f\u73b2\u73d1\u5973\u751f\u8eab\u7a7f\u7c89\u7ea2\u5185\u8863\u62cd\u6444\u5199\u771f","href":"http:\/\/www.meizitu.com\/a\/5306.html","pic_list":["http:\/\/mm.howkuai.com\/wp-content\/uploads\/2016a\/02\/15\/01.jpg","http:\/\/mm.howkuai.com\/wp-content\/uploads\/2016a\/02\/15\/02.jpg","http:\/\/mm.howkuai.com\/wp-content\/uploads\/2016a\/02\/15\/03.jpg","http:\/\/mm.howkuai.com\/wp-content\/uploads\/2016a\/02\/15\/04.jpg","http:\/\/mm.howkuai.com\/wp-content\/uploads\/2016a\/02\/15\/05.jpg","http:\/\/mm.howkuai.com\/wp-content\/uploads\/2016a\/02\/15\/06.jpg","http:\/\/mm.howkuai.com\/wp-content\/uploads\/2016a\/02\/15\/07.jpg","http:\/\/mm.howkuai.com\/wp-content\/uploads\/2016a\/02\/15\/08.jpg","http:\/\/mm.howkuai.com\/wp-content\/uploads\/2016a\/02\/15\/09.jpg"]},{"plaintext":"\u64b8\u70b9\u56fe\uff0c\u59ff\u52bf\u5f88\u91cd\u8981\uff0c\u4e3b\u8981\u9760\u8111\u8865","href":"http:\/\/www.meizitu.com\/a\/5297.html","pic_list":["http:\/\/mm.howkuai.com\/wp-content\/uploads\/2016a\/02\/06\/01.jpg","http:\/\/mm.howkuai.com\/wp-content\/uploads\/2016a\/02\/06\/02.jpg","http:\/\/mm.howkuai.com\/wp-content\/uploads\/2016a\/02\/06\/03.jpg","http:\/\/mm.howkuai.com\/wp-content\/uploads\/2016a\/02\/06\/04.jpg","http:\/\/mm.howkuai.com\/wp-content\/uploads\/2016a\/02\/06\/05.jpg","http:\/\/mm.howkuai.com\/wp-content\/uploads\/2016a\/02\/06\/06.jpg","http:\/\/mm.howkuai.com\/wp-content\/uploads\/2016a\/02\/06\/07.jpg","http:\/\/mm.howkuai.com\/wp-content\/uploads\/2016a\/02\/06\/08.jpg","http:\/\/mm.howkuai.com\/wp-content\/uploads\/2016a\/02\/06\/09.jpg"]},{"plaintext":"\u4e30\u6ee1\u50b2\u4eba\u8eab\u6750\u7684\u7f8e\u5973\u5065\u8eab\u4e2d","href":"http:\/\/www.meizitu.com\/a\/5290.html","pic_list":["http:\/\/mm.howkuai.com\/wp-content\/uploads\/2016a\/01\/27\/01.jpg","http:\/\/mm.howkuai.com\/wp-content\/uploads\/2016a\/01\/27\/02.jpg","http:\/\/mm.howkuai.com\/wp-content\/uploads\/2016a\/01\/27\/03.jpg","http:\/\/mm.howkuai.com\/wp-content\/uploads\/2016a\/01\/27\/04.jpg","http:\/\/mm.howkuai.com\/wp-content\/uploads\/2016a\/01\/27\/05.jpg","http:\/\/mm.howkuai.com\/wp-content\/uploads\/2016a\/01\/27\/06.jpg","http:\/\/mm.howkuai.com\/wp-content\/uploads\/2016a\/01\/27\/07.jpg","http:\/\/mm.howkuai.com\/wp-content\/uploads\/2016a\/01\/27\/08.jpg","http:\/\/mm.howkuai.com\/wp-content\/uploads\/2016a\/01\/27\/09.jpg"]},{"plaintext":"\u6c34\u73e0\u72b9\u5728\uff0c\u5f53\u4f60\u56de\u7738\u4e00\u7b11\uff0c\u7275\u52a8\u6211\u7684\u5fc3\u623f","href":"http:\/\/www.meizitu.com\/a\/5287.html","pic_list":["http:\/\/mm.howkuai.com\/wp-content\/uploads\/2016a\/01\/24\/01.jpg","http:\/\/mm.howkuai.com\/wp-content\/uploads\/2016a\/01\/24\/02.jpg","http:\/\/mm.howkuai.com\/wp-content\/uploads\/2016a\/01\/24\/03.jpg","http:\/\/mm.howkuai.com\/wp-content\/uploads\/2016a\/01\/24\/04.jpg","http:\/\/mm.howkuai.com\/wp-content\/uploads\/2016a\/01\/24\/05.jpg","http:\/\/mm.howkuai.com\/wp-content\/uploads\/2016a\/01\/24\/06.jpg","http:\/\/mm.howkuai.com\/wp-content\/uploads\/2016a\/01\/24\/07.jpg","http:\/\/mm.howkuai.com\/wp-content\/uploads\/2016a\/01\/24\/08.jpg","http:\/\/mm.howkuai.com\/wp-content\/uploads\/2016a\/01\/24\/09.jpg"]},{"plaintext":"\u4fcf\u76ae\u5377\u53d1\u7f8e\u7709\u629b\u5a9a\u773c\u8bf1\u60d1\u4f17\u4eba","href":"http:\/\/www.meizitu.com\/a\/5283.html","pic_list":["http:\/\/mm.howkuai.com\/wp-content\/uploads\/2016a\/01\/20\/01.jpg","http:\/\/mm.howkuai.com\/wp-content\/uploads\/2016a\/01\/20\/02.jpg","http:\/\/mm.howkuai.com\/wp-content\/uploads\/2016a\/01\/20\/03.jpg","http:\/\/mm.howkuai.com\/wp-content\/uploads\/2016a\/01\/20\/04.jpg","http:\/\/mm.howkuai.com\/wp-content\/uploads\/2016a\/01\/20\/05.jpg","http:\/\/mm.howkuai.com\/wp-content\/uploads\/2016a\/01\/20\/06.jpg","http:\/\/mm.howkuai.com\/wp-content\/uploads\/2016a\/01\/20\/07.jpg","http:\/\/mm.howkuai.com\/wp-content\/uploads\/2016a\/01\/20\/08.jpg","http:\/\/mm.howkuai.com\/wp-content\/uploads\/2016a\/01\/20\/09.jpg"]},{"plaintext":"\u51b0\u6e05\u7389\u6d01\u7684\u98ce\u59ff\uff0c\u8680\u9aa8\u9500\u9b42\u7684\u611f\u89c9","href":"http:\/\/www.meizitu.com\/a\/5279.html","pic_list":["http:\/\/mm.howkuai.com\/wp-content\/uploads\/2016a\/01\/16\/01.jpg","http:\/\/mm.howkuai.com\/wp-content\/uploads\/2016a\/01\/16\/02.jpg","http:\/\/mm.howkuai.com\/wp-content\/uploads\/2016a\/01\/16\/03.jpg","http:\/\/mm.howkuai.com\/wp-content\/uploads\/2016a\/01\/16\/04.jpg","http:\/\/mm.howkuai.com\/wp-content\/uploads\/2016a\/01\/16\/05.jpg","http:\/\/mm.howkuai.com\/wp-content\/uploads\/2016a\/01\/16\/06.jpg","http:\/\/mm.howkuai.com\/wp-content\/uploads\/2016a\/01\/16\/07.jpg","http:\/\/mm.howkuai.com\/wp-content\/uploads\/2016a\/01\/16\/08.jpg"]},{"plaintext":"\u80fd\u628a\u4eba\u770b\u9189\u7684\u9ad8\u989c\u503c\u59b9\u5b50","href":"http:\/\/www.meizitu.com\/a\/5272.html","pic_list":["http:\/\/mm.howkuai.com\/wp-content\/uploads\/2016a\/01\/09\/01.jpg","http:\/\/mm.howkuai.com\/wp-content\/uploads\/2016a\/01\/09\/02.jpg","http:\/\/mm.howkuai.com\/wp-content\/uploads\/2016a\/01\/09\/03.jpg","http:\/\/mm.howkuai.com\/wp-content\/uploads\/2016a\/01\/09\/04.jpg","http:\/\/mm.howkuai.com\/wp-content\/uploads\/2016a\/01\/09\/05.jpg","http:\/\/mm.howkuai.com\/wp-content\/uploads\/2016a\/01\/09\/06.jpg","http:\/\/mm.howkuai.com\/wp-content\/uploads\/2016a\/01\/09\/07.jpg","http:\/\/mm.howkuai.com\/wp-content\/uploads\/2016a\/01\/09\/08.jpg","http:\/\/mm.howkuai.com\/wp-content\/uploads\/2016a\/01\/09\/09.jpg","http:\/\/mm.howkuai.com\/wp-content\/uploads\/2016a\/01\/09\/10.jpg"]},{"plaintext":"\u65f6\u5c1a\u7f8e\u5973\u7684\u8fd0\u52a8\u8303\uff0c\u5c0f\u86ee\u8170\u7fd8\u81c0\u6837\u6837\u90fd\u6709","href":"http:\/\/www.meizitu.com\/a\/5265.html","pic_list":["http:\/\/mm.howkuai.com\/wp-content\/uploads\/2016a\/01\/02\/01.jpg","http:\/\/mm.howkuai.com\/wp-content\/uploads\/2016a\/01\/02\/02.jpg","http:\/\/mm.howkuai.com\/wp-content\/uploads\/2016a\/01\/02\/03.jpg","http:\/\/mm.howkuai.com\/wp-content\/uploads\/2016a\/01\/02\/04.jpg","http:\/\/mm.howkuai.com\/wp-content\/uploads\/2016a\/01\/02\/05.jpg","http:\/\/mm.howkuai.com\/wp-content\/uploads\/2016a\/01\/02\/06.jpg","http:\/\/mm.howkuai.com\/wp-content\/uploads\/2016a\/01\/02\/07.jpg"]},{"plaintext":"\u5065\u8eab\u623f\u91cc\u7684\u9633\u5149\u6e05\u7eaf\u5973\u5b69","href":"http:\/\/www.meizitu.com\/a\/5247.html","pic_list":["http:\/\/mm.howkuai.com\/wp-content\/uploads\/2015a\/12\/12\/01.jpg","http:\/\/mm.howkuai.com\/wp-content\/uploads\/2015a\/12\/12\/02.jpg","http:\/\/mm.howkuai.com\/wp-content\/uploads\/2015a\/12\/12\/03.jpg","http:\/\/mm.howkuai.com\/wp-content\/uploads\/2015a\/12\/12\/04.jpg","http:\/\/mm.howkuai.com\/wp-content\/uploads\/2015a\/12\/12\/05.jpg","http:\/\/mm.howkuai.com\/wp-content\/uploads\/2015a\/12\/12\/06.jpg"]},{"plaintext":"\u4e00\u7ec4\u6765\u81ea\u7f51\u7edc\u7684\u59b9\u5b50\u7f8e\u56fe","href":"http:\/\/www.meizitu.com\/a\/5238.html","pic_list":["http:\/\/mm.howkuai.com\/wp-content\/uploads\/2015a\/12\/04\/01.jpg","http:\/\/mm.howkuai.com\/wp-content\/uploads\/2015a\/12\/04\/02.jpg","http:\/\/mm.howkuai.com\/wp-content\/uploads\/2015a\/12\/04\/03.jpg","http:\/\/mm.howkuai.com\/wp-content\/uploads\/2015a\/12\/04\/04.jpg","http:\/\/mm.howkuai.com\/wp-content\/uploads\/2015a\/12\/04\/05.jpg","http:\/\/mm.howkuai.com\/wp-content\/uploads\/2015a\/12\/04\/06.jpg","http:\/\/mm.howkuai.com\/wp-content\/uploads\/2015a\/12\/04\/07.jpg","http:\/\/mm.howkuai.com\/wp-content\/uploads\/2015a\/12\/04\/08.jpg","http:\/\/mm.howkuai.com\/wp-content\/uploads\/2015a\/12\/04\/09.jpg","http:\/\/mm.howkuai.com\/wp-content\/uploads\/2015a\/12\/04\/10.jpg"]},{"plaintext":"\u9752\u6625\u9753\u4e3d\u6a21\u7279\u738b\u66fc\u59ae\u7684\u5c0f\u86ee\u8170","href":"http:\/\/www.meizitu.com\/a\/5207.html","pic_list":["http:\/\/mm.howkuai.com\/wp-content\/uploads\/2015a\/11\/02\/01.jpg","http:\/\/mm.howkuai.com\/wp-content\/uploads\/2015a\/11\/02\/02.jpg","http:\/\/mm.howkuai.com\/wp-content\/uploads\/2015a\/11\/02\/03.jpg","http:\/\/mm.howkuai.com\/wp-content\/uploads\/2015a\/11\/02\/04.jpg","http:\/\/mm.howkuai.com\/wp-content\/uploads\/2015a\/11\/02\/05.jpg","http:\/\/mm.howkuai.com\/wp-content\/uploads\/2015a\/11\/02\/06.jpg","http:\/\/mm.howkuai.com\/wp-content\/uploads\/2015a\/11\/02\/07.jpg"]},{"plaintext":"\u552f\u7f8e\u53ef\u7231\u7684\u77ed\u53d1\u5973\u5b50\uff0c\u65f6\u5149\u4e0e\u5c18","href":"http:\/\/www.meizitu.com\/a\/5202.html","pic_list":["http:\/\/mm.howkuai.com\/wp-content\/uploads\/2015a\/10\/33\/01.jpg","http:\/\/mm.howkuai.com\/wp-content\/uploads\/2015a\/10\/33\/02.jpg","http:\/\/mm.howkuai.com\/wp-content\/uploads\/2015a\/10\/33\/03.jpg","http:\/\/mm.howkuai.com\/wp-content\/uploads\/2015a\/10\/33\/04.jpg","http:\/\/mm.howkuai.com\/wp-content\/uploads\/2015a\/10\/33\/05.jpg","http:\/\/mm.howkuai.com\/wp-content\/uploads\/2015a\/10\/33\/06.jpg","http:\/\/mm.howkuai.com\/wp-content\/uploads\/2015a\/10\/33\/07.jpg"]},{"plaintext":"\u7a7a\u8361\u623f\u95f4\u91cc\uff0c\u6570\u4e0d\u5c3d\u7684\u76f8\u601d","href":"http:\/\/www.meizitu.com\/a\/5186.html","pic_list":["http:\/\/mm.howkuai.com\/wp-content\/uploads\/2015a\/10\/17\/01.jpg","http:\/\/mm.howkuai.com\/wp-content\/uploads\/2015a\/10\/17\/02.jpg","http:\/\/mm.howkuai.com\/wp-content\/uploads\/2015a\/10\/17\/03.jpg","http:\/\/mm.howkuai.com\/wp-content\/uploads\/2015a\/10\/17\/04.jpg","http:\/\/mm.howkuai.com\/wp-content\/uploads\/2015a\/10\/17\/05.jpg","http:\/\/mm.howkuai.com\/wp-content\/uploads\/2015a\/10\/17\/06.jpg","http:\/\/mm.howkuai.com\/wp-content\/uploads\/2015a\/10\/17\/07.jpg","http:\/\/mm.howkuai.com\/wp-content\/uploads\/2015a\/10\/17\/08.jpg","http:\/\/mm.howkuai.com\/wp-content\/uploads\/2015a\/10\/17\/09.jpg"]},{"plaintext":"\u5c71\u91ce\u8338\u8338\u94fa\u539a\u88ab\uff0c\u6811\u51c7\u8109\u8109\u88f9\u8f7b\u7eb1","href":"http:\/\/www.meizitu.com\/a\/5183.html","pic_list":["http:\/\/mm.howkuai.com\/wp-content\/uploads\/2015a\/10\/14\/01.jpg","http:\/\/mm.howkuai.com\/wp-content\/uploads\/2015a\/10\/14\/02.jpg","http:\/\/mm.howkuai.com\/wp-content\/uploads\/2015a\/10\/14\/03.jpg","http:\/\/mm.howkuai.com\/wp-content\/uploads\/2015a\/10\/14\/04.jpg","http:\/\/mm.howkuai.com\/wp-content\/uploads\/2015a\/10\/14\/05.jpg","http:\/\/mm.howkuai.com\/wp-content\/uploads\/2015a\/10\/14\/06.jpg"]},{"plaintext":"\u6709\u5c71\u6709\u6c34\u6709\u7f8e\u5973\uff0c\u5230\u5904\u7686\u662f\u666f","href":"http:\/\/www.meizitu.com\/a\/5158.html","pic_list":["http:\/\/mm.howkuai.com\/wp-content\/uploads\/2015a\/09\/25\/01.jpg","http:\/\/mm.howkuai.com\/wp-content\/uploads\/2015a\/09\/25\/02.jpg","http:\/\/mm.howkuai.com\/wp-content\/uploads\/2015a\/09\/25\/03.jpg","http:\/\/mm.howkuai.com\/wp-content\/uploads\/2015a\/09\/25\/04.jpg","http:\/\/mm.howkuai.com\/wp-content\/uploads\/2015a\/09\/25\/05.jpg","http:\/\/mm.howkuai.com\/wp-content\/uploads\/2015a\/09\/25\/06.jpg","http:\/\/mm.howkuai.com\/wp-content\/uploads\/2015a\/09\/25\/07.jpg"]},{"plaintext":"\u6d3b\u6cfc\u53ef\u7231\u7684\u6a21\u7279\u513f\u9759\u9759","href":"http:\/\/www.meizitu.com\/a\/5152.html","pic_list":["http:\/\/mm.howkuai.com\/wp-content\/uploads\/2015a\/09\/19\/01.jpg","http:\/\/mm.howkuai.com\/wp-content\/uploads\/2015a\/09\/19\/02.jpg","http:\/\/mm.howkuai.com\/wp-content\/uploads\/2015a\/09\/19\/03.jpg","http:\/\/mm.howkuai.com\/wp-content\/uploads\/2015a\/09\/19\/04.jpg","http:\/\/mm.howkuai.com\/wp-content\/uploads\/2015a\/09\/19\/05.jpg","http:\/\/mm.howkuai.com\/wp-content\/uploads\/2015a\/09\/19\/06.jpg","http:\/\/mm.howkuai.com\/wp-content\/uploads\/2015a\/09\/19\/07.jpg"]},{"plaintext":"\u9601\u697c\u5bc6\u8bed\u30fb\u5973\u751f\u90fd\u6709\u4e00\u4e2a\u81ea\u5df1\u7684\u5c0f\u7a9d","href":"http:\/\/www.meizitu.com\/a\/5137.html","pic_list":["http:\/\/mm.howkuai.com\/wp-content\/uploads\/2015a\/09\/04\/01.jpg","http:\/\/mm.howkuai.com\/wp-content\/uploads\/2015a\/09\/04\/02.jpg","http:\/\/mm.howkuai.com\/wp-content\/uploads\/2015a\/09\/04\/03.jpg","http:\/\/mm.howkuai.com\/wp-content\/uploads\/2015a\/09\/04\/04.jpg","http:\/\/mm.howkuai.com\/wp-content\/uploads\/2015a\/09\/04\/05.jpg","http:\/\/mm.howkuai.com\/wp-content\/uploads\/2015a\/09\/04\/06.jpg","http:\/\/mm.howkuai.com\/wp-content\/uploads\/2015a\/09\/04\/07.jpg"]},{"plaintext":"\u5fa1\u5973\u90ce\u30fb\u5c0f\u68e0\u30fb\u76ae\u8349\u79c1\u623f","href":"http:\/\/www.meizitu.com\/a\/5126.html","pic_list":["http:\/\/mm.howkuai.com\/wp-content\/uploads\/2015a\/08\/31\/01.jpg","http:\/\/mm.howkuai.com\/wp-content\/uploads\/2015a\/08\/31\/02.jpg","http:\/\/mm.howkuai.com\/wp-content\/uploads\/2015a\/08\/31\/03.jpg","http:\/\/mm.howkuai.com\/wp-content\/uploads\/2015a\/08\/31\/04.jpg","http:\/\/mm.howkuai.com\/wp-content\/uploads\/2015a\/08\/31\/05.jpg"]},{"plaintext":"\u6c14\u8d28\u59b9\u5b50\u30fb\u661f\u5df4\u514b\u5496\u5561\u5c4b\u81ea\u7136\u98ce","href":"http:\/\/www.meizitu.com\/a\/5113.html","pic_list":["http:\/\/mm.howkuai.com\/wp-content\/uploads\/2015a\/08\/18\/01.jpg","http:\/\/mm.howkuai.com\/wp-content\/uploads\/2015a\/08\/18\/02.jpg","http:\/\/mm.howkuai.com\/wp-content\/uploads\/2015a\/08\/18\/03.jpg","http:\/\/mm.howkuai.com\/wp-content\/uploads\/2015a\/08\/18\/04.jpg","http:\/\/mm.howkuai.com\/wp-content\/uploads\/2015a\/08\/18\/05.jpg","http:\/\/mm.howkuai.com\/wp-content\/uploads\/2015a\/08\/18\/06.jpg","http:\/\/mm.howkuai.com\/wp-content\/uploads\/2015a\/08\/18\/07.jpg","http:\/\/mm.howkuai.com\/wp-content\/uploads\/2015a\/08\/18\/08.jpg","http:\/\/mm.howkuai.com\/wp-content\/uploads\/2015a\/08\/18\/09.jpg"]},{"plaintext":"\u5377\u53d1\u8fd0\u52a8\u88c5\u6027\u611f\u5973\u5b69\u7d2b\u742a","href":"http:\/\/www.meizitu.com\/a\/5104.html","pic_list":["http:\/\/mm.howkuai.com\/wp-content\/uploads\/2015a\/08\/09\/01.jpg","http:\/\/mm.howkuai.com\/wp-content\/uploads\/2015a\/08\/09\/02.jpg","http:\/\/mm.howkuai.com\/wp-content\/uploads\/2015a\/08\/09\/03.jpg","http:\/\/mm.howkuai.com\/wp-content\/uploads\/2015a\/08\/09\/04.jpg","http:\/\/mm.howkuai.com\/wp-content\/uploads\/2015a\/08\/09\/05.jpg","http:\/\/mm.howkuai.com\/wp-content\/uploads\/2015a\/08\/09\/06.jpg"]},{"plaintext":"\u7f8e\u4e3d\u7684\u5929\u9e45\u821e\u5973\u5b69\u7a7f\u4e0a\u5a5a\u7eb1\u7684\u90a3\u4e00\u523b","href":"http:\/\/www.meizitu.com\/a\/5103.html","pic_list":["http:\/\/mm.howkuai.com\/wp-content\/uploads\/2015a\/08\/08\/01.jpg","http:\/\/mm.howkuai.com\/wp-content\/uploads\/2015a\/08\/08\/02.jpg","http:\/\/mm.howkuai.com\/wp-content\/uploads\/2015a\/08\/08\/03.jpg","http:\/\/mm.howkuai.com\/wp-content\/uploads\/2015a\/08\/08\/04.jpg","http:\/\/mm.howkuai.com\/wp-content\/uploads\/2015a\/08\/08\/05.jpg","http:\/\/mm.howkuai.com\/wp-content\/uploads\/2015a\/08\/08\/06.jpg","http:\/\/mm.howkuai.com\/wp-content\/uploads\/2015a\/08\/08\/07.jpg","http:\/\/mm.howkuai.com\/wp-content\/uploads\/2015a\/08\/08\/08.jpg"]},{"plaintext":"2015chinajoy\u4e0a\u4f9d\u7136\u4e0d\u7f3a\u4e4f\u4eae\u70b9","href":"http:\/\/www.meizitu.com\/a\/5099.html","pic_list":["http:\/\/mm.howkuai.com\/wp-content\/uploads\/2015a\/08\/04\/01.jpg","http:\/\/mm.howkuai.com\/wp-content\/uploads\/2015a\/08\/04\/02.jpg","http:\/\/mm.howkuai.com\/wp-content\/uploads\/2015a\/08\/04\/03.jpg","http:\/\/mm.howkuai.com\/wp-content\/uploads\/2015a\/08\/04\/04.jpg","http:\/\/mm.howkuai.com\/wp-content\/uploads\/2015a\/08\/04\/05.jpg","http:\/\/mm.howkuai.com\/wp-content\/uploads\/2015a\/08\/04\/06.jpg","http:\/\/mm.howkuai.com\/wp-content\/uploads\/2015a\/08\/04\/07.jpg","http:\/\/mm.howkuai.com\/wp-content\/uploads\/2015a\/08\/04\/08.jpg","http:\/\/mm.howkuai.com\/wp-content\/uploads\/2015a\/08\/04\/09.jpg","http:\/\/mm.howkuai.com\/wp-content\/uploads\/2015a\/08\/04\/10.jpg"]},{"plaintext":"\u5ae9\u6a21\u5728\u6e38\u4e50\u573a\u7684\u5feb\u4e50\u4e00\u5929","href":"http:\/\/www.meizitu.com\/a\/5093.html","pic_list":["http:\/\/mm.howkuai.com\/wp-content\/uploads\/2015a\/07\/43\/01.jpg","http:\/\/mm.howkuai.com\/wp-content\/uploads\/2015a\/07\/43\/02.jpg","http:\/\/mm.howkuai.com\/wp-content\/uploads\/2015a\/07\/43\/03.jpg","http:\/\/mm.howkuai.com\/wp-content\/uploads\/2015a\/07\/43\/04.jpg","http:\/\/mm.howkuai.com\/wp-content\/uploads\/2015a\/07\/43\/05.jpg","http:\/\/mm.howkuai.com\/wp-content\/uploads\/2015a\/07\/43\/06.jpg","http:\/\/mm.howkuai.com\/wp-content\/uploads\/2015a\/07\/43\/06.jpg","http:\/\/mm.howkuai.com\/wp-content\/uploads\/2015a\/07\/43\/06.jpg"]},{"plaintext":"\u4f53\u64cd\u670d\u59b9\u5b50\uff0c\u5c0f\u91ce\u56de\u5fc6","href":"http:\/\/www.meizitu.com\/a\/5092.html","pic_list":["http:\/\/mm.howkuai.com\/wp-content\/uploads\/2015a\/07\/42\/01.jpg","http:\/\/mm.howkuai.com\/wp-content\/uploads\/2015a\/07\/42\/02.jpg","http:\/\/mm.howkuai.com\/wp-content\/uploads\/2015a\/07\/42\/03.jpg","http:\/\/mm.howkuai.com\/wp-content\/uploads\/2015a\/07\/42\/04.jpg","http:\/\/mm.howkuai.com\/wp-content\/uploads\/2015a\/07\/42\/05.jpg","http:\/\/mm.howkuai.com\/wp-content\/uploads\/2015a\/07\/42\/06.jpg"]},{"plaintext":"\u957f\u817f\u3001\u7f8e\u817f\u7f8e\u5973\u56fe\u7247\u5408\u96c6\uff087\uff09","href":"http:\/\/www.meizitu.com\/a\/5074.html","pic_list":["http:\/\/mm.howkuai.com\/wp-content\/uploads\/2015a\/07\/25\/01.jpg","http:\/\/mm.howkuai.com\/wp-content\/uploads\/2015a\/07\/25\/02.jpg","http:\/\/mm.howkuai.com\/wp-content\/uploads\/2015a\/07\/25\/03.jpg","http:\/\/mm.howkuai.com\/wp-content\/uploads\/2015a\/07\/25\/04.jpg","http:\/\/mm.howkuai.com\/wp-content\/uploads\/2015a\/07\/25\/05.jpg","http:\/\/mm.howkuai.com\/wp-content\/uploads\/2015a\/07\/25\/06.jpg","http:\/\/mm.howkuai.com\/wp-content\/uploads\/2015a\/07\/25\/07.jpg","http:\/\/mm.howkuai.com\/wp-content\/uploads\/2015a\/07\/25\/08.jpg","http:\/\/mm.howkuai.com\/wp-content\/uploads\/2015a\/07\/25\/09.jpg","http:\/\/mm.howkuai.com\/wp-content\/uploads\/2015a\/07\/25\/10.jpg"]},{"plaintext":"\u7f8e\u4eba\u7684\u5962\u534e\u751f\u6d3b\uff0c\u522b\u5885\u91cc\u7684\u6027\u611f\u5b9d\u8d1d","href":"http:\/\/www.meizitu.com\/a\/5070.html","pic_list":["http:\/\/mm.howkuai.com\/wp-content\/uploads\/2015a\/07\/21\/01.jpg","http:\/\/mm.howkuai.com\/wp-content\/uploads\/2015a\/07\/21\/02.jpg","http:\/\/mm.howkuai.com\/wp-content\/uploads\/2015a\/07\/21\/03.jpg","http:\/\/mm.howkuai.com\/wp-content\/uploads\/2015a\/07\/21\/04.jpg","http:\/\/mm.howkuai.com\/wp-content\/uploads\/2015a\/07\/21\/05.jpg","http:\/\/mm.howkuai.com\/wp-content\/uploads\/2015a\/07\/21\/06.jpg","http:\/\/mm.howkuai.com\/wp-content\/uploads\/2015a\/07\/21\/07.jpg","http:\/\/mm.howkuai.com\/wp-content\/uploads\/2015a\/07\/21\/08.jpg"]},{"plaintext":"\u51b7\u773c\u5fa1\u59d0\u7684\u5185\u8863\u5199\u771f","href":"http:\/\/www.meizitu.com\/a\/5051.html","pic_list":["http:\/\/mm.howkuai.com\/wp-content\/uploads\/2015a\/07\/02\/01.jpg","http:\/\/mm.howkuai.com\/wp-content\/uploads\/2015a\/07\/02\/02.jpg","http:\/\/mm.howkuai.com\/wp-content\/uploads\/2015a\/07\/02\/03.jpg","http:\/\/mm.howkuai.com\/wp-content\/uploads\/2015a\/07\/02\/04.jpg","http:\/\/mm.howkuai.com\/wp-content\/uploads\/2015a\/07\/02\/05.jpg"]},{"plaintext":"\u559c\u6b22\u8db3\u7403\u7684\u5c11\u5973\uff0c\u56de\u5fc6\u91cc\u7684\u90a3\u4e9b\u65f6\u5149\u3002","href":"http:\/\/www.meizitu.com\/a\/5037.html","pic_list":["http:\/\/mm.howkuai.com\/wp-content\/uploads\/2015a\/06\/30\/01.jpg","http:\/\/mm.howkuai.com\/wp-content\/uploads\/2015a\/06\/30\/02.jpg","http:\/\/mm.howkuai.com\/wp-content\/uploads\/2015a\/06\/30\/03.jpg","http:\/\/mm.howkuai.com\/wp-content\/uploads\/2015a\/06\/30\/04.jpg","http:\/\/mm.howkuai.com\/wp-content\/uploads\/2015a\/06\/30\/05.jpg","http:\/\/mm.howkuai.com\/wp-content\/uploads\/2015a\/06\/30\/06.jpg","http:\/\/mm.howkuai.com\/wp-content\/uploads\/2015a\/06\/30\/07.jpg"]},{"plaintext":"\u6d45\u8272\u5149\u5e74\uff0c\u5b89\u5b89\u9759\u9759\u505a\u4e00\u4e2a\u7f8e\u5c11\u5973","href":"http:\/\/www.meizitu.com\/a\/5030.html","pic_list":["http:\/\/mm.howkuai.com\/wp-content\/uploads\/2015a\/06\/23\/01.jpg","http:\/\/mm.howkuai.com\/wp-content\/uploads\/2015a\/06\/23\/02.jpg","http:\/\/mm.howkuai.com\/wp-content\/uploads\/2015a\/06\/23\/03.jpg","http:\/\/mm.howkuai.com\/wp-content\/uploads\/2015a\/06\/23\/04.jpg","http:\/\/mm.howkuai.com\/wp-content\/uploads\/2015a\/06\/23\/05.jpg","http:\/\/mm.howkuai.com\/wp-content\/uploads\/2015a\/06\/23\/06.jpg","http:\/\/mm.howkuai.com\/wp-content\/uploads\/2015a\/06\/23\/07.jpg"]}]