[{"plaintext":"\u4ee4\u4eba\u70ed\u8840\u6cb8\u817e\u7684\u6c34\u5ae9\u7f8e\u599e\u6027\u611f\u56fe\u7247","href":"http:\/\/www.meizitu.com\/a\/4050.html","pic_list":["http:\/\/mm.howkuai.com\/wp-content\/uploads\/2014a\/02\/42\/01.jpg","http:\/\/mm.howkuai.com\/wp-content\/uploads\/2014a\/02\/42\/02.jpg","http:\/\/mm.howkuai.com\/wp-content\/uploads\/2014a\/02\/42\/03.jpg","http:\/\/mm.howkuai.com\/wp-content\/uploads\/2014a\/02\/42\/04.jpg","http:\/\/mm.howkuai.com\/wp-content\/uploads\/2014a\/02\/42\/05.jpg","http:\/\/mm.howkuai.com\/wp-content\/uploads\/2014a\/02\/42\/06.jpg"]},{"plaintext":"\u8bf1\u4eba\u7684\u6027\u611f\u6a21\u7279\u6768\u4f9d\u53e3\u8854\u73ab\u7470\u79c0\u7f8e\u597d\u8eab\u6750","href":"http:\/\/www.meizitu.com\/a\/4043.html","pic_list":["http:\/\/mm.howkuai.com\/wp-content\/uploads\/2014a\/02\/35\/01.jpg","http:\/\/mm.howkuai.com\/wp-content\/uploads\/2014a\/02\/35\/02.jpg","http:\/\/mm.howkuai.com\/wp-content\/uploads\/2014a\/02\/35\/03.jpg","http:\/\/mm.howkuai.com\/wp-content\/uploads\/2014a\/02\/35\/04.jpg","http:\/\/mm.howkuai.com\/wp-content\/uploads\/2014a\/02\/35\/05.jpg"]},{"plaintext":"\u591c\u95f4\u7684\u7cbe\u7075\uff0c\u7f8e\u5973\u603b\u662f\u8d8a\u591c\u8d8a\u7cbe\u5f69","href":"http:\/\/www.meizitu.com\/a\/4040.html","pic_list":["http:\/\/mm.howkuai.com\/wp-content\/uploads\/2014a\/02\/32\/01.jpg","http:\/\/mm.howkuai.com\/wp-content\/uploads\/2014a\/02\/32\/02.jpg","http:\/\/mm.howkuai.com\/wp-content\/uploads\/2014a\/02\/32\/03.jpg","http:\/\/mm.howkuai.com\/wp-content\/uploads\/2014a\/02\/32\/04.jpg","http:\/\/mm.howkuai.com\/wp-content\/uploads\/2014a\/02\/32\/05.jpg","http:\/\/mm.howkuai.com\/wp-content\/uploads\/2014a\/02\/32\/06.jpg","http:\/\/mm.howkuai.com\/wp-content\/uploads\/2014a\/02\/32\/07.jpg","http:\/\/mm.howkuai.com\/wp-content\/uploads\/2014a\/02\/32\/08.jpg"]},{"plaintext":"V\u5973\u90ce\u5168\u65b9\u4f4d\u5927\u80c6\u5199\u771f","href":"http:\/\/www.meizitu.com\/a\/4037.html","pic_list":["http:\/\/mm.howkuai.com\/wp-content\/uploads\/2014a\/02\/29\/01.jpg","http:\/\/mm.howkuai.com\/wp-content\/uploads\/2014a\/02\/29\/02.jpg","http:\/\/mm.howkuai.com\/wp-content\/uploads\/2014a\/02\/29\/03.jpg","http:\/\/mm.howkuai.com\/wp-content\/uploads\/2014a\/02\/29\/04.jpg","http:\/\/mm.howkuai.com\/wp-content\/uploads\/2014a\/02\/29\/05.jpg","http:\/\/mm.howkuai.com\/wp-content\/uploads\/2014a\/02\/29\/06.jpg","http:\/\/mm.howkuai.com\/wp-content\/uploads\/2014a\/02\/29\/07.jpg"]},{"plaintext":"\u6781\u54c1\u8eab\u6750\uff0c\u9ed1\u4e1d\u540a\u5e26\u7f8e\u5973\u7684\u9b45\u60d1","href":"http:\/\/www.meizitu.com\/a\/3999.html","pic_list":["http:\/\/mm.howkuai.com\/wp-content\/uploads\/2014a\/01\/63\/01.jpg","http:\/\/mm.howkuai.com\/wp-content\/uploads\/2014a\/01\/63\/02.jpg","http:\/\/mm.howkuai.com\/wp-content\/uploads\/2014a\/01\/63\/03.jpg","http:\/\/mm.howkuai.com\/wp-content\/uploads\/2014a\/01\/63\/04.jpg","http:\/\/mm.howkuai.com\/wp-content\/uploads\/2014a\/01\/63\/05.jpg","http:\/\/mm.howkuai.com\/wp-content\/uploads\/2014a\/01\/63\/06.jpg","http:\/\/mm.howkuai.com\/wp-content\/uploads\/2014a\/01\/63\/07.jpg","http:\/\/mm.howkuai.com\/wp-content\/uploads\/2014a\/01\/63\/08.jpg"]},{"plaintext":"\u98ce\u60c5\u4e07\u79cd\uff0c\u6027\u611frose\u6c34\u624b\u670d","href":"http:\/\/www.meizitu.com\/a\/3997.html","pic_list":["http:\/\/mm.howkuai.com\/wp-content\/uploads\/2014a\/01\/61\/01.jpg","http:\/\/mm.howkuai.com\/wp-content\/uploads\/2014a\/01\/61\/02.jpg","http:\/\/mm.howkuai.com\/wp-content\/uploads\/2014a\/01\/61\/03.jpg","http:\/\/mm.howkuai.com\/wp-content\/uploads\/2014a\/01\/61\/04.jpg","http:\/\/mm.howkuai.com\/wp-content\/uploads\/2014a\/01\/61\/05.jpg","http:\/\/mm.howkuai.com\/wp-content\/uploads\/2014a\/01\/61\/06.jpg"]},{"plaintext":"[\u8d4f\u5fc3\u60a6\u76ee]\u7c89\u7ea2\u7edd\u8272\u4f73\u4eba\u63a8\u5973\u90ceYu\u4f73\u59ae","href":"http:\/\/www.meizitu.com\/a\/3995.html","pic_list":["http:\/\/mm.howkuai.com\/wp-content\/uploads\/2014a\/01\/59\/01.jpg","http:\/\/mm.howkuai.com\/wp-content\/uploads\/2014a\/01\/59\/02.jpg","http:\/\/mm.howkuai.com\/wp-content\/uploads\/2014a\/01\/59\/03.jpg","http:\/\/mm.howkuai.com\/wp-content\/uploads\/2014a\/01\/59\/04.jpg","http:\/\/mm.howkuai.com\/wp-content\/uploads\/2014a\/01\/59\/05.jpg","http:\/\/mm.howkuai.com\/wp-content\/uploads\/2014a\/01\/59\/06.jpg","http:\/\/mm.howkuai.com\/wp-content\/uploads\/2014a\/01\/59\/07.jpg","http:\/\/mm.howkuai.com\/wp-content\/uploads\/2014a\/01\/59\/08.jpg","http:\/\/mm.howkuai.com\/wp-content\/uploads\/2014a\/01\/59\/09.jpg","http:\/\/mm.howkuai.com\/wp-content\/uploads\/2014a\/01\/59\/10.jpg"]},{"plaintext":"\u59b9\u5b50\u4f60\u80f8\u90e8\u8fd9\u4e48\u5927\u5bb6\u91cc\u4eba\u77e5\u9053\u5417","href":"http:\/\/www.meizitu.com\/a\/3992.html","pic_list":["http:\/\/mm.howkuai.com\/wp-content\/uploads\/2014a\/01\/56\/01.jpg","http:\/\/mm.howkuai.com\/wp-content\/uploads\/2014a\/01\/56\/02.jpg","http:\/\/mm.howkuai.com\/wp-content\/uploads\/2014a\/01\/56\/03.jpg","http:\/\/mm.howkuai.com\/wp-content\/uploads\/2014a\/01\/56\/04.jpg","http:\/\/mm.howkuai.com\/wp-content\/uploads\/2014a\/01\/56\/05.jpg"]},{"plaintext":"[\u6027\u611f\u7f8e\u5973]\u7535\u773c\u5a07\u5a03\u5c55\u73b0\u5e8a\u4e0a\u72c2\u91ce\u98ce\u60c5","href":"http:\/\/www.meizitu.com\/a\/3987.html","pic_list":["http:\/\/mm.howkuai.com\/wp-content\/uploads\/2014a\/01\/51\/01.jpg","http:\/\/mm.howkuai.com\/wp-content\/uploads\/2014a\/01\/51\/02.jpg","http:\/\/mm.howkuai.com\/wp-content\/uploads\/2014a\/01\/51\/03.jpg","http:\/\/mm.howkuai.com\/wp-content\/uploads\/2014a\/01\/51\/04.jpg"]},{"plaintext":"\u808c\u80a4\u80dc\u96ea\u7684\u59b9\u5b50\uff0c\u6027\u611f\u7684\u8f6e\u5ed3","href":"http:\/\/www.meizitu.com\/a\/3986.html","pic_list":["http:\/\/mm.howkuai.com\/wp-content\/uploads\/2014a\/01\/50\/01.jpg","http:\/\/mm.howkuai.com\/wp-content\/uploads\/2014a\/01\/50\/02.jpg","http:\/\/mm.howkuai.com\/wp-content\/uploads\/2014a\/01\/50\/03.jpg","http:\/\/mm.howkuai.com\/wp-content\/uploads\/2014a\/01\/50\/04.jpg","http:\/\/mm.howkuai.com\/wp-content\/uploads\/2014a\/01\/50\/05.jpg","http:\/\/mm.howkuai.com\/wp-content\/uploads\/2014a\/01\/50\/06.jpg"]},{"plaintext":"\u6210\u719f\u5973\u4eba\u5373\u5174\u5316\u8eab\u5b66\u751f\u59b9\u62cd\u5199\u771f","href":"http:\/\/www.meizitu.com\/a\/3985.html","pic_list":["http:\/\/mm.howkuai.com\/wp-content\/uploads\/2014a\/01\/49\/01.jpg","http:\/\/mm.howkuai.com\/wp-content\/uploads\/2014a\/01\/49\/02.jpg","http:\/\/mm.howkuai.com\/wp-content\/uploads\/2014a\/01\/49\/03.jpg","http:\/\/mm.howkuai.com\/wp-content\/uploads\/2014a\/01\/49\/04.jpg","http:\/\/mm.howkuai.com\/wp-content\/uploads\/2014a\/01\/49\/05.jpg","http:\/\/mm.howkuai.com\/wp-content\/uploads\/2014a\/01\/49\/06.jpg","http:\/\/mm.howkuai.com\/wp-content\/uploads\/2014a\/01\/49\/07.jpg","http:\/\/mm.howkuai.com\/wp-content\/uploads\/2014a\/01\/49\/08.jpg","http:\/\/mm.howkuai.com\/wp-content\/uploads\/2014a\/01\/49\/09.jpg","http:\/\/mm.howkuai.com\/wp-content\/uploads\/2014a\/01\/49\/10.jpg"]},{"plaintext":"\u6726\u80e7\u7684\u8bf1\u60d1\uff0c\u591c\u665a\u7684\u5c0f\u7cbe\u7075","href":"http:\/\/www.meizitu.com\/a\/3977.html","pic_list":["http:\/\/mm.howkuai.com\/wp-content\/uploads\/2014a\/01\/41\/01.jpg","http:\/\/mm.howkuai.com\/wp-content\/uploads\/2014a\/01\/41\/02.jpg","http:\/\/mm.howkuai.com\/wp-content\/uploads\/2014a\/01\/41\/03.jpg","http:\/\/mm.howkuai.com\/wp-content\/uploads\/2014a\/01\/41\/04.jpg","http:\/\/mm.howkuai.com\/wp-content\/uploads\/2014a\/01\/41\/05.jpg","http:\/\/mm.howkuai.com\/wp-content\/uploads\/2014a\/01\/41\/06.jpg","http:\/\/mm.howkuai.com\/wp-content\/uploads\/2014a\/01\/41\/07.jpg","http:\/\/mm.howkuai.com\/wp-content\/uploads\/2014a\/01\/41\/08.jpg","http:\/\/mm.howkuai.com\/wp-content\/uploads\/2014a\/01\/41\/09.jpg","http:\/\/mm.howkuai.com\/wp-content\/uploads\/2014a\/01\/41\/10.jpg"]},{"plaintext":"\u6027\u611f\u5973\u4ebaluvian\u672c\u80fd\u5c45\u5bb6\u751f\u6d3b\u7f8e\u7167","href":"http:\/\/www.meizitu.com\/a\/3975.html","pic_list":["http:\/\/mm.howkuai.com\/wp-content\/uploads\/2014a\/01\/40\/01.jpg","http:\/\/mm.howkuai.com\/wp-content\/uploads\/2014a\/01\/40\/02.jpg","http:\/\/mm.howkuai.com\/wp-content\/uploads\/2014a\/01\/40\/03.jpg","http:\/\/mm.howkuai.com\/wp-content\/uploads\/2014a\/01\/40\/04.jpg","http:\/\/mm.howkuai.com\/wp-content\/uploads\/2014a\/01\/40\/05.jpg","http:\/\/mm.howkuai.com\/wp-content\/uploads\/2014a\/01\/40\/06.jpg","http:\/\/mm.howkuai.com\/wp-content\/uploads\/2014a\/01\/40\/07.jpg"]},{"plaintext":"\u517d\u8840\u6cb8\u817e\uff0c\u5973\u5175\u9080\u4f60\u4e00\u8d77\u91ce\u6218","href":"http:\/\/www.meizitu.com\/a\/3970.html","pic_list":["http:\/\/mm.howkuai.com\/wp-content\/uploads\/2014a\/01\/35\/01.jpg","http:\/\/mm.howkuai.com\/wp-content\/uploads\/2014a\/01\/35\/02.jpg","http:\/\/mm.howkuai.com\/wp-content\/uploads\/2014a\/01\/35\/03.jpg","http:\/\/mm.howkuai.com\/wp-content\/uploads\/2014a\/01\/35\/04.jpg","http:\/\/mm.howkuai.com\/wp-content\/uploads\/2014a\/01\/35\/05.jpg","http:\/\/mm.howkuai.com\/wp-content\/uploads\/2014a\/01\/35\/06.jpg","http:\/\/mm.howkuai.com\/wp-content\/uploads\/2014a\/01\/35\/07.jpg","http:\/\/mm.howkuai.com\/wp-content\/uploads\/2014a\/01\/35\/08.jpg","http:\/\/mm.howkuai.com\/wp-content\/uploads\/2014a\/01\/35\/09.jpg","http:\/\/mm.howkuai.com\/wp-content\/uploads\/2014a\/01\/35\/10.jpg","http:\/\/mm.howkuai.com\/wp-content\/uploads\/2014a\/01\/35\/11.jpg","http:\/\/mm.howkuai.com\/wp-content\/uploads\/2014a\/01\/35\/12.jpg"]},{"plaintext":"\u534a\u88f8\u4f73\u4eba\u7389\u4f53\u6a2a\u5367\u5927\u5c55\u50b2\u4eba\u8eab\u6750","href":"http:\/\/www.meizitu.com\/a\/3931.html","pic_list":["http:\/\/mm.howkuai.com\/wp-content\/uploads\/2013a\/12\/68\/01.jpg","http:\/\/mm.howkuai.com\/wp-content\/uploads\/2013a\/12\/68\/02.jpg","http:\/\/mm.howkuai.com\/wp-content\/uploads\/2013a\/12\/68\/03.jpg","http:\/\/mm.howkuai.com\/wp-content\/uploads\/2013a\/12\/68\/04.jpg","http:\/\/mm.howkuai.com\/wp-content\/uploads\/2013a\/12\/68\/05.jpg","http:\/\/mm.howkuai.com\/wp-content\/uploads\/2013a\/12\/68\/06.jpg"]},{"plaintext":"\u7f8e\u5973\u7684\u8bf1\u60d1\uff0c\u53f6\u6893\u8431\u7684\u6d74\u5ba4\u6e7f\u8eab\u7167","href":"http:\/\/www.meizitu.com\/a\/3923.html","pic_list":["http:\/\/mm.howkuai.com\/wp-content\/uploads\/2013a\/12\/59\/01.jpg","http:\/\/mm.howkuai.com\/wp-content\/uploads\/2013a\/12\/59\/02.jpg","http:\/\/mm.howkuai.com\/wp-content\/uploads\/2013a\/12\/59\/03.jpg","http:\/\/mm.howkuai.com\/wp-content\/uploads\/2013a\/12\/59\/04.jpg","http:\/\/mm.howkuai.com\/wp-content\/uploads\/2013a\/12\/59\/05.jpg"]},{"plaintext":"\u660e\u5a9a\u5996\u5a06\u7684\u534a\u88f8\u59d1\u5a18\u63d0\u524d\u795d\u5723\u8bde\u5feb\u4e50","href":"http:\/\/www.meizitu.com\/a\/3913.html","pic_list":["http:\/\/mm.howkuai.com\/wp-content\/uploads\/2013a\/12\/49\/01.jpg","http:\/\/mm.howkuai.com\/wp-content\/uploads\/2013a\/12\/49\/02.jpg","http:\/\/mm.howkuai.com\/wp-content\/uploads\/2013a\/12\/49\/03.jpg","http:\/\/mm.howkuai.com\/wp-content\/uploads\/2013a\/12\/49\/04.jpg","http:\/\/mm.howkuai.com\/wp-content\/uploads\/2013a\/12\/49\/05.jpg","http:\/\/mm.howkuai.com\/wp-content\/uploads\/2013a\/12\/49\/06.jpg","http:\/\/mm.howkuai.com\/wp-content\/uploads\/2013a\/12\/49\/07.jpg"]},{"plaintext":"\u6f02\u4eae\u5973\u5b69lisa\u79c1\u623f\u56fe","href":"http:\/\/www.meizitu.com\/a\/3871.html","pic_list":["http:\/\/mm.howkuai.com\/wp-content\/uploads\/2013a\/12\/07\/01.jpg","http:\/\/mm.howkuai.com\/wp-content\/uploads\/2013a\/12\/07\/02.jpg","http:\/\/mm.howkuai.com\/wp-content\/uploads\/2013a\/12\/07\/03.jpg","http:\/\/mm.howkuai.com\/wp-content\/uploads\/2013a\/12\/07\/04.jpg","http:\/\/mm.howkuai.com\/wp-content\/uploads\/2013a\/12\/07\/05.jpg","http:\/\/mm.howkuai.com\/wp-content\/uploads\/2013a\/12\/07\/06.jpg","http:\/\/mm.howkuai.com\/wp-content\/uploads\/2013a\/12\/07\/07.jpg","http:\/\/mm.howkuai.com\/wp-content\/uploads\/2013a\/12\/07\/08.jpg"]},{"plaintext":"\u6027\u611f\u7f8e\u5973\u6c99\u6ee9\u534a\u906e\u4e73","href":"http:\/\/www.meizitu.com\/a\/3864.html","pic_list":["http:\/\/mm.howkuai.com\/wp-content\/uploads\/2013a\/11\/77\/01.jpg","http:\/\/mm.howkuai.com\/wp-content\/uploads\/2013a\/11\/77\/02.jpg","http:\/\/mm.howkuai.com\/wp-content\/uploads\/2013a\/11\/77\/03.jpg","http:\/\/mm.howkuai.com\/wp-content\/uploads\/2013a\/11\/77\/04.jpg","http:\/\/mm.howkuai.com\/wp-content\/uploads\/2013a\/11\/77\/05.jpg","http:\/\/mm.howkuai.com\/wp-content\/uploads\/2013a\/11\/77\/06.jpg","http:\/\/mm.howkuai.com\/wp-content\/uploads\/2013a\/11\/77\/07.jpg"]},{"plaintext":"\u65e0\u5185\u9ed1\u4e1d\u7a92\u606f\u7684\u8bf1\u60d1,\u4f60\u8fd8hold\u4f4f\u5417","href":"http:\/\/www.meizitu.com\/a\/3860.html","pic_list":["http:\/\/mm.howkuai.com\/wp-content\/uploads\/2013a\/11\/74\/01.jpg","http:\/\/mm.howkuai.com\/wp-content\/uploads\/2013a\/11\/74\/02.jpg","http:\/\/mm.howkuai.com\/wp-content\/uploads\/2013a\/11\/74\/03.jpg","http:\/\/mm.howkuai.com\/wp-content\/uploads\/2013a\/11\/74\/04.jpg","http:\/\/mm.howkuai.com\/wp-content\/uploads\/2013a\/11\/74\/05.jpg","http:\/\/mm.howkuai.com\/wp-content\/uploads\/2013a\/11\/74\/06.jpg","http:\/\/mm.howkuai.com\/wp-content\/uploads\/2013a\/11\/74\/07.jpg","http:\/\/mm.howkuai.com\/wp-content\/uploads\/2013a\/11\/74\/08.jpg","http:\/\/mm.howkuai.com\/wp-content\/uploads\/2013a\/11\/74\/09.jpg","http:\/\/mm.howkuai.com\/wp-content\/uploads\/2013a\/11\/74\/10.jpg"]},{"plaintext":"\u9ed1\u8272\u8584\u7eb1\u6321\u4e0d\u4f4f\u4f60\u7684\u8bf1\u60d1,\u6b64\u65f6\u65e0\u58f0\u80dc\u6709\u58f0","href":"http:\/\/www.meizitu.com\/a\/3859.html","pic_list":["http:\/\/mm.howkuai.com\/wp-content\/uploads\/2013a\/11\/73\/1.jpg","http:\/\/mm.howkuai.com\/wp-content\/uploads\/2013a\/11\/73\/2.jpg","http:\/\/mm.howkuai.com\/wp-content\/uploads\/2013a\/11\/73\/3.jpg"]},{"plaintext":"\u8ff7\u4eba\u66f2\u7ebf\uff0c\u7f8e\u5973\u6eaa\u6c34\u4e2d\u6c89\u9c7c\u843d\u8273","href":"http:\/\/www.meizitu.com\/a\/3852.html","pic_list":["http:\/\/mm.howkuai.com\/wp-content\/uploads\/2013a\/11\/66\/01.jpg","http:\/\/mm.howkuai.com\/wp-content\/uploads\/2013a\/11\/66\/02.jpg","http:\/\/mm.howkuai.com\/wp-content\/uploads\/2013a\/11\/66\/03.jpg","http:\/\/mm.howkuai.com\/wp-content\/uploads\/2013a\/11\/66\/04.jpg"]},{"plaintext":"\u7f8e\u80f8\u7206\u4eba\u773c\u7403\uff01 luvian\u9ad8\u6e05\u6d74\u5ba4","href":"http:\/\/www.meizitu.com\/a\/3847.html","pic_list":["http:\/\/mm.howkuai.com\/wp-content\/uploads\/2013a\/11\/61\/01.jpg","http:\/\/mm.howkuai.com\/wp-content\/uploads\/2013a\/11\/61\/02.jpg","http:\/\/mm.howkuai.com\/wp-content\/uploads\/2013a\/11\/61\/03.jpg","http:\/\/mm.howkuai.com\/wp-content\/uploads\/2013a\/11\/61\/04.jpg","http:\/\/mm.howkuai.com\/wp-content\/uploads\/2013a\/11\/61\/05.jpg"]},{"plaintext":"\u9633\u5149\u7f8e\u5973\u79cb\u5929\u4eab\u53d7\u6e29\u6696\u6c99\u6ee9","href":"http:\/\/www.meizitu.com\/a\/3845.html","pic_list":["http:\/\/mm.howkuai.com\/wp-content\/uploads\/2013a\/11\/59\/01.jpg","http:\/\/mm.howkuai.com\/wp-content\/uploads\/2013a\/11\/59\/02.jpg","http:\/\/mm.howkuai.com\/wp-content\/uploads\/2013a\/11\/59\/03.jpg","http:\/\/mm.howkuai.com\/wp-content\/uploads\/2013a\/11\/59\/04.jpg","http:\/\/mm.howkuai.com\/wp-content\/uploads\/2013a\/11\/59\/05.jpg","http:\/\/mm.howkuai.com\/wp-content\/uploads\/2013a\/11\/59\/06.jpg","http:\/\/mm.howkuai.com\/wp-content\/uploads\/2013a\/11\/59\/07.jpg"]},{"plaintext":"\u6027\u611f\u5c24\u7269\u5e8a\u4e0a\u7fd8\u81c0\u8ba9\u4eba\u9050\u60f3","href":"http:\/\/www.meizitu.com\/a\/3842.html","pic_list":["http:\/\/mm.howkuai.com\/wp-content\/uploads\/2013a\/11\/56\/01.jpg","http:\/\/mm.howkuai.com\/wp-content\/uploads\/2013a\/11\/56\/02.jpg","http:\/\/mm.howkuai.com\/wp-content\/uploads\/2013a\/11\/56\/03.jpg","http:\/\/mm.howkuai.com\/wp-content\/uploads\/2013a\/11\/56\/04.jpg","http:\/\/mm.howkuai.com\/wp-content\/uploads\/2013a\/11\/56\/05.jpg","http:\/\/mm.howkuai.com\/wp-content\/uploads\/2013a\/11\/56\/06.jpg"]},{"plaintext":"\u8eab\u6750\u7206\u597d\u7684\u6d17\u8f66\u5973\u90ce","href":"http:\/\/www.meizitu.com\/a\/3838.html","pic_list":["http:\/\/mm.howkuai.com\/wp-content\/uploads\/2013a\/11\/52\/01.jpg","http:\/\/mm.howkuai.com\/wp-content\/uploads\/2013a\/11\/52\/02.jpg","http:\/\/mm.howkuai.com\/wp-content\/uploads\/2013a\/11\/52\/03.jpg","http:\/\/mm.howkuai.com\/wp-content\/uploads\/2013a\/11\/52\/04.jpg"]},{"plaintext":"\u9648\u6021\u66fc\u534a\u88f8T\u6064\u7167","href":"http:\/\/www.meizitu.com\/a\/3834.html","pic_list":["http:\/\/mm.howkuai.com\/wp-content\/uploads\/2013a\/11\/49\/01.jpg","http:\/\/mm.howkuai.com\/wp-content\/uploads\/2013a\/11\/49\/02.jpg","http:\/\/mm.howkuai.com\/wp-content\/uploads\/2013a\/11\/49\/03.jpg","http:\/\/mm.howkuai.com\/wp-content\/uploads\/2013a\/11\/49\/04.jpg"]},{"plaintext":"\u59b9\u5b50\u56fe\u5468\u672b\u798f\u5229\uff0c\u4e0d\u70b9\u540e\u6094(\u9648\u6021\u66fc)","href":"http:\/\/www.meizitu.com\/a\/3830.html","pic_list":["http:\/\/mm.howkuai.com\/wp-content\/uploads\/2013a\/11\/45\/01.jpg","http:\/\/mm.howkuai.com\/wp-content\/uploads\/2013a\/11\/45\/02.jpg","http:\/\/mm.howkuai.com\/wp-content\/uploads\/2013a\/11\/45\/03.jpg","http:\/\/mm.howkuai.com\/wp-content\/uploads\/2013a\/11\/45\/04.jpg"]},{"plaintext":"\u72c2\u91ce\u6210\u719f\u5973\u4eba\u79c1\u623f\u7167","href":"http:\/\/www.meizitu.com\/a\/3828.html","pic_list":["http:\/\/mm.howkuai.com\/wp-content\/uploads\/2013a\/11\/43\/01.jpg","http:\/\/mm.howkuai.com\/wp-content\/uploads\/2013a\/11\/43\/02.jpg","http:\/\/mm.howkuai.com\/wp-content\/uploads\/2013a\/11\/43\/03.jpg","http:\/\/mm.howkuai.com\/wp-content\/uploads\/2013a\/11\/43\/04.jpg","http:\/\/mm.howkuai.com\/wp-content\/uploads\/2013a\/11\/43\/05.jpg"]},{"plaintext":"\u8d85\u6b63\u7f8e\u5973\u9648\u6021\u66fc\u6d74\u5ba4\u5199\u771f","href":"http:\/\/www.meizitu.com\/a\/3824.html","pic_list":["http:\/\/mm.howkuai.com\/wp-content\/uploads\/2013a\/11\/39\/01.jpg","http:\/\/mm.howkuai.com\/wp-content\/uploads\/2013a\/11\/39\/02.jpg","http:\/\/mm.howkuai.com\/wp-content\/uploads\/2013a\/11\/39\/03.jpg","http:\/\/mm.howkuai.com\/wp-content\/uploads\/2013a\/11\/39\/04.jpg","http:\/\/mm.howkuai.com\/wp-content\/uploads\/2013a\/11\/39\/05.jpg","http:\/\/mm.howkuai.com\/wp-content\/uploads\/2013a\/11\/39\/06.jpg"]}]