[{"plaintext":"\u55b7\u8840\u8bf1\u60d1\u7f8e\u4eba\uff0cluvian\u672c\u80fd\u5199\u771f","href":"http:\/\/www.meizitu.com\/a\/3821.html","pic_list":["http:\/\/mm.howkuai.com\/wp-content\/uploads\/2013a\/11\/36\/01.jpg","http:\/\/mm.howkuai.com\/wp-content\/uploads\/2013a\/11\/36\/02.jpg","http:\/\/mm.howkuai.com\/wp-content\/uploads\/2013a\/11\/36\/03.jpg","http:\/\/mm.howkuai.com\/wp-content\/uploads\/2013a\/11\/36\/04.jpg","http:\/\/mm.howkuai.com\/wp-content\/uploads\/2013a\/11\/36\/05.jpg","http:\/\/mm.howkuai.com\/wp-content\/uploads\/2013a\/11\/36\/06.jpg"]},{"plaintext":"\u56fd\u5185\u6027\u611f\u7f8e\u7709\u5408\u96c6\u4e09","href":"http:\/\/www.meizitu.com\/a\/3820.html","pic_list":["http:\/\/mm.howkuai.com\/wp-content\/uploads\/2013a\/11\/35\/01.jpg","http:\/\/mm.howkuai.com\/wp-content\/uploads\/2013a\/11\/35\/02.jpg","http:\/\/mm.howkuai.com\/wp-content\/uploads\/2013a\/11\/35\/03.jpg","http:\/\/mm.howkuai.com\/wp-content\/uploads\/2013a\/11\/35\/04.jpg","http:\/\/mm.howkuai.com\/wp-content\/uploads\/2013a\/11\/35\/05.jpg","http:\/\/mm.howkuai.com\/wp-content\/uploads\/2013a\/11\/35\/06.jpg","http:\/\/mm.howkuai.com\/wp-content\/uploads\/2013a\/11\/35\/07.jpg","http:\/\/mm.howkuai.com\/wp-content\/uploads\/2013a\/11\/35\/08.jpg","http:\/\/mm.howkuai.com\/wp-content\/uploads\/2013a\/11\/35\/09.jpg","http:\/\/mm.howkuai.com\/wp-content\/uploads\/2013a\/11\/35\/10.jpg","http:\/\/mm.howkuai.com\/wp-content\/uploads\/2013a\/11\/35\/11.jpg","http:\/\/mm.howkuai.com\/wp-content\/uploads\/2013a\/11\/35\/12.jpg","http:\/\/mm.howkuai.com\/wp-content\/uploads\/2013a\/11\/35\/13.jpg"]},{"plaintext":"\u590f\u590f\u504f\u4e0d\u505a\u8d2d\u7269\u72c2\uff0c\u62cd\u6444\u79c1\u623f\u5199\u771f\u5e86\u5149\u68cd\u8282","href":"http:\/\/www.meizitu.com\/a\/3817.html","pic_list":["http:\/\/mm.howkuai.com\/wp-content\/uploads\/2013a\/11\/32\/01.jpg","http:\/\/mm.howkuai.com\/wp-content\/uploads\/2013a\/11\/32\/02.jpg","http:\/\/mm.howkuai.com\/wp-content\/uploads\/2013a\/11\/32\/03.jpg","http:\/\/mm.howkuai.com\/wp-content\/uploads\/2013a\/11\/32\/04.jpg","http:\/\/mm.howkuai.com\/wp-content\/uploads\/2013a\/11\/32\/05.jpg"]},{"plaintext":"\u4e13\u5c5e\u79c1\u623f\u5199\u771f\u6444\u5f71\uff0c\u6df7\u8840\u6027\u611f\u79c0","href":"http:\/\/www.meizitu.com\/a\/3816.html","pic_list":["http:\/\/mm.howkuai.com\/wp-content\/uploads\/2013a\/11\/31\/01.jpg","http:\/\/mm.howkuai.com\/wp-content\/uploads\/2013a\/11\/31\/02.jpg","http:\/\/mm.howkuai.com\/wp-content\/uploads\/2013a\/11\/31\/03.jpg","http:\/\/mm.howkuai.com\/wp-content\/uploads\/2013a\/11\/31\/04.jpg","http:\/\/mm.howkuai.com\/wp-content\/uploads\/2013a\/11\/31\/05.jpg","http:\/\/mm.howkuai.com\/wp-content\/uploads\/2013a\/11\/31\/06.jpg","http:\/\/mm.howkuai.com\/wp-content\/uploads\/2013a\/11\/31\/07.jpg","http:\/\/mm.howkuai.com\/wp-content\/uploads\/2013a\/11\/31\/08.jpg"]},{"plaintext":"\u96f7\u53ef\u513f\u8499\u7eb1\u534a\u88f8\u5199\u771f","href":"http:\/\/www.meizitu.com\/a\/3758.html","pic_list":["http:\/\/mm.howkuai.com\/wp-content\/uploads\/2013a\/10\/39\/01.jpg","http:\/\/mm.howkuai.com\/wp-content\/uploads\/2013a\/10\/39\/02.jpg","http:\/\/mm.howkuai.com\/wp-content\/uploads\/2013a\/10\/39\/03.jpg","http:\/\/mm.howkuai.com\/wp-content\/uploads\/2013a\/10\/39\/04.jpg","http:\/\/mm.howkuai.com\/wp-content\/uploads\/2013a\/10\/39\/05.jpg","http:\/\/mm.howkuai.com\/wp-content\/uploads\/2013a\/10\/39\/06.jpg"]},{"plaintext":"\u5b5f\u7199\u513f\u6d74\u5ba4\u5999\u66fc\u5199\u771f","href":"http:\/\/www.meizitu.com\/a\/3737.html","pic_list":["http:\/\/mm.howkuai.com\/wp-content\/uploads\/2013a\/10\/19\/01.jpg","http:\/\/mm.howkuai.com\/wp-content\/uploads\/2013a\/10\/19\/02.jpg","http:\/\/mm.howkuai.com\/wp-content\/uploads\/2013a\/10\/19\/03.jpg","http:\/\/mm.howkuai.com\/wp-content\/uploads\/2013a\/10\/19\/04.jpg","http:\/\/mm.howkuai.com\/wp-content\/uploads\/2013a\/10\/19\/05.jpg"]},{"plaintext":"\u5468\u8309\u534a\u88f8\u8f7b\u7eb1\u66fc\u821e","href":"http:\/\/www.meizitu.com\/a\/3726.html","pic_list":["http:\/\/mm.howkuai.com\/wp-content\/uploads\/2013a\/10\/08\/01.jpg","http:\/\/mm.howkuai.com\/wp-content\/uploads\/2013a\/10\/08\/02.jpg","http:\/\/mm.howkuai.com\/wp-content\/uploads\/2013a\/10\/08\/03.jpg","http:\/\/mm.howkuai.com\/wp-content\/uploads\/2013a\/10\/08\/04.jpg","http:\/\/mm.howkuai.com\/wp-content\/uploads\/2013a\/10\/08\/05.jpg"]},{"plaintext":"\u6234\u5b89\u5a1c\u6d74\u5ba4\u98ce\u60c5","href":"http:\/\/www.meizitu.com\/a\/3686.html","pic_list":["http:\/\/mm.howkuai.com\/wp-content\/uploads\/2013a\/08\/22\/01.jpg","http:\/\/mm.howkuai.com\/wp-content\/uploads\/2013a\/08\/22\/02.jpg","http:\/\/mm.howkuai.com\/wp-content\/uploads\/2013a\/08\/22\/03.jpg","http:\/\/mm.howkuai.com\/wp-content\/uploads\/2013a\/08\/22\/04.jpg","http:\/\/mm.howkuai.com\/wp-content\/uploads\/2013a\/08\/22\/05.jpg","http:\/\/mm.howkuai.com\/wp-content\/uploads\/2013a\/08\/22\/06.jpg","http:\/\/mm.howkuai.com\/wp-content\/uploads\/2013a\/08\/22\/07.jpg","http:\/\/mm.howkuai.com\/wp-content\/uploads\/2013a\/08\/22\/08.jpg","http:\/\/mm.howkuai.com\/wp-content\/uploads\/2013a\/08\/22\/09.jpg"]},{"plaintext":"\u738b\u5b50\u5e0c\u5916\u6ee9\u534a\u88f8\u8f7b\u63a9\u5de8\u4e73","href":"http:\/\/www.meizitu.com\/a\/3659.html","pic_list":["http:\/\/mm.howkuai.com\/wp-content\/uploads\/2013a\/07\/17\/01.jpg","http:\/\/mm.howkuai.com\/wp-content\/uploads\/2013a\/07\/17\/02.jpg","http:\/\/mm.howkuai.com\/wp-content\/uploads\/2013a\/07\/17\/03.jpg","http:\/\/mm.howkuai.com\/wp-content\/uploads\/2013a\/07\/17\/04.jpg","http:\/\/mm.howkuai.com\/wp-content\/uploads\/2013a\/07\/17\/05.jpg","http:\/\/mm.howkuai.com\/wp-content\/uploads\/2013a\/07\/17\/06.jpg","http:\/\/mm.howkuai.com\/wp-content\/uploads\/2013a\/07\/17\/07.jpg"]},{"plaintext":"\u4e07\u53ef\u513f\u5927\u5c3a\u5ea6\u534a\u88f8\u65f6\u5c1a\u5199\u771f","href":"http:\/\/www.meizitu.com\/a\/3658.html","pic_list":["http:\/\/mm.howkuai.com\/wp-content\/uploads\/2013a\/07\/16\/01.jpg","http:\/\/mm.howkuai.com\/wp-content\/uploads\/2013a\/07\/16\/02.jpg","http:\/\/mm.howkuai.com\/wp-content\/uploads\/2013a\/07\/16\/03.jpg","http:\/\/mm.howkuai.com\/wp-content\/uploads\/2013a\/07\/16\/04.jpg","http:\/\/mm.howkuai.com\/wp-content\/uploads\/2013a\/07\/16\/05.jpg","http:\/\/mm.howkuai.com\/wp-content\/uploads\/2013a\/07\/16\/06.jpg"]},{"plaintext":"\u6613\u6b23\u9ed1\u6697\u6d74\u5ba4\u5927\u9732\u9165\u80f8\u6e7f\u8eab\u9b45\u60d1\u4f17\u751f","href":"http:\/\/www.meizitu.com\/a\/3654.html","pic_list":["http:\/\/mm.howkuai.com\/wp-content\/uploads\/2013a\/07\/12\/01.jpg","http:\/\/mm.howkuai.com\/wp-content\/uploads\/2013a\/07\/12\/02.jpg","http:\/\/mm.howkuai.com\/wp-content\/uploads\/2013a\/07\/12\/03.jpg","http:\/\/mm.howkuai.com\/wp-content\/uploads\/2013a\/07\/12\/04.jpg","http:\/\/mm.howkuai.com\/wp-content\/uploads\/2013a\/07\/12\/05.jpg","http:\/\/mm.howkuai.com\/wp-content\/uploads\/2013a\/07\/12\/06.jpg","http:\/\/mm.howkuai.com\/wp-content\/uploads\/2013a\/07\/12\/07.jpg","http:\/\/mm.howkuai.com\/wp-content\/uploads\/2013a\/07\/12\/08.jpg","http:\/\/mm.howkuai.com\/wp-content\/uploads\/2013a\/07\/12\/09.jpg"]},{"plaintext":"\u97e9\u7f8e\u5a1c\u534a\u88f8\u5a40\u5a1c\u65f6\u5c1a\u5185\u8863\u5199\u771f","href":"http:\/\/www.meizitu.com\/a\/3586.html","pic_list":["http:\/\/mm.howkuai.com\/wp-content\/uploads\/2013a\/05\/31\/01.jpg","http:\/\/mm.howkuai.com\/wp-content\/uploads\/2013a\/05\/31\/02.jpg","http:\/\/mm.howkuai.com\/wp-content\/uploads\/2013a\/05\/31\/03.jpg","http:\/\/mm.howkuai.com\/wp-content\/uploads\/2013a\/05\/31\/04.jpg","http:\/\/mm.howkuai.com\/wp-content\/uploads\/2013a\/05\/31\/05.jpg","http:\/\/mm.howkuai.com\/wp-content\/uploads\/2013a\/05\/31\/06.jpg","http:\/\/mm.howkuai.com\/wp-content\/uploads\/2013a\/05\/31\/07.jpg","http:\/\/mm.howkuai.com\/wp-content\/uploads\/2013a\/05\/31\/08.jpg"]},{"plaintext":"\u5e73\u6a21\u6668\u6668\u534a\u88f8\u906e\u80f8\u6027\u611f\u5c01\u9762\u7167","href":"http:\/\/www.meizitu.com\/a\/3526.html","pic_list":["http:\/\/mm.howkuai.com\/wp-content\/uploads\/2013a\/04\/08\/01.jpg","http:\/\/mm.howkuai.com\/wp-content\/uploads\/2013a\/04\/08\/02.jpg","http:\/\/mm.howkuai.com\/wp-content\/uploads\/2013a\/04\/08\/03.jpg","http:\/\/mm.howkuai.com\/wp-content\/uploads\/2013a\/04\/08\/04.jpg","http:\/\/mm.howkuai.com\/wp-content\/uploads\/2013a\/04\/08\/05.jpg","http:\/\/mm.howkuai.com\/wp-content\/uploads\/2013a\/04\/08\/06.jpg","http:\/\/mm.howkuai.com\/wp-content\/uploads\/2013a\/04\/08\/07.jpg"]}]