[{"plaintext":"\u9165\u80f8\u7f8e\u5973\uff0c\u6781\u81f4\u6027\u611f\u7cbe\u81f4\u5199\u771f","href":"http:\/\/www.meizitu.com\/a\/4429.html","pic_list":["http:\/\/mm.howkuai.com\/wp-content\/uploads\/2014a\/08\/43\/01.jpg","http:\/\/mm.howkuai.com\/wp-content\/uploads\/2014a\/08\/43\/02.jpg","http:\/\/mm.howkuai.com\/wp-content\/uploads\/2014a\/08\/43\/03.jpg","http:\/\/mm.howkuai.com\/wp-content\/uploads\/2014a\/08\/43\/04.jpg","http:\/\/mm.howkuai.com\/wp-content\/uploads\/2014a\/08\/43\/05.jpg"]},{"plaintext":"\u900f\u660e\u7684\u8863\u88f3\u3001\u900f\u660e\u7684\u5305\u5305\uff0c\u6b23\u8d4f\u7684\u662f\u7f8e\u5973","href":"http:\/\/www.meizitu.com\/a\/4423.html","pic_list":["http:\/\/mm.howkuai.com\/wp-content\/uploads\/2014a\/08\/37\/01.jpg","http:\/\/mm.howkuai.com\/wp-content\/uploads\/2014a\/08\/37\/02.jpg","http:\/\/mm.howkuai.com\/wp-content\/uploads\/2014a\/08\/37\/03.jpg","http:\/\/mm.howkuai.com\/wp-content\/uploads\/2014a\/08\/37\/04.jpg","http:\/\/mm.howkuai.com\/wp-content\/uploads\/2014a\/08\/37\/05.jpg"]},{"plaintext":"\u597d\u8eab\u6750\u4e0d\u4f5c\u5047\uff0c\u6709\u4e00\u5f20\u5a03\u5a03\u8138\u7684\u7f8e\u5973","href":"http:\/\/www.meizitu.com\/a\/4421.html","pic_list":["http:\/\/mm.howkuai.com\/wp-content\/uploads\/2014a\/08\/35\/01.jpg","http:\/\/mm.howkuai.com\/wp-content\/uploads\/2014a\/08\/35\/02.jpg","http:\/\/mm.howkuai.com\/wp-content\/uploads\/2014a\/08\/35\/03.jpg","http:\/\/mm.howkuai.com\/wp-content\/uploads\/2014a\/08\/35\/04.jpg","http:\/\/mm.howkuai.com\/wp-content\/uploads\/2014a\/08\/35\/05.jpg","http:\/\/mm.howkuai.com\/wp-content\/uploads\/2014a\/08\/35\/06.jpg"]},{"plaintext":"\u773c\u795e\u52fe\u9b42\uff0c\u2018\u9ed1\u4e1d\u2019\u6321\u4e0d\u4f4f\u6b63\u59b9\u7684\u597d\u8eab\u6750","href":"http:\/\/www.meizitu.com\/a\/4416.html","pic_list":["http:\/\/mm.howkuai.com\/wp-content\/uploads\/2014a\/08\/30\/01.jpg","http:\/\/mm.howkuai.com\/wp-content\/uploads\/2014a\/08\/30\/02.jpg","http:\/\/mm.howkuai.com\/wp-content\/uploads\/2014a\/08\/30\/03.jpg","http:\/\/mm.howkuai.com\/wp-content\/uploads\/2014a\/08\/30\/04.jpg","http:\/\/mm.howkuai.com\/wp-content\/uploads\/2014a\/08\/30\/05.jpg","http:\/\/mm.howkuai.com\/wp-content\/uploads\/2014a\/08\/30\/06.jpg","http:\/\/mm.howkuai.com\/wp-content\/uploads\/2014a\/08\/30\/07.jpg"]},{"plaintext":"\u8c79\u7eb9\u4e0e\u9ed1\u4e1d\uff0c\u90a3\u4e9b\u6027\u611f\u7684\u4eba\u513f\uff08\u4e94\uff09","href":"http:\/\/www.meizitu.com\/a\/4332.html","pic_list":["http:\/\/mm.howkuai.com\/wp-content\/uploads\/2014a\/07\/17\/01.jpg","http:\/\/mm.howkuai.com\/wp-content\/uploads\/2014a\/07\/17\/02.jpg","http:\/\/mm.howkuai.com\/wp-content\/uploads\/2014a\/07\/17\/03.jpg","http:\/\/mm.howkuai.com\/wp-content\/uploads\/2014a\/07\/17\/04.jpg","http:\/\/mm.howkuai.com\/wp-content\/uploads\/2014a\/07\/17\/05.jpg","http:\/\/mm.howkuai.com\/wp-content\/uploads\/2014a\/07\/17\/06.jpg","http:\/\/mm.howkuai.com\/wp-content\/uploads\/2014a\/07\/17\/07.jpg","http:\/\/mm.howkuai.com\/wp-content\/uploads\/2014a\/07\/17\/08.jpg"]},{"plaintext":"\u7f8e\u5973\u7231\u9a91\u9a6c\uff0c\u9a6c\u80cc\u4e0a\u5c55\u73b0\u72c2\u91ce\u6027\u611f\u7684\u98ce\u60c5","href":"http:\/\/www.meizitu.com\/a\/4325.html","pic_list":["http:\/\/mm.howkuai.com\/wp-content\/uploads\/2014a\/07\/10\/01.jpg","http:\/\/mm.howkuai.com\/wp-content\/uploads\/2014a\/07\/10\/02.jpg","http:\/\/mm.howkuai.com\/wp-content\/uploads\/2014a\/07\/10\/03.jpg","http:\/\/mm.howkuai.com\/wp-content\/uploads\/2014a\/07\/10\/04.jpg","http:\/\/mm.howkuai.com\/wp-content\/uploads\/2014a\/07\/10\/05.jpg"]},{"plaintext":"\u6f02\u4eae\u6a21\u7279\u5728\u6e29\u6cc9\u4eab\u53d7\u96be\u5f97\u7684\u5b81\u9759","href":"http:\/\/www.meizitu.com\/a\/4314.html","pic_list":["http:\/\/mm.howkuai.com\/wp-content\/uploads\/2014a\/06\/66\/01.jpg","http:\/\/mm.howkuai.com\/wp-content\/uploads\/2014a\/06\/66\/02.jpg","http:\/\/mm.howkuai.com\/wp-content\/uploads\/2014a\/06\/66\/03.jpg","http:\/\/mm.howkuai.com\/wp-content\/uploads\/2014a\/06\/66\/04.jpg","http:\/\/mm.howkuai.com\/wp-content\/uploads\/2014a\/06\/66\/05.jpg","http:\/\/mm.howkuai.com\/wp-content\/uploads\/2014a\/06\/66\/06.jpg"]},{"plaintext":"\u8138\u82e5\u94f6\u76d8,\u773c\u4f3c\u6c34\u674f\uff0c\u4e30\u6ee1\u7684\u7f8e\u80f8\u7f8e\u5973","href":"http:\/\/www.meizitu.com\/a\/4307.html","pic_list":["http:\/\/mm.howkuai.com\/wp-content\/uploads\/2014a\/06\/59\/01.jpg","http:\/\/mm.howkuai.com\/wp-content\/uploads\/2014a\/06\/59\/02.jpg","http:\/\/mm.howkuai.com\/wp-content\/uploads\/2014a\/06\/59\/03.jpg","http:\/\/mm.howkuai.com\/wp-content\/uploads\/2014a\/06\/59\/04.jpg","http:\/\/mm.howkuai.com\/wp-content\/uploads\/2014a\/06\/59\/05.jpg"]},{"plaintext":"\u9ed1\u767d\u4eba\u50cf\uff0c\u6726\u80e7\u4e2d\u9690\u7ea6\u900f\u7740\u4e00\u80a1\u5c0f\u6027\u611f","href":"http:\/\/www.meizitu.com\/a\/4302.html","pic_list":["http:\/\/mm.howkuai.com\/wp-content\/uploads\/2014a\/06\/54\/01.jpg","http:\/\/mm.howkuai.com\/wp-content\/uploads\/2014a\/06\/54\/02.jpg","http:\/\/mm.howkuai.com\/wp-content\/uploads\/2014a\/06\/54\/03.jpg","http:\/\/mm.howkuai.com\/wp-content\/uploads\/2014a\/06\/54\/04.jpg","http:\/\/mm.howkuai.com\/wp-content\/uploads\/2014a\/06\/54\/05.jpg"]},{"plaintext":"\u6e05\u7eaf\u7684\u59b9\u59b9\u7528\u9165\u80f8\u548c\u5634\u5507\u5c55\u793a\u81ea\u5df1\u7684\u53e6\u5916\u4e00\u9762","href":"http:\/\/www.meizitu.com\/a\/4296.html","pic_list":["http:\/\/mm.howkuai.com\/wp-content\/uploads\/2014a\/06\/48\/01.jpg","http:\/\/mm.howkuai.com\/wp-content\/uploads\/2014a\/06\/48\/02.jpg","http:\/\/mm.howkuai.com\/wp-content\/uploads\/2014a\/06\/48\/03.jpg","http:\/\/mm.howkuai.com\/wp-content\/uploads\/2014a\/06\/48\/04.jpg","http:\/\/mm.howkuai.com\/wp-content\/uploads\/2014a\/06\/48\/05.jpg","http:\/\/mm.howkuai.com\/wp-content\/uploads\/2014a\/06\/48\/06.jpg"]},{"plaintext":"\u767d\u7699\u7684\u77e5\u6027\u7f8e\u5973\u5ba4\u5185\u5199\u771f\u56fe\u7247","href":"http:\/\/www.meizitu.com\/a\/4292.html","pic_list":["http:\/\/mm.howkuai.com\/wp-content\/uploads\/2014a\/06\/44\/01.jpg","http:\/\/mm.howkuai.com\/wp-content\/uploads\/2014a\/06\/44\/02.jpg","http:\/\/mm.howkuai.com\/wp-content\/uploads\/2014a\/06\/44\/03.jpg","http:\/\/mm.howkuai.com\/wp-content\/uploads\/2014a\/06\/44\/04.jpg","http:\/\/mm.howkuai.com\/wp-content\/uploads\/2014a\/06\/44\/05.jpg"]},{"plaintext":"\u98d8\u7136\u957f\u53d1\uff0c\u4e1d\u4e1d\u7f15\u7f15\u5e26\u7740\u6027\u611f\u7684\u6b63\u59b9","href":"http:\/\/www.meizitu.com\/a\/4282.html","pic_list":["http:\/\/mm.howkuai.com\/wp-content\/uploads\/2014a\/06\/34\/01.jpg","http:\/\/mm.howkuai.com\/wp-content\/uploads\/2014a\/06\/34\/02.jpg","http:\/\/mm.howkuai.com\/wp-content\/uploads\/2014a\/06\/34\/03.jpg","http:\/\/mm.howkuai.com\/wp-content\/uploads\/2014a\/06\/34\/04.jpg","http:\/\/mm.howkuai.com\/wp-content\/uploads\/2014a\/06\/34\/05.jpg","http:\/\/mm.howkuai.com\/wp-content\/uploads\/2014a\/06\/34\/06.jpg"]},{"plaintext":"\u5973\u4eba\u5982\u6c34\uff0c\u90a3\u4e9b\u6027\u611f\u7684\u4eba\u513f\uff08\u56db\uff09","href":"http:\/\/www.meizitu.com\/a\/4279.html","pic_list":["http:\/\/mm.howkuai.com\/wp-content\/uploads\/2014a\/06\/31\/01.jpg","http:\/\/mm.howkuai.com\/wp-content\/uploads\/2014a\/06\/31\/02.jpg","http:\/\/mm.howkuai.com\/wp-content\/uploads\/2014a\/06\/31\/03.jpg","http:\/\/mm.howkuai.com\/wp-content\/uploads\/2014a\/06\/31\/04.jpg","http:\/\/mm.howkuai.com\/wp-content\/uploads\/2014a\/06\/31\/05.jpg","http:\/\/mm.howkuai.com\/wp-content\/uploads\/2014a\/06\/31\/06.jpg","http:\/\/mm.howkuai.com\/wp-content\/uploads\/2014a\/06\/31\/07.jpg","http:\/\/mm.howkuai.com\/wp-content\/uploads\/2014a\/06\/31\/08.jpg"]},{"plaintext":"\u8eab\u6750\u975e\u5e38\u706b\u8fa3\u7684\u6a21\u7279\u738b\u660e\u660e","href":"http:\/\/www.meizitu.com\/a\/4278.html","pic_list":["http:\/\/mm.howkuai.com\/wp-content\/uploads\/2014a\/06\/30\/01.jpg","http:\/\/mm.howkuai.com\/wp-content\/uploads\/2014a\/06\/30\/02.jpg","http:\/\/mm.howkuai.com\/wp-content\/uploads\/2014a\/06\/30\/03.jpg","http:\/\/mm.howkuai.com\/wp-content\/uploads\/2014a\/06\/30\/04.jpg"]},{"plaintext":"\u8eab\u7a7f\u6027\u611f\u900f\u660e\u9ed1\u4e1d\u7684\u90bb\u5bb6\u59b9\u59b9","href":"http:\/\/www.meizitu.com\/a\/4276.html","pic_list":["http:\/\/mm.howkuai.com\/wp-content\/uploads\/2014a\/06\/28\/01.jpg","http:\/\/mm.howkuai.com\/wp-content\/uploads\/2014a\/06\/28\/02.jpg","http:\/\/mm.howkuai.com\/wp-content\/uploads\/2014a\/06\/28\/03.jpg","http:\/\/mm.howkuai.com\/wp-content\/uploads\/2014a\/06\/28\/04.jpg","http:\/\/mm.howkuai.com\/wp-content\/uploads\/2014a\/06\/28\/05.jpg","http:\/\/mm.howkuai.com\/wp-content\/uploads\/2014a\/06\/28\/06.jpg","http:\/\/mm.howkuai.com\/wp-content\/uploads\/2014a\/06\/28\/07.jpg"]},{"plaintext":"\u6d74\u5ba4\u91cc\u7684\u7f8e\u4e3d\u62a4\u58eb\uff0c\u4e3d\u8389Lily\u6027\u611f\u5927\u7247","href":"http:\/\/www.meizitu.com\/a\/4162.html","pic_list":["http:\/\/mm.howkuai.com\/wp-content\/uploads\/2014a\/04\/24\/01.jpg","http:\/\/mm.howkuai.com\/wp-content\/uploads\/2014a\/04\/24\/02.jpg","http:\/\/mm.howkuai.com\/wp-content\/uploads\/2014a\/04\/24\/03.jpg","http:\/\/mm.howkuai.com\/wp-content\/uploads\/2014a\/04\/24\/04.jpg","http:\/\/mm.howkuai.com\/wp-content\/uploads\/2014a\/04\/24\/05.jpg","http:\/\/mm.howkuai.com\/wp-content\/uploads\/2014a\/04\/24\/06.jpg","http:\/\/mm.howkuai.com\/wp-content\/uploads\/2014a\/04\/24\/07.jpg"]},{"plaintext":"\u9500\u9b42\u8680\u9aa8\uff0c\u97e9\u5b50\u8431\u6781\u54c1\u79c1\u62cd\u5199\u771f","href":"http:\/\/www.meizitu.com\/a\/4149.html","pic_list":["http:\/\/mm.howkuai.com\/wp-content\/uploads\/2014a\/04\/11\/01.jpg","http:\/\/mm.howkuai.com\/wp-content\/uploads\/2014a\/04\/11\/02.jpg","http:\/\/mm.howkuai.com\/wp-content\/uploads\/2014a\/04\/11\/03.jpg","http:\/\/mm.howkuai.com\/wp-content\/uploads\/2014a\/04\/11\/04.jpg","http:\/\/mm.howkuai.com\/wp-content\/uploads\/2014a\/04\/11\/05.jpg","http:\/\/mm.howkuai.com\/wp-content\/uploads\/2014a\/04\/11\/06.jpg","http:\/\/mm.howkuai.com\/wp-content\/uploads\/2014a\/04\/11\/07.jpg","http:\/\/mm.howkuai.com\/wp-content\/uploads\/2014a\/04\/11\/08.jpg","http:\/\/mm.howkuai.com\/wp-content\/uploads\/2014a\/04\/11\/09.jpg"]},{"plaintext":"\u5c0f\u8303\u51b0\u51b0\u6768\u6dc7\u6db5\u4e4b\u6f02\u6d41\u6d74\u5ba4\u5199\u771f","href":"http:\/\/www.meizitu.com\/a\/4144.html","pic_list":["http:\/\/mm.howkuai.com\/wp-content\/uploads\/2014a\/04\/06\/01.jpg","http:\/\/mm.howkuai.com\/wp-content\/uploads\/2014a\/04\/06\/02.jpg","http:\/\/mm.howkuai.com\/wp-content\/uploads\/2014a\/04\/06\/03.jpg","http:\/\/mm.howkuai.com\/wp-content\/uploads\/2014a\/04\/06\/04.jpg","http:\/\/mm.howkuai.com\/wp-content\/uploads\/2014a\/04\/06\/05.jpg","http:\/\/mm.howkuai.com\/wp-content\/uploads\/2014a\/04\/06\/06.jpg"]},{"plaintext":"\u7f8e\u5973\u4e0e\u72d7\u72d7\uff0c\u738b\u68a6\u5b9e\u97e9\u56fd\u9996\u5c14\u884c","href":"http:\/\/www.meizitu.com\/a\/4139.html","pic_list":["http:\/\/mm.howkuai.com\/wp-content\/uploads\/2014a\/04\/01\/01.jpg","http:\/\/mm.howkuai.com\/wp-content\/uploads\/2014a\/04\/01\/02.jpg","http:\/\/mm.howkuai.com\/wp-content\/uploads\/2014a\/04\/01\/03.jpg","http:\/\/mm.howkuai.com\/wp-content\/uploads\/2014a\/04\/01\/04.jpg","http:\/\/mm.howkuai.com\/wp-content\/uploads\/2014a\/04\/01\/05.jpg"]},{"plaintext":"\u7b11\u5bb9\u771f\u5b9e\u7f8e\u4e3d\uff0c\u6e05\u7eaf\u7684\u90bb\u5bb6\u5973\u5b69\u674e\u5029\u7199","href":"http:\/\/www.meizitu.com\/a\/4137.html","pic_list":["http:\/\/mm.howkuai.com\/wp-content\/uploads\/2014a\/03\/66\/01.jpg","http:\/\/mm.howkuai.com\/wp-content\/uploads\/2014a\/03\/66\/02.jpg","http:\/\/mm.howkuai.com\/wp-content\/uploads\/2014a\/03\/66\/03.jpg","http:\/\/mm.howkuai.com\/wp-content\/uploads\/2014a\/03\/66\/04.jpg","http:\/\/mm.howkuai.com\/wp-content\/uploads\/2014a\/03\/66\/05.jpg","http:\/\/mm.howkuai.com\/wp-content\/uploads\/2014a\/03\/66\/06.jpg","http:\/\/mm.howkuai.com\/wp-content\/uploads\/2014a\/03\/66\/07.jpg"]},{"plaintext":"\u827a\u672f\u3001\u821e\u8e48\uff0c\u6027\u611f\u7684\u94a2\u7ba1\u821e\u5973\u90ce\u5c0f\u98de","href":"http:\/\/www.meizitu.com\/a\/4136.html","pic_list":["http:\/\/mm.howkuai.com\/wp-content\/uploads\/2014a\/03\/65\/01.jpg","http:\/\/mm.howkuai.com\/wp-content\/uploads\/2014a\/03\/65\/02.jpg","http:\/\/mm.howkuai.com\/wp-content\/uploads\/2014a\/03\/65\/03.jpg","http:\/\/mm.howkuai.com\/wp-content\/uploads\/2014a\/03\/65\/04.jpg","http:\/\/mm.howkuai.com\/wp-content\/uploads\/2014a\/03\/65\/05.jpg","http:\/\/mm.howkuai.com\/wp-content\/uploads\/2014a\/03\/65\/06.jpg"]},{"plaintext":"\u9690\u7ea6\u6726\u80e7\u7684\u5c0f\u6027\u611f\uff0c\u5377\u53d1\u7f8e\u5973\u7684\u8584\u7eb1\u8bf1\u60d1","href":"http:\/\/www.meizitu.com\/a\/4128.html","pic_list":["http:\/\/mm.howkuai.com\/wp-content\/uploads\/2014a\/03\/57\/01.jpg","http:\/\/mm.howkuai.com\/wp-content\/uploads\/2014a\/03\/57\/02.jpg","http:\/\/mm.howkuai.com\/wp-content\/uploads\/2014a\/03\/57\/03.jpg","http:\/\/mm.howkuai.com\/wp-content\/uploads\/2014a\/03\/57\/04.jpg","http:\/\/mm.howkuai.com\/wp-content\/uploads\/2014a\/03\/57\/05.jpg","http:\/\/mm.howkuai.com\/wp-content\/uploads\/2014a\/03\/57\/06.jpg","http:\/\/mm.howkuai.com\/wp-content\/uploads\/2014a\/03\/57\/07.jpg","http:\/\/mm.howkuai.com\/wp-content\/uploads\/2014a\/03\/57\/08.jpg","http:\/\/mm.howkuai.com\/wp-content\/uploads\/2014a\/03\/57\/09.jpg"]},{"plaintext":"\u4e30\u6ee1\u7f8e\u5973\u5a07\u4e73\u8ff7\u4eba\uff0c\u6709\u4e00\u79cd\u8bf4\u4e0d\u51fa\u7684\u98ce\u97f5","href":"http:\/\/www.meizitu.com\/a\/4127.html","pic_list":["http:\/\/mm.howkuai.com\/wp-content\/uploads\/2014a\/03\/56\/01.jpg","http:\/\/mm.howkuai.com\/wp-content\/uploads\/2014a\/03\/56\/02.jpg","http:\/\/mm.howkuai.com\/wp-content\/uploads\/2014a\/03\/56\/03.jpg","http:\/\/mm.howkuai.com\/wp-content\/uploads\/2014a\/03\/56\/04.jpg","http:\/\/mm.howkuai.com\/wp-content\/uploads\/2014a\/03\/56\/05.jpg","http:\/\/mm.howkuai.com\/wp-content\/uploads\/2014a\/03\/56\/06.jpg","http:\/\/mm.howkuai.com\/wp-content\/uploads\/2014a\/03\/56\/07.jpg","http:\/\/mm.howkuai.com\/wp-content\/uploads\/2014a\/03\/56\/08.jpg"]},{"plaintext":"\u5fa1\u5973\u90ce\uff0c\u6027\u611f\u7684\u7ed3\u5b9e\u7fd8\u81c0","href":"http:\/\/www.meizitu.com\/a\/4126.html","pic_list":["http:\/\/mm.howkuai.com\/wp-content\/uploads\/2014a\/03\/55\/01.jpg","http:\/\/mm.howkuai.com\/wp-content\/uploads\/2014a\/03\/55\/02.jpg","http:\/\/mm.howkuai.com\/wp-content\/uploads\/2014a\/03\/55\/03.jpg","http:\/\/mm.howkuai.com\/wp-content\/uploads\/2014a\/03\/55\/04.jpg","http:\/\/mm.howkuai.com\/wp-content\/uploads\/2014a\/03\/55\/05.jpg"]},{"plaintext":"\u8138\u86cb\u4e5f\u5f88\u7f8e\u7684\u4e9a\u6d32\u6027\u611f\u7f8e\u5973","href":"http:\/\/www.meizitu.com\/a\/4062.html","pic_list":["http:\/\/mm.howkuai.com\/wp-content\/uploads\/2014a\/02\/54\/01.jpg","http:\/\/mm.howkuai.com\/wp-content\/uploads\/2014a\/02\/54\/02.jpg","http:\/\/mm.howkuai.com\/wp-content\/uploads\/2014a\/02\/54\/03.jpg","http:\/\/mm.howkuai.com\/wp-content\/uploads\/2014a\/02\/54\/04.jpg","http:\/\/mm.howkuai.com\/wp-content\/uploads\/2014a\/02\/54\/05.jpg","http:\/\/mm.howkuai.com\/wp-content\/uploads\/2014a\/02\/54\/06.jpg","http:\/\/mm.howkuai.com\/wp-content\/uploads\/2014a\/02\/54\/07.jpg","http:\/\/mm.howkuai.com\/wp-content\/uploads\/2014a\/02\/54\/08.jpg","http:\/\/mm.howkuai.com\/wp-content\/uploads\/2014a\/02\/54\/09.jpg","http:\/\/mm.howkuai.com\/wp-content\/uploads\/2014a\/02\/54\/10.jpg"]},{"plaintext":"\u6027\u611f\u7f8e\u5973\u7a97\u53f0\u8fb9\u987e\u76fc\u751f\u8f89\uff0c\u64a9\u4eba\u5fc3\u6000","href":"http:\/\/www.meizitu.com\/a\/4060.html","pic_list":["http:\/\/mm.howkuai.com\/wp-content\/uploads\/2014a\/02\/52\/01.jpg","http:\/\/mm.howkuai.com\/wp-content\/uploads\/2014a\/02\/52\/02.jpg","http:\/\/mm.howkuai.com\/wp-content\/uploads\/2014a\/02\/52\/03.jpg","http:\/\/mm.howkuai.com\/wp-content\/uploads\/2014a\/02\/52\/04.jpg","http:\/\/mm.howkuai.com\/wp-content\/uploads\/2014a\/02\/52\/05.jpg","http:\/\/mm.howkuai.com\/wp-content\/uploads\/2014a\/02\/52\/06.jpg","http:\/\/mm.howkuai.com\/wp-content\/uploads\/2014a\/02\/52\/07.jpg"]},{"plaintext":"\u6d74\u5ba4\u4e2d\u59b9\u5b50\u7f8e\u597d\u8eab\u6750\uff0c\u6e7f\u6e7f\u7684\u8863\u88f3\u8ba9\u4eba\u6c89\u9189","href":"http:\/\/www.meizitu.com\/a\/4058.html","pic_list":["http:\/\/mm.howkuai.com\/wp-content\/uploads\/2014a\/02\/50\/01.jpg","http:\/\/mm.howkuai.com\/wp-content\/uploads\/2014a\/02\/50\/02.jpg","http:\/\/mm.howkuai.com\/wp-content\/uploads\/2014a\/02\/50\/03.jpg","http:\/\/mm.howkuai.com\/wp-content\/uploads\/2014a\/02\/50\/04.jpg","http:\/\/mm.howkuai.com\/wp-content\/uploads\/2014a\/02\/50\/05.jpg"]},{"plaintext":"\u5468\u672b\u798f\u5229\u56fe,\u7f8e\u81c0\u7f8e\u5973\u7cfb\u5217\uff08\u4e8c\uff09","href":"http:\/\/www.meizitu.com\/a\/4056.html","pic_list":["http:\/\/mm.howkuai.com\/wp-content\/uploads\/2014a\/02\/48\/01.jpg","http:\/\/mm.howkuai.com\/wp-content\/uploads\/2014a\/02\/48\/02.jpg","http:\/\/mm.howkuai.com\/wp-content\/uploads\/2014a\/02\/48\/03.jpg","http:\/\/mm.howkuai.com\/wp-content\/uploads\/2014a\/02\/48\/04.jpg","http:\/\/mm.howkuai.com\/wp-content\/uploads\/2014a\/02\/48\/05.jpg","http:\/\/mm.howkuai.com\/wp-content\/uploads\/2014a\/02\/48\/06.jpg","http:\/\/mm.howkuai.com\/wp-content\/uploads\/2014a\/02\/48\/07.jpg","http:\/\/mm.howkuai.com\/wp-content\/uploads\/2014a\/02\/48\/08.jpg","http:\/\/mm.howkuai.com\/wp-content\/uploads\/2014a\/02\/48\/09.jpg"]},{"plaintext":"\u6000\u5ff5\u590f\u5929\uff0c\u9633\u5149\u4ee5\u53ca\u6ce2\u6d9b\u6c79\u6d8c\u7684\u59b9\u5b50","href":"http:\/\/www.meizitu.com\/a\/4054.html","pic_list":["http:\/\/mm.howkuai.com\/wp-content\/uploads\/2014a\/02\/46\/01.jpg","http:\/\/mm.howkuai.com\/wp-content\/uploads\/2014a\/02\/46\/02.jpg","http:\/\/mm.howkuai.com\/wp-content\/uploads\/2014a\/02\/46\/03.jpg","http:\/\/mm.howkuai.com\/wp-content\/uploads\/2014a\/02\/46\/04.jpg","http:\/\/mm.howkuai.com\/wp-content\/uploads\/2014a\/02\/46\/05.jpg","http:\/\/mm.howkuai.com\/wp-content\/uploads\/2014a\/02\/46\/06.jpg","http:\/\/mm.howkuai.com\/wp-content\/uploads\/2014a\/02\/46\/07.jpg","http:\/\/mm.howkuai.com\/wp-content\/uploads\/2014a\/02\/46\/08.jpg","http:\/\/mm.howkuai.com\/wp-content\/uploads\/2014a\/02\/46\/09.jpg"]},{"plaintext":"\u8bb0\u5f55rose\u6027\u611f\u8fdb\u884c\u65f6","href":"http:\/\/www.meizitu.com\/a\/4053.html","pic_list":["http:\/\/mm.howkuai.com\/wp-content\/uploads\/2014a\/02\/45\/01.jpg","http:\/\/mm.howkuai.com\/wp-content\/uploads\/2014a\/02\/45\/02.jpg","http:\/\/mm.howkuai.com\/wp-content\/uploads\/2014a\/02\/45\/03.jpg","http:\/\/mm.howkuai.com\/wp-content\/uploads\/2014a\/02\/45\/04.jpg","http:\/\/mm.howkuai.com\/wp-content\/uploads\/2014a\/02\/45\/05.jpg"]}]