[{"plaintext":"\u8f6f\u59b9\u5b50\u5404\u79cd\u59ff\u52bf\u4fe1\u624b\u62c8\u6765","href":"http:\/\/www.meizitu.com\/a\/5038.html","pic_list":["http:\/\/mm.howkuai.com\/wp-content\/uploads\/2015a\/06\/31\/01.jpg","http:\/\/mm.howkuai.com\/wp-content\/uploads\/2015a\/06\/31\/02.jpg","http:\/\/mm.howkuai.com\/wp-content\/uploads\/2015a\/06\/31\/03.jpg","http:\/\/mm.howkuai.com\/wp-content\/uploads\/2015a\/06\/31\/04.jpg","http:\/\/mm.howkuai.com\/wp-content\/uploads\/2015a\/06\/31\/05.jpg","http:\/\/mm.howkuai.com\/wp-content\/uploads\/2015a\/06\/31\/06.jpg","http:\/\/mm.howkuai.com\/wp-content\/uploads\/2015a\/06\/31\/07.jpg"]},{"plaintext":"\u6027\u611f\u7ea2\u5507\u59b9\u5b50\u79c1\u623f\u5199\u771f","href":"http:\/\/www.meizitu.com\/a\/5031.html","pic_list":["http:\/\/mm.howkuai.com\/wp-content\/uploads\/2015a\/06\/24\/01.jpg","http:\/\/mm.howkuai.com\/wp-content\/uploads\/2015a\/06\/24\/02.jpg","http:\/\/mm.howkuai.com\/wp-content\/uploads\/2015a\/06\/24\/03.jpg","http:\/\/mm.howkuai.com\/wp-content\/uploads\/2015a\/06\/24\/04.jpg","http:\/\/mm.howkuai.com\/wp-content\/uploads\/2015a\/06\/24\/05.jpg","http:\/\/mm.howkuai.com\/wp-content\/uploads\/2015a\/06\/24\/06.jpg","http:\/\/mm.howkuai.com\/wp-content\/uploads\/2015a\/06\/24\/07.jpg"]},{"plaintext":"\u708e\u708e\u590f\u65e5\u5c55\u73b0\u6027\u611f\u7684\u597d\u5b63\u8282","href":"http:\/\/www.meizitu.com\/a\/5025.html","pic_list":["http:\/\/mm.howkuai.com\/wp-content\/uploads\/2015a\/06\/18\/01.jpg","http:\/\/mm.howkuai.com\/wp-content\/uploads\/2015a\/06\/18\/02.jpg","http:\/\/mm.howkuai.com\/wp-content\/uploads\/2015a\/06\/18\/03.jpg","http:\/\/mm.howkuai.com\/wp-content\/uploads\/2015a\/06\/18\/04.jpg","http:\/\/mm.howkuai.com\/wp-content\/uploads\/2015a\/06\/18\/05.jpg","http:\/\/mm.howkuai.com\/wp-content\/uploads\/2015a\/06\/18\/06.jpg","http:\/\/mm.howkuai.com\/wp-content\/uploads\/2015a\/06\/18\/07.jpg","http:\/\/mm.howkuai.com\/wp-content\/uploads\/2015a\/06\/18\/08.jpg","http:\/\/mm.howkuai.com\/wp-content\/uploads\/2015a\/06\/18\/09.jpg","http:\/\/mm.howkuai.com\/wp-content\/uploads\/2015a\/06\/18\/10.jpg"]},{"plaintext":"\u6e05\u65b0\u5c0f\u7fd8\u81c0\u59b9\u5b50\u4eab\u53d7\u65e5\u5149\u6d74","href":"http:\/\/www.meizitu.com\/a\/5017.html","pic_list":["http:\/\/mm.howkuai.com\/wp-content\/uploads\/2015a\/06\/10\/01.jpg","http:\/\/mm.howkuai.com\/wp-content\/uploads\/2015a\/06\/10\/02.jpg","http:\/\/mm.howkuai.com\/wp-content\/uploads\/2015a\/06\/10\/03.jpg","http:\/\/mm.howkuai.com\/wp-content\/uploads\/2015a\/06\/10\/04.jpg","http:\/\/mm.howkuai.com\/wp-content\/uploads\/2015a\/06\/10\/05.jpg","http:\/\/mm.howkuai.com\/wp-content\/uploads\/2015a\/06\/10\/06.jpg","http:\/\/mm.howkuai.com\/wp-content\/uploads\/2015a\/06\/10\/07.jpg","http:\/\/mm.howkuai.com\/wp-content\/uploads\/2015a\/06\/10\/08.jpg"]},{"plaintext":"\u72c2\u91ce\u5473\u9053\uff0c\u9f50\u6dd1\u541b\u5927\u79c0\u5c0f\u86ee\u8170","href":"http:\/\/www.meizitu.com\/a\/5005.html","pic_list":["http:\/\/mm.howkuai.com\/wp-content\/uploads\/2015a\/05\/55\/01.jpg","http:\/\/mm.howkuai.com\/wp-content\/uploads\/2015a\/05\/55\/02.jpg","http:\/\/mm.howkuai.com\/wp-content\/uploads\/2015a\/05\/55\/03.jpg","http:\/\/mm.howkuai.com\/wp-content\/uploads\/2015a\/05\/55\/04.jpg","http:\/\/mm.howkuai.com\/wp-content\/uploads\/2015a\/05\/55\/05.jpg","http:\/\/mm.howkuai.com\/wp-content\/uploads\/2015a\/05\/55\/06.jpg"]},{"plaintext":"\u9ad8\u6e05\u7f8e\u5973\u56fe\u7247\uff0c\u767d\u7699\u4e30\u6ee1\uff0c\u8bf1\u4eba\u6b32\u6ef4","href":"http:\/\/www.meizitu.com\/a\/5002.html","pic_list":["http:\/\/mm.howkuai.com\/wp-content\/uploads\/2015a\/05\/52\/01.jpg","http:\/\/mm.howkuai.com\/wp-content\/uploads\/2015a\/05\/52\/02.jpg","http:\/\/mm.howkuai.com\/wp-content\/uploads\/2015a\/05\/52\/03.jpg","http:\/\/mm.howkuai.com\/wp-content\/uploads\/2015a\/05\/52\/04.jpg","http:\/\/mm.howkuai.com\/wp-content\/uploads\/2015a\/05\/52\/05.jpg","http:\/\/mm.howkuai.com\/wp-content\/uploads\/2015a\/05\/52\/06.jpg"]},{"plaintext":"\u6d74\u7f38\u91cc\u7684\u5c24\u7269\uff0c\u7f51\u72b6\u5185\u8863\u4e0b\u66f4\u6dfb\u6027\u611f","href":"http:\/\/www.meizitu.com\/a\/4997.html","pic_list":["http:\/\/mm.howkuai.com\/wp-content\/uploads\/2015a\/05\/47\/01.jpg","http:\/\/mm.howkuai.com\/wp-content\/uploads\/2015a\/05\/47\/02.jpg","http:\/\/mm.howkuai.com\/wp-content\/uploads\/2015a\/05\/47\/03.jpg","http:\/\/mm.howkuai.com\/wp-content\/uploads\/2015a\/05\/47\/04.jpg","http:\/\/mm.howkuai.com\/wp-content\/uploads\/2015a\/05\/47\/05.jpg","http:\/\/mm.howkuai.com\/wp-content\/uploads\/2015a\/05\/47\/06.jpg","http:\/\/mm.howkuai.com\/wp-content\/uploads\/2015a\/05\/47\/07.jpg"]},{"plaintext":"\u8ba9\u4eba\u5fc3\u75d2\u96be\u8010\u7684\u4e8c\u6b21\u5143\u7f8e\u817f\u7f8e\u81c0","href":"http:\/\/www.meizitu.com\/a\/4978.html","pic_list":["http:\/\/mm.howkuai.com\/wp-content\/uploads\/2015a\/05\/28\/01.jpg","http:\/\/mm.howkuai.com\/wp-content\/uploads\/2015a\/05\/28\/02.jpg","http:\/\/mm.howkuai.com\/wp-content\/uploads\/2015a\/05\/28\/03.jpg","http:\/\/mm.howkuai.com\/wp-content\/uploads\/2015a\/05\/28\/04.jpg","http:\/\/mm.howkuai.com\/wp-content\/uploads\/2015a\/05\/28\/05.jpg","http:\/\/mm.howkuai.com\/wp-content\/uploads\/2015a\/05\/28\/06.jpg","http:\/\/mm.howkuai.com\/wp-content\/uploads\/2015a\/05\/28\/07.jpg"]},{"plaintext":"\u5377\u53d1Suki\u6731\u5fc6\u97f3\u6ce2\u841d\u793e\u5408\u4f5c\u62cd\u7247","href":"http:\/\/www.meizitu.com\/a\/4975.html","pic_list":["http:\/\/mm.howkuai.com\/wp-content\/uploads\/2015a\/05\/25\/01.jpg","http:\/\/mm.howkuai.com\/wp-content\/uploads\/2015a\/05\/25\/02.jpg","http:\/\/mm.howkuai.com\/wp-content\/uploads\/2015a\/05\/25\/03.jpg","http:\/\/mm.howkuai.com\/wp-content\/uploads\/2015a\/05\/25\/04.jpg","http:\/\/mm.howkuai.com\/wp-content\/uploads\/2015a\/05\/25\/05.jpg","http:\/\/mm.howkuai.com\/wp-content\/uploads\/2015a\/05\/25\/06.jpg","http:\/\/mm.howkuai.com\/wp-content\/uploads\/2015a\/05\/25\/07.jpg"]},{"plaintext":"\u5065\u8eab\u623f\u5185\u98ce\u666f\u7ebf\uff0c\u6027\u611f\u7ebf\u6761\u8ba9\u4eba\u6026\u7136\u5fc3\u52a8","href":"http:\/\/www.meizitu.com\/a\/4960.html","pic_list":["http:\/\/mm.howkuai.com\/wp-content\/uploads\/2015a\/05\/09\/01.jpg","http:\/\/mm.howkuai.com\/wp-content\/uploads\/2015a\/05\/09\/02.jpg","http:\/\/mm.howkuai.com\/wp-content\/uploads\/2015a\/05\/09\/03.jpg","http:\/\/mm.howkuai.com\/wp-content\/uploads\/2015a\/05\/09\/04.jpg","http:\/\/mm.howkuai.com\/wp-content\/uploads\/2015a\/05\/09\/05.jpg","http:\/\/mm.howkuai.com\/wp-content\/uploads\/2015a\/05\/09\/06.jpg","http:\/\/mm.howkuai.com\/wp-content\/uploads\/2015a\/05\/09\/07.jpg","http:\/\/mm.howkuai.com\/wp-content\/uploads\/2015a\/05\/09\/08.jpg","http:\/\/mm.howkuai.com\/wp-content\/uploads\/2015a\/05\/09\/09.jpg"]},{"plaintext":"\u767d\u7699\u4e30\u6ee1\u5de8\u4e73\u7f8e\u7709\u6027\u611f\u51fa\u5883","href":"http:\/\/www.meizitu.com\/a\/4955.html","pic_list":["http:\/\/mm.howkuai.com\/wp-content\/uploads\/2015a\/05\/04\/01.jpg","http:\/\/mm.howkuai.com\/wp-content\/uploads\/2015a\/05\/04\/02.jpg","http:\/\/mm.howkuai.com\/wp-content\/uploads\/2015a\/05\/04\/03.jpg","http:\/\/mm.howkuai.com\/wp-content\/uploads\/2015a\/05\/04\/04.jpg","http:\/\/mm.howkuai.com\/wp-content\/uploads\/2015a\/05\/04\/05.jpg","http:\/\/mm.howkuai.com\/wp-content\/uploads\/2015a\/05\/04\/06.jpg","http:\/\/mm.howkuai.com\/wp-content\/uploads\/2015a\/05\/04\/07.jpg","http:\/\/mm.howkuai.com\/wp-content\/uploads\/2015a\/05\/04\/08.jpg"]},{"plaintext":"\u5f53\u6027\u611f\u5df2\u6210\u4e3a\u4e60\u60ef\uff0c\u9152\u5427\u4e2d\u7684\u5377\u53d1\u59b9\u59b9","href":"http:\/\/www.meizitu.com\/a\/4940.html","pic_list":["http:\/\/mm.howkuai.com\/wp-content\/uploads\/2015a\/04\/44\/01.jpg","http:\/\/mm.howkuai.com\/wp-content\/uploads\/2015a\/04\/44\/02.jpg","http:\/\/mm.howkuai.com\/wp-content\/uploads\/2015a\/04\/44\/03.jpg","http:\/\/mm.howkuai.com\/wp-content\/uploads\/2015a\/04\/44\/04.jpg","http:\/\/mm.howkuai.com\/wp-content\/uploads\/2015a\/04\/44\/05.jpg","http:\/\/mm.howkuai.com\/wp-content\/uploads\/2015a\/04\/44\/06.jpg"]},{"plaintext":"\u4e30\u6ee1\u8eab\u4f53\uff0c\u5e9f\u589f\u4e2d\u6027\u611f\u80cc\u5f71","href":"http:\/\/www.meizitu.com\/a\/4907.html","pic_list":["http:\/\/mm.howkuai.com\/wp-content\/uploads\/2015a\/04\/11\/01.jpg","http:\/\/mm.howkuai.com\/wp-content\/uploads\/2015a\/04\/11\/02.jpg","http:\/\/mm.howkuai.com\/wp-content\/uploads\/2015a\/04\/11\/03.jpg","http:\/\/mm.howkuai.com\/wp-content\/uploads\/2015a\/04\/11\/04.jpg","http:\/\/mm.howkuai.com\/wp-content\/uploads\/2015a\/04\/11\/05.jpg"]},{"plaintext":"\u65f6\u5c1a\u5927\u7247\uff0c\u6027\u611f\u52b2\u7206\u7684\u2018\u6728\u5076\u4eba\u2019","href":"http:\/\/www.meizitu.com\/a\/4897.html","pic_list":["http:\/\/mm.howkuai.com\/wp-content\/uploads\/2015a\/04\/01\/01.jpg","http:\/\/mm.howkuai.com\/wp-content\/uploads\/2015a\/04\/01\/02.jpg","http:\/\/mm.howkuai.com\/wp-content\/uploads\/2015a\/04\/01\/03.jpg","http:\/\/mm.howkuai.com\/wp-content\/uploads\/2015a\/04\/01\/04.jpg","http:\/\/mm.howkuai.com\/wp-content\/uploads\/2015a\/04\/01\/05.jpg","http:\/\/mm.howkuai.com\/wp-content\/uploads\/2015a\/04\/01\/06.jpg","http:\/\/mm.howkuai.com\/wp-content\/uploads\/2015a\/04\/01\/07.jpg"]},{"plaintext":"\u7c89\u5ae9\u5c0f\u9c9c\u8089\u3001\u4fee\u957f\u7f8e\u817f\u8ba9\u4f60\u770b\u7684\u76ee\u4e0d\u8f6c\u775b","href":"http:\/\/www.meizitu.com\/a\/4888.html","pic_list":["http:\/\/mm.howkuai.com\/wp-content\/uploads\/2015a\/03\/46\/01.jpg","http:\/\/mm.howkuai.com\/wp-content\/uploads\/2015a\/03\/46\/02.jpg","http:\/\/mm.howkuai.com\/wp-content\/uploads\/2015a\/03\/46\/03.jpg","http:\/\/mm.howkuai.com\/wp-content\/uploads\/2015a\/03\/46\/04.jpg","http:\/\/mm.howkuai.com\/wp-content\/uploads\/2015a\/03\/46\/05.jpg","http:\/\/mm.howkuai.com\/wp-content\/uploads\/2015a\/03\/46\/06.jpg","http:\/\/mm.howkuai.com\/wp-content\/uploads\/2015a\/03\/46\/07.jpg","http:\/\/mm.howkuai.com\/wp-content\/uploads\/2015a\/03\/46\/08.jpg","http:\/\/mm.howkuai.com\/wp-content\/uploads\/2015a\/03\/46\/09.jpg","http:\/\/mm.howkuai.com\/wp-content\/uploads\/2015a\/03\/46\/10.jpg"]},{"plaintext":"\u6321\u4e0d\u4f4f\u7684\u8bf1\u60d1\uff0c\u90a3\u4e9b\u6027\u611f\u7684\u4eba\u513f\uff0815\uff09","href":"http:\/\/www.meizitu.com\/a\/4881.html","pic_list":["http:\/\/mm.howkuai.com\/wp-content\/uploads\/2015a\/03\/39\/01.jpg","http:\/\/mm.howkuai.com\/wp-content\/uploads\/2015a\/03\/39\/02.jpg","http:\/\/mm.howkuai.com\/wp-content\/uploads\/2015a\/03\/39\/03.jpg","http:\/\/mm.howkuai.com\/wp-content\/uploads\/2015a\/03\/39\/04.jpg","http:\/\/mm.howkuai.com\/wp-content\/uploads\/2015a\/03\/39\/05.jpg","http:\/\/mm.howkuai.com\/wp-content\/uploads\/2015a\/03\/39\/06.jpg","http:\/\/mm.howkuai.com\/wp-content\/uploads\/2015a\/03\/39\/07.jpg","http:\/\/mm.howkuai.com\/wp-content\/uploads\/2015a\/03\/39\/08.jpg","http:\/\/mm.howkuai.com\/wp-content\/uploads\/2015a\/03\/39\/09.jpg","http:\/\/mm.howkuai.com\/wp-content\/uploads\/2015a\/03\/39\/10.jpg"]},{"plaintext":"\u732b\u5973\u64a9\u60c5\uff0c\u7528\u6bdb\u53d1\u89e6\u52a8\u4f60\u67d4\u8f6f\u5fc3\u5f26","href":"http:\/\/www.meizitu.com\/a\/4865.html","pic_list":["http:\/\/mm.howkuai.com\/wp-content\/uploads\/2015a\/03\/23\/01.jpg","http:\/\/mm.howkuai.com\/wp-content\/uploads\/2015a\/03\/23\/02.jpg","http:\/\/mm.howkuai.com\/wp-content\/uploads\/2015a\/03\/23\/03.jpg","http:\/\/mm.howkuai.com\/wp-content\/uploads\/2015a\/03\/23\/04.jpg","http:\/\/mm.howkuai.com\/wp-content\/uploads\/2015a\/03\/23\/05.jpg","http:\/\/mm.howkuai.com\/wp-content\/uploads\/2015a\/03\/23\/06.jpg","http:\/\/mm.howkuai.com\/wp-content\/uploads\/2015a\/03\/23\/07.jpg","http:\/\/mm.howkuai.com\/wp-content\/uploads\/2015a\/03\/23\/08.jpg","http:\/\/mm.howkuai.com\/wp-content\/uploads\/2015a\/03\/23\/09.jpg"]},{"plaintext":"\u8499\u773c\u5973\u738b\u7684\u76ae\u97ad\uff0c\u90a3\u4e9b\u6027\u611f\u7684\u4eba\u513f\uff0813\uff09","href":"http:\/\/www.meizitu.com\/a\/4825.html","pic_list":["http:\/\/mm.howkuai.com\/wp-content\/uploads\/2015a\/02\/20\/01.jpg","http:\/\/mm.howkuai.com\/wp-content\/uploads\/2015a\/02\/20\/02.jpg","http:\/\/mm.howkuai.com\/wp-content\/uploads\/2015a\/02\/20\/03.jpg","http:\/\/mm.howkuai.com\/wp-content\/uploads\/2015a\/02\/20\/04.jpg","http:\/\/mm.howkuai.com\/wp-content\/uploads\/2015a\/02\/20\/05.jpg","http:\/\/mm.howkuai.com\/wp-content\/uploads\/2015a\/02\/20\/06.jpg","http:\/\/mm.howkuai.com\/wp-content\/uploads\/2015a\/02\/20\/07.jpg","http:\/\/mm.howkuai.com\/wp-content\/uploads\/2015a\/02\/20\/08.jpg","http:\/\/mm.howkuai.com\/wp-content\/uploads\/2015a\/02\/20\/09.jpg","http:\/\/mm.howkuai.com\/wp-content\/uploads\/2015a\/02\/20\/10.jpg"]},{"plaintext":"\u65f6\u5c1a\u77ed\u88d9\u7684\u6df1\u6c9f\u8bf1\u60d1","href":"http:\/\/www.meizitu.com\/a\/4821.html","pic_list":["http:\/\/mm.howkuai.com\/wp-content\/uploads\/2015a\/02\/16\/01.jpg","http:\/\/mm.howkuai.com\/wp-content\/uploads\/2015a\/02\/16\/02.jpg","http:\/\/mm.howkuai.com\/wp-content\/uploads\/2015a\/02\/16\/03.jpg","http:\/\/mm.howkuai.com\/wp-content\/uploads\/2015a\/02\/16\/04.jpg","http:\/\/mm.howkuai.com\/wp-content\/uploads\/2015a\/02\/16\/05.jpg","http:\/\/mm.howkuai.com\/wp-content\/uploads\/2015a\/02\/16\/06.jpg"]},{"plaintext":"\u6a21\u7279\u5f20\u6893\u7457\u5199\u771f\uff0c\u60c5\u7eea\u7684\u5149","href":"http:\/\/www.meizitu.com\/a\/4798.html","pic_list":["http:\/\/mm.howkuai.com\/wp-content\/uploads\/2015a\/01\/57\/01.jpg","http:\/\/mm.howkuai.com\/wp-content\/uploads\/2015a\/01\/57\/02.jpg","http:\/\/mm.howkuai.com\/wp-content\/uploads\/2015a\/01\/57\/03.jpg","http:\/\/mm.howkuai.com\/wp-content\/uploads\/2015a\/01\/57\/04.jpg","http:\/\/mm.howkuai.com\/wp-content\/uploads\/2015a\/01\/57\/05.jpg","http:\/\/mm.howkuai.com\/wp-content\/uploads\/2015a\/01\/57\/06.jpg"]},{"plaintext":"\u6027\u611f\u6a21\u7279\uff0c\u5728\u6d77\u6d6a\u4e2d\u8fce\u63a5\u4e0b\u4e00\u6b21\u51b2\u51fb","href":"http:\/\/www.meizitu.com\/a\/4780.html","pic_list":["http:\/\/mm.howkuai.com\/wp-content\/uploads\/2015a\/01\/37\/01.jpg","http:\/\/mm.howkuai.com\/wp-content\/uploads\/2015a\/01\/37\/02.jpg","http:\/\/mm.howkuai.com\/wp-content\/uploads\/2015a\/01\/37\/03.jpg","http:\/\/mm.howkuai.com\/wp-content\/uploads\/2015a\/01\/37\/04.jpg","http:\/\/mm.howkuai.com\/wp-content\/uploads\/2015a\/01\/37\/05.jpg","http:\/\/mm.howkuai.com\/wp-content\/uploads\/2015a\/01\/37\/06.jpg"]},{"plaintext":"\u59a9\u5a9a\u5c0f\u5973\u4eba\uff0c\u90a3\u4e9b\u6027\u611f\u7684\u4eba\u513f\uff0812\uff09","href":"http:\/\/www.meizitu.com\/a\/4773.html","pic_list":["http:\/\/mm.howkuai.com\/wp-content\/uploads\/2015a\/01\/30\/01.jpg","http:\/\/mm.howkuai.com\/wp-content\/uploads\/2015a\/01\/30\/02.jpg","http:\/\/mm.howkuai.com\/wp-content\/uploads\/2015a\/01\/30\/03.jpg","http:\/\/mm.howkuai.com\/wp-content\/uploads\/2015a\/01\/30\/04.jpg","http:\/\/mm.howkuai.com\/wp-content\/uploads\/2015a\/01\/30\/05.jpg","http:\/\/mm.howkuai.com\/wp-content\/uploads\/2015a\/01\/30\/06.jpg","http:\/\/mm.howkuai.com\/wp-content\/uploads\/2015a\/01\/30\/07.jpg","http:\/\/mm.howkuai.com\/wp-content\/uploads\/2015a\/01\/30\/08.jpg","http:\/\/mm.howkuai.com\/wp-content\/uploads\/2015a\/01\/30\/09.jpg","http:\/\/mm.howkuai.com\/wp-content\/uploads\/2015a\/01\/30\/10.jpg"]},{"plaintext":"\u7389\u4f53\u7389\u9aa8\u51b0\u808c\uff0c\u957f\u53d1\u6a21\u7279\u9999\u8273\u753b\u9762","href":"http:\/\/www.meizitu.com\/a\/4765.html","pic_list":["http:\/\/mm.howkuai.com\/wp-content\/uploads\/2015a\/01\/22\/01.jpg","http:\/\/mm.howkuai.com\/wp-content\/uploads\/2015a\/01\/22\/02.jpg","http:\/\/mm.howkuai.com\/wp-content\/uploads\/2015a\/01\/22\/03.jpg","http:\/\/mm.howkuai.com\/wp-content\/uploads\/2015a\/01\/22\/04.jpg","http:\/\/mm.howkuai.com\/wp-content\/uploads\/2015a\/01\/22\/05.jpg","http:\/\/mm.howkuai.com\/wp-content\/uploads\/2015a\/01\/22\/06.jpg"]},{"plaintext":"\u957f\u817f\u6a21\u7279\u6d41\u5e74\u82b3\u83f2,\u5996\u5a06\u52a8\u4eba","href":"http:\/\/www.meizitu.com\/a\/4752.html","pic_list":["http:\/\/mm.howkuai.com\/wp-content\/uploads\/2015a\/01\/10\/01.jpg","http:\/\/mm.howkuai.com\/wp-content\/uploads\/2015a\/01\/10\/02.jpg","http:\/\/mm.howkuai.com\/wp-content\/uploads\/2015a\/01\/10\/03.jpg","http:\/\/mm.howkuai.com\/wp-content\/uploads\/2015a\/01\/10\/04.jpg","http:\/\/mm.howkuai.com\/wp-content\/uploads\/2015a\/01\/10\/05.jpg","http:\/\/mm.howkuai.com\/wp-content\/uploads\/2015a\/01\/10\/06.jpg","http:\/\/mm.howkuai.com\/wp-content\/uploads\/2015a\/01\/10\/07.jpg"]},{"plaintext":"\u65b0\u5e74\u798f\u5229\u3002\u4ee4\u4eba\u7729\u6655\u7684\u4e8c\u6b21\u5143\u59b9\u5b50\u3002","href":"http:\/\/www.meizitu.com\/a\/4743.html","pic_list":["http:\/\/mm.howkuai.com\/wp-content\/uploads\/2015a\/01\/01\/01.jpg","http:\/\/mm.howkuai.com\/wp-content\/uploads\/2015a\/01\/01\/02.jpg","http:\/\/mm.howkuai.com\/wp-content\/uploads\/2015a\/01\/01\/03.jpg","http:\/\/mm.howkuai.com\/wp-content\/uploads\/2015a\/01\/01\/04.jpg","http:\/\/mm.howkuai.com\/wp-content\/uploads\/2015a\/01\/01\/05.jpg"]},{"plaintext":"\u4e09\u70b9\u5f0f\u5973\u4ec6\u88c5\uff0c\u9648\u5927\u6995\u6700\u65b0\u5199\u771f\u96c6","href":"http:\/\/www.meizitu.com\/a\/4742.html","pic_list":["http:\/\/mm.howkuai.com\/wp-content\/uploads\/2014a\/12\/77\/01.jpg","http:\/\/mm.howkuai.com\/wp-content\/uploads\/2014a\/12\/77\/02.jpg","http:\/\/mm.howkuai.com\/wp-content\/uploads\/2014a\/12\/77\/03.jpg","http:\/\/mm.howkuai.com\/wp-content\/uploads\/2014a\/12\/77\/04.jpg","http:\/\/mm.howkuai.com\/wp-content\/uploads\/2014a\/12\/77\/05.jpg","http:\/\/mm.howkuai.com\/wp-content\/uploads\/2014a\/12\/77\/06.jpg","http:\/\/mm.howkuai.com\/wp-content\/uploads\/2014a\/12\/77\/07.jpg"]},{"plaintext":"\u5377\u53d1\u59b9\u5b50\u5728\u7d20\u96c5\u7684\u6c1b\u56f4\uff0c\u4f9d\u7136\u8ba9\u4eba\u5fc3\u8d77\u6ce2\u6f9c","href":"http:\/\/www.meizitu.com\/a\/4739.html","pic_list":["http:\/\/mm.howkuai.com\/wp-content\/uploads\/2014a\/12\/74\/01.jpg","http:\/\/mm.howkuai.com\/wp-content\/uploads\/2014a\/12\/74\/02.jpg","http:\/\/mm.howkuai.com\/wp-content\/uploads\/2014a\/12\/74\/03.jpg","http:\/\/mm.howkuai.com\/wp-content\/uploads\/2014a\/12\/74\/04.jpg","http:\/\/mm.howkuai.com\/wp-content\/uploads\/2014a\/12\/74\/05.jpg","http:\/\/mm.howkuai.com\/wp-content\/uploads\/2014a\/12\/74\/06.jpg","http:\/\/mm.howkuai.com\/wp-content\/uploads\/2014a\/12\/74\/07.jpg"]}]