[{"plaintext":"2014\u7684\u4e0a\u6d77\u6700\u7f8e\u5723\u8bde\u5973\u90ce","href":"http:\/\/www.meizitu.com\/a\/4730.html","pic_list":["http:\/\/mm.howkuai.com\/wp-content\/uploads\/2014a\/12\/65\/01.jpg","http:\/\/mm.howkuai.com\/wp-content\/uploads\/2014a\/12\/65\/02.jpg","http:\/\/mm.howkuai.com\/wp-content\/uploads\/2014a\/12\/65\/03.jpg","http:\/\/mm.howkuai.com\/wp-content\/uploads\/2014a\/12\/65\/04.jpg","http:\/\/mm.howkuai.com\/wp-content\/uploads\/2014a\/12\/65\/05.jpg","http:\/\/mm.howkuai.com\/wp-content\/uploads\/2014a\/12\/65\/06.jpg"]},{"plaintext":"\u6a21\u7279\u677e\u679c\u513f\u7684\u6027\u611f\u5723\u8bde\u793c\u7269","href":"http:\/\/www.meizitu.com\/a\/4718.html","pic_list":["http:\/\/mm.howkuai.com\/wp-content\/uploads\/2014a\/12\/53\/01.jpg","http:\/\/mm.howkuai.com\/wp-content\/uploads\/2014a\/12\/53\/02.jpg","http:\/\/mm.howkuai.com\/wp-content\/uploads\/2014a\/12\/53\/03.jpg","http:\/\/mm.howkuai.com\/wp-content\/uploads\/2014a\/12\/53\/04.jpg","http:\/\/mm.howkuai.com\/wp-content\/uploads\/2014a\/12\/53\/05.jpg","http:\/\/mm.howkuai.com\/wp-content\/uploads\/2014a\/12\/53\/06.jpg"]},{"plaintext":"\u629a\u5e73\u5fc3\u4e2d\u7684\u5bc2\u5bde\uff0c\u90a3\u4e9b\u6027\u611f\u7684\u4eba\u513f\uff0811\uff09","href":"http:\/\/www.meizitu.com\/a\/4710.html","pic_list":["http:\/\/mm.howkuai.com\/wp-content\/uploads\/2014a\/12\/45\/01.jpg","http:\/\/mm.howkuai.com\/wp-content\/uploads\/2014a\/12\/45\/02.jpg","http:\/\/mm.howkuai.com\/wp-content\/uploads\/2014a\/12\/45\/03.jpg","http:\/\/mm.howkuai.com\/wp-content\/uploads\/2014a\/12\/45\/04.jpg","http:\/\/mm.howkuai.com\/wp-content\/uploads\/2014a\/12\/45\/05.jpg","http:\/\/mm.howkuai.com\/wp-content\/uploads\/2014a\/12\/45\/06.jpg","http:\/\/mm.howkuai.com\/wp-content\/uploads\/2014a\/12\/45\/07.jpg","http:\/\/mm.howkuai.com\/wp-content\/uploads\/2014a\/12\/45\/08.jpg","http:\/\/mm.howkuai.com\/wp-content\/uploads\/2014a\/12\/45\/09.jpg"]},{"plaintext":"\u674e\u9896\u829d\u6027\u611f\u5199\u771f\u66dd\u5149 \u706b\u8fa3\u8fa3\u4ee4\u4eba\u55b7\u8840","href":"http:\/\/www.meizitu.com\/a\/4703.html","pic_list":["http:\/\/mm.howkuai.com\/wp-content\/uploads\/2014a\/12\/38\/01.jpg","http:\/\/mm.howkuai.com\/wp-content\/uploads\/2014a\/12\/38\/02.jpg","http:\/\/mm.howkuai.com\/wp-content\/uploads\/2014a\/12\/38\/03.jpg","http:\/\/mm.howkuai.com\/wp-content\/uploads\/2014a\/12\/38\/04.jpg","http:\/\/mm.howkuai.com\/wp-content\/uploads\/2014a\/12\/38\/05.jpg","http:\/\/mm.howkuai.com\/wp-content\/uploads\/2014a\/12\/38\/06.jpg"]},{"plaintext":"\u89c6\u89c9\u76db\u5bb4\uff0c\u4e30\u81c0\u6027\u611f\u6a21\u7279\u6311\u6218\u5361\u6234\u73ca","href":"http:\/\/www.meizitu.com\/a\/4686.html","pic_list":["http:\/\/mm.howkuai.com\/wp-content\/uploads\/2014a\/12\/21\/01.jpg","http:\/\/mm.howkuai.com\/wp-content\/uploads\/2014a\/12\/21\/02.jpg","http:\/\/mm.howkuai.com\/wp-content\/uploads\/2014a\/12\/21\/03.jpg","http:\/\/mm.howkuai.com\/wp-content\/uploads\/2014a\/12\/21\/04.jpg","http:\/\/mm.howkuai.com\/wp-content\/uploads\/2014a\/12\/21\/05.jpg","http:\/\/mm.howkuai.com\/wp-content\/uploads\/2014a\/12\/21\/06.jpg"]},{"plaintext":"\u5154\u5973\u90ce\u4e0e\u732b\u54aa\u5171\u540c\u6f14\u7ece\u5e8a\u4e0a\u6027\u611f\u7167","href":"http:\/\/www.meizitu.com\/a\/4683.html","pic_list":["http:\/\/mm.howkuai.com\/wp-content\/uploads\/2014a\/12\/18\/01.jpg","http:\/\/mm.howkuai.com\/wp-content\/uploads\/2014a\/12\/18\/02.jpg","http:\/\/mm.howkuai.com\/wp-content\/uploads\/2014a\/12\/18\/03.jpg","http:\/\/mm.howkuai.com\/wp-content\/uploads\/2014a\/12\/18\/04.jpg","http:\/\/mm.howkuai.com\/wp-content\/uploads\/2014a\/12\/18\/05.jpg","http:\/\/mm.howkuai.com\/wp-content\/uploads\/2014a\/12\/18\/06.jpg","http:\/\/mm.howkuai.com\/wp-content\/uploads\/2014a\/12\/18\/07.jpg"]},{"plaintext":"\u90a3\u4e9b\u767d\u7699\u7c89\u5ae9\u7684\u6027\u611f\u7f8e\u4eba\u513f\uff0810\uff09","href":"http:\/\/www.meizitu.com\/a\/4665.html","pic_list":["http:\/\/mm.howkuai.com\/wp-content\/uploads\/2014a\/11\/72\/01.jpg","http:\/\/mm.howkuai.com\/wp-content\/uploads\/2014a\/11\/72\/02.jpg","http:\/\/mm.howkuai.com\/wp-content\/uploads\/2014a\/11\/72\/03.jpg","http:\/\/mm.howkuai.com\/wp-content\/uploads\/2014a\/11\/72\/04.jpg","http:\/\/mm.howkuai.com\/wp-content\/uploads\/2014a\/11\/72\/05.jpg","http:\/\/mm.howkuai.com\/wp-content\/uploads\/2014a\/11\/72\/06.jpg","http:\/\/mm.howkuai.com\/wp-content\/uploads\/2014a\/11\/72\/07.jpg","http:\/\/mm.howkuai.com\/wp-content\/uploads\/2014a\/11\/72\/08.jpg","http:\/\/mm.howkuai.com\/wp-content\/uploads\/2014a\/11\/72\/09.jpg","http:\/\/mm.howkuai.com\/wp-content\/uploads\/2014a\/11\/72\/10.jpg"]},{"plaintext":"\u5065\u5eb7\u9633\u5149\uff0c\u6027\u611f\u6a21\u7279\u8c6a\u653e\u72c2\u91ce\u5199\u771f","href":"http:\/\/www.meizitu.com\/a\/4657.html","pic_list":["http:\/\/mm.howkuai.com\/wp-content\/uploads\/2014a\/11\/64\/01.jpg","http:\/\/mm.howkuai.com\/wp-content\/uploads\/2014a\/11\/64\/02.jpg","http:\/\/mm.howkuai.com\/wp-content\/uploads\/2014a\/11\/64\/03.jpg","http:\/\/mm.howkuai.com\/wp-content\/uploads\/2014a\/11\/64\/04.jpg","http:\/\/mm.howkuai.com\/wp-content\/uploads\/2014a\/11\/64\/05.jpg"]},{"plaintext":"\u8fd0\u52a8\u7684\u5973\u4eba\u6700\u6027\u611f\uff0c\u9999\u6c57\u6dcb\u6f13\u60f9\u4eba\u9050\u601d","href":"http:\/\/www.meizitu.com\/a\/4641.html","pic_list":["http:\/\/mm.howkuai.com\/wp-content\/uploads\/2014a\/11\/48\/01.jpg","http:\/\/mm.howkuai.com\/wp-content\/uploads\/2014a\/11\/48\/02.jpg","http:\/\/mm.howkuai.com\/wp-content\/uploads\/2014a\/11\/48\/03.jpg","http:\/\/mm.howkuai.com\/wp-content\/uploads\/2014a\/11\/48\/04.jpg","http:\/\/mm.howkuai.com\/wp-content\/uploads\/2014a\/11\/48\/05.jpg","http:\/\/mm.howkuai.com\/wp-content\/uploads\/2014a\/11\/48\/06.jpg","http:\/\/mm.howkuai.com\/wp-content\/uploads\/2014a\/11\/48\/07.jpg"]},{"plaintext":"\u6027\u611f\u7f8e\u4eba\u75e3\uff0c\u4e01\u5b57\u88e4\u7f8e\u6a21","href":"http:\/\/www.meizitu.com\/a\/4622.html","pic_list":["http:\/\/mm.howkuai.com\/wp-content\/uploads\/2014a\/11\/30\/01.jpg","http:\/\/mm.howkuai.com\/wp-content\/uploads\/2014a\/11\/30\/02.jpg","http:\/\/mm.howkuai.com\/wp-content\/uploads\/2014a\/11\/30\/03.jpg","http:\/\/mm.howkuai.com\/wp-content\/uploads\/2014a\/11\/30\/04.jpg","http:\/\/mm.howkuai.com\/wp-content\/uploads\/2014a\/11\/30\/05.jpg","http:\/\/mm.howkuai.com\/wp-content\/uploads\/2014a\/11\/30\/06.jpg","http:\/\/mm.howkuai.com\/wp-content\/uploads\/2014a\/11\/30\/07.jpg"]},{"plaintext":"\u6027\u611f\u7684\u4fee\u8f66\u5de5\uff0c\u80fd\u4e0a\u80fd\u4e0b\uff0c\u8ba9\u4eba\u773c\u775b\u65e0\u6cd5\u79bb\u5f00","href":"http:\/\/www.meizitu.com\/a\/4616.html","pic_list":["http:\/\/mm.howkuai.com\/wp-content\/uploads\/2014a\/11\/24\/01.jpg","http:\/\/mm.howkuai.com\/wp-content\/uploads\/2014a\/11\/24\/02.jpg","http:\/\/mm.howkuai.com\/wp-content\/uploads\/2014a\/11\/24\/03.jpg","http:\/\/mm.howkuai.com\/wp-content\/uploads\/2014a\/11\/24\/04.jpg","http:\/\/mm.howkuai.com\/wp-content\/uploads\/2014a\/11\/24\/05.jpg","http:\/\/mm.howkuai.com\/wp-content\/uploads\/2014a\/11\/24\/06.jpg","http:\/\/mm.howkuai.com\/wp-content\/uploads\/2014a\/11\/24\/07.jpg"]},{"plaintext":"\u6700\u7279\u522b\u7684\u2018\u9ed1\u4e1d\u2019\uff0c\u8eab\u6750\u8d85\u597d\u7684\u6a21\u7279\u4f5f\u9510\u6eaa\u5199\u771f","href":"http:\/\/www.meizitu.com\/a\/4610.html","pic_list":["http:\/\/mm.howkuai.com\/wp-content\/uploads\/2014a\/11\/18\/01.jpg","http:\/\/mm.howkuai.com\/wp-content\/uploads\/2014a\/11\/18\/02.jpg","http:\/\/mm.howkuai.com\/wp-content\/uploads\/2014a\/11\/18\/03.jpg","http:\/\/mm.howkuai.com\/wp-content\/uploads\/2014a\/11\/18\/04.jpg","http:\/\/mm.howkuai.com\/wp-content\/uploads\/2014a\/11\/18\/05.jpg","http:\/\/mm.howkuai.com\/wp-content\/uploads\/2014a\/11\/18\/06.jpg"]},{"plaintext":"\u73e0\u5706\u7389\u6da6\u7684\u59b9\u5b50\u55f2\u56e1\u56e1\uff0c\u88f8\u9732\u534a\u8eab\u79c0\u6027\u611f","href":"http:\/\/www.meizitu.com\/a\/4583.html","pic_list":["http:\/\/mm.howkuai.com\/wp-content\/uploads\/2014a\/10\/69\/01.jpg","http:\/\/mm.howkuai.com\/wp-content\/uploads\/2014a\/10\/69\/02.jpg","http:\/\/mm.howkuai.com\/wp-content\/uploads\/2014a\/10\/69\/03.jpg","http:\/\/mm.howkuai.com\/wp-content\/uploads\/2014a\/10\/69\/04.jpg","http:\/\/mm.howkuai.com\/wp-content\/uploads\/2014a\/10\/69\/05.jpg","http:\/\/mm.howkuai.com\/wp-content\/uploads\/2014a\/10\/69\/06.jpg"]},{"plaintext":"\u768e\u82e5\u79cb\u6708\u3002\u79c0\u8272\u53ef\u9910\uff0c\u7f8e\u5973\u7684\u5c0f\u86ee\u8170\u3002","href":"http:\/\/www.meizitu.com\/a\/4558.html","pic_list":["http:\/\/mm.howkuai.com\/wp-content\/uploads\/2014a\/10\/44\/01.jpg","http:\/\/mm.howkuai.com\/wp-content\/uploads\/2014a\/10\/44\/02.jpg","http:\/\/mm.howkuai.com\/wp-content\/uploads\/2014a\/10\/44\/03.jpg","http:\/\/mm.howkuai.com\/wp-content\/uploads\/2014a\/10\/44\/04.jpg","http:\/\/mm.howkuai.com\/wp-content\/uploads\/2014a\/10\/44\/05.jpg","http:\/\/mm.howkuai.com\/wp-content\/uploads\/2014a\/10\/44\/06.jpg"]},{"plaintext":"\u6027\u611f\u6a21\u7279\u51af\u9756\u5a9b\u7684\u706b\u8fa3\u9ed1\u4e1d","href":"http:\/\/www.meizitu.com\/a\/4549.html","pic_list":["http:\/\/mm.howkuai.com\/wp-content\/uploads\/2014a\/10\/35\/01.jpg","http:\/\/mm.howkuai.com\/wp-content\/uploads\/2014a\/10\/35\/02.jpg","http:\/\/mm.howkuai.com\/wp-content\/uploads\/2014a\/10\/35\/03.jpg","http:\/\/mm.howkuai.com\/wp-content\/uploads\/2014a\/10\/35\/04.jpg","http:\/\/mm.howkuai.com\/wp-content\/uploads\/2014a\/10\/35\/05.jpg"]},{"plaintext":"\u624b\u673a\u4e5f\u80fd\u62cd\u5c01\u9762\uff0c\u9648\u4e54\u6069\u7684\u7537\u4eba\u88c5\u53e6\u7c7b\u62cd\u6444","href":"http:\/\/www.meizitu.com\/a\/4544.html","pic_list":["http:\/\/mm.howkuai.com\/wp-content\/uploads\/2014a\/10\/30\/01.jpg","http:\/\/mm.howkuai.com\/wp-content\/uploads\/2014a\/10\/30\/02.jpg","http:\/\/mm.howkuai.com\/wp-content\/uploads\/2014a\/10\/30\/03.jpg","http:\/\/mm.howkuai.com\/wp-content\/uploads\/2014a\/10\/30\/04.jpg","http:\/\/mm.howkuai.com\/wp-content\/uploads\/2014a\/10\/30\/05.jpg","http:\/\/mm.howkuai.com\/wp-content\/uploads\/2014a\/10\/30\/06.jpg","http:\/\/mm.howkuai.com\/wp-content\/uploads\/2014a\/10\/30\/07.jpg"]},{"plaintext":"\u4e30\u6ee1\u7f8e\u5973\u7684\u7f8e\uff0c\u90a3\u4e9b\u6027\u611f\u7684\u4eba\u513f\uff08\u516b\uff09","href":"http:\/\/www.meizitu.com\/a\/4529.html","pic_list":["http:\/\/mm.howkuai.com\/wp-content\/uploads\/2014a\/10\/16\/01.jpg","http:\/\/mm.howkuai.com\/wp-content\/uploads\/2014a\/10\/16\/02.jpg","http:\/\/mm.howkuai.com\/wp-content\/uploads\/2014a\/10\/16\/03.jpg","http:\/\/mm.howkuai.com\/wp-content\/uploads\/2014a\/10\/16\/04.jpg","http:\/\/mm.howkuai.com\/wp-content\/uploads\/2014a\/10\/16\/05.jpg","http:\/\/mm.howkuai.com\/wp-content\/uploads\/2014a\/10\/16\/06.jpg","http:\/\/mm.howkuai.com\/wp-content\/uploads\/2014a\/10\/16\/07.jpg","http:\/\/mm.howkuai.com\/wp-content\/uploads\/2014a\/10\/16\/08.jpg","http:\/\/mm.howkuai.com\/wp-content\/uploads\/2014a\/10\/16\/09.jpg","http:\/\/mm.howkuai.com\/wp-content\/uploads\/2014a\/10\/16\/10.jpg"]},{"plaintext":"\u5ae9\u6a21\u88f4\u5e0c\u897f\u7684\u6781\u54c1\u8eab\u6750","href":"http:\/\/www.meizitu.com\/a\/4523.html","pic_list":["http:\/\/mm.howkuai.com\/wp-content\/uploads\/2014a\/10\/10\/01.jpg","http:\/\/mm.howkuai.com\/wp-content\/uploads\/2014a\/10\/10\/02.jpg","http:\/\/mm.howkuai.com\/wp-content\/uploads\/2014a\/10\/10\/03.jpg","http:\/\/mm.howkuai.com\/wp-content\/uploads\/2014a\/10\/10\/04.jpg","http:\/\/mm.howkuai.com\/wp-content\/uploads\/2014a\/10\/10\/05.jpg","http:\/\/mm.howkuai.com\/wp-content\/uploads\/2014a\/10\/10\/06.jpg"]},{"plaintext":"\u5ae9\u6a21\u91d1\u590f\u6167\u5b50\uff0c\u5de7\u5999\u642d\u914d\u534a\u900f\u660e\u9ed1\u4e1d\u5c3d\u663e\u5f20\u529b","href":"http:\/\/www.meizitu.com\/a\/4474.html","pic_list":["http:\/\/mm.howkuai.com\/wp-content\/uploads\/2014a\/09\/19\/01.jpg","http:\/\/mm.howkuai.com\/wp-content\/uploads\/2014a\/09\/19\/02.jpg","http:\/\/mm.howkuai.com\/wp-content\/uploads\/2014a\/09\/19\/03.jpg","http:\/\/mm.howkuai.com\/wp-content\/uploads\/2014a\/09\/19\/04.jpg","http:\/\/mm.howkuai.com\/wp-content\/uploads\/2014a\/09\/19\/05.jpg","http:\/\/mm.howkuai.com\/wp-content\/uploads\/2014a\/09\/19\/06.jpg","http:\/\/mm.howkuai.com\/wp-content\/uploads\/2014a\/09\/19\/07.jpg"]},{"plaintext":"\u5c0f\u5de7\u73b2\u73d1\u7684\u6027\u611f\u5c24\u7269nancy\u5c0f\u59ff","href":"http:\/\/www.meizitu.com\/a\/4466.html","pic_list":["http:\/\/mm.howkuai.com\/wp-content\/uploads\/2014a\/09\/12\/01.jpg","http:\/\/mm.howkuai.com\/wp-content\/uploads\/2014a\/09\/12\/02.jpg","http:\/\/mm.howkuai.com\/wp-content\/uploads\/2014a\/09\/12\/03.jpg","http:\/\/mm.howkuai.com\/wp-content\/uploads\/2014a\/09\/12\/04.jpg","http:\/\/mm.howkuai.com\/wp-content\/uploads\/2014a\/09\/12\/05.jpg","http:\/\/mm.howkuai.com\/wp-content\/uploads\/2014a\/09\/12\/06.jpg","http:\/\/mm.howkuai.com\/wp-content\/uploads\/2014a\/09\/12\/07.jpg","http:\/\/mm.howkuai.com\/wp-content\/uploads\/2014a\/09\/12\/08.jpg"]},{"plaintext":"\u6027\u611f\u7684\u7fd8\u81c0\uff0c\u9762\u5177\u4e0b\u7684\u6a21\u7279\u7d2b\u742a","href":"http:\/\/www.meizitu.com\/a\/4464.html","pic_list":["http:\/\/mm.howkuai.com\/wp-content\/uploads\/2014a\/09\/10\/01.jpg","http:\/\/mm.howkuai.com\/wp-content\/uploads\/2014a\/09\/10\/02.jpg","http:\/\/mm.howkuai.com\/wp-content\/uploads\/2014a\/09\/10\/03.jpg","http:\/\/mm.howkuai.com\/wp-content\/uploads\/2014a\/09\/10\/04.jpg","http:\/\/mm.howkuai.com\/wp-content\/uploads\/2014a\/09\/10\/05.jpg","http:\/\/mm.howkuai.com\/wp-content\/uploads\/2014a\/09\/10\/06.jpg"]},{"plaintext":"\u4e38\u5b50\u7684\u79c1\u623f\uff0c\u6e7f\u6f09\u6f09\u7684\u6027\u611f","href":"http:\/\/www.meizitu.com\/a\/4462.html","pic_list":["http:\/\/mm.howkuai.com\/wp-content\/uploads\/2014a\/09\/08\/01.jpg","http:\/\/mm.howkuai.com\/wp-content\/uploads\/2014a\/09\/08\/02.jpg","http:\/\/mm.howkuai.com\/wp-content\/uploads\/2014a\/09\/08\/03.jpg","http:\/\/mm.howkuai.com\/wp-content\/uploads\/2014a\/09\/08\/04.jpg","http:\/\/mm.howkuai.com\/wp-content\/uploads\/2014a\/09\/08\/05.jpg"]},{"plaintext":"\u6027\u611f\u6b63\u59b9\uff0c\u7f51\u7edc\u7ea2\u4eba\u9648\u601d\u96e8\u79c1\u623f\u56fe\u7247","href":"http:\/\/www.meizitu.com\/a\/4459.html","pic_list":["http:\/\/mm.howkuai.com\/wp-content\/uploads\/2014a\/09\/05\/01.jpg","http:\/\/mm.howkuai.com\/wp-content\/uploads\/2014a\/09\/05\/02.jpg","http:\/\/mm.howkuai.com\/wp-content\/uploads\/2014a\/09\/05\/03.jpg","http:\/\/mm.howkuai.com\/wp-content\/uploads\/2014a\/09\/05\/04.jpg","http:\/\/mm.howkuai.com\/wp-content\/uploads\/2014a\/09\/05\/05.jpg","http:\/\/mm.howkuai.com\/wp-content\/uploads\/2014a\/09\/05\/06.jpg","http:\/\/mm.howkuai.com\/wp-content\/uploads\/2014a\/09\/05\/07.jpg"]},{"plaintext":"\u6563\u53d1\u7740\u5065\u5eb7\u4e4b\u7f8e\uff0c\u706b\u8fa3\u8eab\u6750\u5f20\u9732\u4ee3\u8a00\u6237\u5916\u54c1\u724c","href":"http:\/\/www.meizitu.com\/a\/4455.html","pic_list":["http:\/\/mm.howkuai.com\/wp-content\/uploads\/2014a\/09\/01\/01.jpg","http:\/\/mm.howkuai.com\/wp-content\/uploads\/2014a\/09\/01\/02.jpg","http:\/\/mm.howkuai.com\/wp-content\/uploads\/2014a\/09\/01\/03.jpg","http:\/\/mm.howkuai.com\/wp-content\/uploads\/2014a\/09\/01\/04.jpg","http:\/\/mm.howkuai.com\/wp-content\/uploads\/2014a\/09\/01\/05.jpg","http:\/\/mm.howkuai.com\/wp-content\/uploads\/2014a\/09\/01\/06.jpg","http:\/\/mm.howkuai.com\/wp-content\/uploads\/2014a\/09\/01\/07.jpg"]},{"plaintext":"\u5b8c\u7f8e\u8eab\u6750\uff0c\u9752\u6625\u671f\u5973\u4e3b\u89d2\u8d75\u5955\u6b22\u7167\u7247\u96c6","href":"http:\/\/www.meizitu.com\/a\/4451.html","pic_list":["http:\/\/mm.howkuai.com\/wp-content\/uploads\/2014a\/08\/65\/01.jpg","http:\/\/mm.howkuai.com\/wp-content\/uploads\/2014a\/08\/65\/02.jpg","http:\/\/mm.howkuai.com\/wp-content\/uploads\/2014a\/08\/65\/03.jpg","http:\/\/mm.howkuai.com\/wp-content\/uploads\/2014a\/08\/65\/04.jpg","http:\/\/mm.howkuai.com\/wp-content\/uploads\/2014a\/08\/65\/05.jpg","http:\/\/mm.howkuai.com\/wp-content\/uploads\/2014a\/08\/65\/06.jpg","http:\/\/mm.howkuai.com\/wp-content\/uploads\/2014a\/08\/65\/07.jpg","http:\/\/mm.howkuai.com\/wp-content\/uploads\/2014a\/08\/65\/08.jpg"]},{"plaintext":"\u5fa1\u5973\u90ce\u30fb\u5c0f\u68e0\uff0c\u6027\u611f\u5361\u8f66\u5973\u90ce","href":"http:\/\/www.meizitu.com\/a\/4444.html","pic_list":["http:\/\/mm.howkuai.com\/wp-content\/uploads\/2014a\/08\/58\/01.jpg","http:\/\/mm.howkuai.com\/wp-content\/uploads\/2014a\/08\/58\/02.jpg","http:\/\/mm.howkuai.com\/wp-content\/uploads\/2014a\/08\/58\/03.jpg","http:\/\/mm.howkuai.com\/wp-content\/uploads\/2014a\/08\/58\/04.jpg","http:\/\/mm.howkuai.com\/wp-content\/uploads\/2014a\/08\/58\/05.jpg","http:\/\/mm.howkuai.com\/wp-content\/uploads\/2014a\/08\/58\/06.jpg"]},{"plaintext":"\u8138\u82e5\u94f6\u76d8,\u773c\u4f3c\u6c34\u674f\uff0c\u6d74\u7f38\u4e2d\u7684\u65b9\u8212\u9716","href":"http:\/\/www.meizitu.com\/a\/4438.html","pic_list":["http:\/\/mm.howkuai.com\/wp-content\/uploads\/2014a\/08\/52\/01.jpg","http:\/\/mm.howkuai.com\/wp-content\/uploads\/2014a\/08\/52\/02.jpg","http:\/\/mm.howkuai.com\/wp-content\/uploads\/2014a\/08\/52\/03.jpg","http:\/\/mm.howkuai.com\/wp-content\/uploads\/2014a\/08\/52\/04.jpg","http:\/\/mm.howkuai.com\/wp-content\/uploads\/2014a\/08\/52\/05.jpg"]},{"plaintext":"\u70bd\u70ed\u7684\u60c5\u7eea\uff0c\u6027\u611f\u59b9\u5b50\u5728\u9177\u70ed\u673a\u8231\u5199\u771f","href":"http:\/\/www.meizitu.com\/a\/4434.html","pic_list":["http:\/\/mm.howkuai.com\/wp-content\/uploads\/2014a\/08\/48\/01.jpg","http:\/\/mm.howkuai.com\/wp-content\/uploads\/2014a\/08\/48\/02.jpg","http:\/\/mm.howkuai.com\/wp-content\/uploads\/2014a\/08\/48\/03.jpg","http:\/\/mm.howkuai.com\/wp-content\/uploads\/2014a\/08\/48\/04.jpg","http:\/\/mm.howkuai.com\/wp-content\/uploads\/2014a\/08\/48\/05.jpg","http:\/\/mm.howkuai.com\/wp-content\/uploads\/2014a\/08\/48\/06.jpg"]},{"plaintext":"\u94bb\u77f3\u5973\u4e3b\u6301\u590f\u5c0f\u8587\uff0c\u524d\u51f8\u540e\u7fd8\u7684\u6781\u81f4","href":"http:\/\/www.meizitu.com\/a\/4432.html","pic_list":["http:\/\/mm.howkuai.com\/wp-content\/uploads\/2014a\/08\/46\/01.jpg","http:\/\/mm.howkuai.com\/wp-content\/uploads\/2014a\/08\/46\/02.jpg","http:\/\/mm.howkuai.com\/wp-content\/uploads\/2014a\/08\/46\/03.jpg","http:\/\/mm.howkuai.com\/wp-content\/uploads\/2014a\/08\/46\/04.jpg","http:\/\/mm.howkuai.com\/wp-content\/uploads\/2014a\/08\/46\/05.jpg"]},{"plaintext":"\u6e7f\u8eab\u6b63\u59b9\u886c\u8863\u6253\u5e95\uff0c\u7535\u773c\u8ff7\u4eba\u4f3c\u6709\u5343\u8a00\u4e07\u8bed","href":"http:\/\/www.meizitu.com\/a\/4431.html","pic_list":["http:\/\/mm.howkuai.com\/wp-content\/uploads\/2014a\/08\/45\/01.jpg","http:\/\/mm.howkuai.com\/wp-content\/uploads\/2014a\/08\/45\/02.jpg","http:\/\/mm.howkuai.com\/wp-content\/uploads\/2014a\/08\/45\/03.jpg","http:\/\/mm.howkuai.com\/wp-content\/uploads\/2014a\/08\/45\/04.jpg","http:\/\/mm.howkuai.com\/wp-content\/uploads\/2014a\/08\/45\/05.jpg","http:\/\/mm.howkuai.com\/wp-content\/uploads\/2014a\/08\/45\/06.jpg","http:\/\/mm.howkuai.com\/wp-content\/uploads\/2014a\/08\/45\/07.jpg"]}]