[{"plaintext":"\u4e73\u6b64\u52a8\u4eba\uff0c\u597d\u8eab\u6750\u5927\u6bd4\u62fc","href":"http:\/\/www.meizitu.com\/a\/5282.html","pic_list":["http:\/\/mm.howkuai.com\/wp-content\/uploads\/2016a\/01\/19\/01.jpg","http:\/\/mm.howkuai.com\/wp-content\/uploads\/2016a\/01\/19\/02.jpg","http:\/\/mm.howkuai.com\/wp-content\/uploads\/2016a\/01\/19\/03.jpg","http:\/\/mm.howkuai.com\/wp-content\/uploads\/2016a\/01\/19\/04.jpg","http:\/\/mm.howkuai.com\/wp-content\/uploads\/2016a\/01\/19\/05.jpg","http:\/\/mm.howkuai.com\/wp-content\/uploads\/2016a\/01\/19\/06.jpg","http:\/\/mm.howkuai.com\/wp-content\/uploads\/2016a\/01\/19\/07.jpg","http:\/\/mm.howkuai.com\/wp-content\/uploads\/2016a\/01\/19\/08.jpg","http:\/\/mm.howkuai.com\/wp-content\/uploads\/2016a\/01\/19\/09.jpg","http:\/\/mm.howkuai.com\/wp-content\/uploads\/2016a\/01\/19\/10.jpg"]},{"plaintext":"\u6697\u9001\u79cb\u6ce2\uff0c\u6e05\u7738\u6d41\u76fc\uff0c\u90a3\u4e9b\u6027\u611f\u7684\u4eba\u513f\uff0821\uff09","href":"http:\/\/www.meizitu.com\/a\/5268.html","pic_list":["http:\/\/mm.howkuai.com\/wp-content\/uploads\/2016a\/01\/05\/01.jpg","http:\/\/mm.howkuai.com\/wp-content\/uploads\/2016a\/01\/05\/02.jpg","http:\/\/mm.howkuai.com\/wp-content\/uploads\/2016a\/01\/05\/03.jpg","http:\/\/mm.howkuai.com\/wp-content\/uploads\/2016a\/01\/05\/04.jpg","http:\/\/mm.howkuai.com\/wp-content\/uploads\/2016a\/01\/05\/05.jpg","http:\/\/mm.howkuai.com\/wp-content\/uploads\/2016a\/01\/05\/06.jpg","http:\/\/mm.howkuai.com\/wp-content\/uploads\/2016a\/01\/05\/07.jpg","http:\/\/mm.howkuai.com\/wp-content\/uploads\/2016a\/01\/05\/08.jpg","http:\/\/mm.howkuai.com\/wp-content\/uploads\/2016a\/01\/05\/09.jpg"]},{"plaintext":"\u6bcf\u5468\u64b8\u70b9\u56fe\uff0c\u59b9\u5b50\u7684\u5404\u79cd\u64a9\u4eba\u7761\u59ff","href":"http:\/\/www.meizitu.com\/a\/5267.html","pic_list":["http:\/\/mm.howkuai.com\/wp-content\/uploads\/2016a\/01\/04\/01.jpg","http:\/\/mm.howkuai.com\/wp-content\/uploads\/2016a\/01\/04\/02.jpg","http:\/\/mm.howkuai.com\/wp-content\/uploads\/2016a\/01\/04\/03.jpg","http:\/\/mm.howkuai.com\/wp-content\/uploads\/2016a\/01\/04\/04.jpg","http:\/\/mm.howkuai.com\/wp-content\/uploads\/2016a\/01\/04\/05.jpg","http:\/\/mm.howkuai.com\/wp-content\/uploads\/2016a\/01\/04\/06.jpg","http:\/\/mm.howkuai.com\/wp-content\/uploads\/2016a\/01\/04\/07.jpg","http:\/\/mm.howkuai.com\/wp-content\/uploads\/2016a\/01\/04\/08.jpg","http:\/\/mm.howkuai.com\/wp-content\/uploads\/2016a\/01\/04\/09.jpg"]},{"plaintext":"\u5f53\u9633\u5149\u6d12\u5728\u4f60\u8eab\u4e0a\uff0c\u6210\u4e3a\u540e\u82b1\u56ed\u4e2d\u7684\u65d6\u65ce\u98ce\u5149","href":"http:\/\/www.meizitu.com\/a\/5263.html","pic_list":["http:\/\/mm.howkuai.com\/wp-content\/uploads\/2015a\/12\/28\/01.jpg","http:\/\/mm.howkuai.com\/wp-content\/uploads\/2015a\/12\/28\/02.jpg","http:\/\/mm.howkuai.com\/wp-content\/uploads\/2015a\/12\/28\/03.jpg","http:\/\/mm.howkuai.com\/wp-content\/uploads\/2015a\/12\/28\/04.jpg","http:\/\/mm.howkuai.com\/wp-content\/uploads\/2015a\/12\/28\/05.jpg","http:\/\/mm.howkuai.com\/wp-content\/uploads\/2015a\/12\/28\/06.jpg","http:\/\/mm.howkuai.com\/wp-content\/uploads\/2015a\/12\/28\/07.jpg"]},{"plaintext":"\u6bcf\u5468\u4e00\u6b21\u64b8\u70b9\u56fe\uff0c\u603b\u6709\u4f60\u7684\u83dc","href":"http:\/\/www.meizitu.com\/a\/5257.html","pic_list":["http:\/\/mm.howkuai.com\/wp-content\/uploads\/2015a\/12\/22\/01.jpg","http:\/\/mm.howkuai.com\/wp-content\/uploads\/2015a\/12\/22\/02.jpg","http:\/\/mm.howkuai.com\/wp-content\/uploads\/2015a\/12\/22\/03.jpg","http:\/\/mm.howkuai.com\/wp-content\/uploads\/2015a\/12\/22\/04.jpg","http:\/\/mm.howkuai.com\/wp-content\/uploads\/2015a\/12\/22\/05.jpg","http:\/\/mm.howkuai.com\/wp-content\/uploads\/2015a\/12\/22\/06.jpg","http:\/\/mm.howkuai.com\/wp-content\/uploads\/2015a\/12\/22\/07.jpg","http:\/\/mm.howkuai.com\/wp-content\/uploads\/2015a\/12\/22\/08.jpg","http:\/\/mm.howkuai.com\/wp-content\/uploads\/2015a\/12\/22\/09.jpg"]},{"plaintext":"\u4e2a\u4e2a\u6709\u6599\uff0c\u9ad8\u6e05\u7f8e\u5973\u5408\u96c6","href":"http:\/\/www.meizitu.com\/a\/5249.html","pic_list":["http:\/\/mm.howkuai.com\/wp-content\/uploads\/2015a\/12\/14\/01.jpg","http:\/\/mm.howkuai.com\/wp-content\/uploads\/2015a\/12\/14\/02.jpg","http:\/\/mm.howkuai.com\/wp-content\/uploads\/2015a\/12\/14\/03.jpg","http:\/\/mm.howkuai.com\/wp-content\/uploads\/2015a\/12\/14\/04.jpg","http:\/\/mm.howkuai.com\/wp-content\/uploads\/2015a\/12\/14\/05.jpg","http:\/\/mm.howkuai.com\/wp-content\/uploads\/2015a\/12\/14\/06.jpg","http:\/\/mm.howkuai.com\/wp-content\/uploads\/2015a\/12\/14\/07.jpg","http:\/\/mm.howkuai.com\/wp-content\/uploads\/2015a\/12\/14\/08.jpg","http:\/\/mm.howkuai.com\/wp-content\/uploads\/2015a\/12\/14\/09.jpg"]},{"plaintext":"\u5a07\u5ae9\u4e30\u76c8\uff0c\u5a40\u5a1c\u5c0f\u86ee\u8170\u7ec4\u56fe\u6b23\u8d4f","href":"http:\/\/www.meizitu.com\/a\/5248.html","pic_list":["http:\/\/mm.howkuai.com\/wp-content\/uploads\/2015a\/12\/13\/01.jpg","http:\/\/mm.howkuai.com\/wp-content\/uploads\/2015a\/12\/13\/02.jpg","http:\/\/mm.howkuai.com\/wp-content\/uploads\/2015a\/12\/13\/03.jpg","http:\/\/mm.howkuai.com\/wp-content\/uploads\/2015a\/12\/13\/04.jpg","http:\/\/mm.howkuai.com\/wp-content\/uploads\/2015a\/12\/13\/05.jpg","http:\/\/mm.howkuai.com\/wp-content\/uploads\/2015a\/12\/13\/06.jpg","http:\/\/mm.howkuai.com\/wp-content\/uploads\/2015a\/12\/13\/07.jpg","http:\/\/mm.howkuai.com\/wp-content\/uploads\/2015a\/12\/13\/08.jpg","http:\/\/mm.howkuai.com\/wp-content\/uploads\/2015a\/12\/13\/09.jpg"]},{"plaintext":"\u522b\u628a\u60c5\u8272\u4e0d\u5f53\u827a\u672f \u522b\u628a\u9ed1\u767d\u4e0d\u5f53\u6027\u611f","href":"http:\/\/www.meizitu.com\/a\/5243.html","pic_list":["http:\/\/mm.howkuai.com\/wp-content\/uploads\/2015a\/12\/08\/01.jpg","http:\/\/mm.howkuai.com\/wp-content\/uploads\/2015a\/12\/08\/02.jpg","http:\/\/mm.howkuai.com\/wp-content\/uploads\/2015a\/12\/08\/03.jpg","http:\/\/mm.howkuai.com\/wp-content\/uploads\/2015a\/12\/08\/04.jpg","http:\/\/mm.howkuai.com\/wp-content\/uploads\/2015a\/12\/08\/05.jpg","http:\/\/mm.howkuai.com\/wp-content\/uploads\/2015a\/12\/08\/06.jpg","http:\/\/mm.howkuai.com\/wp-content\/uploads\/2015a\/12\/08\/07.jpg","http:\/\/mm.howkuai.com\/wp-content\/uploads\/2015a\/12\/08\/08.jpg"]},{"plaintext":"\u9ec4\u660f\u540e\uff0c\u5145\u6ee1\u5f02\u57df\u98ce\u60c5\u7684\u5199\u771f","href":"http:\/\/www.meizitu.com\/a\/5236.html","pic_list":["http:\/\/mm.howkuai.com\/wp-content\/uploads\/2015a\/12\/02\/01.jpg","http:\/\/mm.howkuai.com\/wp-content\/uploads\/2015a\/12\/02\/02.jpg","http:\/\/mm.howkuai.com\/wp-content\/uploads\/2015a\/12\/02\/03.jpg","http:\/\/mm.howkuai.com\/wp-content\/uploads\/2015a\/12\/02\/04.jpg","http:\/\/mm.howkuai.com\/wp-content\/uploads\/2015a\/12\/02\/05.jpg","http:\/\/mm.howkuai.com\/wp-content\/uploads\/2015a\/12\/02\/06.jpg","http:\/\/mm.howkuai.com\/wp-content\/uploads\/2015a\/12\/02\/07.jpg","http:\/\/mm.howkuai.com\/wp-content\/uploads\/2015a\/12\/02\/08.jpg"]},{"plaintext":"\u4e56\u5de7\u53ef\u7231\u7f8e\u5c11\u5973\u6d74\u7f38\u5199\u771f","href":"http:\/\/www.meizitu.com\/a\/5233.html","pic_list":["http:\/\/mm.howkuai.com\/wp-content\/uploads\/2015a\/11\/28\/01.jpg","http:\/\/mm.howkuai.com\/wp-content\/uploads\/2015a\/11\/28\/02.jpg","http:\/\/mm.howkuai.com\/wp-content\/uploads\/2015a\/11\/28\/03.jpg","http:\/\/mm.howkuai.com\/wp-content\/uploads\/2015a\/11\/28\/04.jpg","http:\/\/mm.howkuai.com\/wp-content\/uploads\/2015a\/11\/28\/05.jpg","http:\/\/mm.howkuai.com\/wp-content\/uploads\/2015a\/11\/28\/06.jpg","http:\/\/mm.howkuai.com\/wp-content\/uploads\/2015a\/11\/28\/07.jpg"]},{"plaintext":"\u957f\u53d1\u7f8e\u5973\u53cc\u819d\u8dea\u5730\u6f14\u7ece\u6c99\u6ee9\u8bf1\u60d1","href":"http:\/\/www.meizitu.com\/a\/5223.html","pic_list":["http:\/\/mm.howkuai.com\/wp-content\/uploads\/2015a\/11\/18\/01.jpg","http:\/\/mm.howkuai.com\/wp-content\/uploads\/2015a\/11\/18\/02.jpg","http:\/\/mm.howkuai.com\/wp-content\/uploads\/2015a\/11\/18\/03.jpg","http:\/\/mm.howkuai.com\/wp-content\/uploads\/2015a\/11\/18\/04.jpg","http:\/\/mm.howkuai.com\/wp-content\/uploads\/2015a\/11\/18\/05.jpg","http:\/\/mm.howkuai.com\/wp-content\/uploads\/2015a\/11\/18\/06.jpg","http:\/\/mm.howkuai.com\/wp-content\/uploads\/2015a\/11\/18\/07.jpg","http:\/\/mm.howkuai.com\/wp-content\/uploads\/2015a\/11\/18\/08.jpg"]},{"plaintext":"\u6709\u4eba\u613f\u5316\u4f5c\u8def\uff0c\u6211\u66f4\u613f\u610f\u5316\u4f5c\u90a3\u6876\u6cb9\u6f06","href":"http:\/\/www.meizitu.com\/a\/5217.html","pic_list":["http:\/\/mm.howkuai.com\/wp-content\/uploads\/2015a\/11\/12\/01.jpg","http:\/\/mm.howkuai.com\/wp-content\/uploads\/2015a\/11\/12\/02.jpg","http:\/\/mm.howkuai.com\/wp-content\/uploads\/2015a\/11\/12\/03.jpg","http:\/\/mm.howkuai.com\/wp-content\/uploads\/2015a\/11\/12\/04.jpg","http:\/\/mm.howkuai.com\/wp-content\/uploads\/2015a\/11\/12\/05.jpg","http:\/\/mm.howkuai.com\/wp-content\/uploads\/2015a\/11\/12\/06.jpg","http:\/\/mm.howkuai.com\/wp-content\/uploads\/2015a\/11\/12\/07.jpg"]},{"plaintext":"\u6210\u719f\u77e5\u6027\u7f8e\u5973\u6027\u611f\u7684\u4e00\u9762","href":"http:\/\/www.meizitu.com\/a\/5209.html","pic_list":["http:\/\/mm.howkuai.com\/wp-content\/uploads\/2015a\/11\/04\/01.jpg","http:\/\/mm.howkuai.com\/wp-content\/uploads\/2015a\/11\/04\/02.jpg","http:\/\/mm.howkuai.com\/wp-content\/uploads\/2015a\/11\/04\/03.jpg","http:\/\/mm.howkuai.com\/wp-content\/uploads\/2015a\/11\/04\/04.jpg","http:\/\/mm.howkuai.com\/wp-content\/uploads\/2015a\/11\/04\/05.jpg","http:\/\/mm.howkuai.com\/wp-content\/uploads\/2015a\/11\/04\/06.jpg","http:\/\/mm.howkuai.com\/wp-content\/uploads\/2015a\/11\/04\/07.jpg","http:\/\/mm.howkuai.com\/wp-content\/uploads\/2015a\/11\/04\/08.jpg","http:\/\/mm.howkuai.com\/wp-content\/uploads\/2015a\/11\/04\/09.jpg"]},{"plaintext":"\u5343\u79cd\u98ce\u60c5\u7ed5\u7709\u68a2\uff0c\u9ad8\u6e05\u7f8e\u5973\u8bf1\u60d1","href":"http:\/\/www.meizitu.com\/a\/5208.html","pic_list":["http:\/\/mm.howkuai.com\/wp-content\/uploads\/2015a\/11\/03\/01.jpg","http:\/\/mm.howkuai.com\/wp-content\/uploads\/2015a\/11\/03\/02.jpg","http:\/\/mm.howkuai.com\/wp-content\/uploads\/2015a\/11\/03\/03.jpg","http:\/\/mm.howkuai.com\/wp-content\/uploads\/2015a\/11\/03\/04.jpg","http:\/\/mm.howkuai.com\/wp-content\/uploads\/2015a\/11\/03\/05.jpg","http:\/\/mm.howkuai.com\/wp-content\/uploads\/2015a\/11\/03\/06.jpg","http:\/\/mm.howkuai.com\/wp-content\/uploads\/2015a\/11\/03\/07.jpg"]},{"plaintext":"\u7389\u4f53\u8fce\u98ce\u7389\u9aa8\u51b0\u808c\uff0c\u90a3\u4e9b\u6027\u611f\u7684\u4eba\u513f","href":"http:\/\/www.meizitu.com\/a\/5198.html","pic_list":["http:\/\/mm.howkuai.com\/wp-content\/uploads\/2015a\/10\/29\/01.jpg","http:\/\/mm.howkuai.com\/wp-content\/uploads\/2015a\/10\/29\/02.jpg","http:\/\/mm.howkuai.com\/wp-content\/uploads\/2015a\/10\/29\/03.jpg","http:\/\/mm.howkuai.com\/wp-content\/uploads\/2015a\/10\/29\/04.jpg","http:\/\/mm.howkuai.com\/wp-content\/uploads\/2015a\/10\/29\/05.jpg","http:\/\/mm.howkuai.com\/wp-content\/uploads\/2015a\/10\/29\/06.jpg","http:\/\/mm.howkuai.com\/wp-content\/uploads\/2015a\/10\/29\/07.jpg","http:\/\/mm.howkuai.com\/wp-content\/uploads\/2015a\/10\/29\/08.jpg","http:\/\/mm.howkuai.com\/wp-content\/uploads\/2015a\/10\/29\/09.jpg","http:\/\/mm.howkuai.com\/wp-content\/uploads\/2015a\/10\/29\/10.jpg"]},{"plaintext":"\u6d77\u8fb9\u7684\u7f8e\u80f8\u59b9\u5b50\u64a9\u4eba\u5fc3\u6000","href":"http:\/\/www.meizitu.com\/a\/5197.html","pic_list":["http:\/\/mm.howkuai.com\/wp-content\/uploads\/2015a\/10\/28\/01.jpg","http:\/\/mm.howkuai.com\/wp-content\/uploads\/2015a\/10\/28\/02.jpg","http:\/\/mm.howkuai.com\/wp-content\/uploads\/2015a\/10\/28\/03.jpg","http:\/\/mm.howkuai.com\/wp-content\/uploads\/2015a\/10\/28\/04.jpg","http:\/\/mm.howkuai.com\/wp-content\/uploads\/2015a\/10\/28\/05.jpg","http:\/\/mm.howkuai.com\/wp-content\/uploads\/2015a\/10\/28\/06.jpg","http:\/\/mm.howkuai.com\/wp-content\/uploads\/2015a\/10\/28\/07.jpg","http:\/\/mm.howkuai.com\/wp-content\/uploads\/2015a\/10\/28\/08.jpg","http:\/\/mm.howkuai.com\/wp-content\/uploads\/2015a\/10\/28\/09.jpg"]},{"plaintext":"\u51f8\u51f9\u8eab\u6750\u7684\u4f73\u4eba\u4fef\u8eab\u5f2f\u8170\u5c55\u73b0\u6027\u611f","href":"http:\/\/www.meizitu.com\/a\/5194.html","pic_list":["http:\/\/mm.howkuai.com\/wp-content\/uploads\/2015a\/10\/25\/01.jpg","http:\/\/mm.howkuai.com\/wp-content\/uploads\/2015a\/10\/25\/02.jpg","http:\/\/mm.howkuai.com\/wp-content\/uploads\/2015a\/10\/25\/03.jpg","http:\/\/mm.howkuai.com\/wp-content\/uploads\/2015a\/10\/25\/04.jpg","http:\/\/mm.howkuai.com\/wp-content\/uploads\/2015a\/10\/25\/05.jpg","http:\/\/mm.howkuai.com\/wp-content\/uploads\/2015a\/10\/25\/06.jpg"]},{"plaintext":"\u65f6\u5c1a\u6469\u767b\u7f8e\u5973\u79c1\u623f\u5199\u771f","href":"http:\/\/www.meizitu.com\/a\/5191.html","pic_list":["http:\/\/mm.howkuai.com\/wp-content\/uploads\/2015a\/10\/22\/01.jpg","http:\/\/mm.howkuai.com\/wp-content\/uploads\/2015a\/10\/22\/02.jpg","http:\/\/mm.howkuai.com\/wp-content\/uploads\/2015a\/10\/22\/03.jpg","http:\/\/mm.howkuai.com\/wp-content\/uploads\/2015a\/10\/22\/04.jpg","http:\/\/mm.howkuai.com\/wp-content\/uploads\/2015a\/10\/22\/05.jpg","http:\/\/mm.howkuai.com\/wp-content\/uploads\/2015a\/10\/22\/06.jpg","http:\/\/mm.howkuai.com\/wp-content\/uploads\/2015a\/10\/22\/07.jpg"]},{"plaintext":"\u6709\u6837\u8c8c\u6709\u8eab\u6750\u7684\u6e05\u7eaf\u5ae9\u6a21\u5199\u771f","href":"http:\/\/www.meizitu.com\/a\/5164.html","pic_list":["http:\/\/mm.howkuai.com\/wp-content\/uploads\/2015a\/09\/31\/01.jpg","http:\/\/mm.howkuai.com\/wp-content\/uploads\/2015a\/09\/31\/02.jpg","http:\/\/mm.howkuai.com\/wp-content\/uploads\/2015a\/09\/31\/03.jpg","http:\/\/mm.howkuai.com\/wp-content\/uploads\/2015a\/09\/31\/04.jpg","http:\/\/mm.howkuai.com\/wp-content\/uploads\/2015a\/09\/31\/05.jpg","http:\/\/mm.howkuai.com\/wp-content\/uploads\/2015a\/09\/31\/06.jpg","http:\/\/mm.howkuai.com\/wp-content\/uploads\/2015a\/09\/31\/07.jpg","http:\/\/mm.howkuai.com\/wp-content\/uploads\/2015a\/09\/31\/08.jpg"]},{"plaintext":"\u9ed1\u4e1d\u6027\u611f\u7f8e\u5973\u79c1\u623f\u5199\u771f","href":"http:\/\/www.meizitu.com\/a\/5156.html","pic_list":["http:\/\/mm.howkuai.com\/wp-content\/uploads\/2015a\/09\/23\/01.jpg","http:\/\/mm.howkuai.com\/wp-content\/uploads\/2015a\/09\/23\/02.jpg","http:\/\/mm.howkuai.com\/wp-content\/uploads\/2015a\/09\/23\/03.jpg","http:\/\/mm.howkuai.com\/wp-content\/uploads\/2015a\/09\/23\/04.jpg","http:\/\/mm.howkuai.com\/wp-content\/uploads\/2015a\/09\/23\/05.jpg","http:\/\/mm.howkuai.com\/wp-content\/uploads\/2015a\/09\/23\/06.jpg"]},{"plaintext":"\u9752\u6625\u7f8e\u5c11\u5973\u7684\u8eab\u4f53\uff0c\u50cf\u4e00\u5ea7\u9759\u8c27\u7684\u82b1\u56ed","href":"http:\/\/www.meizitu.com\/a\/5124.html","pic_list":["http:\/\/mm.howkuai.com\/wp-content\/uploads\/2015a\/08\/29\/01.jpg","http:\/\/mm.howkuai.com\/wp-content\/uploads\/2015a\/08\/29\/02.jpg","http:\/\/mm.howkuai.com\/wp-content\/uploads\/2015a\/08\/29\/03.jpg","http:\/\/mm.howkuai.com\/wp-content\/uploads\/2015a\/08\/29\/04.jpg","http:\/\/mm.howkuai.com\/wp-content\/uploads\/2015a\/08\/29\/05.jpg"]},{"plaintext":"\u6027\u611f\u7f8e\u5973\u30fb\u90a3\u4e9b\u6027\u611f\u7684\u4eba\u513f\uff0819\uff09","href":"http:\/\/www.meizitu.com\/a\/5114.html","pic_list":["http:\/\/mm.howkuai.com\/wp-content\/uploads\/2015a\/08\/19\/01.jpg","http:\/\/mm.howkuai.com\/wp-content\/uploads\/2015a\/08\/19\/02.jpg","http:\/\/mm.howkuai.com\/wp-content\/uploads\/2015a\/08\/19\/03.jpg","http:\/\/mm.howkuai.com\/wp-content\/uploads\/2015a\/08\/19\/04.jpg","http:\/\/mm.howkuai.com\/wp-content\/uploads\/2015a\/08\/19\/05.jpg","http:\/\/mm.howkuai.com\/wp-content\/uploads\/2015a\/08\/19\/06.jpg","http:\/\/mm.howkuai.com\/wp-content\/uploads\/2015a\/08\/19\/07.jpg","http:\/\/mm.howkuai.com\/wp-content\/uploads\/2015a\/08\/19\/08.jpg","http:\/\/mm.howkuai.com\/wp-content\/uploads\/2015a\/08\/19\/09.jpg"]},{"plaintext":"\u4e34\u53bb\u79cb\u6ce2\u90a3\u4e00\u8f6c\uff0c\u6ce2\u6d9b\u6c79\u6d8c\u59b9\u5b50\u8d4f","href":"http:\/\/www.meizitu.com\/a\/5106.html","pic_list":["http:\/\/mm.howkuai.com\/wp-content\/uploads\/2015a\/08\/11\/01.jpg","http:\/\/mm.howkuai.com\/wp-content\/uploads\/2015a\/08\/11\/02.jpg","http:\/\/mm.howkuai.com\/wp-content\/uploads\/2015a\/08\/11\/03.jpg","http:\/\/mm.howkuai.com\/wp-content\/uploads\/2015a\/08\/11\/04.jpg","http:\/\/mm.howkuai.com\/wp-content\/uploads\/2015a\/08\/11\/05.jpg","http:\/\/mm.howkuai.com\/wp-content\/uploads\/2015a\/08\/11\/06.jpg","http:\/\/mm.howkuai.com\/wp-content\/uploads\/2015a\/08\/11\/07.jpg","http:\/\/mm.howkuai.com\/wp-content\/uploads\/2015a\/08\/11\/08.jpg"]},{"plaintext":"Sexy missile\u30fb\u738b\u5a49\u60a0","href":"http:\/\/www.meizitu.com\/a\/5096.html","pic_list":["http:\/\/mm.howkuai.com\/wp-content\/uploads\/2015a\/08\/01\/01.jpg","http:\/\/mm.howkuai.com\/wp-content\/uploads\/2015a\/08\/01\/02.jpg","http:\/\/mm.howkuai.com\/wp-content\/uploads\/2015a\/08\/01\/03.jpg","http:\/\/mm.howkuai.com\/wp-content\/uploads\/2015a\/08\/01\/04.jpg","http:\/\/mm.howkuai.com\/wp-content\/uploads\/2015a\/08\/01\/05.jpg","http:\/\/mm.howkuai.com\/wp-content\/uploads\/2015a\/08\/01\/06.jpg"]},{"plaintext":"\u5065\u8eab\u623f\u91cc\u7684\u5c0f\u86ee\u8170\u59b9\u5b50","href":"http:\/\/www.meizitu.com\/a\/5094.html","pic_list":["http:\/\/mm.howkuai.com\/wp-content\/uploads\/2015a\/07\/44\/01.jpg","http:\/\/mm.howkuai.com\/wp-content\/uploads\/2015a\/07\/44\/02.jpg","http:\/\/mm.howkuai.com\/wp-content\/uploads\/2015a\/07\/44\/03.jpg","http:\/\/mm.howkuai.com\/wp-content\/uploads\/2015a\/07\/44\/04.jpg","http:\/\/mm.howkuai.com\/wp-content\/uploads\/2015a\/07\/44\/05.jpg","http:\/\/mm.howkuai.com\/wp-content\/uploads\/2015a\/07\/44\/06.jpg","http:\/\/mm.howkuai.com\/wp-content\/uploads\/2015a\/07\/44\/06.jpg"]},{"plaintext":"\u51b0\u808c\u7389\u80a4\uff0c\u6ed1\u817b\u4f3c\u9165\uff0c\u9ad8\u6e05\u7f8e\u5973\u5408\u96c6","href":"http:\/\/www.meizitu.com\/a\/5091.html","pic_list":["http:\/\/mm.howkuai.com\/wp-content\/uploads\/2015a\/07\/41\/01.jpg","http:\/\/mm.howkuai.com\/wp-content\/uploads\/2015a\/07\/41\/02.jpg","http:\/\/mm.howkuai.com\/wp-content\/uploads\/2015a\/07\/41\/03.jpg","http:\/\/mm.howkuai.com\/wp-content\/uploads\/2015a\/07\/41\/04.jpg","http:\/\/mm.howkuai.com\/wp-content\/uploads\/2015a\/07\/41\/05.jpg","http:\/\/mm.howkuai.com\/wp-content\/uploads\/2015a\/07\/41\/06.jpg","http:\/\/mm.howkuai.com\/wp-content\/uploads\/2015a\/07\/41\/07.jpg","http:\/\/mm.howkuai.com\/wp-content\/uploads\/2015a\/07\/41\/08.jpg","http:\/\/mm.howkuai.com\/wp-content\/uploads\/2015a\/07\/41\/09.jpg","http:\/\/mm.howkuai.com\/wp-content\/uploads\/2015a\/07\/41\/10.jpg"]},{"plaintext":"\u6697\u9001\u79cb\u6ce2\uff0c\u6e05\u7738\u6d41\u76fc\uff0c\u767d\u5ae9\u4e30\u6ee1\u7684\u5973\u751f\u4eec","href":"http:\/\/www.meizitu.com\/a\/5079.html","pic_list":["http:\/\/mm.howkuai.com\/wp-content\/uploads\/2015a\/07\/30\/01.jpg","http:\/\/mm.howkuai.com\/wp-content\/uploads\/2015a\/07\/30\/02.jpg","http:\/\/mm.howkuai.com\/wp-content\/uploads\/2015a\/07\/30\/03.jpg","http:\/\/mm.howkuai.com\/wp-content\/uploads\/2015a\/07\/30\/04.jpg","http:\/\/mm.howkuai.com\/wp-content\/uploads\/2015a\/07\/30\/05.jpg","http:\/\/mm.howkuai.com\/wp-content\/uploads\/2015a\/07\/30\/06.jpg","http:\/\/mm.howkuai.com\/wp-content\/uploads\/2015a\/07\/30\/07.jpg","http:\/\/mm.howkuai.com\/wp-content\/uploads\/2015a\/07\/30\/08.jpg"]},{"plaintext":"\u591c\u8272\u4e0b\u7684\u59a9\u5a9a\u7f8e\u5973\uff0c\u51fa\u4f4d\u52a8\u4f5c\u8ba9\u4eba\u60c5\u8ff7\u610f\u4e71","href":"http:\/\/www.meizitu.com\/a\/5066.html","pic_list":["http:\/\/mm.howkuai.com\/wp-content\/uploads\/2015a\/07\/17\/01.jpg","http:\/\/mm.howkuai.com\/wp-content\/uploads\/2015a\/07\/17\/02.jpg","http:\/\/mm.howkuai.com\/wp-content\/uploads\/2015a\/07\/17\/03.jpg","http:\/\/mm.howkuai.com\/wp-content\/uploads\/2015a\/07\/17\/04.jpg","http:\/\/mm.howkuai.com\/wp-content\/uploads\/2015a\/07\/17\/05.jpg","http:\/\/mm.howkuai.com\/wp-content\/uploads\/2015a\/07\/17\/06.jpg","http:\/\/mm.howkuai.com\/wp-content\/uploads\/2015a\/07\/17\/07.jpg","http:\/\/mm.howkuai.com\/wp-content\/uploads\/2015a\/07\/17\/08.jpg","http:\/\/mm.howkuai.com\/wp-content\/uploads\/2015a\/07\/17\/09.jpg"]},{"plaintext":"\u706b\u8fa3\u8fa3\u7684\u590f\u5929\uff0c\u90a3\u4e9b\u6027\u611f\u7684\u4eba\u513f\uff0818\uff09","href":"http:\/\/www.meizitu.com\/a\/5048.html","pic_list":["http:\/\/mm.howkuai.com\/wp-content\/uploads\/2015a\/06\/41\/01.jpg","http:\/\/mm.howkuai.com\/wp-content\/uploads\/2015a\/06\/41\/02.jpg","http:\/\/mm.howkuai.com\/wp-content\/uploads\/2015a\/06\/41\/03.jpg","http:\/\/mm.howkuai.com\/wp-content\/uploads\/2015a\/06\/41\/04.jpg","http:\/\/mm.howkuai.com\/wp-content\/uploads\/2015a\/06\/41\/05.jpg","http:\/\/mm.howkuai.com\/wp-content\/uploads\/2015a\/06\/41\/06.jpg","http:\/\/mm.howkuai.com\/wp-content\/uploads\/2015a\/06\/41\/07.jpg","http:\/\/mm.howkuai.com\/wp-content\/uploads\/2015a\/06\/41\/08.jpg","http:\/\/mm.howkuai.com\/wp-content\/uploads\/2015a\/06\/41\/09.jpg","http:\/\/mm.howkuai.com\/wp-content\/uploads\/2015a\/06\/41\/10.jpg"]}]