[{"plaintext":"\u6cf3\u6c60\u8fb9\u6027\u611f\u8ff7\u4eba\u7684\u65e5\u672c\u59d1\u5a18","href":"http:\/\/www.meizitu.com\/a\/5474.html","pic_list":["http:\/\/mm.howkuai.com\/wp-content\/uploads\/2016a\/08\/29\/01.jpg","http:\/\/mm.howkuai.com\/wp-content\/uploads\/2016a\/08\/29\/02.jpg","http:\/\/mm.howkuai.com\/wp-content\/uploads\/2016a\/08\/29\/03.jpg","http:\/\/mm.howkuai.com\/wp-content\/uploads\/2016a\/08\/29\/04.jpg","http:\/\/mm.howkuai.com\/wp-content\/uploads\/2016a\/08\/29\/05.jpg","http:\/\/mm.howkuai.com\/wp-content\/uploads\/2016a\/08\/29\/06.jpg","http:\/\/mm.howkuai.com\/wp-content\/uploads\/2016a\/08\/29\/07.jpg","http:\/\/mm.howkuai.com\/wp-content\/uploads\/2016a\/08\/29\/08.jpg","http:\/\/mm.howkuai.com\/wp-content\/uploads\/2016a\/08\/29\/09.jpg"]},{"plaintext":"\u59b9\u5b50\u80f8\u8d77\u6765\uff0c\u8fde\u81ea\u5df1\u90fd\u6c89\u9189","href":"http:\/\/www.meizitu.com\/a\/5468.html","pic_list":["http:\/\/mm.howkuai.com\/wp-content\/uploads\/2016a\/08\/23\/01.jpg","http:\/\/mm.howkuai.com\/wp-content\/uploads\/2016a\/08\/23\/02.jpg","http:\/\/mm.howkuai.com\/wp-content\/uploads\/2016a\/08\/23\/03.jpg","http:\/\/mm.howkuai.com\/wp-content\/uploads\/2016a\/08\/23\/04.jpg","http:\/\/mm.howkuai.com\/wp-content\/uploads\/2016a\/08\/23\/05.jpg","http:\/\/mm.howkuai.com\/wp-content\/uploads\/2016a\/08\/23\/06.jpg","http:\/\/mm.howkuai.com\/wp-content\/uploads\/2016a\/08\/23\/07.jpg","http:\/\/mm.howkuai.com\/wp-content\/uploads\/2016a\/08\/23\/08.jpg","http:\/\/mm.howkuai.com\/wp-content\/uploads\/2016a\/08\/23\/09.jpg"]},{"plaintext":"\u5b66\u798f\u539f\u7231\u5410\u820c\u5934\uff0c\u4e5f\u8d85\u7f8e","href":"http:\/\/www.meizitu.com\/a\/5464.html","pic_list":["http:\/\/mm.howkuai.com\/wp-content\/uploads\/2016a\/08\/19\/01.jpg","http:\/\/mm.howkuai.com\/wp-content\/uploads\/2016a\/08\/19\/02.jpg","http:\/\/mm.howkuai.com\/wp-content\/uploads\/2016a\/08\/19\/03.jpg","http:\/\/mm.howkuai.com\/wp-content\/uploads\/2016a\/08\/19\/04.jpg","http:\/\/mm.howkuai.com\/wp-content\/uploads\/2016a\/08\/19\/05.jpg","http:\/\/mm.howkuai.com\/wp-content\/uploads\/2016a\/08\/19\/06.jpg","http:\/\/mm.howkuai.com\/wp-content\/uploads\/2016a\/08\/19\/07.jpg","http:\/\/mm.howkuai.com\/wp-content\/uploads\/2016a\/08\/19\/08.jpg"]},{"plaintext":"\u7f8e\u5973\u5f81\u670d\u4eba\u4e5f\u8bb8\u53ea\u9700\u8981\u4e00\u77ac\u95f4","href":"http:\/\/www.meizitu.com\/a\/5451.html","pic_list":["http:\/\/mm.howkuai.com\/wp-content\/uploads\/2016a\/08\/06\/01.jpg","http:\/\/mm.howkuai.com\/wp-content\/uploads\/2016a\/08\/06\/02.jpg","http:\/\/mm.howkuai.com\/wp-content\/uploads\/2016a\/08\/06\/03.jpg","http:\/\/mm.howkuai.com\/wp-content\/uploads\/2016a\/08\/06\/04.jpg","http:\/\/mm.howkuai.com\/wp-content\/uploads\/2016a\/08\/06\/05.jpg","http:\/\/mm.howkuai.com\/wp-content\/uploads\/2016a\/08\/06\/06.jpg","http:\/\/mm.howkuai.com\/wp-content\/uploads\/2016a\/08\/06\/07.jpg","http:\/\/mm.howkuai.com\/wp-content\/uploads\/2016a\/08\/06\/08.jpg","http:\/\/mm.howkuai.com\/wp-content\/uploads\/2016a\/08\/06\/09.jpg","http:\/\/mm.howkuai.com\/wp-content\/uploads\/2016a\/08\/06\/10.jpg"]},{"plaintext":"\u77e5\u6027\u5973\u4eba\u7684\u6027\u611f\u53ef\u7231\u4e00\u9762","href":"http:\/\/www.meizitu.com\/a\/5446.html","pic_list":["http:\/\/mm.howkuai.com\/wp-content\/uploads\/2016a\/08\/01\/01.jpg","http:\/\/mm.howkuai.com\/wp-content\/uploads\/2016a\/08\/01\/02.jpg","http:\/\/mm.howkuai.com\/wp-content\/uploads\/2016a\/08\/01\/03.jpg","http:\/\/mm.howkuai.com\/wp-content\/uploads\/2016a\/08\/01\/04.jpg","http:\/\/mm.howkuai.com\/wp-content\/uploads\/2016a\/08\/01\/05.jpg","http:\/\/mm.howkuai.com\/wp-content\/uploads\/2016a\/08\/01\/06.jpg","http:\/\/mm.howkuai.com\/wp-content\/uploads\/2016a\/08\/01\/07.jpg","http:\/\/mm.howkuai.com\/wp-content\/uploads\/2016a\/08\/01\/08.jpg","http:\/\/mm.howkuai.com\/wp-content\/uploads\/2016a\/08\/01\/09.jpg","http:\/\/mm.howkuai.com\/wp-content\/uploads\/2016a\/08\/01\/10.jpg"]},{"plaintext":"\u5468\u672b\u798f\u5229\u56fe\u4e4b\u7f8e\u4e73\uff0c\u4f60\u559c\u6b22\u54ea\u79cd\uff1f","href":"http:\/\/www.meizitu.com\/a\/5441.html","pic_list":["http:\/\/mm.howkuai.com\/wp-content\/uploads\/2016a\/07\/38\/01.jpg","http:\/\/mm.howkuai.com\/wp-content\/uploads\/2016a\/07\/38\/02.jpg","http:\/\/mm.howkuai.com\/wp-content\/uploads\/2016a\/07\/38\/03.jpg","http:\/\/mm.howkuai.com\/wp-content\/uploads\/2016a\/07\/38\/04.jpg","http:\/\/mm.howkuai.com\/wp-content\/uploads\/2016a\/07\/38\/05.jpg","http:\/\/mm.howkuai.com\/wp-content\/uploads\/2016a\/07\/38\/06.jpg","http:\/\/mm.howkuai.com\/wp-content\/uploads\/2016a\/07\/38\/07.jpg","http:\/\/mm.howkuai.com\/wp-content\/uploads\/2016a\/07\/38\/08.jpg"]},{"plaintext":"\u4e30\u6ee1\u53ef\u7231\u7684\u65e5\u672c\u59b9\u7eb8\uff0c\u663e\u5f97\u90a3\u4e48\u65e0\u5bb3","href":"http:\/\/www.meizitu.com\/a\/5439.html","pic_list":["http:\/\/mm.howkuai.com\/wp-content\/uploads\/2016a\/07\/36\/01.jpg","http:\/\/mm.howkuai.com\/wp-content\/uploads\/2016a\/07\/36\/02.jpg","http:\/\/mm.howkuai.com\/wp-content\/uploads\/2016a\/07\/36\/03.jpg","http:\/\/mm.howkuai.com\/wp-content\/uploads\/2016a\/07\/36\/04.jpg","http:\/\/mm.howkuai.com\/wp-content\/uploads\/2016a\/07\/36\/05.jpg","http:\/\/mm.howkuai.com\/wp-content\/uploads\/2016a\/07\/36\/06.jpg","http:\/\/mm.howkuai.com\/wp-content\/uploads\/2016a\/07\/36\/07.jpg","http:\/\/mm.howkuai.com\/wp-content\/uploads\/2016a\/07\/36\/08.jpg","http:\/\/mm.howkuai.com\/wp-content\/uploads\/2016a\/07\/36\/09.jpg","http:\/\/mm.howkuai.com\/wp-content\/uploads\/2016a\/07\/36\/10.jpg"]},{"plaintext":"\u6027\u611f\u7684\u5634\u5507\uff0c\u8001\u53f8\u673a\u90fd\u60f3\u4e00\u4eb2\u82b3\u6cfd","href":"http:\/\/www.meizitu.com\/a\/5433.html","pic_list":["http:\/\/mm.howkuai.com\/wp-content\/uploads\/2016a\/07\/30\/01.jpg","http:\/\/mm.howkuai.com\/wp-content\/uploads\/2016a\/07\/30\/02.jpg","http:\/\/mm.howkuai.com\/wp-content\/uploads\/2016a\/07\/30\/03.jpg","http:\/\/mm.howkuai.com\/wp-content\/uploads\/2016a\/07\/30\/04.jpg","http:\/\/mm.howkuai.com\/wp-content\/uploads\/2016a\/07\/30\/05.jpg","http:\/\/mm.howkuai.com\/wp-content\/uploads\/2016a\/07\/30\/06.jpg","http:\/\/mm.howkuai.com\/wp-content\/uploads\/2016a\/07\/30\/07.jpg","http:\/\/mm.howkuai.com\/wp-content\/uploads\/2016a\/07\/30\/08.jpg","http:\/\/mm.howkuai.com\/wp-content\/uploads\/2016a\/07\/30\/09.jpg","http:\/\/mm.howkuai.com\/wp-content\/uploads\/2016a\/07\/30\/10.jpg"]},{"plaintext":"\u8fd9\u91cc\u7684\u59b9\u5b50\u4e2a\u4e2a\u7f8e\u3001\u767d\u3001\u5706","href":"http:\/\/www.meizitu.com\/a\/5422.html","pic_list":["http:\/\/mm.howkuai.com\/wp-content\/uploads\/2016a\/07\/19\/01.jpg","http:\/\/mm.howkuai.com\/wp-content\/uploads\/2016a\/07\/19\/02.jpg","http:\/\/mm.howkuai.com\/wp-content\/uploads\/2016a\/07\/19\/03.jpg","http:\/\/mm.howkuai.com\/wp-content\/uploads\/2016a\/07\/19\/04.jpg","http:\/\/mm.howkuai.com\/wp-content\/uploads\/2016a\/07\/19\/05.jpg","http:\/\/mm.howkuai.com\/wp-content\/uploads\/2016a\/07\/19\/06.jpg","http:\/\/mm.howkuai.com\/wp-content\/uploads\/2016a\/07\/19\/07.jpg","http:\/\/mm.howkuai.com\/wp-content\/uploads\/2016a\/07\/19\/08.jpg","http:\/\/mm.howkuai.com\/wp-content\/uploads\/2016a\/07\/19\/09.jpg","http:\/\/mm.howkuai.com\/wp-content\/uploads\/2016a\/07\/19\/10.jpg"]},{"plaintext":"\u5e03\u6599\u8d8a\u6765\u8d8a\u7701\uff0c\u8bf4\u597d\u7684\u9f50X\u5c0f\u77ed\u88d9\u5462","href":"http:\/\/www.meizitu.com\/a\/5416.html","pic_list":["http:\/\/mm.howkuai.com\/wp-content\/uploads\/2016a\/07\/13\/01.jpg","http:\/\/mm.howkuai.com\/wp-content\/uploads\/2016a\/07\/13\/02.jpg","http:\/\/mm.howkuai.com\/wp-content\/uploads\/2016a\/07\/13\/03.jpg","http:\/\/mm.howkuai.com\/wp-content\/uploads\/2016a\/07\/13\/04.jpg","http:\/\/mm.howkuai.com\/wp-content\/uploads\/2016a\/07\/13\/05.jpg","http:\/\/mm.howkuai.com\/wp-content\/uploads\/2016a\/07\/13\/06.jpg","http:\/\/mm.howkuai.com\/wp-content\/uploads\/2016a\/07\/13\/07.jpg","http:\/\/mm.howkuai.com\/wp-content\/uploads\/2016a\/07\/13\/08.jpg","http:\/\/mm.howkuai.com\/wp-content\/uploads\/2016a\/07\/13\/09.jpg"]},{"plaintext":"\u597d\u70e6\u4f60\u4eec\u8fd9\u4e9b\u5c0f\u62a4\u58eb,\u4e13\u4e1a\u4e00\u70b9\u597d\u4e0d","href":"http:\/\/www.meizitu.com\/a\/5408.html","pic_list":["http:\/\/mm.howkuai.com\/wp-content\/uploads\/2016a\/07\/05\/1.jpg","http:\/\/mm.howkuai.com\/wp-content\/uploads\/2016a\/07\/05\/2.jpg","http:\/\/mm.howkuai.com\/wp-content\/uploads\/2016a\/07\/05\/3.jpg","http:\/\/mm.howkuai.com\/wp-content\/uploads\/2016a\/07\/05\/4.jpg","http:\/\/mm.howkuai.com\/wp-content\/uploads\/2016a\/07\/05\/5.jpg","http:\/\/mm.howkuai.com\/wp-content\/uploads\/2016a\/07\/05\/6.jpg","http:\/\/mm.howkuai.com\/wp-content\/uploads\/2016a\/07\/05\/7.jpg","http:\/\/mm.howkuai.com\/wp-content\/uploads\/2016a\/07\/05\/8.jpg","http:\/\/mm.howkuai.com\/wp-content\/uploads\/2016a\/07\/05\/9.jpg","http:\/\/mm.howkuai.com\/wp-content\/uploads\/2016a\/07\/05\/10.jpg","http:\/\/mm.howkuai.com\/wp-content\/uploads\/2016a\/07\/05\/11.jpg","http:\/\/mm.howkuai.com\/wp-content\/uploads\/2016a\/07\/05\/12.jpg","http:\/\/mm.howkuai.com\/wp-content\/uploads\/2016a\/07\/05\/13.jpg","http:\/\/mm.howkuai.com\/wp-content\/uploads\/2016a\/07\/05\/14.jpg"]},{"plaintext":"\u4e30\u6ee1\u767d\u7699\u7f8e\u5973\u5199\u771f\uff0c\u5145\u6ee1\u6b27\u7f8e\u98ce\u60c5","href":"http:\/\/www.meizitu.com\/a\/5405.html","pic_list":["http:\/\/mm.howkuai.com\/wp-content\/uploads\/2016a\/07\/03\/01.jpg","http:\/\/mm.howkuai.com\/wp-content\/uploads\/2016a\/07\/03\/02.jpg","http:\/\/mm.howkuai.com\/wp-content\/uploads\/2016a\/07\/03\/03.jpg","http:\/\/mm.howkuai.com\/wp-content\/uploads\/2016a\/07\/03\/04.jpg","http:\/\/mm.howkuai.com\/wp-content\/uploads\/2016a\/07\/03\/05.jpg","http:\/\/mm.howkuai.com\/wp-content\/uploads\/2016a\/07\/03\/06.jpg","http:\/\/mm.howkuai.com\/wp-content\/uploads\/2016a\/07\/03\/07.jpg","http:\/\/mm.howkuai.com\/wp-content\/uploads\/2016a\/07\/03\/08.jpg"]},{"plaintext":"\u5468\u672b\u798f\u5229\u56fe\uff0c\u81c0\u63a7\u6700\u7231","href":"http:\/\/www.meizitu.com\/a\/5399.html","pic_list":["http:\/\/mm.howkuai.com\/wp-content\/uploads\/2016a\/06\/14\/01.jpg","http:\/\/mm.howkuai.com\/wp-content\/uploads\/2016a\/06\/14\/02.jpg","http:\/\/mm.howkuai.com\/wp-content\/uploads\/2016a\/06\/14\/03.jpg","http:\/\/mm.howkuai.com\/wp-content\/uploads\/2016a\/06\/14\/04.jpg","http:\/\/mm.howkuai.com\/wp-content\/uploads\/2016a\/06\/14\/05.jpg","http:\/\/mm.howkuai.com\/wp-content\/uploads\/2016a\/06\/14\/06.jpg","http:\/\/mm.howkuai.com\/wp-content\/uploads\/2016a\/06\/14\/07.jpg","http:\/\/mm.howkuai.com\/wp-content\/uploads\/2016a\/06\/14\/08.jpg","http:\/\/mm.howkuai.com\/wp-content\/uploads\/2016a\/06\/14\/09.jpg","http:\/\/mm.howkuai.com\/wp-content\/uploads\/2016a\/06\/14\/10.jpg"]},{"plaintext":"\u7c89\u8272\u5973\u5b69\u840c\u840c\u54d2\uff0c\u6027\u611f\u5199\u771f\u79c0\u8eab\u6750","href":"http:\/\/www.meizitu.com\/a\/5378.html","pic_list":["http:\/\/mm.howkuai.com\/wp-content\/uploads\/2016a\/05\/16\/01.jpg","http:\/\/mm.howkuai.com\/wp-content\/uploads\/2016a\/05\/16\/02.jpg","http:\/\/mm.howkuai.com\/wp-content\/uploads\/2016a\/05\/16\/03.jpg","http:\/\/mm.howkuai.com\/wp-content\/uploads\/2016a\/05\/16\/04.jpg","http:\/\/mm.howkuai.com\/wp-content\/uploads\/2016a\/05\/16\/05.jpg"]},{"plaintext":"\u90a3\u4e9b\u6027\u611f\u7684\u4eba\u513f\uff0822\uff09","href":"http:\/\/www.meizitu.com\/a\/5376.html","pic_list":["http:\/\/mm.howkuai.com\/wp-content\/uploads\/2016a\/05\/14\/01.jpg","http:\/\/mm.howkuai.com\/wp-content\/uploads\/2016a\/05\/14\/02.jpg","http:\/\/mm.howkuai.com\/wp-content\/uploads\/2016a\/05\/14\/03.jpg","http:\/\/mm.howkuai.com\/wp-content\/uploads\/2016a\/05\/14\/04.jpg","http:\/\/mm.howkuai.com\/wp-content\/uploads\/2016a\/05\/14\/05.jpg","http:\/\/mm.howkuai.com\/wp-content\/uploads\/2016a\/05\/14\/06.jpg","http:\/\/mm.howkuai.com\/wp-content\/uploads\/2016a\/05\/14\/07.jpg","http:\/\/mm.howkuai.com\/wp-content\/uploads\/2016a\/05\/14\/08.jpg","http:\/\/mm.howkuai.com\/wp-content\/uploads\/2016a\/05\/14\/09.jpg","http:\/\/mm.howkuai.com\/wp-content\/uploads\/2016a\/05\/14\/10.jpg"]},{"plaintext":"\u77ed\u53d1\u59b9\u5b50\u81ea\u6709\u4e00\u756a\u72c2\u91ce\u5473\u9053","href":"http:\/\/www.meizitu.com\/a\/5371.html","pic_list":["http:\/\/mm.howkuai.com\/wp-content\/uploads\/2016a\/05\/09\/01.jpg","http:\/\/mm.howkuai.com\/wp-content\/uploads\/2016a\/05\/09\/02.jpg","http:\/\/mm.howkuai.com\/wp-content\/uploads\/2016a\/05\/09\/03.jpg","http:\/\/mm.howkuai.com\/wp-content\/uploads\/2016a\/05\/09\/04.jpg","http:\/\/mm.howkuai.com\/wp-content\/uploads\/2016a\/05\/09\/05.jpg","http:\/\/mm.howkuai.com\/wp-content\/uploads\/2016a\/05\/09\/06.jpg"]},{"plaintext":"\u6c99\u6ee9\u4e0a\u7684\u80cc\u5f71\uff0c\u5468\u672b\u64a9\u4eba\u56fe","href":"http:\/\/www.meizitu.com\/a\/5368.html","pic_list":["http:\/\/mm.howkuai.com\/wp-content\/uploads\/2016a\/05\/06\/01.jpg","http:\/\/mm.howkuai.com\/wp-content\/uploads\/2016a\/05\/06\/02.jpg","http:\/\/mm.howkuai.com\/wp-content\/uploads\/2016a\/05\/06\/03.jpg","http:\/\/mm.howkuai.com\/wp-content\/uploads\/2016a\/05\/06\/04.jpg","http:\/\/mm.howkuai.com\/wp-content\/uploads\/2016a\/05\/06\/05.jpg","http:\/\/mm.howkuai.com\/wp-content\/uploads\/2016a\/05\/06\/06.jpg","http:\/\/mm.howkuai.com\/wp-content\/uploads\/2016a\/05\/06\/07.jpg","http:\/\/mm.howkuai.com\/wp-content\/uploads\/2016a\/05\/06\/08.jpg","http:\/\/mm.howkuai.com\/wp-content\/uploads\/2016a\/05\/06\/09.jpg","http:\/\/mm.howkuai.com\/wp-content\/uploads\/2016a\/05\/06\/10.jpg"]},{"plaintext":"\u957f\u817f\u5236\u670dMM\u4ee4\u4eba\u8ff7\u9189","href":"http:\/\/www.meizitu.com\/a\/5367.html","pic_list":["http:\/\/mm.howkuai.com\/wp-content\/uploads\/2016a\/05\/05\/01.jpg","http:\/\/mm.howkuai.com\/wp-content\/uploads\/2016a\/05\/05\/02.jpg","http:\/\/mm.howkuai.com\/wp-content\/uploads\/2016a\/05\/05\/03.jpg","http:\/\/mm.howkuai.com\/wp-content\/uploads\/2016a\/05\/05\/04.jpg","http:\/\/mm.howkuai.com\/wp-content\/uploads\/2016a\/05\/05\/05.jpg","http:\/\/mm.howkuai.com\/wp-content\/uploads\/2016a\/05\/05\/06.jpg","http:\/\/mm.howkuai.com\/wp-content\/uploads\/2016a\/05\/05\/07.jpg","http:\/\/mm.howkuai.com\/wp-content\/uploads\/2016a\/05\/05\/08.jpg","http:\/\/mm.howkuai.com\/wp-content\/uploads\/2016a\/05\/05\/09.jpg"]},{"plaintext":"\u9633\u5149\u4e2d\u5e26\u70b9\u91ce\u6027\uff0c\u6ed1\u677f\u5973\u5b69\u4e3aCK\u4ee3\u8a00","href":"http:\/\/www.meizitu.com\/a\/5361.html","pic_list":["http:\/\/mm.howkuai.com\/wp-content\/uploads\/2016a\/04\/21\/01.jpg","http:\/\/mm.howkuai.com\/wp-content\/uploads\/2016a\/04\/21\/02.jpg","http:\/\/mm.howkuai.com\/wp-content\/uploads\/2016a\/04\/21\/03.jpg","http:\/\/mm.howkuai.com\/wp-content\/uploads\/2016a\/04\/21\/04.jpg","http:\/\/mm.howkuai.com\/wp-content\/uploads\/2016a\/04\/21\/05.jpg","http:\/\/mm.howkuai.com\/wp-content\/uploads\/2016a\/04\/21\/06.jpg","http:\/\/mm.howkuai.com\/wp-content\/uploads\/2016a\/04\/21\/07.jpg","http:\/\/mm.howkuai.com\/wp-content\/uploads\/2016a\/04\/21\/08.jpg"]},{"plaintext":"\u674e\u7389\u6d01\u2015\u6700\u5177\u6c14\u8d28\u76842016 CJ show girl","href":"http:\/\/www.meizitu.com\/a\/5358.html","pic_list":["http:\/\/mm.howkuai.com\/wp-content\/uploads\/2016a\/04\/18\/01.jpg","http:\/\/mm.howkuai.com\/wp-content\/uploads\/2016a\/04\/18\/02.jpg","http:\/\/mm.howkuai.com\/wp-content\/uploads\/2016a\/04\/18\/03.jpg","http:\/\/mm.howkuai.com\/wp-content\/uploads\/2016a\/04\/18\/04.jpg","http:\/\/mm.howkuai.com\/wp-content\/uploads\/2016a\/04\/18\/05.jpg","http:\/\/mm.howkuai.com\/wp-content\/uploads\/2016a\/04\/18\/06.jpg","http:\/\/mm.howkuai.com\/wp-content\/uploads\/2016a\/04\/18\/07.jpg","http:\/\/mm.howkuai.com\/wp-content\/uploads\/2016a\/04\/18\/08.jpg","http:\/\/mm.howkuai.com\/wp-content\/uploads\/2016a\/04\/18\/09.jpg"]},{"plaintext":"\u5468\u672b\u798f\u5229\u65f6\u95f4\uff0c\u6027\u611f\u7f8e\u81c0\u5c0f\u86ee\u8170\u9f50\u6b23\u8d4f","href":"http:\/\/www.meizitu.com\/a\/5346.html","pic_list":["http:\/\/mm.howkuai.com\/wp-content\/uploads\/2016a\/04\/06\/01.jpg","http:\/\/mm.howkuai.com\/wp-content\/uploads\/2016a\/04\/06\/02.jpg","http:\/\/mm.howkuai.com\/wp-content\/uploads\/2016a\/04\/06\/03.jpg","http:\/\/mm.howkuai.com\/wp-content\/uploads\/2016a\/04\/06\/04.jpg","http:\/\/mm.howkuai.com\/wp-content\/uploads\/2016a\/04\/06\/05.jpg","http:\/\/mm.howkuai.com\/wp-content\/uploads\/2016a\/04\/06\/06.jpg","http:\/\/mm.howkuai.com\/wp-content\/uploads\/2016a\/04\/06\/07.jpg","http:\/\/mm.howkuai.com\/wp-content\/uploads\/2016a\/04\/06\/08.jpg","http:\/\/mm.howkuai.com\/wp-content\/uploads\/2016a\/04\/06\/09.jpg"]},{"plaintext":"\u7eaf\u60c5\u4ed9\u5b50\u7389\u5154miki\u5403\u68d2\u68d2\u7cd6\u5a07\u7f9e\u5199\u771f","href":"http:\/\/www.meizitu.com\/a\/5326.html","pic_list":["http:\/\/mm.howkuai.com\/wp-content\/uploads\/2016a\/03\/06\/01.jpg","http:\/\/mm.howkuai.com\/wp-content\/uploads\/2016a\/03\/06\/02.jpg","http:\/\/mm.howkuai.com\/wp-content\/uploads\/2016a\/03\/06\/03.jpg","http:\/\/mm.howkuai.com\/wp-content\/uploads\/2016a\/03\/06\/04.jpg","http:\/\/mm.howkuai.com\/wp-content\/uploads\/2016a\/03\/06\/05.jpg","http:\/\/mm.howkuai.com\/wp-content\/uploads\/2016a\/03\/06\/06.jpg","http:\/\/mm.howkuai.com\/wp-content\/uploads\/2016a\/03\/06\/07.jpg","http:\/\/mm.howkuai.com\/wp-content\/uploads\/2016a\/03\/06\/08.jpg"]},{"plaintext":"\u53ef\u7231\u840c\u840c\u54d2\u7684\u5c0f\u86ee\u8170\u6ce1\u6fa1\u8bb0","href":"http:\/\/www.meizitu.com\/a\/5319.html","pic_list":["http:\/\/mm.howkuai.com\/wp-content\/uploads\/2016a\/02\/28\/01.jpg","http:\/\/mm.howkuai.com\/wp-content\/uploads\/2016a\/02\/28\/02.jpg","http:\/\/mm.howkuai.com\/wp-content\/uploads\/2016a\/02\/28\/03.jpg","http:\/\/mm.howkuai.com\/wp-content\/uploads\/2016a\/02\/28\/04.jpg","http:\/\/mm.howkuai.com\/wp-content\/uploads\/2016a\/02\/28\/05.jpg","http:\/\/mm.howkuai.com\/wp-content\/uploads\/2016a\/02\/28\/06.jpg","http:\/\/mm.howkuai.com\/wp-content\/uploads\/2016a\/02\/28\/07.jpg","http:\/\/mm.howkuai.com\/wp-content\/uploads\/2016a\/02\/28\/08.jpg"]},{"plaintext":"\u72c2\u91ce\uff0c\u62f3\u51fb\u53f0\u4e0a\u7684\u6027\u611f\u5973\u62f3\u624b","href":"http:\/\/www.meizitu.com\/a\/5316.html","pic_list":["http:\/\/mm.howkuai.com\/wp-content\/uploads\/2016a\/02\/25\/01.jpg","http:\/\/mm.howkuai.com\/wp-content\/uploads\/2016a\/02\/25\/02.jpg","http:\/\/mm.howkuai.com\/wp-content\/uploads\/2016a\/02\/25\/03.jpg","http:\/\/mm.howkuai.com\/wp-content\/uploads\/2016a\/02\/25\/04.jpg","http:\/\/mm.howkuai.com\/wp-content\/uploads\/2016a\/02\/25\/05.jpg","http:\/\/mm.howkuai.com\/wp-content\/uploads\/2016a\/02\/25\/06.jpg"]},{"plaintext":"\u5f6c\u539f\u674f\u7483\u5403\u51b0\u6dc7\u6dcb\u7684\u8bf1\u4eba\u795e\u6001","href":"http:\/\/www.meizitu.com\/a\/5307.html","pic_list":["http:\/\/mm.howkuai.com\/wp-content\/uploads\/2016a\/02\/16\/01.jpg","http:\/\/mm.howkuai.com\/wp-content\/uploads\/2016a\/02\/16\/02.jpg","http:\/\/mm.howkuai.com\/wp-content\/uploads\/2016a\/02\/16\/03.jpg","http:\/\/mm.howkuai.com\/wp-content\/uploads\/2016a\/02\/16\/04.jpg","http:\/\/mm.howkuai.com\/wp-content\/uploads\/2016a\/02\/16\/05.jpg","http:\/\/mm.howkuai.com\/wp-content\/uploads\/2016a\/02\/16\/06.jpg","http:\/\/mm.howkuai.com\/wp-content\/uploads\/2016a\/02\/16\/07.jpg","http:\/\/mm.howkuai.com\/wp-content\/uploads\/2016a\/02\/16\/08.jpg","http:\/\/mm.howkuai.com\/wp-content\/uploads\/2016a\/02\/16\/09.jpg","http:\/\/mm.howkuai.com\/wp-content\/uploads\/2016a\/02\/16\/10.jpg"]},{"plaintext":"\u9971\u773c\u798f\uff01\u8eab\u6750\u6bd4\u4f8b\u521a\u521a\u597d\u80cc\u5f71\u5927\u4f5c\u6218","href":"http:\/\/www.meizitu.com\/a\/5298.html","pic_list":["http:\/\/mm.howkuai.com\/wp-content\/uploads\/2016a\/02\/07\/01.jpg","http:\/\/mm.howkuai.com\/wp-content\/uploads\/2016a\/02\/07\/02.jpg","http:\/\/mm.howkuai.com\/wp-content\/uploads\/2016a\/02\/07\/03.jpg","http:\/\/mm.howkuai.com\/wp-content\/uploads\/2016a\/02\/07\/04.jpg","http:\/\/mm.howkuai.com\/wp-content\/uploads\/2016a\/02\/07\/05.jpg","http:\/\/mm.howkuai.com\/wp-content\/uploads\/2016a\/02\/07\/06.jpg","http:\/\/mm.howkuai.com\/wp-content\/uploads\/2016a\/02\/07\/07.jpg","http:\/\/mm.howkuai.com\/wp-content\/uploads\/2016a\/02\/07\/08.jpg","http:\/\/mm.howkuai.com\/wp-content\/uploads\/2016a\/02\/07\/09.jpg","http:\/\/mm.howkuai.com\/wp-content\/uploads\/2016a\/02\/07\/10.jpg"]},{"plaintext":"\u51b7\u8273\u7f8e\u4eba\u7684\u6027\u611f\u725b\u5976\u6d74","href":"http:\/\/www.meizitu.com\/a\/5294.html","pic_list":["http:\/\/mm.howkuai.com\/wp-content\/uploads\/2016a\/02\/03\/01.jpg","http:\/\/mm.howkuai.com\/wp-content\/uploads\/2016a\/02\/03\/02.jpg","http:\/\/mm.howkuai.com\/wp-content\/uploads\/2016a\/02\/03\/03.jpg","http:\/\/mm.howkuai.com\/wp-content\/uploads\/2016a\/02\/03\/04.jpg","http:\/\/mm.howkuai.com\/wp-content\/uploads\/2016a\/02\/03\/05.jpg"]},{"plaintext":"\u6e05\u7eaf\u5c11\u5973\u5c1d\u8bd5\u53e6\u7c7b\u5199\u771f","href":"http:\/\/www.meizitu.com\/a\/5291.html","pic_list":["http:\/\/mm.howkuai.com\/wp-content\/uploads\/2016a\/01\/28\/01.jpg","http:\/\/mm.howkuai.com\/wp-content\/uploads\/2016a\/01\/28\/02.jpg","http:\/\/mm.howkuai.com\/wp-content\/uploads\/2016a\/01\/28\/03.jpg","http:\/\/mm.howkuai.com\/wp-content\/uploads\/2016a\/01\/28\/04.jpg","http:\/\/mm.howkuai.com\/wp-content\/uploads\/2016a\/01\/28\/05.jpg","http:\/\/mm.howkuai.com\/wp-content\/uploads\/2016a\/01\/28\/06.jpg","http:\/\/mm.howkuai.com\/wp-content\/uploads\/2016a\/01\/28\/07.jpg"]}]